﻿商家,区域,商圈,星级,服务,价格,销量
龍至尊爱尚主题量贩KTV,工业园区,娄葑镇,5.0,白天档/凌晨档3小时欢唱,19,15956
南国唛田主题量贩KTV（园区店）,工业园区,娄葑镇,5.0,下午档欢唱3小时+免费小吃套餐,49,6525
麦8量贩ktv（园区店）,工业园区,星海国际广场,5.0,全天时段3选1欢唱,19.9,2206
嗨秀派对KTV（园区店）,工业园区,左岸商业街,4.9,白天档7小时/黄金档4小时/午夜档5小时欢唱套餐,28,1790
星晨量贩KTV,工业园区,青剑湖跨塘,4.1,19:00~00:00欢唱5小时+酒水套餐,198,1124
卡秀纯K主题KTV（胜浦店）,工业园区,胜浦,5.0,周一至周日下午场/夜猫场欢唱,38.8,946
星聚会KTV（园区店）,工业园区,左岸商业街,5.0,下午场/夜猫场包段欢唱2选1+小吃套餐,78,826
东方之珠量贩KTV,工业园区,李公堤,5.0,周一至周日东方之珠全天档欢唱酒水套餐,128,510
聚精品派对式KTV,工业园区,圆融时代广场,5.0,19:00-05:00黄金档3小时欢唱+啤酒超值套餐,98,466
金紫薇KTV,工业园区,联丰广场,4.5,夜间场欢唱套餐,198,339
夜苏舟.唱吧（东城店）,工业园区,娄葑镇,5.0,白天档6小时欢唱+小吃套餐,19.9,160
风暴量贩KTV,工业园区,联丰广场,4.9,欢唱+酒水美食套餐,168,55
宝乐迪量贩式KTV（金沙广场店）,工业园区,青剑湖跨塘,4.8,全时段欢唱,58,58
凯歌时尚KTV（唯亭店）,工业园区,唯亭,5.0,超值白天档欢唱,39.9,49
AK主题式量贩KTV,工业园区,圆融时代广场,5.0,周日至周四黄金档欢唱,198,34
锋尚量贩KTV,工业园区,青剑湖跨塘,4.4,13:00~18:00时段5小时欢唱套餐,99,13
爱尚铜锣湾KTV,吴中区,吴中区,4.7,23:00-05:00午夜档欢唱+酒水套餐,69,97
凯歌时尚KTV（月亮湾店）,吴中区,月亮湾,4.9,学生党下午场欢唱,29.9,97
歌弟主题KTV（湟嘉7号）,吴中区,胥口镇/穹窿山,4.7,3小时欢唱券+啤酒小吃套餐,188,67
凯歌时尚KTV（甪直店）,吴中区,甪直古镇,5.0,超值白天档欢唱,48,53
卡秀量贩式KTV,吴中区,吴中区,3.4,周一至周日黄金档欢唱+小吃套餐,108,28
龙门商务量贩ktv,吴中区,甪直古镇,4.7,周一至周日黄金档酒水欢唱,168,14
大明宫量贩ktv,吴中区,苏苑/长桥街道,3.5,周一至周日白天档/午夜档欢唱6小时+酒水小食套餐,128,10
江山音乐广场,吴中区,甪直古镇,4.2,白天档和黄金档欢唱套餐,48,0
一代娱乐 国际会所,吴中区,吴中区,4.0,周一至周日VIP包欢唱酒水套餐,2880,0
优乐迪KTV,张家港市,金港镇,4.7,阳光场6小时欢唱套餐,9.9,11032
钻石钱柜歌城量贩式,张家港市,杨舍镇,4.9,下午档6小时欢唱套餐,19.8,3302
宝乐迪量贩KTV,张家港市,金港镇,4.8,周一至周日下午档6小时欢唱券,49,2387
优乐迪KTV,张家港市,杨舍镇,5.0,周一至周日6小时欢唱券,19.8,1530
伯爵2号主题氧吧ktv,张家港市,杨舍镇,5.0,周一至周日全天档欢唱券,29,989
张家港塘市音乐派量贩ktv,张家港市,杨舍镇,5.0,周一至周日下午场欢唱套餐,33,394
帝伦时尚ktv,张家港市,杨舍镇,5.0,黄金场欢唱,19.9,303
宝乐迪量贩KTV,张家港市,杨舍镇,5.0,阳光场欢唱券,18,238
好声音酒吧量贩式KTV（锦丰）,张家港市,锦丰镇,5.0,小包黄金档欢唱6小时,108,206
梦之声量贩式KTV,张家港市,杨舍镇,5.0,周一至周日12:00~18:00六小时欢唱,38,138
好声音量贩式KTV,张家港市,杨舍镇,5.0,全天档阳光场欢唱6小时+茶水套餐,56,137
天上人间量贩KTV,张家港市,杨舍镇,4.9,黄金档大包9小时欢唱券,139,79
好声音音乐茶座,张家港市,合兴镇,4.1,下午档小包5小时欢唱,48,67
合兴糖果量贩式ktv（永盛广场店）,张家港市,合兴镇,5.0,啤酒套餐 A+小包欢唱2小时套餐,129,50
NO.1自助KTV,姑苏区,来客茂生活广场,5.0,欢唱套餐,28,22871
牧歌纯K（天虹CC MALL石路店）,姑苏区,新苏天地,5.0,周一至周日多时段欢唱券,19.9,8116
牧歌KTV（石路店）,姑苏区,石路地区,5.0,欢唱券1张,59,6349
牧歌KTV（观前店）,姑苏区,观前街地区,4.9,欢唱时段3选1,59,4003
普乐迪（普乐星）量贩KTV（观前街一店）,姑苏区,观前街地区,4.5,周一至周日白天档/黄金档/夜猫档3选1欢唱+酒水小食套餐,128,1917
海乐迪量贩式KTV（石路店）,姑苏区,新苏天地,4.9,周一至周日12:00-04:00小包和中包欢唱,19.9,1869
普乐迪（普乐星）量贩KTV（观前街二店）,姑苏区,观前街地区,5.0,白天档/黄金档/夜猫档3选1欢唱套餐+酒水小吃套餐,198,1063
星聚会KTV（沧浪新城店）,姑苏区,亿象城/世茂,5.0,周一至周日白天档/午夜档2选1欢唱套餐,39,833
朗庭纯K量贩式KTV（广济南路店）,姑苏区,西城永捷/艾美,5.0,欢唱套餐,208,788
卡乐弗自助KTV（宝带西路店）,姑苏区,亿象城/世茂,4.1,周一至周日 白天档/午夜档欢唱套餐,28.8,673
美乐迪主题KTV（金门店）,姑苏区,西环路沿线,5.0,周一至周日12:00-05:00全时段欢唱3选1套餐,28,495
HI歌时尚量贩式KTV（富邻商业广场店）,姑苏区,虎丘景区,4.4,下午场欢唱套餐,19.9,113
首秀量贩式ktv（汇邻广场店）,姑苏区,南门,5.0,周一至周日白天档和午夜档欢唱套餐,39.9,84
歌畅量贩式ktv,姑苏区,姑苏区,4.6,周一至周日黄金档18:00-02:00欢唱套餐,280,8
光影星播客多功能厅,姑苏区,十全街/凤凰街,4.0,2小时豪华大包K歌/观影,368,1
