﻿商家,区域,商圈,星级,服务,价格,销量
幸福时光KTV（和平路店）,历下区,解放路,5.0,欢唱时段3选1欢唱,56,60864
花样年华（花样年华店）,历下区,解放路,5.0,欢唱时段3选1欢唱,56,60864
台北唛田KTV（世茂国际广场店）,历下区,历下区,5.0,周一至周五阳光场任选3小时欢唱,59,6862
想唱就唱量贩式KTV,历下区,山大南/北路,5.0,周一至周日白天档/夜猫档欢唱7小时,40,3692
东方之韵KTV（文化东路店）,历下区,文化东/西路,4.4,全时段3选1欢唱套餐,178,3378
K-ONE  PARTY量贩式KTV（泺源大街店）,历下区,泺源大街,5.0,下午档任选3小时欢唱,59,2447
香港喜洋洋KTV,历下区,高新会展中心,4.8,时段3选1欢唱券,56,2295
好乐迪量贩式KTV（完美大厦店）,历下区,燕山地区,4.8,欢唱时段4选1,49,2058
风华绽放量贩式KTV,历下区,奥体中心,5.0,下午场3小时欢唱券+美食套餐,78,1843
高笙KTV（银座新天地店）,历下区,银座新天地,5.0,黄金场套餐,168,1341
好声音量贩式KTV（解放东路店）,历下区,解放东路,4.4,周一至周日全时段欢唱3选1,50,1211
我爱记歌词KTV（趵突泉店）,历下区,大明湖,5.0,超值酒水套餐,109,990
K歌之王量贩式KTV（东门店）,历下区,山大南/北路,4.6,全时段欢唱酒水套餐,188,932
柯唛量贩式KTV（原名雅精品）,历下区,山师东路,5.0,小包3小时欢唱（下午场）,29.9,901
大地飞歌量贩式KTV,历下区,山大南/北路,4.4,欢唱套餐酒水券,158,375
龙胜量贩式ktv,历下区,大明湖,5.0,全时段欢唱,1,338
天天向上时尚KTV（华强店）,历下区,解放路,5.0,欢唱无极限套餐,57,305
悦互动式量贩式KTV（历山路店）,历下区,文化东/西路,5.0,黄金档周日至周四3小时/周五、六2小时欢唱券2选1,199,139
集装箱量贩式KTV,历下区,千佛山公园,5.0,1小时欢唱套餐,29,18
幸福时光KTV（花园路店）,历城区,华龙路沿线,5.0,欢唱时段3选1欢唱,56,60864
幸福时光KTV（二环东路店）,历城区,二环东路,5.0,欢唱时段3选1欢唱,56,60864
好声音量贩式ktv（山职店）,历城区,历城区,4.7,白天场套餐 可升级,28,1432
天天向上时尚KTV（华龙路店）,历城区,二环东路,5.0,黄金档全时段11小时欢唱套餐,198,774
好乐星量贩式KTV,历城区,历城区,5.0,小包周一至周五白天场欢唱5小时,38,582
好声音量贩式KTV（工业北路恒大城店）,历城区,历城区,5.0,19：00-4：00欢唱1小时,75,401
芒果量贩式KTV,历城区,历城区,4.4,白天场欢唱1小时,15,385
歌莱美量贩式KTV,历城区,历城区,4.3,周一至周五下午档1h欢唱套餐,18.8,294
芭缇雅KTV,历城区,历城区,4.8,12：00-19：00欢唱7小时,29.9,77
月明星空量贩ktv,历城区,华龙路沿线,5.0,白天场通宵场欢唱券 免预约,39,51
芒果量贩式KTV（彩石店）,历城区,历城区,3.7,芒果量贩式KTV欢唱套餐,58,23
月亮之上KTV,历城区,二环东路,4.5,下午档小包1小时欢唱,29,4
幸福时光（世购加盟店）,槐荫区,世购广场,5.0,白天档/夜猫档欢唱7小时,38.8,11424
好声音量贩式KTV（经十路店）,槐荫区,五院,5.0,周一至周日白天档/夜猫档欢唱2选1,38.8,7427
幸福时光（纬六路加盟店）,槐荫区,西市场,5.0,欢唱时段3选1+A/B/C套餐3选1,38.8,6469
东方之韵KTV（和谐广场店）,槐荫区,和谐广场,4.8,全时段3选1欢唱套餐,178,3378
vk主题量贩ktv,槐荫区,连城广场,5.0,双时段欢唱套餐2选1,129,240
金色年华ktv,槐荫区,济南客站,4.8,黄金档1小时欢唱,30,192
西都星悦量贩式ktv,槐荫区,张庄路/森林公园,5.0,欢唱时段2选1套餐,35.9,137
爱尚ktv私人主题影院,槐荫区,世购广场,4.5,爱尚KTV欢唱1小时,15.9,5
唛上KTV,长清区,长清大学城,5.0,夜猫档欢唱7小时30分,33,7658
花儿朵朵KTV,长清区,长清大学城,5.0,周一至周日下午1h欢唱,8.8,5765
都唛ktv,长清区,长清大学城,5.0,周一至周五下午档小中包欢唱1小时,19.9,3293
我爱记歌词KTV,长清区,长清大学城,5.0,周一至周五下午档小包1h欢唱,16,630
520KTV影吧,长清区,长清大学城,5.0,周一至周日1h欢唱,9.9,590
K歌迷,长清区,长清大学城,5.0,周一至周五下午档小包1h欢唱,16,313
