﻿商家,区域,商圈,星级,服务,价格,销量
歌迷时代量贩KTV（埌西店）,青秀区,琅西,5.0,周一至周日欢唱时段2选1,59,22908
歌迷时代量贩KTV（金湖店）,青秀区,金湖,5.0,周一至周日欢唱时段2选1,59,22908
歌迷时代量贩KTV（星湖店）,青秀区,星湖路,4.9,周一至周日欢唱时段2选1,59,22908
奥斯汀KTV（金湖店）,青秀区,金湖,5.0,周一至周五12:00-18:30欢唱3小时 小/中房适用,36,17699
佰迪乐KTV（南宁东葛店）,青秀区,青秀区,5.0,周六至周日白天档欢唱4小时套餐,48,17615
佰迪乐KTV（南宁七星店）,青秀区,七星新民,5.0,周六至周日白天档欢唱4小时套餐,48,17615
佰迪乐KTV（南宁银宇店）,青秀区,东葛古城,5.0,周六至周日白天档欢唱4小时套餐,48,17615
百分百欢唱ktv（欢唱金湖店）,青秀区,金湖,5.0,白天欢唱7小时+茶水套餐,39,8167
巴洛克音乐派对,青秀区,长湖路,5.0,周日至周四23:00-4:00欢唱5小时+2打酒+果盘,198,3381
沃美主题式KTV,青秀区,青秀万达,5.0,周一至周日下午场/午夜场5小时欢唱,48,3174
欧迪娱乐世界（南宁东葛店）,青秀区,东葛望园,5.0,周一至周日20:00-4:00欢唱8小时+酒水（大厅适用）,398,2819
好声音厢竹大道1号店,青秀区,长湖路,5.0,周一至周日欢唱时段2选1,89,2427
好声音商务量贩ktv（旗舰店）,青秀区,长湖路,5.0,南宁好声音商务量贩KTV欢唱6小时,98,1700
佰迪乐KTV（万象城店）,青秀区,万象城,5.0,周一至周五白天档欢唱4小时,58,1336
恋歌房ktv,青秀区,仙葫,5.0,白天场13:00-19:00 3小时欢唱,39.9,876
星际娱乐,青秀区,仙葫,4.2,12:00-19:00任选3小时下午茶鸡尾酒套餐,68,872
五星派对PARTY KTV,青秀区,青秀区,5.0,阳光场/午夜场欢唱6小时 适用小/中厢,29.9,881
8090partyk量贩式ktv（太阳广场店）,青秀区,七星新民,5.0,白天或午夜档欢唱6小时,58,801
好歌城量贩式KTV（东葛店）,青秀区,青秀区,5.0,周一至周日欢唱5小时,38,366
奥斯汀KTV（盛天地店）,青秀区,东盟商务区,5.0,周日至周四18:00-06:00欢唱3小时 迷你包适用,128,325
麦霸主题量贩式KTV,青秀区,青秀区,5.0,周一至周日（11:30-18:30）欢唱7小时 +茶水/果汁,29.9,310
好歌城量贩式KTV（五矿店）,青秀区,园湖路,5.0,周一至周日欢唱5小时（欢唱时段二选一）,49,277
歌迷时代量贩KTV（南宁环球店）,青秀区,丽原天际,5.0,周一至周日（日场或午夜场欢唱）,68,235
红色经典KTV,青秀区,仙葫,4.0,19：00-3:00任选5小时欢唱套餐,258,168
吉航飞友音乐汇,青秀区,国贸中心,5.0,欢唱6小时+12听酒套餐,98,112
骚年趴桌游休闲吧（国贸中心店）,青秀区,国贸中心,5.0,ktv包厢包场,298,0
好歌城量贩式KTV（朝阳店）,兴宁区,朝阳广场,5.0,白天场7小时欢唱/午夜场6小时欢唱套餐 时段二选一,68,28013
好歌城量贩式KTV（邕江店）,兴宁区,兴宁区,5.0,白天场7小时欢唱/午夜场6小时欢唱套餐 时段二选一,68,28013
歌迷时代量贩KTV（钻石店）,兴宁区,朝阳广场,4.8,周一至周日欢唱时段2选1,59,22908
音皇量贩式KTV（南梧店）,兴宁区,兴宁区,4.3,周一至周日14:00~20:00任选5小时欢唱套餐,10,7517
乐唱达人,兴宁区,兴宁区,4.4,周一至周日白天场欢唱5小时/黄金场欢唱7小时,188,2833
好歌城量贩式KTV（秀灵店）,西乡塘区,明秀路,5.0,白天场7小时欢唱/午夜场6小时欢唱套餐 时段二选一,68,28013
歌迷时代量贩KTV（南宁友爱店）,西乡塘区,友爱路,5.0,周一至周日欢唱时段2选1,59,22908
欢唱KTV（欢唱北湖店）,西乡塘区,北湖,5.0,白天欢唱7小时+茶水小吃套餐,39,18209
佰迪乐（南宁北湖店）,西乡塘区,北湖,5.0,周六至周日白天档欢唱4小时套餐,48,17615
佰迪乐KTV（南宁秀灵店）,西乡塘区,西乡塘区,5.0,周六至周日白天档欢唱4小时套餐,48,17615
声色KTV,西乡塘区,广西大学,5.0,周日至周四黄金场欢唱4小时茶水套餐,98,7826
歌巢量贩式KTV北湖店（北湖店）,西乡塘区,北湖,5.0,白天场欢唱套餐,38,7191
星悦里PTV,西乡塘区,北湖,5.0,周一至周日6小时K歌+小吃套餐,39,3733
迪斯迪KTV（科园大道店）,西乡塘区,高新区,5.0,周一到周日白天场欢唱时段+茶水套餐,49,3624
唱爽Party量贩式ktv,西乡塘区,明秀路,5.0,白天场欢唱6小时+茶水套餐,39,3526
欢乐迪KTV（南宁大学店）,西乡塘区,鲁班路,5.0,白天时段二选一欢唱+茶水套餐,58,3129
飞歌ktv（明秀店）,西乡塘区,明秀路,4.9,日场欢唱6小时+小食套餐,39,2884
歌乐迪量贩式KTV,西乡塘区,大学路,5.0,周一至周五白天场欢唱6小时+茶水美食套餐,38,1778
飞歌KTV音乐会所（秀灵店）,西乡塘区,西乡塘区,5.0,周一至周日12:00-18:00欢唱6小时,38,1602
迪斯迪KTV（大学店）,西乡塘区,鲁班路,5.0,黄金场4小时清唱,68,1186
天秤座KTV休闲音乐餐吧,西乡塘区,大学路,5.0,周一至周日阳光场+茶水套餐,48,903
千歌汇量贩式KTV,西乡塘区,高新区,5.0,欢唱6小时+茶水套餐,38,683
歌霸主题ktv,西乡塘区,安吉万达SOHO,4.7,周一至周五白天场7小时欢唱,15.8,657
好歌声,西乡塘区,西乡塘区,4.8,白天场欢唱7小时,29.9,631
我声我秀量贩式KTV,西乡塘区,明秀路,4.4,白天14:30~21:30欢唱5小时券+茶水套餐,36,467
歌乐迪量贩KTV（龙腾店）,西乡塘区,新阳路,5.0,周一至周日白天场欢唱6小时+茶水美食,38,132
音悦城商务量贩KTV（秀灵店）,西乡塘区,西乡塘区,4.5,欢唱6小时套餐,29,89
金玉明珠量贩KTV,西乡塘区,高新区,3.9,周一至周日下午场欢唱6小时+茶水套餐,48,39
麦浪KTV（南宁鹏飞路店）,西乡塘区,相思湖,4.4,周一至周日阳光场+茶水套餐,48,18
佰迪乐KTV（南宁江南店）,江南区,亭江百货,5.0,周六至周日白天档欢唱4小时套餐,48,17615
七星歌虫量贩式KTV,江南区,亭江百货,4.7,周一至周日14:30至22:30任选4小时欢唱,39,5655
欢乐迪音乐城,江南区,星光大道,4.8,周日至周四18:00-次日03:00包段8小时欢唱套餐,188,5616
星秀丽量贩KTV,江南区,淡村,4.6,周一至周日白天场欢唱6个半小时或周日至周四黄金场欢唱6小时,78,2523
歌朝量贩式KTV,江南区,淡村,5.0,周日至周四欢唱时段3选1套餐,68,1733
新歌城综合量贩式ktv(梦之岛百货江南店),江南区,淡村,4.8,周一至周日阳光场/黄金场欢唱+果汁小吃套餐,29,944
欢歌城量贩式KTV,江南区,普罗旺斯,5.0,白天欢唱5小时套餐,38,488
金凯皇家,江南区,星光大道,4.6,19:00-04:00欢唱9小时套餐,168,421
好江南KTV,江南区,五一路,4.5,周一至周日20：00-02：00欢唱6小时套餐,428,339
音皇KTV音乐会所（大沙田音皇KTV）,良庆区,大沙田,4.7,周一至周日19:00~04:00欢唱5小时套餐,88,4464
迪斯迪KTV（银海店）,良庆区,大沙田,4.7,白天场清唱6小时,30,870
佰迪乐KTV（武鸣兴武店）,武鸣区,风雨桥,5.0,周六至周日白天档欢唱4小时套餐,48,17615
好声音量贩ktv,武鸣区,武鸣,5.0,周日至周四19：00-5：00欢唱10小时,258,284
巨星纯k,武鸣区,新时代商场,4.5,周一至周日下午场欢唱5小时,20,197
