﻿商家,区域,商圈,星级,服务,价格,销量
欣奕除疤（青年路店）,五华区,五华区,4.0,去黑头：深层清洁+除粉刺+收缩毛孔+补水保湿,58,3111
欣奕除疤（茭菱路店）,五华区,丰宁小区,5.0,去黑头：深层清洁+除粉刺+收缩毛孔+补水保湿,58,3111
克丽缇娜（翠湖北路店）,五华区,翠湖公园,4.5,克丽缇娜水妍润泽单人焕美套餐,158,3090
御指云端足浴,五华区,五华区,5.0,单人港式指法指压按摩（春节正常营业）,198,2800
琦品美容spa私享空间（昆明世纪广场店）,五华区,南屏片区,5.0,单人护理套餐2选1,168,2760
弘伟盲人推拿养生足浴,五华区,和谐世纪,5.0,单人全身按摩套餐,50,2222
57号大保健,五华区,三市街,5.0,单人本草足浴,118,1926
娇诗尼亚经络理疗减肥中心（沃尔玛店）,五华区,高新区,5.0,单人全身疏通按摩经络单次体验卡,58,1901
蕾特恩专业祛痘（国际）连锁（霖雨路店）,五华区,美璟新城,4.5,单人DNA靶向黑头析出,29,1121
大运足国际概念会所,五华区,和谐世纪,4.6,单人康乐足浴,198,1112
新纪元大酒店康体工坊,五华区,南屏片区,4.2,新纪元大酒店康体工坊足部护理1次 东风西路,68,1097
柔婷（百汇店）,五华区,五华区,4.0,单人美容专业护理套餐1次,38,908
柔婷（攀昆店）,五华区,南屏片区,3.5,单人美容专业护理套餐1次,38,908
柔婷（呈贡老街店）,五华区,南屏片区,4.0,单人美容专业护理套餐1次,38,908
柔婷（金泉店）,五华区,霖雨路,4.0,单人美容专业护理套餐1次,38,908
苗医生专业祛痘祛斑连锁（昆明艺术剧院店）,五华区,小西门,5.0,单人清透护理,9.9,874
唯美诗特SPA会馆,五华区,丰宁小区,4.1,单人中式精油套餐,79,813
静静经络养生馆,五华区,圆通山,4.8,单人超值套餐,29.9,189
足生缘,五华区,和谐世纪,5.0,单人泰式按摩,118,188
善古经络调养机构,五华区,五华区,4.8,单人颈肩调理,118,176
香缇雅美容会所（小花园江滨西路店）,五华区,五华区,5.0,单人精致美容纤体七选二套餐,198,170
香缇雅美容会所（南屏时代大厦店）,五华区,三市街,5.0,单人精致美容纤体七选二套餐,198,170
诺美荟国际眼部理疗连锁（顺城旗舰店）,五华区,南屏片区,4.0,单人第四代ERF祛除眼纹、眼袋、黑眼圈,9.9,172
81度盲人推拿足浴养生会馆,五华区,北教场,5.0,单人全身按摩套餐,49,161
香妍美吧,五华区,小西门,4.8,单人美容体验套餐,39.9,155
悦时光 美甲spa生活馆,五华区,嘉年华,4.8,单人精品美甲套餐,55.5,153
甲博士灰指甲（白云路店）,五华区,五华区,4.1,单人修脚甲床护理套餐,9.9,150
黛芙妮尔五行养生驻颜馆（华龙店）,五华区,天骄北麓,5.0,【限时特惠】面部秋冬深度活水单人套餐,39,146
婉居美肤生活馆（建设路店）,五华区,建设路,5.0,单人特色面部SPA,89,144
宝菲欧蒂皮肤再生中心（小西门店）,五华区,小西门,5.0,单人肩颈、暖宫、腰部、臀部、胸部5选1套餐,38,144
梦乐养生慨念店,五华区,高新区,5.0,单人补水美颜套餐,98,89
欣舒足浴,五华区,黄土坡,5.0,单人中式按摩+足疗套餐,78,88
小玛儿生活馆,五华区,南屏片区,5.0,单人超值面部排螨虫,48.8,87
珍妮芙美容院（新闻店）,五华区,小西门,4.6,单人经典护理7选4套餐,88.8,81
淮美美容养生会所,五华区,五华区,5.0,单人面部美白补水、背部SPA、局部艾灸3选1,29.8,79
朵悦美疗SPA,五华区,丰宁小区,4.1,单人面部护理,98,78
古元堂,五华区,三市街,4.3,古元堂·舒缓系列单人套餐,29.9,77
朝云盲人按摩,五华区,月牙潭,4.6,全身按摩,48,76
台湾碧波庭美容美体养生会所,五华区,黄土坡,5.0,台湾碧波庭面部奢华护理,38,74
盛优盛美美容院,五华区,三市街,4.6,纳米汗蒸+补水面膜（单人套餐）,37,74
纤墨专业减肥美容工作室,五华区,北教场,5.0,纤墨五行经络单人瘦身纤体3次体验卡,69.8,72
瑶芳专业祛痘,五华区,云南财经大学,5.0,瑶芳单人取痣体验套餐,18,71
中道堂养生馆（版筑翠园店）,五华区,五华区,4.6,单人专业艾灸,88,70
泰舒SPA,五华区,和谐世纪,5.0,单人芳香精油SPA,258,66
陈氏知足康盲人保健按摩,五华区,五华区,4.6,单人全身按摩＋经络疏通,66.6,64
Hime国际高端容貌管理,五华区,南屏片区,5.0,SPT冰点温和脱毛4选1单人体验套餐,68,61
悦己韩式皮肤管理中心,五华区,南屏片区,5.0,Aqua Peeling小气泡毛孔管理,199,60
神话美颜色斑中心,五华区,美璟新城,4.0,单人补水套餐,18,59
云指生足疗spa馆,五华区,小西门,5.0,白天场足道,48,56
美的朵儿美容院,五华区,五华区,3.9,美颜养生套餐,18,50
云辉美颜养生会所,五华区,五华区,5.0,单人全息拨筋美眼护理,39.8,48
浪漫香榭丽美容美体中心,五华区,南屏片区,4.1,单人美容套餐,48,47
林SPA养生馆,五华区,和谐世纪,5.0,单人全身奢华精油SPA+淋浴,238,43
叶建军 Join 娜私人汇所,五华区,三市街,4.3,单人精致美容套餐3选1,158,41
范氏玉陶灸总店,五华区,黄土坡,5.0,玉陶灸单个灸,5,41
皇吉养生馆,五华区,五华区,4.9,单人精油推背,58.8,41
隆妆盛宴养生馆,五华区,天骄北麓,5.0,单人美容套餐,98,40
沐泽秀抗衰美容美体会所,五华区,三市街,4.0,单人养生补水保湿项目,39,39
傲阁韩式纹绣-国际纹饰艺术大赛,五华区,南屏片区,5.0,美瞳线-美睫线-单人,568,37
幽兰雅艺,五华区,南屏片区,4.6,背部精油按摩+艾灸单人套餐,88,36
路易芬尼,五华区,黄土坡,5.0,单人超值体验套餐,58,35
龙尊会所,五华区,五华区,3.7,单人龙尊精油spa（90分钟）,198,33
卿之源SPA健康养生馆,五华区,三市街,4.4,卿之源单人女性SPA,39,33
林辰养生馆,五华区,南屏片区,4.8,单人美容spa1次,69.9,31
宝宝spa婴儿游泳馆（蓓蓓+店）,五华区,南屏片区,4.5,海盐矿物质游泳+被动操+洗澡+抚触超值体验套餐,58,33
量颜美容养生会所,五华区,南屏片区,5.0,背部精油按摩,108,32
beauty果蔬美容,五华区,云南财经大学,4.1,Beauty果蔬美容超值双效体验单人套餐,36,30
润萃·肌肤科技,五华区,南屏片区,3.8,肌肤年轻化管理单人套餐,298,13
伊尔美容,五华区,云南财经大学,5.0,单人面部护理套餐,39,11
淡雅健康管理中心,五华区,黄土坡,4.7,夏季特惠经典护理套餐,98,11
悦容莊,五华区,南屏片区,4.9,单人背轻松SPA1次,78,10
meyou密友美妆馆,五华区,和谐世纪,5.0,单人日式纯色美甲,40,10
悦己容庄,五华区,三市街,5.0,高端韩式水氧小气泡深层清洁美白补水面部护理,98,9
Miami image club迈阿密摄影会所,五华区,三市街,5.0,欧美风私人订制个人写真总监套系,5999,9
兰玥坊美容院,五华区,和谐世纪,5.0,面部深度补水小气泡,68,9
筋骨堂（苏家塘店）,五华区,建设路,4.2,经络调理瘦身,99,8
大唐足道（和谐世纪店）,五华区,和谐世纪,4.1,单人大唐泰式保健,139,8
榆婷美业和谐生活馆,五华区,五华区,5.0,榆婷夏日特推除湿泥灸系列3选1,38,8
墨槿私人形象订制中心-化妆美甲,五华区,五华区,4.9,单人面部紧致体验套餐,19.9,6
艺阁个人形象设计中心,五华区,南屏片区,4.9,单人美妆课,68,6
魅力一身美容美体,五华区,五华区,4.9,面部奢华护理组合,68,5
安然纳米汗蒸馆（和谐世纪店）,五华区,和谐世纪,4.3,单人美人美体套餐4选1,48,5
A2日式美甲美睫,五华区,和谐世纪,5.0,肩颈调理,38,5
专心美,五华区,南屏片区,5.0,单人水雕面部护理（水漾动力面部护理）,168,5
女主播化妆美甲美睫韩式半永久,五华区,丰宁小区,4.4,单人皮肤基础护理,58,5
佳艺美容美发,五华区,五华区,4.7,法国欧莱雪肤护肤单人体验套餐,128,4
爱尼尔美甲（王府井店）,五华区,南屏片区,4.9,韩国宝睫品牌单人睫毛嫁接,380,4
爱尼尔美甲（昆百大店）,五华区,五华区,4.3,韩国宝睫品牌单人睫毛嫁接,380,4
平裕美容养生馆,五华区,五华区,4.0,单人DNA水疗,28,4
知心女人女子会所（云都国际店）,五华区,黄土坡,4.0,日韩式进口美甲（款式任选）单人,188,4
绣颜丽雅美颜中心,五华区,和谐世纪,4.6,单人小气泡皮肤管理套餐,118,4
熙檀瑜伽,五华区,建设路,5.0,肩颈背部经络疏通按摩单人套餐,69,3
夏时根专业修脚,五华区,月牙潭,3.5,单人按脚+按背+修脚,36,3
俏颜美容美体,五华区,五华区,3.0,单人至尊专业护理套餐,58,2
昆明鸣凰阁形象策划服务有限公司（克丽缇娜翠湖青云店）,五华区,五华区,3.5,克丽缇娜养生艾蕴套餐——肩颈舒缓,299,2
名剪美甲纹绣,五华区,五华区,5.0,塑体形、SPA瘦身,168,2
双鱼座美容&甜甜美甲,五华区,五华区,4.0,养颜养生双鱼座美容单人套餐,38,2
易褣形象定制,五华区,五华区,5.0,面颈眼提拉/深层补水四选一套餐,98.8,2
利明雪莲专业减肥（戛纳小镇店）,五华区,黄土坡,4.8,肩颈姜艾伏灸套餐,68,1
利来国际骨骼养护美容馆,五华区,月牙潭,4.6,利来国际生殖美疗,280,1
梓杉经络减肥美容养生会所,五华区,黄土坡,5.0,单人胸部护理1次,68,1
悦伊伽人生活馆,五华区,五华区,4.6,悦伊深层清洁补水单人套餐,108,1
焦娇美人养生瘦身馆,五华区,黄土坡,3.5,单人全身舒缓套餐,108,1
梦馨纳米汗蒸养生馆,五华区,高新区,5.0,单人汗蒸＋艾灸,38,0
静逸瑜伽（教练培训基地）,五华区,黄土坡,4.8,单人养生推背,39.9,0
蒂芙尼美甲,五华区,高新商学院,5.0,眉形设计,1580,0
素妍瑜伽工作室,五华区,北教场,4.4,单人经络疏通一次,248,0
魔发造型专业烫染,五华区,北教场,3.7,面部提升紧致单人套餐,68,0
乾威男性养生会所,五华区,和谐世纪,3.8,单人固本培元,298,0
shero希罗半永久美颜定妆中心,五华区,五华区,4.9,艾灸调理单人套餐,28.8,0
OM瑜伽（南屏会馆店）,五华区,三市街,5.0,单人艾灸体验,58,0
领御富侨,盘龙区,滨江俊园,5.0,单人VIP足疗套餐,124,25365
大印足（北京路会馆）,盘龙区,金江小区,5.0,古典御方热疗一位,128,18294
圣梦亲体美肤生活馆（好又多店）,盘龙区,新迎小区,4.0,单人美容美体项目3选1套餐,58,10510
圣梦亲体美肤生活馆（春之城店）,盘龙区,北辰财富中心,4.4,单人美容美体项目3选1套餐,58,10510
圣梦亲体美肤生活馆（同德店）,盘龙区,同德昆明广场,3.9,单人美容美体项目3选1套餐,58,10510
本草秀复除疤祛痘（江东花园店）,盘龙区,北辰财富中心,5.0,鼻头清洁体验套餐1次,10,7717
徐氏推拿（人民东路店）,盘龙区,盘龙区,5.0,徐氏推拿单人足疗套餐,75,6656
泉隆足疗客栈,盘龙区,云锡花园,5.0,泉隆单人足浴,108,5646
手道堂养生馆（金星店）,盘龙区,金星小区,5.0,单人手道堂全息经络刮痧（肩颈）,98,4048
手道堂养生馆（北辰财富中心店）,盘龙区,北辰财富中心,5.0,单人手道堂全息经络刮痧（肩颈）,98,4048
手道堂养生馆（星雅俊园店）,盘龙区,凤凰新村,5.0,单人手道堂全息经络刮痧（肩颈）,98,4048
手道堂养生馆（滨江俊园店）,盘龙区,滨江俊园,5.0,单人手道堂全息经络刮痧（肩颈）,98,4048
手道堂养生馆（云南映象店）,盘龙区,云南印象,5.0,单人手道堂全息经络刮痧（肩颈）,98,4048
手道堂养生馆（佳园小区店）,盘龙区,白龙新区,5.0,单人手道堂全息经络刮痧（肩颈）,98,4048
手道堂养生馆（金实店）,盘龙区,金实小区,5.0,单人手道堂全息经络刮痧（肩颈）,98,4048
圣爱中医养生中心（摩玛店）,盘龙区,桃源广场,5.0,圣爱肩颈调理 60分钟,68,4022
圣爱中医养生中心（北市店）,盘龙区,金江小区,5.0,圣爱肩颈调理 60分钟,68,4022
东翰足疗养生会所（北京路好世界店）,盘龙区,江东花城,5.0,单人养生足疗,108,3874
佐康专业祛痘（昆明盘龙区店）,盘龙区,北辰财富中心,5.0,单人去黑头套餐（全国通用2次）,16.8,3584
皇廷足步天下足道养生会所,盘龙区,滨江俊园,5.0,单人足浴1次,98,3412
贵足道金海湾足疗城,盘龙区,北辰财富中心,4.8,单人贵宾足浴（白天场）,99,3128
欣奕除疤（北市区店）,盘龙区,金江小区,5.0,去黑头：深层清洁+除粉刺+收缩毛孔+补水保湿,58,3111
欣奕除疤（白云路店）,盘龙区,盘龙区,4.6,去黑头：深层清洁+除粉刺+收缩毛孔+补水保湿,58,3111
欣奕除疤（穿金路店）,盘龙区,穿金路,4.6,去黑头：深层清洁+除粉刺+收缩毛孔+补水保湿,58,3111
阳光足浴,盘龙区,凤凰新村,5.0,单人中式保健按摩套餐,145,2944
大嘴鱼风情鱼疗,盘龙区,凤凰新村,5.0,单人土耳其温泉鱼疗套餐,18.8,2287
东畅调理中心,盘龙区,金泉小区,5.0,单人穴位拔火罐,1,2253
ShanTsin善沁高端专业美容美体中心,盘龙区,同德昆明广场,5.0,美容单人护理6选2,168,1544
本草记（凤凰新村店）,盘龙区,凤凰新村,5.0,芳香精油SPA,158,1165
蕾特恩专业祛痘（国际）连锁（穿金路店）,盘龙区,穿金路,4.7,单人DNA靶向黑头析出,29,1121
云天足疗（联盟店）,盘龙区,穿金路,4.1,单人足疗+按摩套餐,78,1072
经穴肩颈护理工作室,盘龙区,同德昆明广场,5.0,单人肩颈套餐3选1,88,1045
尚雅美容SPA会所,盘龙区,同德昆明广场,5.0,高端雅姿单人面部/身体护理,148,698
富侨足道养生会所,盘龙区,盘龙区,4.9,单人神韵模指SPA,280,695
溢SPA芳疗会所,盘龙区,滨江俊园,5.0,奢华精油  单人全身SPA+暖腰,258,676
芙颜堂国际祛痘连锁（白云路店）,盘龙区,滨江俊园,5.0,单人净痘套餐,15,652
群源盲人按摩,盘龙区,桃源广场,5.0,单人全身按摩,52,646
苗颜坊专业祛痘盘龙区旗舰店（昆明北市区店）,盘龙区,金实小区,4.3,苗颜坊单人美容套餐,10,559
方冠杨氏神奇面膜靓颜美容院,盘龙区,云南印象,4.0,单人莹肌玉颜膜,28.8,532
方冠杨氏神奇面膜钰仁美容院,盘龙区,同德昆明广场,3.8,单人莹肌玉颜膜,28.8,532
鑫贤泰和修脚会所,盘龙区,新迎小区,5.0,单人精品修脚（高级修脚技师）,19.9,484
尚品足道养生SPA,盘龙区,盘龙区,5.0,单人尚品spa,299,442
瀚姜足道养生会所（金实店）,盘龙区,金实小区,5.0,单人瀚姜养生套餐,198,441
贡尚莎碧,盘龙区,金实小区,5.0,单人神龙百草足韵,78,434
富侨浴足养生会所（金星汽配城店）,盘龙区,金泉小区,5.0,经典SPA,268,424
小哈尼足疗馆（金星店）,盘龙区,金泉小区,5.0,单人哈尼族按摩三式,129,402
思妍丽(金格百货时光店),盘龙区,王旗营,3.5,原花香水润升级DR Bio多肽护理,288,390
泰嘉SPA,盘龙区,滨江俊园,5.0,单人泰嘉专属SPA套餐,188,384
维娜莉莎养生会所,盘龙区,新迎小区,5.0,单人全身SPA,138,330
元艾养生,盘龙区,同德昆明广场,5.0,元艾足道+全身按摩单人套餐,98,315
漫步云端形象管理中心（克丽缇娜店）,盘龙区,盘龙区,4.7,单人美白补水面部护理,58,297
star小颜整骨皮肤管理,盘龙区,同德昆明广场,5.0,超微(小)气泡深层清洁毛孔管理单人套餐,188,294
希贝斯美容养生会所,盘龙区,同德昆明广场,4.4,单人体验套餐（面部深层净排+面部肤色调理+背部经络疏通）,68.8,271
舟渡养生会馆同德店（同德店）,盘龙区,同德昆明广场,5.0,古禅汗蒸单人套餐,49.8,262
雪曼莉莎纤体SPA养生馆（金色家园店）,盘龙区,北辰财富中心,5.0,单人纳米汗蒸＋面部护理,29.9,252
世博耀星温泉足疗SPA,盘龙区,盘龙区,5.0,木桶经络SPA,268,252
尊尚电疗养生体验馆,盘龙区,同德昆明广场,5.0,单人背部经络疏通＋肩周经络疏通,86.9,250
沁心养生,盘龙区,滨江俊园,5.0,单人全身精油护理〈进口精油）,218,248
舟渡养生会馆（滨江店）,盘龙区,滨江俊园,5.0,背部推拿胸部排养二选一（秒杀）,88,246
凤禧五行经络减肥,盘龙区,北辰财富中心,5.0,局部单人火罐1次,19.8,218
足之康足道,盘龙区,白塔路,5.0,本草养生足浴,59,209
幸仁堂修脚灰指甲,盘龙区,金星小区,5.0,单人藏红花泡脚+修脚,9.9,207
法国菲茨有机美容中心,盘龙区,滨江俊园,5.0,法国菲茨有机面部保湿+身体舒压,98,186
唯妆致美,盘龙区,北辰财富中心,5.0,单人眉形精修设计,1,174
鸥倍养生会所,盘龙区,桃源广场,5.0,养生调理套餐（3选1）,58,171
香缇雅美容会所（金格中心白金店）,盘龙区,盘龙区,5.0,单人精致美容纤体七选二套餐,198,170
香缇雅美容会所（欣都龙城商场店）,盘龙区,欣都龙城,5.0,单人精致美容纤体七选二套餐,198,170
诺美荟国际眼部理疗连锁（北辰店）,盘龙区,北辰财富中心,3.5,单人第四代ERF祛除眼纹、眼袋、黑眼圈,9.9,172
御容美容美体会所,盘龙区,火车北站,4.8,【新店大促】超值身体4选2单人套餐,98,155
灰指甲甲博士（交三桥店）,盘龙区,盘龙区,3.5,单人修脚甲床护理套餐,9.9,150
黛芙妮尔五行养生驻颜馆（北辰店）,盘龙区,北辰财富中心,5.0,【限时特惠】面部秋冬深度活水单人套餐,39,146
无妆美容,盘龙区,盘龙区,4.0,单人面部美白精致护理套餐,8.8,133
滚滚美甲美睫工作室,盘龙区,同德昆明广场,5.0,精修甲型套餐,3,127
和润堂,盘龙区,金星小区,5.0,单人修脚或采耳,35,126
齐修电疗养生馆,盘龙区,王旗营,5.0,单人背部经络疏通,9.9,114
蜜悦韩式美颜,盘龙区,同德昆明广场,4.8,单人蜜悦韩式美颜无针水光,39,109
汇美皮肤管理中心,盘龙区,北辰财富中心,4.8,化蝶水氧深层补水活肤,88,108
兰婷养颜护肤（龙华路店）,盘龙区,白龙新区,5.0,淋巴经络疏通净排、排酸、眼球SPA 5选1,36.9,106
御森堂中医养生会所,盘龙区,王旗营,5.0,肩颈快速调理,48,105
伍昱洁美容养生连锁机构,盘龙区,金星小区,4.6,超值体验套餐,68,104
善道家按摩到家服务中心,盘龙区,同德昆明广场,5.0,善道家推拿按摩四选一,78,104
秀域科技美容（水晶店）,盘龙区,穿金路,4.0,高科技生活美容单次体验课程,129,104
秀域科技美容（白云店）,盘龙区,滨江俊园,4.6,高科技生活美容单次体验课程,129,104
秀域科技美容（银河店）,盘龙区,盘龙区,4.0,高科技生活美容单次体验课程,129,104
寻美坊 护肤原材料体验店,盘龙区,云南印象,5.0,蜗牛精华护肤原材料嫩肤DIY护理 单人体验,0.1,102
缅泰足疗,盘龙区,金实小区,4.8,缅泰养生+艾灸,148,100
台湾波尔美美胸连锁机构,盘龙区,江东花城,4.6,台湾波尔美美胸美体连锁机构,38,98
沐蓉阁美容店,盘龙区,白龙新区,4.3,面部青春定格单人套餐,29.8,96
君尚国际男性养生会所（金实店）,盘龙区,金实小区,5.0,调理固元SPA,348,95
YOYO形象设计工作室,盘龙区,同德昆明广场,5.0,私人美妆造型定制,88,94
经络排寒热灸馆,盘龙区,滨江俊园,4.9,颈肩腰椎关节调理三选一,49.9,92
美丽真相工作室,盘龙区,滨江俊园,4.9,面部深层护理,68.8,90
妙生光电美容中心,盘龙区,同德昆明广场,5.0,取痣（直径2mm以内可用）,9.9,82
尊客养生会所,盘龙区,金星小区,4.6,单人肩颈疏通（特价促销）,68,75
付佳足道馆,盘龙区,金泉小区,5.0,单人全身泰式按摩1次,138,72
诺安达皮肤管理机构,盘龙区,同德昆明广场,5.0,韩国小气泡单人皮肤管理,59.8,73
惠康美疗中心,盘龙区,王旗营,5.0,面部补水单人体验套餐,19.8,61
简夫人科技定制中心,盘龙区,金星小区,5.0,单人去黑头清洁毛孔SPA,38,60
桐源堂养生馆,盘龙区,桃源广场,5.0,单人中式推拿,48,60
滟美专业美疗SPA,盘龙区,凤凰新村,4.5,花卉有机面部护理单人套餐,98,59
恒益养生馆,盘龙区,火车北站,4.2,套餐3选1,9.9,57
星月SPA,盘龙区,同德昆明广场,5.0,单人全身舒缓解压SPA,218,56
何氏脊椎调理,盘龙区,滨江俊园,3.9,单人拔罐1次,19.9,54
本草御养堂（金星店）,盘龙区,金星小区,3.5,单人经络蒸脚套餐,16,53
悠享养生印象会,盘龙区,云南印象,5.0,单人香薰面部单次护理套餐,29.9,51
韩都汗蒸养生馆（金江店）,盘龙区,金江小区,5.0,韩都养生汗蒸+精油开背 建议1人使用,99,50
伊莉莎养生馆,盘龙区,同德昆明广场,5.0,单人肩周调理一次（加拔罐）,88,49
世界园艺博览园,盘龙区,世博园,4.1,和顺古镇、热海大滚锅、国殇墓园等纯玩5日跟团游高星酒店*五星酒店温泉SPA,1275,46
久黎盲人按摩所,盘龙区,金江小区,5.0,腰椎腹部按摩二选一,59,46
紫珊瑚无烟艾灸养生会所,盘龙区,盘龙区,4.1,面部祛黄气+背部舒压单人套餐,39.8,45
玉体香养生spa会所,盘龙区,同德昆明广场,5.0,单人全身精油SPA,198,44
兴来春足疗,盘龙区,火车北站,5.0,单人十二经络,169,44
素美国际美学中心,盘龙区,凤凰新村,5.0,魔镜皮肤检测单人套餐,1,43
FSY韩式半永久纹绣,盘龙区,滨江俊园,5.0,单人单次面部护理,29.9,24
韩式纳米汗蒸（同德店）,盘龙区,同德昆明广场,5.0,精油推背,68,23
曦春堂,盘龙区,新迎小区,5.0,全息自体还原养护,69.9,23
仟汇美容院,盘龙区,盘龙区,4.1,单人面部/【背＋腿】2选1套餐,98,23
沐足养护调理中心,盘龙区,桃源广场,5.0,单人拔罐、刮痧二选一,19.9,23
秀域科技美容,盘龙区,新迎小区,4.0,店庆酬宾专享全营养瘦身体验小课程,499,23
汗蒸社区生活馆（康悦店）,盘龙区,白龙寺,4.6,单人面部排螨,28,23
宏旺健康管理中心,盘龙区,江东花城,4.5,背部走罐+温经散寒艾灸/祛湿散寒罐,54,21
流年阁美容养生馆,盘龙区,云南印象,5.0,身体调理6选1单人套餐,128,25
永生盲人按摩,盘龙区,新迎小区,4.5,单人全身按摩,83,21
和美瑞蓝芳疗医养养生机构（同德店）,盘龙区,同德昆明广场,5.0,芳香面部净化补水SPA一次,98,20
泰莱Let's Relax SPA（同德广场店）,盘龙区,同德昆明广场,4.0,梦系列套餐,238,19
克丽缇娜（兰氏玛珂店）,盘龙区,金星小区,4.6,【全身健康化】全身护理10选2,198,19
嘉蕊楒美容美体,盘龙区,世博园,3.9,嘉蕊楒美容美体超值净排疏通单人套餐,36,18
利丰休闲足浴,盘龙区,金泉小区,4.0,单人养生足浴,48,18
青晨美妆,盘龙区,北辰财富中心,4.3,单人生活妆/晚宴妆二选一套餐,58,17
骏辰女子美容会所,盘龙区,欣都龙城,5.0,基础面部护理单人套餐,58,17
悦格医疗美容,盘龙区,金江小区,5.0,冰点腋毛/唇毛包干单人套餐,99,17
AIVA亚洲祛痘中心（昆明店）,盘龙区,桃源广场,4.1,明星痘肌护理体验单人套餐,49,17
梵迪国际美容养生会所,盘龙区,滨江俊园,4.6,皇家雪颜单人护理课程,72,17
璐璐美甲美妆工作室,盘龙区,盘龙区,4.9,单人精致化妆套餐,39.8,17
仙莉莎养生馆（金江云苑店）,盘龙区,金江小区,4.7,单人背部调理＋拔罐,49.9,16
昆明乐活lohas美黑日光浴沙龙（七彩俊园店）,盘龙区,七彩俊园,4.5,单人日光浴体验卡一次,38,16
帝凡美容美发（滨江店）,盘龙区,滨江俊园,5.0,帝凡身体调理套餐,38,15
七步莲花SPA,盘龙区,金实小区,3.8,全身经络养生护理单人套餐,468,15
惟美科技美容,盘龙区,北辰财富中心,4.6,水动力八倍补水单人套餐,38,15
米兰国际,盘龙区,王旗营,4.0,有机面部补水莹润护理单人套餐,48,15
纷踏美容美体经络养生馆,盘龙区,王旗营,4.0,单人生物经络调理开背,98,15
帝凡美容美发（时光店）,盘龙区,凤凰新村,5.0,帝凡身体调理套餐,38,15
新面孔M半永久容颜中心,盘龙区,滨江俊园,5.0,小气泡深层清洁黑头毛孔皮肤管理,88,15
臻颜美肌皮肤管理中心,盘龙区,江东花城,4.2,单人 驻颜瑞士纳米无痕水光,138,13
心手合一推拿,盘龙区,江东花城,4.0,单人按摩,120,13
盛意莲形象管理中心,盘龙区,滨江俊园,4.5,盛意莲定制香薰4选2单人套餐,108,12
千寻墨问禅意温泉SPA,盘龙区,世博园,4.0,纯植物芳香SPA,480,12
韩艺伊美皮肤管理中心,盘龙区,凤凰新村,4.6,韩国深度补水软膜,88,11
韩方科颜问题肌肤专业修复（春之城店）,盘龙区,盘龙区,4.0,单人深层面部补水护理1次,19.8,12
伊素生活（昆明店）,盘龙区,欣都龙城,5.0,单人伊素水滴护肤,98,11
凡圣堂,盘龙区,金实小区,4.1,凡圣背经五行推拿单人套餐,98,10
瀚姜足道养生会所（金尚店）,盘龙区,金星小区,5.0,瀚尊养生套餐,228,10
沐心一站式健康美容瘦身,盘龙区,王旗营,5.0,排寒湿健康调理单人套餐,98,9
觉灵健康美容养生,盘龙区,凤凰新村,4.4,固本培元/舒筋理肌/腹部律动3选1单人套餐,198,9
康泉经络养生馆,盘龙区,白塔路,5.0,补水清洁美白面部SPA单人套餐(开业特惠),29.9,8
时尚丽人工作室,盘龙区,王旗营,4.4,单人皮肤护理套餐,38,8
唐韵大酒店·温泉SPA,盘龙区,盘龙区,3.5,"唐韵温泉大酒店（世博店）+唐韵大酒店·温泉SPA, 可选双早/三人早餐/唐韵大酒店温泉3成人SPA",228,7
惠之琳美容院,盘龙区,穿金路,4.0,精致生活妆容,28,7
唐韵温泉大酒店（世博店）,盘龙区,白龙寺,4.5,"唐韵温泉大酒店（世博店）+唐韵大酒店·温泉SPA, 可选双早/三人早餐/唐韵大酒店温泉3成人SPA",228,7
阿弥塔瓦,盘龙区,金江小区,4.6,单人精油开背套餐,68,7
喜乐园美容养生馆,盘龙区,白龙寺,4.6,面部深层补水护理套餐,39,7
奥琪造型,盘龙区,新迎小区,5.0,奥琪造型泰式SPA,199,6
ZIYU美甲美容韩式半永久工作室（聚美润美容店）,盘龙区,欣都龙城,5.0,单人修眉＋眉形设计,5,6
蒸灸健康管理,盘龙区,金江小区,3.9,面部美容泥精致护理 建议1人使用,68,6
巨星私人订制形象设计中心,盘龙区,江东花城,3.9,通经活络,29.9,6
LYNN SPA（同德店）,盘龙区,同德昆明广场,4.5,循环疏通身体按摩,342,5
MUSE.F 私美定制,盘龙区,穿金路,5.0,MUSE F私美定制美妆套餐,68.8,4
汇享汗蒸美容减肥养生馆（实力北岸店）,盘龙区,同德昆明广场,4.8,单人汗蒸+肩颈护理+脑部减压,68,1
纤指佰魅整体造型,盘龙区,同德昆明广场,4.7,单人新娘妆1次,268,1
纯美pure beauty,盘龙区,北辰财富中心,5.0,单人孕睫术套餐,980,1
美邦美宸科技美容（云南映象）,盘龙区,云南印象,3.9,阿伴SDX全球优质音波面部深度补水清洁98元2次,98,1
英子美甲工作室,盘龙区,同德昆明广场,5.0,脸部护理单人套餐,79.9,1
富歌曼女子美容会所,盘龙区,金江小区,4.1,超值单人护理套餐,188,1
淇媛spa养生会馆,盘龙区,盘龙区,3.5,生命之源套餐,78,1
Discover beauty美颜定制中心,盘龙区,同德昆明广场,4.4,韩式MTS皮肤管理单人套餐,98,0
朵妍形象管理会所,盘龙区,滨江俊园,4.2,面部天然牛奶灌肤单人套餐,138,0
SJ大韩半永久云南分会,盘龙区,盘龙区,4.6,面部spa单人套餐,18,0
默林美甲社,盘龙区,北辰财富中心,5.0,日常生活妆,128,0
南亚水鑫温泉SPA,西山区,西山区,5.0,单人净桑拿,128,66915
温泉之旅SPA（滇池路店）,西山区,南亚第一城,4.8,单人净桑拿套餐,128,17998
圣梦亲体美肤生活馆（家乐福南亚店）,西山区,南亚第一城,5.0,单人美容美体项目3选1套餐,58,10510
圣梦亲体美肤生活馆（家乐福云纺店）,西山区,云纺,3.5,单人美容美体项目3选1套餐,58,10510
香港天水泉,西山区,南亚第一城,5.0,单人皇家足浴、足疗+全身按摩,128,8766
水星温泉SPA,西山区,大观楼,5.0,单人净桑拿（周一至周四）,148,8264
本草秀复除疤祛痘（凤凰御景店）,西山区,西山区,4.6,鼻头清洁体验套餐1次,10,7717
本草秀复除疤祛痘（爱琴海购物公园店）,西山区,红星爱琴海购物公园,5.0,鼻头清洁体验套餐1次,10,7717
本草秀复除疤祛痘（金碧店）,西山区,金马碧鸡坊片区,5.0,鼻头清洁体验套餐1次,10,7717
爱尚养生会所,西山区,大商汇,5.0,单人绿色足浴套餐,108,4250
手道堂养生馆（理想店）,西山区,大商汇,5.0,单人手道堂全息经络刮痧（肩颈）,98,4048
手道堂养生馆（广福店）,西山区,广福中华美食城,5.0,单人手道堂全息经络刮痧（肩颈）,98,4048
手道堂养生馆（中央丽城店）,西山区,西山区,5.0,单人手道堂全息经络刮痧（肩颈）,98,4048
圣爱中医养生中心（女子店）,西山区,金马碧鸡坊片区,5.0,圣爱肩颈调理 60分钟,68,4022
圣爱中医养生中心（滇池路店）,西山区,滇池路,5.0,圣爱肩颈调理 60分钟,68,4022
一品尚足,西山区,西山区,5.0,清凉绿色浴足（新）,88,3803
足之韵,西山区,大观楼,5.0,单人乐享百次,98.8,3404
春夏秋冬温泉沐浴会所（兴苑路店）,西山区,西山区政府,5.0,单人足SPA养生全身足浴,126,3344
欣奕除疤（金碧路店）,西山区,金马碧鸡坊片区,4.5,去黑头：深层清洁+除粉刺+收缩毛孔+补水保湿,58,3111
琦品高端美容spa私享空间（南亚店）,西山区,南亚第一城,5.0,单人护理套餐2选1,168,2760
莎蔓莉莎美容会所（五一新会所）,西山区,金马碧鸡坊片区,3.0,单人莎蔓莉莎贵人经典标准护理套餐,29.9,2378
家富富侨足疗,西山区,金马碧鸡坊片区,5.0,家富富侨足疗单人经络全息/单人中式按摩2选1,129,2314
富足轩足疗保健城,西山区,南亚第一城,5.0,阳光足浴单人套餐,88,1675
大桶水足疗（前兴路店）,西山区,大商汇,5.0,单人古法泰式按摩套餐,188,1165
蕾特恩专业祛痘（国际）连锁（昆明旗舰店）,西山区,金马碧鸡坊片区,5.0,单人DNA靶向黑头析出,29,1121
雅曼姿美容养生高端SPA会所（旗舰店）,西山区,云纺,4.1,单人雅曼姿美容养生会所养生项目7选4 西昌路,39.8,1118
美康足浴,西山区,广福中华美食城,5.0,单人美康足浴,68,1048
葆康盲人按摩（西山区店）,西山区,云纺,5.0,全身推拿/足疗套餐,69,1015
柔婷（金龙店）,西山区,金马碧鸡坊片区,4.0,单人美容专业护理套餐1次,38,908
柔婷（千禧店）,西山区,西山区政府,4.0,单人美容专业护理套餐1次,38,908
沐spa,西山区,南亚第一城,5.0,单人身体按摩套餐,128,863
魅雅堂美容养生连锁店（金牛店）,西山区,西山区,4.6,单人经典美容养生双项套餐,29.9,839
痘博士专业祛痘连锁机构（金碧路店）,西山区,金马碧鸡坊片区,4.7,单人祛黑头套餐（请电话预约）,98,731
美之桥抗衰连锁机构（丹霞店）,西山区,西山区,4.2,单人知心女人SPA套餐,58,701
MG蜜蜡修眉,西山区,南亚第一城,5.0,单人蜜蜡修眉套餐,49.9,641
莲spa心灵会所,西山区,南亚第一城,4.3,背部套餐,218,639
欣悦美国际美容SPA,西山区,南亚第一城,5.0,身体护理SPA单人套餐,168,602
足步天下足疗（兴苑路店）,西山区,西山区政府,4.8,泰式按摩1次,138,567
禄达足浴,西山区,西山区,4.6,单人皇式足浴 （全天）,108,554
方冠杨氏玉颜堂,西山区,西山区,3.8,单人莹肌玉颜膜,28.8,532
方冠杨氏神奇面膜（华都花园店）,西山区,西山区,3.9,单人莹肌玉颜膜,28.8,532
大唐足道（云纺国际商厦店）,西山区,云纺,5.0,单人莲花SPA,149,484
甲福专业修脚坊,西山区,金马碧鸡坊片区,5.0,肩颈按摩+足疗+修脚,32,450
荟草堂（金广路店）,西山区,南亚第一城,3.9,面部护理套餐,10,447
小哈尼足疗,西山区,西山区,4.8,单人哈尼族按摩三式,129,402
绿岛阳光温泉,西山区,西山区,4.6,单人心满御足,148,310
老干温泉,西山区,西山区,3.8,老干温泉洗浴+桑拿,18,296
养颜阁医疗美容,西山区,滇池,5.0,水娃娃嫩白套餐,88,249
乐畅沐足养生（南亚温德姆豪廷店）,西山区,南亚第一城,5.0,生命泉养生经络,298,238
苗芳堂专业祛痘祛斑全国连锁机构,西山区,金马碧鸡坊片区,4.8,单人面部祛豆体验1次,29,240
爱儿乐婴童spa水育乐园,西山区,西山区,5.0,婴儿游泳单人项目（0—1岁限首次到店宝宝）小池,56,228
正雅阁瘦身会所,西山区,西山区,4.6,单人面部提拉紧致体验套餐,9.9,224
E Beauty韩国皮肤管理半永久定妆,西山区,西山区,5.0,韩国Aqua Peeling小气泡焕肤深层清洁体验套餐,128,222
云南瑶芳清颜祛痘美容中心（前卫西路店）,西山区,西山区,3.5,瑶芳清颜净痘单人体验套餐,29,219
云南瑶芳清颜祛痘美容中心（春苑店）,西山区,西山区政府,4.2,瑶芳清颜净痘单人体验套餐,29,219
黛芙妮尔SPA美容养生会所（凯旋店）,西山区,西山区,4.6,经典美容养生体验,98,217
美人瘦美容美体养生馆,西山区,南亚第一城,5.0,沙棘排寒排湿排酸,98,115
椿上健康管理中心,西山区,滇池,5.0,小气泡毛孔螨虫黑头清洁,108,111
木梓生命之旅抗衰老健康管理中心,西山区,公园1903,5.0,12经络气血通,398,105
纯美彩妆,西山区,云纺,5.0,单人美妆套餐,9.9,105
游学宝宝 Baby SPA,西山区,公园1903,5.0,Baby SPA 初体验,258,102
秀域科技美容（阳光店）,西山区,西山区,4.0,高科技生活美容单次体验课程,129,104
秀域科技美容（东寺店）,西山区,金马碧鸡坊片区,4.0,高科技生活美容单次体验课程,129,104
秀域科技美容（新城店）,西山区,大商汇,4.0,高科技生活美容单次体验课程,129,104
秀域科技美容（西园店）,西山区,大观楼,4.0,高科技生活美容单次体验课程,129,104
馨耀美容会所,西山区,大观楼,4.6,昆明市西山区馨耀美容店尊享护理套餐,98,101
瑀塬堂,西山区,广福中华美食城,5.0,单人背部经络疏通＋肩周经络疏通,38.8,96
晴语spa,西山区,南亚第一城,5.0,单人瑶浴+全身精油SPA,298,93
萱琳娜芳疗排酸工作室（白马店）,西山区,白马,4.6,单人综合护理套餐,98,93
民健美容养生会所,西山区,西山区,5.0,单人肩颈调理套餐,38,91
名风化妆工作室,西山区,西山区政府,5.0,名风化妆工作室超值生活妆,49.9,86
乐畅美容养生会所（南亚温德姆豪廷店）,西山区,南亚第一城,5.0,生命泉养生美容Spa,298,85
金合宸溪谷温泉SPA,西山区,南亚第一城,4.3,（预售）单人特惠净桑（开业限时抢购）,118,84
童康堂小儿推拿调理馆,西山区,大观楼,5.0,宝宝平衡艾灸单次体验,39,80
生之道养生馆,西山区,西山区,5.0,肩颈腰部调理二选一,19.8,71
雅颜阁私人尊享刮痧美容养生会所,西山区,大商汇,4.8,单人雅颜阁面部刮痧美容养生会所超值面部紧致提升刮痧,98,70
中道堂养生馆（滇池卫城店）,西山区,滇池,5.0,单人专业艾灸,88,70
清木spa,西山区,南亚第一城,5.0,单人面部护理套餐,68,61
玉颜美容调理中心,西山区,西山区政府,4.6,美容套餐,68,55
本草御养堂（十里长街店）,西山区,十里长街,4.6,单人经络蒸脚套餐,16,53
美尚化妆造型工作室,西山区,万达广场,4.9,单人新娘妆（到店）,299,51
蝶美.膜力小铺,西山区,南亚第一城,4.6,单人深层补水面部护理,19,51
泉春盲人推拿按摩,西山区,西山区,5.0,单人单项目特惠抢购,19.9,49
知足沐足养生会,西山区,南亚第一城,5.0,单人自由午休1小时,28,46
santa善他皮肤管理,西山区,西山区,4.9,Santa水分保湿管理,208,38
玫瑰缘美容养生馆,西山区,广福中华美食城,4.8,单人面部个性化护理,88,32
泰天真美容养生（万达店）,西山区,万达广场,4.4,单人头道汤,58,32
驻颜美容会所,西山区,红星爱琴海购物公园,5.0,特色身体美容体验,19.9,31
星汉美业美容私人会馆,西山区,西山区,4.2,局部温和净毛,88.88,31
索菲特大酒店So SPA水疗中心,西山区,西山区,4.9,奢华手部或足部护理,128,30
悦己美容养生馆,西山区,南亚第一城,3.9,单人V雕抗衰+背部三焦经络开穴脏腑护理,29.9,28
千发屋美容美发连锁机构（西山店）,西山区,西山区政府,5.0,肩颈护理1次,68,29
翰林院美容养生馆,西山区,西山区,4.3,单人汗蒸+补水面膜1片,9.9,27
YEAMER韩式美容养肤馆,西山区,西山区,4.3,单人韩式水动力,138,27
泰国Thana Spa,西山区,西山区,4.8,皇室全身舒压（160分钟）,398,26
宝菲欧蒂皮肤再生中心（秋苑店）,西山区,西山区政府,4.1,单人减腹瘦背瘦腰3选1套餐,38,24
千纤美容养生馆,西山区,西山区,4.7,美容汗蒸+淋浴,19.9,23
清瑶养生,西山区,南亚第一城,4.6,单人夏季养心保养套餐,168,23
格颜除疤祛痘,西山区,大商汇,5.0,单人专业痘肌护理体验,29.9,22
哈尼足浴,西山区,南亚第一城,4.0,单人拔罐刮痧二选一,9.9,21
慧佳人美妆美肤工作室,西山区,西山区,5.0,单人韩国小气泡毛孔清洁,158,21
和美瑞蓝芳疗医养养生机构（一分店）,西山区,西山区,4.0,芳香面部净化补水SPA一次,98,20
魔力手盲人按摩店,西山区,西山区政府,3.5,单人1小时盲人按摩,39.9,19
瓦尔那异域香缇会所,西山区,大商汇,4.8,68,68,18
樱梓歌美容工作室,西山区,白马,4.3,单人面部提拉紧致补水+颈部经络专业护理套餐,88,17
御脂坊减肥养生会馆,西山区,西山区政府,5.0,单人超值局部塑型套餐,25,16
柔莎娜美容养生会所,西山区,西山区政府,4.2,单人深层清洁皮肤,18,16
芯梦缘高科美容养生馆,西山区,西山区,5.0,背部肩颈经络疏通加头部经络疏通,68,15
贝莱诗经络养生馆,西山区,白马,4.9,背部酒疗套餐,48,15
希丝兰泊皮肤管理,西山区,西山区,5.0,面部深层护理+锁骨淋巴净排,68,14
利娅美业,西山区,西山区政府,5.0,韩国气泡深层清洁皮肤管理,98,15
索兰国际冰点脱毛,西山区,南亚第一城,4.4,索兰国际双腋下冰点护理单人套餐,199,13
桐颜漫生活,西山区,西山区,4.7,桐颜韩式皮肤管理,88,13
丰宁盲人按摩推拿中心,西山区,西山区,4.8,单人推经络刮痧套餐,48,13
希诺美美容养生SPA会所,西山区,西山区,4.2,单人美容养生套餐,59.8,13
御芙蓉生活馆,西山区,西山区,4.8,【超值体验】背部减压单人套餐,98,11
肤蓉阁美容美体养生馆,西山区,西山区政府,4.4,单人面部补水,68,11
完美美容汗蒸养生会所,西山区,白马,4.4,单人汗蒸+水疗,38,10
婉美半永久,西山区,西山区,5.0,单人温和脱毛,168,10
润品美容养生会所,西山区,西山区,4.4,单人背部减压套餐,68,9
迦南足疗会所,西山区,西山区,3.6,迦南养生+精油推背套餐,128,9
滇盛堂中医养生中心,西山区,西山区政府,4.6,滇盛疼痛调理（局部）,45,8
优瘦优美瘦身,西山区,西山区,5.0,沙棘排湿排寒,98,8
天御水韵,西山区,南亚第一城,3.5,单人拨筋塑脸套餐,98,7
丸美专业护肤减肥,西山区,大商汇,4.6,单人毛孔清洁,9.9,7
雅淇SPA抗衰美容养生会所,西山区,西山区政府,4.3,雅淇面部净颜单人体验套餐,28,7
新艺Amani,西山区,金马碧鸡坊片区,4.1,单人肩颈疏通,68,7
御生堂汗蒸艾灸生活馆,西山区,南亚第一城,5.0,肩颈调理,68,7
拾颜私人订制美媛馆,西山区,西山区,5.0,高端韩式水氧气泡毛孔清洁套餐,98,5
致皮肤管理工作室,西山区,金马碧鸡坊片区,4.6,海洋水精灵面部单人套餐,198,6
云美·天润医美中心,西山区,南亚第一城,4.9,奢颜美肌——补水美白,38,5
丽缘坊面部刮痧美容瘦脸,西山区,南亚第一城,4.6,单人面部美体香薰SPA,59.9,5
YOSHIDA NAIL吉田日式美甲美睫会所,西山区,西山区,5.0,精致面部皮肤管理,88,4
雅菲美甲·美肤·养生会所,西山区,西山区,4.6,单人淡化痘印美白护理套餐,498,4
智妍美容工作室,西山区,西山区,3.5,韩式私人定制眉单人套餐,1280,3
YI SPA,西山区,滇池,4.0,肩颈调理+YI SPA标志spa,899,3
SK（公园1903店）,西山区,公园1903,5.0,单人超值美容奢华套餐,99,2
妍熙yancy韩式半永久纹绣,西山区,金马碧鸡坊片区,5.0,妍熙韩式美睫线单人套餐,488,2
诗美诗格润城店（润城店）,西山区,西山区,3.5,单人净排套餐,98,2
匠心云美,西山区,西山区,5.0,胸部保养,39.8,1
MIMO MAKE UP,西山区,万达广场,4.1,舞台妆、宴会妆、面试妆,260,1
美丽名园,西山区,云纺,3.0,单人spa套餐,98,1
疯狂减肥,西山区,大商汇,5.0,面部补水,98,1
涵曦专营店,西山区,大商汇,5.0,沙棘净排,68,0
gemini美颜订制中心,西山区,金马碧鸡坊片区,4.0,单人韩式眉套餐,1800,0
om半岛瑜伽会馆,西山区,西山区,5.0,单人艾灸体验,58,0
华丰温泉SPA高尔夫会所,官渡区,官渡区,4.4,单人净桑,138,48983
汗城温泉SPA酒店,官渡区,新亚洲体育城,5.0,单人净桑拿,98,32112
泉世纪温泉SPA,官渡区,关上,4.5,泉世纪单人净桑拿（全天24小时内可用）,158,18622
大印足（世纪城会馆）,官渡区,世纪城,5.0,古典御方热疗一位,128,18294
大脚板养生足道,官渡区,关上,5.0,贵宾养生足浴1次,88,16622
圣梦亲体美肤生活馆（上东城店）,官渡区,上东城,3.8,单人美容美体项目3选1套餐,58,10510
重庆富侨足疗总店,官渡区,关上,4.8,单人足浴套餐,95,9122
本草秀复除疤祛痘（子君店）,官渡区,新亚洲体育城,5.0,鼻头清洁体验套餐1次,10,7717
本草秀复除疤祛痘（新亚洲店）,官渡区,新亚洲体育城,5.0,鼻头清洁体验套餐1次,10,7717
本草秀复除疤祛痘（东站店）,官渡区,拓东路,5.0,鼻头清洁体验套餐1次,10,7717
本草秀复除疤祛痘（海伦国际店）,官渡区,海伦城市广场,5.0,鼻头清洁体验套餐1次,10,7717
本草秀复除疤祛痘（古镇店）,官渡区,官渡古镇,5.0,鼻头清洁体验套餐1次,10,7717
本草秀复除疤祛痘（晓东村店）,官渡区,高原明珠,5.0,鼻头清洁体验套餐1次,10,7717
本草秀复除疤祛痘（经开区店）,官渡区,官渡区,5.0,鼻头清洁体验套餐1次,10,7717
本草秀复除疤祛痘（古镇二店）,官渡区,官渡古镇,5.0,鼻头清洁体验套餐1次,10,7717
御都足疗,官渡区,新亚洲体育城,5.0,若石健康法,106,6987
玉足堂足浴城,官渡区,世纪城,5.0,单人康怡足浴套餐,112,6764
徐氏推拿（金源购物中心店）,官渡区,世纪城,5.0,徐氏推拿单人足疗套餐,75,6656
熏满浴足（华洋店）,官渡区,官渡区,5.0,足疗按摩,98,5627
熏满浴足（永丰园店）,官渡区,高原明珠,4.8,足疗按摩,98,5627
熏满浴足（珥季路店）,官渡区,官渡区,4.9,足疗按摩,98,5627
熏满浴足（金源店）,官渡区,官渡区,4.5,足疗按摩,98,5627
爱尚至尊足浴店,官渡区,官南大道,4.8,单人清逸仙子,238,5515
爱尚汇足疗SPA会所,官渡区,官南大道,5.0,单人清逸仙子,238,5515
品尚休闲足浴,官渡区,经开区,5.0,阳光足浴（新）,88,4248
手道堂养生馆（奥宸店）,官渡区,新亚洲体育城,5.0,单人手道堂全息经络刮痧（肩颈）,98,4048
手道堂养生馆（关上店）,官渡区,关上,5.0,单人手道堂全息经络刮痧（肩颈）,98,4048
手道堂养生馆（樱花语店）,官渡区,樱花语幸福广场,4.4,单人手道堂全息经络刮痧（肩颈）,98,4048
手道堂养生馆（螺蛳湾店）,官渡区,新螺蛳湾,5.0,单人手道堂全息经络刮痧（肩颈）,98,4048
手道堂养生馆（珥季路店）,官渡区,世纪城,5.0,单人手道堂全息经络刮痧（肩颈）,98,4048
手道堂养生馆（世纪城店）,官渡区,世纪城,5.0,单人手道堂全息经络刮痧（肩颈）,98,4048
手道堂养生馆（香樟俊园店）,官渡区,吴井路,5.0,单人手道堂全息经络刮痧（肩颈）,98,4048
手道堂养生馆（星耀店）,官渡区,新亚洲体育城,5.0,单人手道堂全息经络刮痧（肩颈）,98,4048
圣爱中医养生中心（吴井路）,官渡区,吴井路,4.9,圣爱肩颈调理 60分钟,68,4022
圣爱中医养生中心（世纪城馆）,官渡区,海伦城市广场,5.0,圣爱肩颈调理 60分钟,68,4022
圣爱中医养生中心（珥季路店）,官渡区,世纪城,5.0,圣爱肩颈调理 60分钟,68,4022
圣爱中医养生中心（北京路店）,官渡区,昆明站,5.0,圣爱肩颈调理 60分钟,68,4022
欣奕除疤（日新店）,官渡区,官南大道,4.6,去黑头：深层清洁+除粉刺+收缩毛孔+补水保湿,58,3111
欣奕除疤（绿洲店）,官渡区,拓东路,4.3,去黑头：深层清洁+除粉刺+收缩毛孔+补水保湿,58,3111
苗医生专业祛痘祛斑连锁（塘子巷店）,官渡区,拓东路,5.0,单人清透护理,9.9,874
苗医生专业祛痘祛斑连锁（昆明三店）,官渡区,世纪城,5.0,单人清透护理,9.9,874
玉清泉（金足康店）,官渡区,官渡古镇,5.0,专业推拿,88,848
碧水源养生足道会所,官渡区,官渡区,5.0,单人经典足疗,79,796
重庆富侨昆明养生会所,官渡区,官渡区,5.0,单人泰式按摩1次（白天场）,148,783
足佳乐养生堂,官渡区,高原明珠,5.0,单人足下生辉,83,667
芙颜堂国际祛痘连锁（民航路店）,官渡区,吴井路,5.0,单人净痘套餐,15,652
何日君足疗（昆明站店）,官渡区,昆明站,4.9,单人养生沐足,149,595
心曼足疗spa,官渡区,大都摩天购物中心,5.0,心曼莲SPA,219,543
方冠杨氏丹丹美容养生会所,官渡区,新螺蛳湾,3.5,单人莹肌玉颜膜,28.8,532
方冠杨氏神奇面膜（世纪店）,官渡区,世纪城,4.1,单人莹肌玉颜膜,28.8,532
跃都国际足疗休闲会所,官渡区,高原明珠,5.0,B牌技师跃都足乐单人套餐,98,462
祖慈肩颈（万象城店）,官渡区,万象城,5.0,单人肩颈套餐,58,398
何日君足疗（金汁路店）,官渡区,关上,4.8,单人何态保健,158,386
美联足润足疗SPA会馆,官渡区,新螺蛳湾,5.0,单人足润SPA,218,385
明秀楼养生spa,官渡区,官渡区,5.0,单人养生SPA,289,312
宝宝spa婴儿游泳馆,官渡区,新亚洲体育城,4.6,单人游泳+被动操+洗澡+抚触超值体验套餐（限首次到店宝宝）,58,308
醒椎颈腰椎推拿5S养护（银海畅园店）,官渡区,樱花语幸福广场,5.0,醒椎推拿体验,58,277
葆康盲人按摩（新亚洲店）,官渡区,新亚洲体育城,5.0,单人全身推拿1次,56,268
卯逸宫,官渡区,关上,5.0,单人泰式古方肩颈按摩+拔罐套餐,58,265
爱琴海足浴,官渡区,官渡区,4.8,单人全天爱琴海足浴,98,253
塞北足艺,官渡区,高原明珠,5.0,养心如意,148,252
雅典娜国际美容美体机构,官渡区,世纪城,5.0,面部净排补水刮痧单人套餐,58,250
康泰好足道,官渡区,吴井路,5.0,单人康泰大师兄修脚,25,248
星隆足浴会所,官渡区,新亚洲体育城,5.0,单人足下生康足浴套餐,98,244
富侨足道,官渡区,新螺蛳湾,5.0,单人泰式按摩,139,227
西派修脚,官渡区,新亚洲体育城,5.0,抗菌护理套餐/润肤护理套餐2选一,35,219
云南瑶芳清颜祛痘美容中心（日新旗舰店）,官渡区,官南大道,4.4,瑶芳清颜净痘单人体验套餐,29,219
瑶芳清颜祛痘美容中心（世纪城店）,官渡区,官渡区,3.9,瑶芳清颜净痘单人体验套餐,29,219
伊纳姿植物精油养生馆,官渡区,官渡古镇,4.3,足部调理,138,181
骐源养身会所（骐源养身会所）,官渡区,官南大道,4.4,神奇腚部提升套餐,399,180
伊莎贝思美容养生,官渡区,官渡区,5.0,面部净排/深层清洁,49.9,174
诺美荟国际眼部理疗连锁（世纪城店）,官渡区,世纪城,3.0,单人第四代ERF祛除眼纹、眼袋、黑眼圈,9.9,172
UNA尤纳韩式皮肤管理中心,官渡区,关上,5.0,单人纯韩式气泡管理,228,156
固元堂养生足浴,官渡区,新亚洲体育城,4.8,单人中式足浴（80分钟）,89,154
水晶都温泉SPA,官渡区,世纪城,4.6,单人净桑拿,88,202
焕颜美容养生会所,官渡区,世纪城,4.6,单人焕颜美容套餐,18,147
爱仁发宝社区养生连锁（邦盛茶城店）,官渡区,官南大道,4.4,单人刮痧／艾灸／拔罐（3选1）,29.9,143
兰柏叡国际spa美疗汇都会所,官渡区,汇都国际,4.1,单人身体调养套餐,168,131
艾善堂,官渡区,新亚洲体育城,5.0,单人艾灸经络调理+小儿推拿二选一,58,128
妙手堂盲人按摩馆,官渡区,新亚洲体育城,5.0,单人刮痧火罐二选一,19.9,127
可诺丹婷美颜美体,官渡区,海伦城市广场,4.0,单人面部护理净排1次,38,124
威尔登国际酒店温泉,官渡区,经开区,5.0,奢华浴+全身按摩+全身精油SPA,398,124
妙沁美容养生汗蒸馆,官渡区,新亚洲体育城,5.0,肩颈疼痛调理（每人限体验一次）,38,121
S美甲美睫沙龙（世纪城海伦店）,官渡区,世纪城,4.5,美睫特价团,128,120
御颜美容养生会所,官渡区,新亚洲体育城,4.9,面部护理+艾灸单人套餐,29.9,118
達生推拿盲人按摩足疗养生,官渡区,官南大道,5.0,单人推拿,68,116
佐康专业祛痘（官渡区店）,官渡区,拓东路,5.0,单人去黑头体验套餐,9.9,114
心光盲人按摩,官渡区,上东城,5.0,肩颈调理,38,113
月半湾足疗SPA,官渡区,新亚洲体育城,5.0,单人白天香薰精油SPA,188,112
水沐养生SPA,官渡区,世纪城,5.0,单人全天养生精油SPA,208,105
秀域科技美容（彩云店）,官渡区,世纪城,4.0,高科技生活美容单次体验课程,129,104
秀域科技美容（银海店）,官渡区,官南大道,4.0,高科技生活美容单次体验课程,129,104
秀域科技美容（吴井新店）,官渡区,吴井路,4.0,高科技生活美容单次体验课程,129,104
秀域科技美容（玫瑰湾）,官渡区,官南大道,4.0,高科技生活美容单次体验课程,129,104
秀域科技美容（百大店）,官渡区,吴井路,3.5,高科技生活美容单次体验课程,129,104
秀域科技美容（上东城店）,官渡区,上东城,4.0,高科技生活美容单次体验课程,129,104
鲜妮天然美肤祛痘会所,官渡区,官渡区,4.4,鲜妮草本护理+皮肤保养套餐,28,102
秀域古方减肥（世纪店）,官渡区,世纪城,4.0,高科技生活美容单次体验课程,129,104
秀域科技美容（关上店）,官渡区,关上,4.0,高科技生活美容单次体验课程,129,104
秀域科技美容（世纪金源店）,官渡区,官渡古镇,4.0,高科技生活美容单次体验课程,129,104
纤璐经典spa馆,官渡区,官南大道,4.4,单人纤璐经典SPA馆享受生活养生套餐,38,99
尊悦养身会所,官渡区,官南大道,5.0,古风神韵足浴,68,97
妞贝蒂美容养生会所,官渡区,关上,4.4,单人面部/肩颈2选1套餐,58,97
爱养推拿馆,官渡区,官渡区,5.0,拔罐,1,94
君尚国际男性养生会所（新亚洲店）,官渡区,新亚洲体育城,3.9,调理固元SPA,348,95
萱琳娜芳疗排酸工作室（金色店）,官渡区,万象城,4.6,单人综合护理套餐,98,93
鑫鼎浴足按摩SPA,官渡区,世纪城,5.0,全身按摩SPA,188,91
伊颜私人定制皮肤管理,官渡区,关上,5.0,韩式水氧活肤单人体验套餐,108,89
芬格瑞斯美容会所,官渡区,新亚洲体育城,4.6,馨香护理卡,68,87
琪雅美容院,官渡区,经开区,4.8,单人琪雅美容院面部净化补水套餐,48,87
松静堂,官渡区,昆明站,5.0,松静足道（单人足疗+按摩套餐）,39.9,89
茜蔓蝶养生会所,官渡区,世纪城,4.4,单人艾灸/拔罐套餐,9.9,82
丫丫窈窕淑女美容美体（海伦店）,官渡区,海伦城市广场,5.0,三膜美白亮肤,48,82
昕容美颜馆,官渡区,官渡区,5.0,昕容单人有机零添加面部水疗特色护理,29.9,74
仙足轩足道,官渡区,官渡区,5.0,单人足神护理,318,74
芳茹阁美容美体养生会馆,官渡区,世纪城,4.8,单人芳茹特色护理,98,73
中道堂养生馆（星宇园店）,官渡区,新亚洲体育城,4.6,单人专业艾灸,88,70
碧斯SPA健康美疗馆（和平村店）,官渡区,官南大道,3.5,单人自然水润护理,28,66
鼎泰SPA,官渡区,世纪城,5.0,单人全身经典SPA+淋浴,218,66
富侨足道养生会所（大板桥店）,官渡区,长水机场,5.0,单人神韵模指SPA,280,66
碧斯SPA健康美疗馆,官渡区,昆明站,3.8,单人自然水润护理,28,66
至尊休闲会所,官渡区,长水机场,4.9,单人古法泰式按摩+神韵足浴,118,65
亿莎莉SPA养生会所,官渡区,世纪城,5.0,面部+眼部+颈部护理套餐,48,62
手宜嘉养生馆,官渡区,经开区,4.5,肩颈保养套餐,48,59
寶宇國際私人订制,官渡区,万象城,4.6,眼部拔筋+眼部SPA,4,57
美鑫养生会所,官渡区,世纪城,5.0,面部/肩部/胸部（三选二单人套餐）,98,53
东方园spa会所,官渡区,新亚洲体育城,5.0,养生 精油SPA+泡澡,258,48
阆苑足浴城,官渡区,官渡古镇,5.0,养生足浴,108,47
熏满浴足（旗舰店）,官渡区,官渡古镇,3.8,单人足浴,118,47
尚品足浴,官渡区,官渡区,4.4,Spa+单间木桶浴+按摩,298,45
日月和美容,官渡区,官南大道,5.0,面部基础SPA单人套餐,38,40
怡心阁美颜坊,官渡区,海伦城市广场,5.0,(新年大促）单人肩颈/背部2选1套餐,79.9,39
黛芙妮尔养生馆,官渡区,吴井路,4.4,单人套餐四选一,38,38
薇漫美颜会所,官渡区,世纪城,5.0,经络淋巴按摩单人护理套餐,88,36
伊人美美容养生馆,官渡区,海伦城市广场,5.0,水漾养护单人套餐,68,33
鼎晟贵足道,官渡区,长水机场,3.9,单人过夜休息,99,33
塑典美,官渡区,官渡区,5.0,单人面部颈部提拉紧致,68,33
晶美美容养生馆,官渡区,新螺蛳湾,5.0,单人调理,48,34
雅逸堂养生馆二店（云大知城店）,官渡区,经开区,5.0,单人汗蒸+腰部护理/肩颈/肠胃/面部深层护理,48,32
亚可美容院,官渡区,新亚洲体育城,4.3,美白补水套餐,51,29
悦spa经络养生馆,官渡区,世纪城,5.0,单人按摩SPA,398,29
倍缇雅数码瘦身美形机构（盛世岭南店）,官渡区,官南大道,5.0,颈肩腰背经络调理,68,29
浴仙都按摩足疗SPA,官渡区,世纪城,4.1,单人养生SPA,208,28
铭媛美容养生会所（新亚洲体育城店）,官渡区,新亚洲体育城,4.0,单人专业护理,108,27
纤丝阁养生会馆,官渡区,新亚洲体育城,3.6,单人S足踩背1次,219,26
庄谦养生会馆,官渡区,长水机场,4.8,单人洗头造型,58,23
安益盲人推拿,官渡区,新亚洲体育城,4.8,拔罐或刮痧,35,21
欣鼎足疗养生会所,官渡区,昆明站,4.9,单人养生调理,358,21
诗美诗格美容店,官渡区,万象城,4.3,七选一任选单人套餐,19.7,19
雅屏美容会所,官渡区,海伦城市广场,3.8,单人面部深层补水套餐,69,17
大唐足道（关上店）,官渡区,关上,5.0,双人午夜专享影视券,69,17
浩淼足浴（白塔路店）,官渡区,汇都国际,4.6,单人全身泰式经络spa,298,17
至尊足疗（二分店）,官渡区,长水机场,4.8,单人养生足浴,58,15
雅逸唐汗蒸养生馆（茗春苑店）,官渡区,世纪城,4.4,肩颈➕汗蒸,108,15
Baby ·x新颜美甲美睫工作室,官渡区,吴井路,5.0,奢华面部护理净排+深度补水,58,15
雅逸唐汗蒸养生馆（玉春苑店）,官渡区,世纪城,5.0,肩颈➕汗蒸,108,15
思宇堂健康管理机构,官渡区,海伦城市广场,4.2,特价|思宇堂肩周炎调理60分钟,65,14
重庆富侨全国连锁（螺蛳湾店）,官渡区,新螺蛳湾,5.0,单人泰式按摩,159,13
三个女人美妆定制学院,官渡区,新螺蛳湾,4.9,面部清洁补水单人套餐,69.9,12
大桶水足疗（世纪城店）,官渡区,世纪城,5.0,经络养生,298,12
婉居美肤生活馆,官渡区,官南大道,4.8,单人全身SPA护理,128,12
轻生活皮肤管理工作室,官渡区,官渡区,5.0,温俞开背,148,10
媚丽美容美体养生俱乐部,官渡区,关上,5.0,媚丽生活妆单人套餐,9.9,10
伊淼阁经络养生,官渡区,官渡区,4.1,面部护理,88,10
雁灸堂养生美容会所,官渡区,官南大道,5.0,单人刮痧拔罐+艾灸,49.9,10
金熊国际美容美发（金熊总店）,官渡区,世纪城,5.0,豪华美容美体单人套餐,198,9
欣欣绣艺,官渡区,吴井路,5.0,生活妆舞台妆单人套餐,19.9,9
尚莎纤体养生工作室,官渡区,上东城,3.5,面部深层清洁+补水紧致单人套餐,68,8
慧康盲人推拿中心,官渡区,官渡古镇,4.2,单人全身按摩1次,55,10
易辰健康养生馆,官渡区,官渡区,3.5,单人肩颈调理套餐,58,7
韩都汗蒸养生馆（经开区店）,官渡区,官渡区,5.0,单人推拿套餐,60,7
溢佳美容,官渡区,官渡区,4.7,单人乳腺疏通套餐,68.8,6
昆明锦康医院,官渡区,拓东路,4.5,关节炎 老寒腿  风湿  膝关节退行性改变理.疗单人套餐（体验价）,78,6
姐妹减肥终点站,官渡区,关上,4.2,单人面部提升护理套餐,108,6
玉清泉足道（神迹店）,官渡区,官渡古镇,5.0,皇极古法养生,169,6
朴真真皮肤管理,官渡区,关上,4.5,韩式美容活肤皮肤管理,158,5
延寿堂中式养生中心（吴井路店）,官渡区,吴井路,4.7,腰椎专业推拿,78,5
群源足道馆,官渡区,长水机场,3.5,单人泡脚足浴,68,4
九珍源纳米汗蒸养生馆,官渡区,世纪城,5.0,单人汗蒸＋拔罐,58,4
曦月美容养生馆,官渡区,官渡古镇,4.4,单人美体护理套餐,68,4
洪光经络养生馆（世纪城雅春苑店）,官渡区,世纪城,4.2,单人经络调理套餐,98,4
纤尚经络瘦身健康生活馆,官渡区,官渡区,4.7,纤尚五行经络暖宫单人体验,16.8,4
泰舒足疗,官渡区,新亚洲体育城,4.7,香薰暖油调理套餐,209,4
寇氏专业减肥（官渡关上店）,官渡区,关上,3.5,单人健康瘦身,48,3
俏思美发造型会所,官渡区,世纪城,5.0,深度补水面部护理,58,3
Make Wow日式美甲,官渡区,汇都国际,5.0,面部紧致美容套餐,98,3
以琳五行养生美容工作室,官渡区,官南大道,3.5,肩颈腰背调理8选1单人套餐,74,2
秒瘦健康减肥养生馆,官渡区,世纪城,3.5,单人肩颈背调理,98,2
诺雅诗美容会馆（美的朵儿第三店）,官渡区,世纪城,4.0,诺雅诗水润营养＋通络背雕单人套餐,88,1
昆明玖安大酒店（原唐韵大酒店新螺蛳湾店）,官渡区,新螺蛳湾,4.4,"昆明玖安大酒店（原唐韵大酒店新螺蛳湾店）, 可选昆明玖安温泉酒店楼上K歌温泉SPA",245,1
时光尚美,官渡区,海伦城市广场,3.9,单人美容套餐,58,1
康乐星养生保健,官渡区,官渡区,3.5,背部刮痧,78,1
贤妻良品分层抗衰皮肤管理中心,官渡区,世纪城,5.0,专业眉形设计+修眉,5,0
温泉之旅SPA（呈贡店）,呈贡区,呈贡区,4.5,单人温泉SPA桑拿109,109,21049
本草秀复除疤祛痘,呈贡区,呈贡新区,5.0,鼻头清洁体验套餐1次,10,7718
水天温泉,呈贡区,呈贡新区,4.3,"水天温泉SPA门票(成人票),入园前均可购买",138,6181
蕾特恩专业祛痘（国际）连锁（七彩云南）,呈贡区,呈贡新区,4.7,单人DNA靶向黑头析出,29,1121
健元养生堂,呈贡区,呈贡区,5.0,单人泰式按摩套餐,158,664
足迹休闲会所,呈贡区,呈贡新区,3.6,单人足底养生套餐,78,520
富侨足道养生会所（呈贡店）,呈贡区,呈贡新区,4.9,单人神韵模指SPA,298,504
重阳足疗,呈贡区,昆明南站/呈贡大学城,5.0,单人精品足疗按摩,98,251
大脚足疗,呈贡区,呈贡区,5.0,单人中式按摩,98,241
呈贡素米美容养生会所,呈贡区,呈贡新区,5.0,经典贵妃面部护理特惠体验,28,206
阳光美容美体中心（七彩云南第一城店）,呈贡区,呈贡区,5.0,面部香薰水疗护理,38,196
壹指禅按摩店（呈贡店）,呈贡区,昆明南站/呈贡大学城,5.0,单人局部推拿+肩腰背按摩,58,163
菩提源spa美容会所,呈贡区,呈贡区,5.0,单人安然纳米汗蒸一次,19.8,101
云天康海盲人专业按摩,呈贡区,呈贡新区,4.9,单人全身按摩一次,74.9,99
御森堂养生美容spa,呈贡区,呈贡区,4.4,单人肩颈快速一拨通+修眉,9.9,30
钰肤坊皮肤管理中心,呈贡区,昆明南站/呈贡大学城,5.0,【新店限时优惠】面部基础护理,39.9,28
汗蒸社区生活馆（康丽源店）,呈贡区,呈贡区,4.2,单人面部排螨,28,23
汗蒸社区生活馆（米兰园清调补店）,呈贡区,呈贡区,4.9,单人面部排螨,28,23
靓甲宝贝,呈贡区,昆明南站/呈贡大学城,4.9,单人化妆,19.8,14
卡慕美人工作室,呈贡区,呈贡新区,4.7,美容套餐,29,13
温雅足疗,呈贡区,昆明南站/呈贡大学城,3.0,单人足疗＋半身按摩,58,13
东翰足疗养生会所（呈贡店）,呈贡区,呈贡新区,4.4,满意套餐,119,10
闺蜜坊,呈贡区,昆明南站/呈贡大学城,5.0,单人精致生活妆套餐,28.8,9
天缘美私会,呈贡区,呈贡新区,4.6,舒经络拔罐,12,6
艾生活养生浴场,呈贡区,昆明南站/呈贡大学城,5.0,足浴套餐,148,4
和氏足道保健,禄劝彝族苗族自治县,禄劝彝族苗族自治县,5.0,单人和氏养生型套餐,58,274
薰衣草美甲美睫美妆店,禄劝彝族苗族自治县,禄劝彝族苗族自治县,4.5,单人韩式眼线设计,398,0
