﻿商家,区域,商圈,星级,服务,价格,销量
世龙世家手足健康护理连锁（和平区河北街店）,和平区,沙山,3.5,泡脚足浴+修脚护理单人套餐,9.9,26893
朋朋修脚（三经街店）,和平区,南市/马路湾,4.1,单人足部护理套餐,33.9,15618
朋朋修脚（中山广场店）,和平区,中山广场,5.0,单人足部护理套餐,33.9,15618
朋朋修脚（南五旗舰店）,和平区,和平区,4.6,单人足部护理套餐,33.9,15618
朋朋修脚（长白店）,和平区,长白地区,5.0,单人足部护理套餐,33.9,15618
朋朋修脚（热闹路店）,和平区,彩电塔,4.6,单人足部护理套餐,33.9,15618
朋朋修脚（文化路店）,和平区,五里河/南湖公园,5.0,单人足部护理套餐,33.9,15618
圣梦亲体美肤生活馆（太原南街店）,和平区,和平区,4.1,单人美容美体项目3选1套餐,58,10509
靓亮足疗城（文体路店）,和平区,五里河/南湖公园,5.0,单人天下吴双按摩套餐,119,7872
鸥迪足道（和平区西塔店）,和平区,西塔/北市场,5.0,单人足底按摩+背部油压+头部按摩套餐,149,7738
鸥迪足道（沈河区示范店）,和平区,彩电塔,5.0,单人足底按摩+背部油压+头部按摩套餐,149,7738
鸥迪足道（十三纬路店）,和平区,南市/马路湾,5.0,单人足底按摩+背部油压+头部按摩套餐,149,7738
鸥迪足道（汇景店）,和平区,三好街,4.3,单人足底按摩+背部油压+头部按摩套餐,149,7738
鸥迪足道（和平区三好店）,和平区,三好街,5.0,单人足底按摩+背部油压+头部按摩套餐,149,7738
鸥迪足道（长白店）,和平区,长白地区,5.0,单人足底按摩+背部油压+头部按摩套餐,149,7738
鸥迪足道（太原南街店）,和平区,和平区,5.0,单人足底按摩+背部油压+头部按摩套餐,149,7738
千惠足道（三好街店）,和平区,三好街,5.0,单人全身油压/泰式按摩套餐2选1,159,6086
大赏足道（长白店）,和平区,长白地区,5.0,单人悦享背部油压套餐,139,5168
克丽缇娜（沈水路店）,和平区,五里河/南湖公园,3.7,克丽缇娜水妍润泽单人焕美套餐,158,3028
克丽缇娜（远洋店）,和平区,长白地区,3.5,克丽缇娜水妍润泽单人焕美套餐,158,3028
玉蟾足疗（和平店）,和平区,新华广场,4.8,单人玉蟾艾灸足疗,99,509
苗誉专业祛痘连锁机构（三好街店）,和平区,三好街,5.0,苗誉（中国）专业祛黑头套餐,8.9,407
鸥迪足道（和平北大街店）,和平区,南市/马路湾,5.0,单人足底按摩＋背部油压＋头部按摩,149,401
伊美娜美容（新世界花园店）,和平区,三好街,3.8,体验套餐,29.8,401
王氏颈椎腰椎康复保健,和平区,长白地区,5.0,单人颈部按摩,62,398
赵菲美容美体养生会馆,和平区,三好街,4.8,刮痧或拔罐,9.9,389
良子足道会馆（城中店）,和平区,南市/马路湾,5.0,单人良子养生套餐,179,360
苗谣姿然专业祛痘,和平区,万达广场,5.0,面部疮护理,9.9,342
Pi光浴科技嫩白（太原街店）,和平区,和平区,5.0,pi光浴科技美白,96,340
聚源堂中医推拿,和平区,新华广场,5.0,五行拔罐,19.9,310
中医推拿工作室（中医推拿）,和平区,三好街,4.5,单人推拿1次,69,306
康福中式推拿室（万达店）,和平区,万达广场,5.0,单人肩颈调理+腰椎调理,59,305
康福中式推拿室（兴隆一百店）,和平区,太原北街,4.4,单人肩颈调理+腰椎调理,59,305
原生态足道馆,和平区,西塔/北市场,4.0,玉石全套套餐,89,270
光合翌美祛痘祛斑美肤中心（七院店）,和平区,南市/马路湾,4.0,单人毛孔畅通美白补水套餐,19.9,264
御医美容SOQI氧身馆（御景新世界店）,和平区,三好街,5.0,单人精油开背+肩颈舒压+温热调理赠刮痧1次,49,251
红秀坊美容spa,和平区,五里河/南湖公园,5.0,单人砭石刮痧净排,12.5,224
正骨按摩城,和平区,西塔/北市场,4.5,中医按摩（全身）,50,218
泰殿养生会馆,和平区,南市/马路湾,5.0,泰式古法按摩,178,217
北派修脚健康会所（和平北大街店）,和平区,八一公园,5.0,北派修脚1次,35,208
茗人素颜美肤脱毛中心,和平区,万达广场,5.0,单人双冰点脱-毛腋下/唇部任选部位,56.8,206
东方美美容SPA会所（和平店）,和平区,南市/马路湾,4.4,单人健康舒压套餐,99,199
东方美美容SPA会所（长白西路店）,和平区,长白地区,4.7,单人健康舒压套餐,99,199
和美足道养生会馆,和平区,南市/马路湾,5.0,单人和美中套套餐,129,181
YiNa美容 · 半永久 · 脱毛 · 美甲美睫,和平区,万达广场,5.0,单人特惠美甲套餐,39,170
SOQi神气能量氧身馆（三好街同方店）,和平区,三好街,5.0,单人精油开背+颈肩舒压+湿热调理赠刮痧1次,59,161
舒心盲人按摩,和平区,新华广场,4.7,单人拔罐+刮痧套餐,29,151
杨氏祖传推拿正骨（杨艺古法推拿馆）,和平区,八一公园,3.7,颈椎调理,39.8,148
伊昀玉体养生坊,和平区,和平区,4.8,单人身体调理套餐6选2,9.9,148
杨艺古法推拿馆,和平区,八一公园,5.0,颈椎调理,39.8,148
唐宁盲人按摩,和平区,和平区,5.0,颈肩背腰按摩,35,136
女王传奇SPA（中华路店）,和平区,中华路,4.4,单人水嫩肌肤双层补水护理2次,68,132
LeaSpa,和平区,和平区,4.3,单人水嫩肌肤双层补水护理2次,68,132
女王传奇SPA（三好街店）,和平区,三好街,4.6,单人水嫩肌肤双层补水护理2次,68,132
娇兰阁美容美体会所（地王国际店）,和平区,彩电塔,4.7,单人胶原水活面部SPA套餐,29.8,128
LEO美妆！韩式半永久·纹绣·冰点脱毛,和平区,三好街,5.0,单人双腋下/小臂/小腿温和脱毛体验,89,128
瑶芳清颜（三好街店）,和平区,三好街,3.9,单人深层美白补水套餐,18.9,127
妙姿半永久纹绣脱毛工作室,和平区,万达广场,5.0,单人净肤套餐,59.9,123
蕾特恩专业祛痘（国际）连锁（太原街店）,和平区,中山公园,4.7,单人蕾特恩专业排痘,1,123
兰佩妮私人皮肤管理会所,和平区,五里河/南湖公园,4.8,单人背部刮痧+拔罐体验1次,38.8,104
秀域科技美容（中海店）,和平区,长白地区,4.0,高科技生活美容单次体验课程,129,103
秀域科技美容（三好店）,和平区,三好街,4.0,高科技生活美容单次体验课程,129,103
济泽堂中医养生馆,和平区,长白地区,5.0,单人颈部按摩1次（30分钟）,48,102
伊美尔美容机构,和平区,沈阳站,5.0,【潮人推荐】韩国小气泡单次体验,118,96
养瘦减肥专门店,和平区,南市/马路湾,5.0,单人瘦身体验2次,9.9,93
老王太太按摩,和平区,长白地区,4.9,单人1小时全身按摩+刮痧,70,86
和静园（文艺路店）,和平区,南市/马路湾,5.0,单人和静全套,158,78
D·T国际皮肤管理中心,和平区,三好街,5.0,单人小气泡清洁套餐,99,76
鑫俏丽半永久纹绣美瞳线脱毛（太原街店）,和平区,万达广场,5.0,鑫俏丽单人美妆设计套餐,1380,74
糖果半永久美妆店（太原街万达店）,和平区,万达广场,5.0,单人冰点体毛局部脱,89,69
Skin dr‘s私沁哚特韩国美容美体（西塔店）,和平区,西塔/北市场,5.0,单人毛孔SPA面部护理套餐,168,63
良子足道（中海和平之门店）,和平区,和平区,5.0,精品全套（90分钟）,139,59
兰氏盲人按摩院,和平区,中山广场,4.4,单人盲人按摩1次,53.8,58
抱樸经络养生馆,和平区,南市/马路湾,5.0,单人专业腰背刮痧+拔罐,39,59
正超美容皮肤健康管理中心（三好店）,和平区,三好街,4.7,【祛痘无痕】问题皮肤调理,180,59
渼渼科技抗衰美容中心,和平区,南市/马路湾,5.0,单人小气泡皮肤管理平台,298,56
珍茜摩尔（和平店）,和平区,和平区,5.0,单人西班牙美舒黛米其林有机护肤,128,55
珍茜摩尔（长白店）,和平区,长白地区,4.8,单人西班牙美舒黛米其林有机护肤,128,55
善缘堂养生馆,和平区,南市/马路湾,5.0,五行拔罐＋无痛刮痧1次,29.9,54
奥黛丽脱毛半永久美睫中心,和平区,万达广场,5.0,单人双零点净肤腋下/唇部任选部位,39.9,21
沈阳香格里拉大酒店CHI水疗,和平区,彩电塔,4.5,单人活力香薰按摩,368,19
唯美度美甲美睫美容瘦身,和平区,万达广场,4.9,单人特惠局部刮痧+拔罐1次,9.9,19
小郭美容减肥理疗馆,和平区,西塔/北市场,4.2,单人拔罐+精油开背,9.8,19
章光101（十一纬路店）,和平区,南市/马路湾,3.7,章光101美丽套餐,268,19
娜妃莎美容养生会所（南八中兴街店）,和平区,新华广场,5.0,单人背部热能减压套餐,88,18
妙桃之恋丰胸吧（太原街店）,和平区,沈阳站,4.1,单人胸部丰盈护理+养护套餐,46,18
名媛专业美容·冰点脱毛韩式半永久,和平区,南市/马路湾,4.1,（化蝶水氧）清洁补水,9.9,18
贝黎诗专业美容,和平区,长白地区,5.0,海洋保湿洁净面部及颈部护理,198,17
利蒂西娅美容美体,和平区,和平区,5.0,单人背部刮痧+拔罐,19,17
渤济医堂,和平区,新华广场,4.3,【专业教授】单人配穴拔罐1次,9.9,16
花崎皮肤管理中心,和平区,长白地区,5.0,单人韩国小气泡深层清洁皮肤1次,128,16
魅蔻美甲美容工作室,和平区,和平区,3.7,单人脸部补水美白净排套餐1次,65,16
Winson健康spa养生会所,和平区,三好街,4.5,单人拔罐套餐,30,15
丰秀佳人（长白店）,和平区,长白地区,4.9,单人艾灸排湿排寒1次,9.9,15
良一足道（三好街汇景店）,和平区,五里河/南湖公园,5.0,单人足疗按摩＋背部油压＋头部按摩,139,14
安杰玛国际SPA沈阳（长白店）,和平区,长白地区,5.0,【忘忧之旅】内分泌（净排）瘦身+头发延缓衰老+面雕,68,14
唯ME国际纹绣美妆培训学院（三好街鲁美店）,和平区,三好街,5.0,单人靓丽眉型精修套餐,8.8,14
安杰玛国际SPA沈阳（三好店）,和平区,三好街,3.7,【忘忧之旅】内分泌（净排）瘦身+头发延缓衰老+面雕,68,14
女王美业半永久抗衰中心,和平区,南市/马路湾,4.4,毛孔清洁,49.9,7
易筋堂艾灸养生馆,和平区,和平区,4.6,五行拔罐,38.8,7
美璇养生纹绣会所,和平区,万达广场,4.6,单人肩颈+背部调理1次,98,7
MISS·J半永久美容美体SPA会馆,和平区,万达广场,4.6,单人局部减压SPA,19.8,7
楚乔美容国际形体管理,和平区,南市/马路湾,3.5,五行火罐单人瘦身（月卡）套餐,88,7
玉颜,和平区,新华广场,3.0,单人面部护理,30,6
薇蒂尔健康纤体国际会所,和平区,长白地区,4.0,美姬美熙保湿护理,58,6
菲妮雅美容瘦身美体中心,和平区,三好街,3.5,单人面部提升套餐,38,5
悦享荟芳疗会所,和平区,和平区,3.5,超值体验套餐（赠送皮肤检测1次）,198,5
Sugar box waxing 蜜蜡修眉.比基尼脱毛.美甲屋（钻石星座店）,和平区,和平区,5.0,单人蜜蜡双侧去腋毛,99,5
魅力100美容会所,和平区,和平区,4.1,单人美肌护理2选1套餐,78,5
益博中医馆,和平区,沙山,4.4,单人颈肩调理1次,50,5
李明星芳香保健会馆（砂山店）,和平区,沙山,4.0,单人肩颈去结养脑芳香护理,99,5
涵曦ltaoja瘦身美甲工作室,和平区,和平区,4.8,单人肩颈调理套餐,48,4
梵笛国际童颜美肤中心,和平区,和平区,4.1,单人全身养生艾灸1次,198,4
冰奈儿美甲美睫半永久,和平区,万达广场,5.0,单人手部肌肤护理套餐,59.9,4
金石足道会馆,和平区,长白地区,4.1,金石经典,129,4
美奈サロン（韩式半永久太原街店）,和平区,和平区,3.5,单人冰点OPT净肤（腋下/唇部2选1）,49.9,3
心尚人美容瘦身会馆,和平区,三好街,4.3,单人调理疏通经络套餐,68,3
香蕊珍娜美容Spa会馆（彩塔街店）,和平区,彩电塔,5.0,【优选】肩颈气血疏通Spa,68,3
熊小姐蜜蜡修眉馆,和平区,和平区,4.7,韩国超微小气泡T区+下颚祛黑头白头痘局部深层清洁,99,3
雅莱美丽会馆,和平区,长白地区,4.7,单人背部经络减压套餐,59,3
洛施淇美甲美睫,和平区,沈阳站,5.0,单人冰点无痛净肤套餐,49.9,3
欣欣减肥瘦身工作室,和平区,万达广场,5.0,超值项目代金券,1,2
新派修脚,和平区,中山广场,4.2,中医经络全身调理,38,2
韩绣佳人韩式半永久眉唇美瞳线,和平区,新华广场,4.9,单人腋下/上唇冰点无痛毛发管理局部二选一,49.9,2
小小美甲,和平区,和平区,4.7,单人面部深层清洁1次,68,2
沈阳君悦酒店清水疗中心,和平区,彩电塔,3.6,单人身体护肤套餐,898,2
CAICAI美甲彩妆工作室,和平区,和平区,4.0,单人时尚生活妆1次,40,2
丽颜美半永久纹眉美瞳线,和平区,和平区,4.1,单人腋下/上唇冰点体毛局部脱二选一,49,2
JZ NAIL橘子美甲美睫,和平区,万达广场,5.0,单人手部SPA护理1次可升级足部SPA护理,108,2
Fiona美甲·美妆工作室（太原街店）,和平区,万达广场,5.0,唯美化妆B套餐,99,2
鹤朴堂中医推拿养生馆,和平区,长白地区,4.0,单人古法艾灸套餐,88,2
享瘦生活瘦身美容,和平区,三好街,4.6,单人肩颈护理调理,38,2
韩绣佳人,和平区,新华广场,4.4,单人腋下/上唇冰点无痛毛发管理局部二选一,49.9,2
瞧!小乔美甲半永久,和平区,沈阳站,5.0,小臂/腋下/嘴周OPT包净肤套餐,399,2
MP韩式定妆美颜馆,和平区,和平区,5.0,脸部清洁毛孔+提亮肤色1次,68,2
雪雅美容身心会馆（长白店）,和平区,长白地区,4.0,注氧清洁-毛孔透析净化护理,98,2
圣卓美妆美甲化妆纹绣,和平区,三好街,5.0,单人生活美妆,29.9,2
鑫美日式主题美甲美睫半永久（太原街店）,和平区,中华路,5.0,单人韩式美妆套餐眉眼唇三选一,1200,2
佐登妮丝美容SPA生活馆（三好店）,和平区,三好街,5.0,美容套餐,49,2
泺美迪莎美容减肥抗衰养生会所（和平店）,和平区,南市/马路湾,3.5,全身芳香SPA疏通护理套餐,88,2
贝の雅日式美甲美睫沙龙,和平区,和平区,5.0,日式Spaluce足部深度补水美白护理,258,1
S.NAIL.SPA（沈阳旗舰店）,和平区,彩电塔,4.0,单人日式美甲款式2选一,198,1
Cmm Skin Center 郑明明美肌中心  沈阳店,和平区,中山广场,5.0,单人4D面部微精华V脸塑形+4D微提拉眼部提升+肩颈护理,198,1
绚丽指尖（太原街店）,和平区,万达广场,4.3,单人眉型私人定制套餐,18,1
韩魅皮肤管理,和平区,中山公园,4.9,单人瘦身三次体验套餐,29.9,1
韩俏半永久眉美瞳线纹眉美睫（三好街店）,和平区,三好街,5.0,单人皮肤管理深层清洁套餐,97,1
C.Will Beauty Salon  希苑皮肤管理中心,和平区,五里河/南湖公园,5.0,AQUA PEEL毛孔管理,249,1
沁享美容会所,和平区,三好街,3.0,还原多巴醌,68,1
登琪尔SPA（和平南大街店）,和平区,南市/马路湾,3.5,灵动身心舒缓身体按摩护理,136,1
薇薇国际美容会所,和平区,太原北街,3.5,单人奢华SPA6选4套餐,498,1
CHIC美妆眉眼私人订制,和平区,万达广场,5.0,单人拔罐瘦身体验3次套餐,92.1,1
欧漫半永久美妆工作室,和平区,和平区,5.0,单人MTS水光皮肤护理1次,99,1
千指百态美甲美睫,和平区,长白地区,5.0,单人蜜蜡唇／腋下／小臂／小腿四选一净肤体验,19.9,1
沐斯国际纹绣美妆工作室,和平区,和平区,4.0,单人经络代谢瘦身体验套餐,38,1
欣博美医疗美容,和平区,南市/马路湾,4.6,玻尿酸+水氧嫩肤【超值】套餐,1280,1
和灸屋按摩院,和平区,和平区,3.5,单人经络养生精油按摩,128,1
聚足堂修脚,和平区,南市/马路湾,3.9,单人修脚1次,25.8,1
carry美睫美甲纹绣工作室（太原街店）,和平区,万达广场,5.0,半永久微妆眉眼设计,9.9,1
唐人按摩馆,和平区,南市/马路湾,4.1,单人刮痧+走罐+拔罐1次,50,1
美约美容工作室,和平区,长白地区,3.5,单人美肤清颜（5选2）套餐,98,1
Y1潼工作室,和平区,和平区,4.9,单人拔罐体验套餐,9.9,1
知音美容脱毛,和平区,八一公园,3.5,单人净肤套餐,19.9,1
瑞影工作室半永久彩妆美甲美睫,和平区,万达广场,5.0,单人蜜蜡唇部净肤一次,49.8,1
蓝卡·V美甲·脱毛·半永久,和平区,万达广场,5.0,单人唇部/双腋下净肤体验1次,39.9,1
高山美吉美容美发设计沙龙（中兴商业大厦店）,和平区,和平区,3.9,单人纤颈淋巴深层护理+头部经络疏通护理套餐,88,0
丸子日式美甲美睫纹绣,和平区,沈阳站,5.0,单人限时抢购韩式美瞳眼线套餐,680,0
如美人医美汇,和平区,彩电塔,4.5,通用代金券,98,0
馨雅日式美甲美睫沙龙,和平区,南市/马路湾,5.0,超微气泡面部清洁体验1次,198,0
睿萁美容spa私人会所,和平区,三好街,3.5,【护理】胸部/副乳护理二选一,100,0
Angel私家美甲美睫会所,和平区,长白地区,3.5,单人新年聚会化妆,100,0
MS日式美甲美睫·半永久（百盛购物广场店）,和平区,万达广场,4.5,单人MS美睫线1次,780,0
鹿铃仙子修心养生会所,和平区,南市/马路湾,3.5,古方中式按摩,168,0
沈阳纤丝鸟美容美体养生会所（南京街店）,和平区,新华广场,3.0,单人面部水凝道4次,198,0
炫指美甲（时尚地下店）,和平区,万达广场,4.5,【粉黛/仿真】韩式素颜,698,0
蜜雪美容半永久工作室,和平区,彩电塔,3.8,单人美睫线,588,0
减肥终点站,和平区,和平区,3.5,腿部按摩1次,68,0
韩谷健康管理中心,和平区,长白地区,4.0,夏日美白,28.8,0
瑞妃曼美容（华润万象城店）,和平区,彩电塔,4.5,瑞妃曼美容超豪华体验套餐,598,0
SEVEN HOT 发型设计（一店）,和平区,和平区,5.0,单人经络代谢瘦身体验3次套餐,98,0
韩式半永久定妆术·纹绣美瞳线纹眉永久眉,和平区,沈阳站,5.0,单人毛孔深层清洁（小气泡）套餐,120,0
绣妍美甲美睫半永久,和平区,新华广场,5.0,韩式无痂轻氧美妆二选一套餐,499,0
Cheryl美甲美睫SPA,和平区,新华广场,4.0,单人嫁接睫毛,159.9,0
Shell韩式美甲美睫半永久皮肤管理,和平区,和平区,3.0,韩式无痂轻氧美妆系列四选一套餐,599,0
指艺菲梵,和平区,长白地区,4.7,单人韩式美睫线,369,0
Miss k美丽汇,和平区,万达广场,5.0,单人韩式眼线1次,1080,0
莱雅女人空间美甲美睫半永久,和平区,万达广场,4.1,单人韩式美睫线套餐,880,0
七公主美甲减肥开心会所,和平区,长白地区,4.9,单人小腿或小臂二选一超冰净肤体验套餐,108,0
小麦美甲美睫工作室,和平区,三好街,5.0,单人五行经络瘦身/八卦健康调理/按摩局部瘦/3选1,49.9,0
纤芮半永久&皮肤管理,和平区,长白地区,4.6,单人新娘早妝+饰品,99,0
萱和减肥抗衰会所（五里河店）,和平区,三好街,3.8,五行养生走罐/刮痧拔罐2选1,30,0
W-Kira日式美甲纹身纹绣工作室,和平区,和平区,5.0,单人眉型设计/美睫设计2选1,599,0
萨拉美甲纹绣纹身工作室,和平区,万达广场,5.0,单人新娘试妆一次,49.8,0
紫睿俪人美容院,和平区,南市/马路湾,3.5,单人身体SPA尊享卡套餐,99,0
YOKA蜜蜡修眉吧.美甲美睫,和平区,沈阳站,5.0,单人韩式眉定妆套餐,980,0
东一造型,和平区,长白地区,3.5,单人肩颈或腰部护理套餐,58,0
碧婷经络减肥美容（和平店）,和平区,新华广场,3.5,美体套餐,39,0
咪卡卡日式美甲美睫半永久,和平区,和平区,5.0,单人韩式美妆眉套餐,880,0
a·艾琳半永久私人定制,和平区,和平区,4.2,手部护理,29.9,0
渲染甲艺美甲美睫半永久纹绣（渲染甲艺）,和平区,万达广场,5.0,单人腋下/嘴周净肤体验一次,29,0
盛京大脚丫修脚（南塔店）,沈河区,南塔,4.9,单人精油开背+刮痧/拔罐2选1,59,518
地德中式艾灸推拿馆,沈河区,北站/市府,4.4,单人艾灸调理,36,516
足益升修脚足道,沈河区,中街/故宫,4.6,单人脚部护理1次,27.9,459
婉莹盲人按摩院,沈河区,文艺路/文化路,5.0,婉莹盲人按摩院单人局部按摩,55.8,429
婉莹盲人按摩院,沈河区,长青街,4.2,婉莹盲人按摩院单人局部按摩,55.8,429
美肤堂点痦痣点痦子点瘊子,沈河区,北站/市府,5.0,单人单个面部去斑/扁平疣/痦子套餐,3,421
秋田美容SPA养生会馆,沈河区,北站/市府,5.0,【硫磺浴 中草の浴+红酒搓】养生天然温泉SPA 套餐,68,405
伊美娜美容（御点江山店）,沈河区,中街/故宫,3.9,体验套餐,29.8,401
思妍丽（华润万象城店）,沈河区,展览馆,4.0,原花香水润升级DR Bio多肽护理,288,389
思妍丽（市府恒隆广场店）,沈河区,北站/市府,4.0,原花香水润升级DR Bio多肽护理,288,389
垂香楼,沈河区,北站/市府,4.7,单人中套1次,129,384
女乔足道会馆,沈河区,文艺路/文化路,5.0,女乔单人休闲身体护理套餐,109,355
香薇妮丝女子减肥院（辽宁沈阳展览馆店）,沈河区,展览馆,5.0,单人十四经络御养全身经络净排养生体验套餐,88,353
Pi光浴科技嫩白（华府店）,沈河区,北站/市府,4.5,pi光浴科技美白,96,341
玛丽艳娜美容中心（小河沿店）,沈河区,小河沿,4.2,磁疗刮痧+药罐+经络按摩,38.8,315
湘思菩兰女子私人会所（保利花园店）,沈河区,沈河区,4.7,按摩养生,29,310
水木雅阁盲人按摩（小西店）,沈河区,奉天街沿线,5.0,单人老式全身按摩/老式足疗1次（1小时）,55,301
柒柒alice韩式半永久纹绣定妆（沈阳店）,沈河区,北站/市府,3.8,全脸毛孔深层清洁（小气泡）科技美容皮肤管,39.9,296
苗方清颜专业祛痘中心（沈阳总店）,沈河区,中街/故宫,5.0,单人去痘体验套餐,38,252
奇雅轩艾灸养生会馆,沈河区,北站/市府,5.0,单人刮痧一次／拔罐一次,15,232
盛京王氏颈肩腰腿康复保健,沈河区,青年大街,5.0,单人颈/肩/腰/腿按摩4选1,39,227
如意美容美体养生会所,沈河区,北站/市府,4.9,全身精油按摩保养,108,220
厚德养生堂,沈河区,青年大街,5.0,单人刮痧／拔罐,9.9,209
北派修脚健康会所（市环保局店）,沈河区,五爱市场,4.7,北派修脚1次,35,208
北派修脚健康会所（小北街店）,沈河区,小北,4.8,北派修脚1次,35,208
北派修脚健康会所（广宜乐购店）,沈河区,中街/故宫,4.4,北派修脚1次,35,208
花香按摩院,沈河区,小北,5.0,花香按摩院单人拔罐,11.8,193
盛京大脚丫修脚（怀远门店）,沈河区,怀远门,4.8,单人草本泡脚＋修脚套餐,19,182
福瑞康盲人按摩,沈河区,北站/市府,5.0,单人颈肩按摩或腰背按摩,24.9,178
莎美尔美容瘦身丰胸会馆（北站华府店）,沈河区,北站/市府,5.0,单人五行拔罐3次,19.9,158
丽雨嘉田美容院（南塔店）,沈河区,南塔,4.0,面部紧致水雕+经络养生调理+瑶浴单人套餐,58,148
东北大厦荷SPA养生馆,沈河区,北站/市府,4.1,单人超值SPA套餐,298,144
女王传奇SPA（奉天街店）,沈河区,北站/市府,4.6,单人水嫩肌肤双层补水护理2次,68,132
神清阁经络推拿会馆,沈河区,奉天街沿线,5.0,单人肩颈调理/腰部调理（30分钟）,29.9,123
娜韵美容SPA（卓展店）,沈河区,北站/市府,4.1,瑞士EdeS眼面颈护理,128,105
秀域科技美容（奉天店）,沈河区,奉天街沿线,3.9,高科技生活美容单次体验课程,129,103
伊贝丝专业丰胸美胸机构（华府天地店）,沈河区,北站/市府,4.1,单人伊贝美胸养生套餐3选1,69,89
瑜美美容养生会馆,沈河区,长青街,4.4,单人面部净化细胞护理,29.9,23
沈阳.李晶东方肚皮舞,沈河区,北站/市府,4.6,单人肚皮舞会员班周卡套餐,19,22
小宝妈妈国际母婴健康管理会所,沈河区,北站/市府,3.5,单人拔罐刮痧一次,9.9,21
凝馨丽尔美容养生会馆,沈河区,文艺路/文化路,4.2,单人植物香薰特润补水护理,98,20
章光101（五爱店）,沈河区,五爱市场,3.3,章光101美丽套餐,268,19
思悦雅美容美甲,沈河区,北站/市府,5.0,单人全息经络刮痧拔罐套餐,15.9,17
尔刚造型.美容.养生SPA会所,沈河区,沈河区,4.0,单人高级发型师精剪+造型1次,68,16
爱欧爱皮肤管理中心（奉天街店）,沈河区,北站/市府,5.0,单人秘方痘肌护理套餐,38,15
v·美-韩国半永久皮肤管理中心,沈河区,北站/市府,5.0,单人精修眉形,5,14
Kimas珂蔓斯皮肤管理中心,沈河区,北站/市府,5.0,单人面部毛孔深层清洁焕肤,128,14
Amaris日系美甲美睫会所（打包美丽定妆会所）,沈河区,中街/故宫,5.0,❤单人温和净肤（部位3选1）,39.9,13
纤纤手时尚美甲,沈河区,奉天街沿线,4.0,单人进口水貂加密睫毛嫁接,89,12
伊贝丝专业丰胸美胸机构（广宜店）,沈河区,小北,4.0,单人特惠美胸套餐,52,12
樱7日式美甲美睫·美肌皮肤管理,沈河区,北站/市府,5.0,大气泡全脸毛孔深层清洁＋PDT光动力套餐,198,11
悦先生美容养生会馆,沈河区,五里河,5.0,单人拔罐（背部寒湿调理）1次,6.9,10
博瑜伽健康教室,沈河区,长青街,4.0,单人体验课套餐,18.8,10
创颜美学,沈河区,北站/市府,5.0,冰点局部净肤,88,10
J•娇颜韩式皮肤管理半永久定妆,沈河区,十一纬路,4.6,单人局部超微气泡去黑头,49.9,10
辰岐养生会所,沈河区,文艺路/文化路,4.6,单人拔罐套餐三选二,28,9
歌肤源光电皮肤美容中心,沈河区,北站/市府,4.6,【清洁】韩国小气泡全脸洁肤,88,9
香薰女人抗衰老美容会所,沈河区,北站/市府,3.5,单人全身通络护理+瑶浴套餐1次,111,9
小张盲人按摩,沈河区,长青街,4.2,单人局部按摩1次,35,9
植秀堂植物秀养生养颜店,沈河区,青年大街,4.0,单人刮痧拔罐二选一,9.9,8
美之恋美容院,沈河区,北站/市府,4.2,单人肩颈舒压,38,8
寻梦缘美甲,沈河区,北站/市府,4.6,单人瘦身体验3次,9.9,8
优姿曼美容美体中心,沈河区,小北,4.8,单人美胸加背部,19.9,8
韩瘦减肥,沈河区,中街/故宫,3.5,单人五行经络火罐1次,9.9,7
樱Amanda美容美甲美睫美体养生会馆,沈河区,北站/市府,4.6,拔罐+3分钟速减,9.9,7
沈阳创美中医经络减肥美容院,沈河区,十一纬路,4.5,单人寒性体质调理1次,29,7
巴姿国际会所,沈河区,北站/市府,4.6,【全身舒展】单人全身经络美体套餐,129.9,7
姿羽美容美甲私人会所,沈河区,小河沿,4.8,【特惠】经络拔罐/养生艾灸 2选1套餐,9.9,7
溪溪女人美容养生会馆,沈河区,怀远门,4.0,单人排酸排湿排寒套餐,68,8
阿三造型（大西路店）,沈河区,青年大街,4.1,单人皇家古法头肩背御疗套餐,68,6
四季行健足,沈河区,南塔,4.9,单人精品套餐1次,149,6
特莱维私人健康美容中心（旗舰店）,沈河区,中街/故宫,4.5,单人纤颈淋巴深层护理+头部经络疏通护理套餐,44,6
阿三造型（VIP店）,沈河区,北站/市府,5.0,单人皇家古法头肩背御疗套餐,68,6
润梵灸道,沈河区,长青街,4.4,单人悬灸全身,199,6
尚赫私人定制美容减肥会所,沈河区,沈河区,3.5,单人五行养生单次体验,14.8,6
艾芙美业·芙洛狄特国际抗衰美容中心,沈河区,沈河区,4.6,【肩颈SPA】轻松享受肩颈疏通,79,3
百佳丽人美容院,沈河区,长青街,4.7,单人瘦身体验3选1,59,3
一方美抗衰中心,沈河区,奉天街沿线,4.9,【饮食不限】单人古方瘦身2次体验套餐,58,3
利群按摩馆,沈河区,北站/市府,4.5,拔罐/刮痧 二选一,9.9,3
尚撙养生会馆,沈河区,文艺路/文化路,3.0,单人刮痧+拔罐套餐,8.8,3
君为美尚赫减肥美容瘦身连锁机构,沈河区,奉天街沿线,5.0,单人经络拔罐1次体验套餐,29,3
Cinderella美甲店（FTC金融店）,沈河区,北站/市府,4.5,单人韩式美丽眼线,699,3
雪雅美容身心会馆,沈河区,十一纬路,4.5,注氧清洁-毛孔透析净化护理,98,2
娟之恋美容美体会馆,沈河区,长青街,3.5,单人美容套餐,38,2
爱鑫健康美容中心,沈河区,南塔,4.5,金木水火土五行调理养身 全身360°组合套餐,59.8,2
HER&SHELLEY;（新一城店）,沈河区,中街/故宫,3.5,ALBION清新系列面部护理,79,2
熙语韩国皮肤管理中心,沈河区,沈河区,4.0,单人小气泡毛孔管理,198,2
华姐美甲美睫半永久定妆,沈河区,沈河区,5.0,单人瘦身体验一次,19.9,2
柒零玖美容美甲养生坊,沈河区,五里河,4.6,单人排湿养生【特惠】套餐,69,1
芊伊江南韩式半永久美妆,沈河区,北站/市府,5.0,单人毛孔深层清洁管理,99,0
赞赞定妆工作室,沈河区,五里河,4.0,单人超微气泡面部深层清洁1次,380,0
CC nail 女王会所,沈河区,北站/市府,5.0,单人超声美容+面部深层清洁或水氧护理1次,580,0
FAngbeauty纹绣皮肤管理中心,沈河区,北站/市府,4.0,AQUA CLEAN小气泡面部深层清洁,248,0
DYkim皮肤管理·美甲美睫·半永久培训,沈河区,北站/市府,5.0,水光护理,1888,0
美之颜专业护肤,沈河区,沈河区,3.0,单人多项体验1次,9.9,0
聚容纤体美容会所,沈河区,北站/市府,4.0,单人冰点静肤套餐,98,0
魅力秘密会所,沈河区,北站/市府,5.0,魅力时尚小图标,88,0
KING-NANA美甲●美睫工作室,沈河区,北站/市府,4.5,MTS皮肤管理,558,0
AGA日式美甲半永久定妆,沈河区,北站/市府,4.9,单人韩国超微小气泡净白美肤,398,0
美妍雅诗,沈河区,中街/故宫,4.8,单人草本SPA套餐（90分钟）,29,0
snow7美甲美容私人会所,沈河区,北站/市府,5.0,单人小气泡面部深层清洁1次,158,0
嘉艺莲CG·CliniC,沈河区,北站/市府,3.5,单人水晶深层清洁去黑头＋明星小V脸套餐,299,0
美人制造私人会所,沈河区,北站/市府,4.6,单人脣部/双腋下净肤体验1次,38,0
Cheese Nail 奶酪美甲店,沈河区,北站/市府,5.0,单人局部冰点无痛净肤体验1次,99,0
瑞妃曼美容（卓展购物中心店）,沈河区,北站/市府,4.9,瑞妃曼美容超豪华体验套餐,598,0
魅可发妆,沈河区,中街/故宫,4.9,单人新娘跟妆,1314,0
纤丝鸟美容美体养生会所（五爱店）,沈河区,奉天街沿线,3.5,单人秋季身体养生体验2次,98,0
水善汇青瓦水台温泉SPA会所（铁西店）,铁西区,北二西路,5.0,单人温泉洗浴＋儿童戏水＋休息大厅,38,27708
朋朋修脚（滑翔凌空二街店）,铁西区,滑翔小区,4.6,单人足部护理套餐,33.9,15618
朋朋修脚（兴工北街店）,铁西区,兴工北街,5.0,单人足部护理套餐,33.9,15618
朋朋修脚（齐贤小北店）,铁西区,北二西路,4.6,单人足部护理套餐,33.9,15618
朋朋修脚（兴工南街店）,铁西区,兴工南街,4.6,单人足部护理套餐,33.9,15618
朋朋修脚（沈辽路店）,铁西区,沈阳工业大学,4.7,单人足部护理套餐,33.9,15618
朋朋修脚（云峰北街店）,铁西区,云峰街,4.7,单人足部护理套餐,33.9,15618
朋朋修脚（建设西路店）,铁西区,兴隆大都汇,4.9,单人足部护理套餐,33.9,15618
鸥迪足道（滑翔诗波特店）,铁西区,滑翔小区,5.0,单人足底按摩+背部油压+头部按摩套餐,149,7738
秀域科技美容（兴工店）,铁西区,兴工南街,4.2,单人夏日冰点净脱,88,7218
澜堤泉洗浴会馆（艳璐街店）,铁西区,沈辽路万达,4.6,单人洗浴+搓澡,37,5506
大赏足道（铁西直营店）,铁西区,铁西广场,5.0,单人悦享背部油压套餐,139,5168
欣奕除疤（铁西店）,铁西区,保工街,5.0,去黑头：深层清洁+除粉刺+收缩毛孔+补水保湿,58,3110
克丽缇娜（铁西店）,铁西区,沈辽路万达,3.7,克丽缇娜水妍润泽单人焕美套餐,158,3029
克丽缇娜（保工南街店）,铁西区,保工街,3.7,克丽缇娜水妍润泽单人焕美套餐,158,3029
克丽缇娜（小北一路店）,铁西区,北二西路,3.7,克丽缇娜水妍润泽单人焕美套餐,158,3029
泰知足养生会馆（建大旗舰店）,铁西区,云峰街,5.0,【被动瑜伽】单人豪华泰式古法按摩套餐,139,2738
泰知足养生会馆（万达示范店）,铁西区,沈辽路万达,5.0,【被动瑜伽】单人豪华泰式古法按摩套餐,139,2738
鑫朋朋修脚（铁西广场）,铁西区,铁西广场,5.0,单人足部护理,33.9,2469
娇莉芙（茂业百货铁西店）,铁西区,沈辽路万达,4.6,单人绿鱼子面部抗氧+全身通络护理套餐,208,2431
清颜堂专业祛痘（铁西店）,铁西区,铁西区,4.9,单人健康清痘护理2次体验套餐,10,2418
专业祛痘（万达店）,铁西区,沈辽路万达,5.0,单人面部护理套餐,8.8,1895
德益堂中医按摩,铁西区,云峰街,5.0,单人按摩肩、颈、头、背等部位任选其一1次,34.9,1731
良子足道,铁西区,保工街,5.0,良子护理套餐,68,1709
仟禧玉足,铁西区,北二西路,5.0,单人仟禧全套,89,1688
北派修脚健康会所（沈阳五店）,铁西区,艳粉,5.0,单人北派技师修脚1次,9.9,1634
张师傅修脚（铁西广场店）,铁西区,铁西广场,4.6,单人修脚套餐,28,1617
张师傅修脚,铁西区,沈阳工业大学,4.3,单人修脚套餐,28,1617
良子足道（北京直营良子足道）,铁西区,沈辽路万达,5.0,单人经络腿疗,109,1568
盛京大脚丫修脚（云峰店）,铁西区,云峰街,4.6,单人刮痧/拔罐2选1,9.9,1503
鑫俸雅阁足道养生馆,铁西区,兴工南街,5.0,单人俸雅全身按摩套餐,119,1469
鸥迪足道（万达店）,铁西区,沈辽路万达,5.0,单人鸥迪养生全套,119,1363
良子足道（第一城店）,铁西区,兴隆大都汇,5.0,单人生命之根套餐,109,1267
IAG逆龄女神皮肤管理连锁机构（歌罗西店）,铁西区,滑翔小区,5.0,【2次微气泡】毛孔深层清洁,168,1159
坤城盲人按摩（北三路店）,铁西区,北二西路,5.0,单人全身按摩套餐,59.8,1154
沐子足道,铁西区,铁西广场,5.0,单人养足套餐,59,1001
鑫朋朋修脚（十马路店）,铁西区,铁西区,5.0,单人足部护理套餐,33.9,993
富商足疗会馆,铁西区,兴工北街,5.0,富商全身舒缓单人套餐,148,912
素问清阁（铁西店）,铁西区,北一路万达,4.7,单人颈椎/肩周/腰椎/膝关节调理套餐,68,868
龙达足道,铁西区,云峰街,5.0,单人精品套餐,108,839
宫乔中医按摩连锁,铁西区,云峰北街,4.5,单人宫廷理筋套餐,69,805
泰菩提按摩养生会馆,铁西区,云峰街,5.0,单人芳香精油套餐,149,801
盛京大脚丫修脚（铁西乐购店）,铁西区,保工街,5.0,单人刮痧/拔罐二选一,14.9,798
名京汇养生足道,铁西区,兴隆大都汇,4.4,单人全套优惠特价套餐,99,676
添添福盲人按摩馆,铁西区,艳粉,4.7,单人全身按摩或者足疗+松腿,44.88,667
五十七号足道会馆,铁西区,云峰街,5.0,单人刮痧/拔罐2选1套餐,28,656
伊颜美美容美体养生馆,铁西区,财富广场,5.0,单人面部护理/痘肌调理套餐,2.9,654
志强盲人按摩连锁机构（小北一路店）,铁西区,铁西区,4.9,局部调理按摩5选1,29.9,607
丰秀佳人,铁西区,云峰街,5.0,背部拔罐,9.9,570
正道健康管理服务中心,铁西区,铁西区,5.0,单人拔罐1次,12.8,558
媛缘堂养生馆,铁西区,北二西路,4.2,单人特价刮痧+拔罐套餐,19,474
婴贝优（婴儿游泳馆）,铁西区,兴隆大都汇,4.7,单人婴儿游泳三次体验卡一张,88,411
苗誉专业祛痘连锁机构（万达总店）,铁西区,沈辽路万达,5.0,苗誉（中国）专业祛黑头套餐,8.9,407
伊美娜美容（华南店）,铁西区,沈辽路万达,3.8,体验套餐,29.8,401
伊美娜女子芳香SPA会所（云峰店）,铁西区,云峰街,3.8,体验套餐,29.8,401
伊美娜美容（第一城店）,铁西区,兴隆大都汇,3.5,体验套餐,29.8,401
伊美娜美容（友谊店）,铁西区,兴华公园,3.5,体验套餐,29.8,401
伊美娜美容（星摩尔购物中心店）,铁西区,星摩尔,4.1,体验套餐,29.8,401
伊美娜美容（家乐福店）,铁西区,云峰街,3.0,体验套餐,29.8,401
伊美娜美容（鑫丰店）,铁西区,兴工北街,3.9,体验套餐,29.8,401
香薇妮丝女子减肥院（辽宁沈阳卫工街店）,铁西区,保工街,5.0,单人十四经络御养全身经络净排养生体验套餐,88,353
妈妈的主意婴儿游泳（进口母婴用品婴儿游泳）,铁西区,北二西路,4.7,儿童游泳单人体验,34.9,353
香薇妮丝女子减肥院（辽宁沈阳兴顺街店）,铁西区,沈阳工业大学,5.0,单人十四经络御养全身经络净排养生体验套餐,88,353
香薇妮丝女子减肥院（北三东路店）,铁西区,云峰街,4.5,单人十四经络御养全身经络净排养生体验套餐,88,353
Pi光浴科技嫩白（铁西店）,铁西区,沈辽路万达,5.0,pi光浴科技美白,96,341
泰古养生会馆,铁西区,北二西路,5.0,泰古【泡个澡】单人豪华spa套餐,268,331
千叶良子足道（云峰店）,铁西区,云峰街,5.0,单人太极调理套餐,219,299
千树良子足道,铁西区,重工街,5.0,单人全身按摩套餐,138,276
足益升修脚足道养生馆,铁西区,云峰街,5.0,单人修脚,1,276
御络源健康调理按摩中心,铁西区,沈辽路万达,4.8,单人颈肩/腰椎体控调理1次,69,268
光合翌美祛痘祛斑美肤中心（兴华店）,铁西区,铁西广场,4.8,单人毛孔畅通美白补水套餐,19.9,264
光合翌美祛痘祛斑美肤中心（兴工总店）,铁西区,兴工北街,4.9,单人毛孔畅通美白补水套餐,19.9,264
永光盲人按摩,铁西区,艳粉,4.7,单人30分钟局部按摩,39.9,261
沐子纤美容美发养生馆,铁西区,财富广场,5.0,单人开背＋刮痧＋拔罐套餐,29.9,246
玉蟾足底保健中心,铁西区,滑翔小区,5.0,单人放松套餐,159,244
姚亮盲人按摩,铁西区,重工街,5.0,单人特惠拔罐套餐,10,214
东方美美容SPA会所（铁西店）,铁西区,铁西广场,5.0,单人健康舒压套餐,99,199
艾迪佳媛纤体美肤坊（兴工店）,铁西区,沈阳站西广场,4.6,超值优惠全身经络疏通按摩1次,9.9,127
艾迪佳媛纤体美肤坊（滑翔店）,铁西区,艳粉,4.0,超值优惠全身经络疏通按摩1次,9.9,127
女神范儿美甲,铁西区,沈辽路万达,5.0,单人精致嫁接睫毛,49.9,125
尚手推拿,铁西区,云峰街,4.6,单人全身按摩,68.9,124
养神阁按摩院,铁西区,兴工北街,4.8,精油开背+刮痧+拔罐,29.9,124
宝岩美容（铁西店）,铁西区,云峰街,5.0,宝岩美容黑脸の娃娃套餐,68,120
馨悦美容养生会所（铁西店）,铁西区,云峰街,5.0,单人肩颈拔罐20分钟,9,112
江南富帝皮肤管理中心,铁西区,云峰街,3.0,单人气泡活氧水素清洁套餐,198,108
专业祛痘,铁西区,星摩尔,5.0,单人去黑头套餐,9,107
Sunshine工作室,铁西区,兴隆大都汇,5.0,单人归元五通宝拔罐1次,3.9,107
瑞泰spa养生会馆（北一路万达菩提湾店）,铁西区,北一路万达,4.8,单人全身按摩/全身SPA2选1,398,107
名世美容抗衰中心,铁西区,铁西区,5.0,古法熏蒸-肩背疏通护理套餐,38,105
添慕经络减肥韩式半永久体验馆,铁西区,铁西广场,5.0,单人双腋下或嘴周温和脱毛磁光体验1次,14.9,104
娜韵美容SPA（星摩尔购物中心店）,铁西区,星摩尔,4.4,瑞士EdeS眼面颈护理,128,105
秀域科技美容（北三店）,铁西区,保工街,4.0,高科技生活美容单次体验课程,129,103
秀域科技美容（万达店）,铁西区,沈辽路万达,4.0,高科技生活美容单次体验课程,129,103
林夕艾络美美容养生馆（兴隆大天地店）,铁西区,兴隆大天地,3.5,单人肩颈无忧护理1次,28,102
益健盲人康复按摩院,铁西区,重工街,5.0,单人1小时推拿按摩,50,100
崎钰半永久眉纹绣美瞳线脱毛,铁西区,铁西广场,4.7,单人腋下/上唇冰点体毛局部脱二选一,10,96
崎钰韩式半永久眉纹绣脱毛美瞳线,铁西区,兴隆大都汇,4.4,单人腋下/上唇冰点体毛局部脱二选一,10,96
艺丹美容养生会所,铁西区,铁西广场,5.0,单人养生套餐,19.9,93
金诃堂艾灸馆【瘦身终点站】,铁西区,兴华公园,5.0,单人刮痧+拔罐+藏式艾灸(熏)1次,58.8,92
医美莱美肤馆,铁西区,沈辽路万达,5.0,【碳爆娃娃】面部美白碳氧祛黑头美容套餐,68,88
嘉琳尊尚美容养生会馆,铁西区,铁西广场,5.0,单人刮痧拔罐套餐 含刮痧1次+拔罐1次,45,85
玉纤汇减肥丰胸会馆（铁西广场店）,铁西区,铁西广场,5.0,单人韩国小气泡深层清洁焕肤,198,83
SOQI神气能量氧身馆（兴工店）,铁西区,沈阳站西广场,4.5,单人肩颈舒压,29,81
SOQI神气能量氧身馆（生日城店）,铁西区,滑翔小区,4.3,单人肩颈舒压,29,81
We Show专业减肥中心,铁西区,兴隆大都汇,5.0,单人We Show专业按摩瘦身体验1次,9.9,76
美瘦科技艾灸养生馆（启工街店）,铁西区,兴隆大都汇,5.0,单人刮痧,9.9,75
鑫俏丽半永久纹绣美瞳线脱毛（沈辽路万达店）,铁西区,铁西区,5.0,鑫俏丽单人美妆设计套餐,1380,74
鸥迪足道（香江店）,铁西区,铁西区,4.1,单人鸥迪疗敷（90分钟）,148,68
鸥迪足道（金地店）,铁西区,北二西路,4.4,单人鸥迪疗敷（90分钟）,148,68
糖果半永久美妆店（铁西总店）,铁西区,沈辽路万达,5.0,单人冰点体毛局部脱,89,69
糖果半永久美妆店（万象汇店）,铁西区,铁西广场,5.0,单人冰点体毛局部脱,89,69
荟熙皮肤健康管理中心,铁西区,铁西广场,5.0,韩国气泡角质清洁管理,199,67
足益升修脚足道（云峰街店）,铁西区,云峰北街,5.0,单人采耳套餐,28.9,66
英&皇女子芳香spa馆（兴隆大都汇店）,铁西区,兴隆大都汇,3.0,单人女子美护套餐,58,65
12壹养生足道会馆,铁西区,云峰街,3.9,经典SPA按摩,239,64
鑫鑫源足疗会馆,铁西区,沈阳工业大学,4.4,单人养生套餐,109,62
盛京悦宝汇小儿推拿馆（铁西店）,铁西区,铁西广场,3.5,小儿推拿单人体验套餐,9.9,62
鑫德堂足道养生会馆,铁西区,沈辽路万达,5.0,单人刮痧/拔罐2选1,9.9,60
壹康盲人按摩,铁西区,沈阳站西广场,4.9,肩颈按摩1次,35,59
艾林·尚赫减肥美容会馆,铁西区,云峰街,5.0,单人尚赫开穴体验3次,68,59
素雅轩美甲美睫半永久纹绣工作室（铁西店）,铁西区,重工街,4.7,精致睫毛嫁接,89,57
Mr.W SKIN皮肤管理中心,铁西区,铁西广场,5.0,小气泡毛孔深层清洁肌肤管理,198,56
鸥迪足道（铁西凯旋门店）,铁西区,云峰街,5.0,单人全身油压+背部和腿部刮痧/头疗,199,56
鑫美隆半永久眉纹绣美瞳线美睫（铁百店）,铁西区,铁西广场,3.5,单人嫁接睫毛1次,59,51
鑫美隆半永久眉纹绣美瞳线美睫,铁西区,兴隆大都汇,4.7,单人嫁接睫毛1次,59,51
名媛美容养生馆·美甲美睫半永久,铁西区,铁西区,5.0,单人冰点无痛净肤双腋护理、唇部护理各一次,58,50
久祥盲人按摩,铁西区,铁西区,4.9,单人按摩+复位+火罐,39.9,50
帝曼皮肤健康管理中心,铁西区,云峰街,5.0,单人3D水氧皮肤深层清洁护理套餐,48.8,47
尚赫瘦身馆（美体美甲店）,铁西区,铁西广场,5.0,单人瘦身套餐,128,44
致健康按摩养生坊,铁西区,云峰北街,4.9,单人拔罐,9.9,44
古道方草皮肤调养护专业祛痘中心,铁西区,沈辽路万达,4.9,单人超值祛黑头1次,29.9,43
博趣足道,铁西区,北二西路,5.0,单人博趣油压套餐,139,40
多米美妆半永久眉美瞳线脱毛纹眉（铁西店）,铁西区,铁西广场,4.3,韩式单人半永久／眉美睫线／嘟嘟／唇3选1套餐,499,40
白尔馨美容养生会所,铁西区,兴工南街,5.0,头疗 足疗,35,39
T美容美体理疗微整工作室,铁西区,铁西广场,5.0,单人精油开背套餐,9.9,39
晶美纹绣美甲美睫,铁西区,财富广场,5.0,单人修眉1次,2.9,38
欧良足道,铁西区,兴工南街,5.0,单人欧足套浴（80分钟）,118,37
婵媛丽肤养生会所,铁西区,云峰街,4.7,蝉媛丽肤养生会所刮痧拔罐两次套餐,9.9,36
尚林美容养生馆,铁西区,沈辽路万达,4.3,尚林美容养生馆,9.9,35
金芙蓉美容养生会馆,铁西区,铁西区,5.0,单人面部拨筋提升+水润嫩肤护理1次,39.8,35
中医推拿按摩,铁西区,滑翔小区,5.0,单人局部拔罐/刮痧/走罐3选1,9.9,35
保工盛京大脚丫修脚,铁西区,保工街,5.0,修脚套餐,30,34
鸥迪足道（花千树店）,铁西区,重工街,5.0,老姜全套,159,34
启盈瑜美家院,铁西区,兴隆大都汇,4.7,精品面部护理套餐,29,33
百悦美容养生会馆,铁西区,北一路万达,5.0,单人肩颈拔罐套餐,9,31
小满私人养生会所,铁西区,沈辽路万达,5.0,单人水润透白＋超补水套餐1次,19.9,31
童颜半永久眉毛美瞳线脱毛（铁西广场店）,铁西区,铁西广场,4.1,冰点无痛脱腋下/上唇毛体验1次,59,31
苗老祖专业祛痘,铁西区,铁西广场,5.0,单人深层补水体验/高压注氧套餐1次,39.8,30
致青春白雪克丽缇娜（铁西店）,铁西区,铁西广场,4.1,单人护理套餐,38,30
浚美汇美容养生会所（三店）,铁西区,沈辽路万达,4.0,【超值特惠】超值精品五大项,168,30
红颜汇美容养生会馆,铁西区,兴隆大都汇,5.0,单人背部经络减压疏通调理1次,39.8,29
奇手堂按摩,铁西区,铁西广场,5.0,单人局部经穴按摩拔罐,39,29
鸥迪足道（铁西店）,铁西区,兴工北街,5.0,单人保健套餐,89,29
沈阳现代束美国际美容院（兴工街女宾店）,铁西区,沈阳站西广场,5.0,单人面部护理+全身淋巴净排spa套餐,108,29
瑶芳清颜皮肤管理中心（兴工北街店）,铁西区,沈阳站西广场,3.4,单人瑶族秘方+科技净痘3次体验,69,27
伊贝丝专业丰胸美胸机构（铁西店）,铁西区,沈辽路万达,5.0,经期舒缓调理+胸部紧致丰盈护理,88,27
U美国际美颜焕肤中心（铁西广场店）,铁西区,铁西广场,4.7,单人小气泡深层清洁,168,26
BOA波雅皮肤美容管理中心,铁西区,铁西广场,4.7,韩国超微泡深层清洁+海藻补水管理,168,26
中粹养生堂,铁西区,云峰北街,5.0,单人辨证手工艾灸套餐,78,23
利康原健康养护,铁西区,沈阳工业大学,4.3,单人全身按摩,50,23
春和林美容按摩院,铁西区,兴工南街,4.4,单人局部刮痧+拔罐1次,9.9,23
汉御足道,铁西区,云峰北街,4.5,单人汉御精品套餐（90分钟）,128,22
魔肤祛斑,铁西区,兴隆大都汇,5.0,单人淡斑体验套餐,38.8,22
张氏民间古方排寒,铁西区,铁西区,4.6,单人古方排寒＋颈椎调理＋刮痧＋拔罐,29.9,22
伊圣源按摩会所,铁西区,铁西区,5.0,单人足道套餐,58,21
美润美容美体减肥瘦身,铁西区,财富广场,5.0,单人三分钟瘦身塑形体验,1.9,20
佳丽三千问题性皮肤管理中心,铁西区,铁西广场,5.0,气泡毛孔深层清洁+面部痘肌管理套餐,98,20
娉婷尚赫养生馆,铁西区,艳粉,5.0,单人特色竹罐体验3次套餐,19.8,19
钰炫国际美容机构,铁西区,兴隆大都汇,4.8,单人沙棘排湿瘦身单次体验套餐,9.9,18
恒康盲人推拿,铁西区,兴工南街,5.0,单人全身保健1次,59,18
大勇按摩院（重工街店）,铁西区,重工街,3.8,单人按摩刮痧拔罐套餐,60,18
大勇按摩院（卫工街店）,铁西区,兴隆大都汇,3.6,单人按摩刮痧拔罐套餐,60,18
俪莎瘦身美容排毒养生馆,铁西区,铁西广场,4.8,沙棘排湿排风寒【3次】超值套餐,158,16
蒂希雅日韩美甲皮肤管理抗衰中心（华润万象汇店）,铁西区,铁西广场,5.0,单人韩国超微气泡深层清理体验,99.9,16
中平中医门诊部,铁西区,铁西区,3.7,腰背推拿调理+刮痧+火罐,88,16
静雅轩足疗,铁西区,重工街,4.7,【霸道总裁】单人豪华SPA套餐（90分钟）,498,16
小花美业,铁西区,沈阳工业大学,5.0,单人肩颈护理一次,19.9,15
尚缘美spa美容养生会所,铁西区,云峰街,4.9,单人健康甲油胶纯色美甲（含跳色）套餐,39,15
丝画美业,铁西区,铁西区,5.0,单人腹部调理艾灸1次,1,15
闺秀·时尚·美甲彩妆,铁西区,沈辽路万达,4.9,闺秀·时尚·美甲彩妆日常化妆,30,14
格蕾斯SPA美容养生会馆,铁西区,铁西广场,4.8,单人修眉套餐,1,13
Sunshine焕颜美肤SPA·美甲美睫（沈辽路万达店）,铁西区,沈辽路万达,4.3,单人面部克缇spa美白护理1次,38,15
张辉美容苑,铁西区,铁西区,4.5,单人五行经络拔罐,8.8,14
千金小姐美容减肥国际连锁机构,铁西区,云峰街,4.1,单人局部瘦单次体验套餐1次,9.9,13
安萨美容美体养生会馆,铁西区,沈阳站西广场,5.0,单人面部冻龄青春护理+头部经络疏通护理套餐,98,13
富康盲人按摩,铁西区,兴隆大都汇,4.5,单人特惠拔罐,9.9,13
西恩皮肤健康管理中心,铁西区,铁西广场,4.9,单人声波美白or补水管理1次,168,12
M18皮肤管理中心,铁西区,铁西广场,4.6,【皮肤护理】小气泡深层清洁,68,12
福足堂健足会馆（兴顺店）,铁西区,保工街,5.0,【兴顺店专享】福足经典套,89,13
利利爱莲说·减肥美容美体会所,铁西区,保工街,4.9,单人开背+刮痧+拔罐套餐,28,12
女主角美甲美睫半永久纹绣会馆（铁西店）,铁西区,铁西广场,4.0,单人韩式美妆套餐3选1,69,11
阳光小屋按摩养生馆,铁西区,铁西广场,4.6,单人按摩+头疗,70,11
良子足道（兴华北街店）,铁西区,星摩尔,5.0,单人养生套餐,109,11
浮纶缌美容spa养生会馆,铁西区,铁西广场,4.5,单人特惠刮痧或拔罐1次,9.9,11
静水轩养生会馆,铁西区,沈辽路万达,4.4,179元精油全身SPA套餐,179,11
伊霖阁韩式半永久定妆,铁西区,北一路万达,4.6,单人修眉套餐,1,11
H美甲美睫半永久定妆工作室,铁西区,沈阳工业大学,5.0,单人经络瘦身3次,19.9,10
专业祛痘,铁西区,铁西广场,5.0,单人去痘印套餐,36.8,10
妃思幻美容SPA,铁西区,沈辽路万达,4.4,御足套餐,68,9
美悦正和（韩式美颜馆）,铁西区,沈阳站西广场,4.0,单人韩国气泡水氧清洁护理1次,58,9
美娇颜皮肤管理中心,铁西区,北二西路,4.5,小气泡皮肤深层清洁＋美白／补水／敏感肌／痘痘肌／防衰五选一,198,9
樊妃纹绣微雕美容脱毛工作室,铁西区,兴隆大都汇,4.1,单人养生拔罐一次,9.9,8
目兮·韩式美容定妆机构,铁西区,沈辽路万达,3.5,精油推背+拔罐+推背,25,8
会友轩足道,铁西区,铁西区,4.0,单人烛道（60分钟）,79,8
瑶芳清颜专业祛痘机构（凌空二街店）,铁西区,滑翔小区,4.0,【超值特惠】单人清痘净颜体验套餐,18,8
曼婷美容养生会所,铁西区,沈辽路万达,4.1,单人五行能＊量瘦身罐3次,25.8,8
芙蓉坊美容美体中心,铁西区,铁西广场,4.1,背部气血调理,29,7
杰妮韩式半永久纹绣美甲工作室,铁西区,兴隆大都汇,5.0,单人拔罐+刮痧+头疗调理1次,9.9,7
美之然漂亮女人馆,铁西区,保工街,5.0,单人唇部或腋下净肤套餐,38,5
艾蜜儿美甲美睫韩式定妆馆,铁西区,铁西区,4.6,单人韩国水养毛孔清洁体验套餐,150,4
绣甲阁,铁西区,北一路万达,5.0,单人脚部护理,40,4
玉芙蕖美容美体养生馆,铁西区,沈辽路万达,4.0,单人刮痧+拔罐体验1次,28,4
靓帝美容养生会馆（好青丝养发）,铁西区,沈辽路万达,4.5,颈肩腰背疏通,68,4
红铭女子会馆,铁西区,工人文化宫,4.6,单人肩颈调理套餐,29.9,4
玻妃美容瘦身馆,铁西区,工人文化宫,5.0,单人特色竹罐瘦身套餐,100,4
莱尚雅汇生活馆,铁西区,兴华公园,4.0,单人面部拨筋美容,28.8,4
正蓉美甲美睫美容美体馆（铁西店）,铁西区,云峰街,4.9,单人超值面部护理套餐,98,4
美诗曼美容养生会馆,铁西区,铁西广场,3.8,单人局部补水调理套餐,19.9,4
婷宣美容经络养生馆,铁西区,工人文化宫,4.7,单人背部推油 1次,39,4
伊人半永久美容连锁机构（铁西广场店）,铁西区,铁西广场,4.3,单人韩式精致小图套餐,49.9,4
碧斯SPA美疗馆,铁西区,沈辽路万达,3.7,秋季补水调理单人面部护理套餐,29,3
泽美皮肤管理中心,铁西区,铁西广场,4.0,素颜肌大气泡超微深层清洁管理,198,3
千百媚半永久眉美瞳线脱毛,铁西区,铁西广场,4.1,单人睫毛增长套盒,998,3
PPP肌肤管理中心,铁西区,沈辽路万达,3.5,祛痦子/祛扁平の疣体验,19,3
饰颜纹绣美甲美睫小纹身（兴隆大都汇店）,铁西区,兴隆大都汇,5.0,单人个性小图5cm*5c m套餐,128,3
凤凰苑半永久无针去纹沙棘馆,铁西区,铁西区,4.1,单人韩式美睫线1次,398,3
馨雨馨美容养生,铁西区,沈辽路万达,4.7,单人去汗湿调气血拔罐,19.9,3
纤美尚赫美容减肥旗舰店,铁西区,沈辽路万达,5.0,单人拔罐+精油开背+刮痧1次,58,3
美奈サロン美甲美睫（北一路店）,铁西区,北一路万达,4.7,单人冰点OPT净肤（腋下/唇部2选1）,49.9,3
金宇澜彤整体形象设计,铁西区,铁西区,4.5,单人刮痧+拔罐+精油开背1次,39.9,3
丽颜美半永久纹眉美瞳线,铁西区,铁西区,4.1,单人孕睫套餐,60,2
佐登妮丝美容SPA生活馆（铁西店）,铁西区,铁西广场,3.0,美容套餐,49,2
叶子美甲（兴隆大都汇店）,铁西区,兴隆大都汇,5.0,单人IPL光子局部净肤3选1,49.9,2
唯美尚赫美体瘦身会馆,铁西区,艳粉,5.0,单人面部补水,49.9,2
CC半永久纹绣美睫美甲纹身工作室（二部）,铁西区,铁西区,3.8,单人眉眼唇清洗套餐,100,2
享瘦美容纤体馆,铁西区,兴隆大都汇,4.1,背部气血调理,38,2
Casa Beauty韩国半永久皮肤管理（瀚都国际店）,铁西区,沈阳站西广场,3.5,单人纯真韩国毛孔清洁尊享套餐,168,2
钎绣半永久定妆身材管理中心,铁西区,铁西广场,4.6,单人老式蓝眉红眉/激@光洗,199,2
CC半永久纹绣美睫美甲纹身工作室（一部）,铁西区,财富广场,5.0,单人眉眼唇清洗套餐,100,2
梦想.女王韩式半永久容貌管理中心,铁西区,铁西广场,4.3,单人背部肩颈护理体验,38,2
千和兰菲美容美体会馆,铁西区,云峰街,4.0,单人全身经络SPA舒缓按摩1次,69,2
瑞倪维儿美容连锁机构,铁西区,铁西区,4.2,单人面部提升+颈部净排护理套餐,118,2
遥遥身体滋养会馆,铁西区,兴工南街,3.5,单人颈部淋巴净排套餐,39.9,0
Vivian半永久纹绣皮肤管理中心（铁西店）,铁西区,云峰街,4.0,单人别致保养套餐三选一,88,0
美知酷美甲美睫工作室,铁西区,铁西广场,4.9,【眉】单人素颜妆容定制1次,499,0
YY冰点美肤生活馆,铁西区,铁西广场,4.3,单人腋下皮毛管理,488,0
123瘦身养生会馆,铁西区,滑翔小区,3.9,158元紫竹刺络药罐,158,0
象牙塔半永久美妆订制,铁西区,铁西广场,4.0,美妆设计预约专属定制,2,0
沈阳杏林整形外科医院,铁西区,铁西广场,3.5,IPL 祛斑/祛痘套餐,980,0
艾莉国际美容美体中心,铁西区,兴隆大都汇,3.5,肩颈头疗套餐,49,0
verna维娜美甲工作室,铁西区,财富广场,4.9,单人拔罐套餐,18,0
特莱维私人健康美容中心（兴顺街店）,铁西区,沈阳工业大学,3.5,单人24K深彻靓白精华+阴阳调理护理套餐,128,1
佳萱纹绣美甲纹身,铁西区,财富广场,4.1,单人韩式美妆套餐,1300,0
玻妃美容瘦身（总店）,铁西区,重工街,4.0,单人尚赫面部提升,1280,0
f.f韩式美妆私人订制,铁西区,云峰街,3.5,单人韩式美妆三选二超值套餐,1180,0
美容瘦身会馆,铁西区,兴隆大都汇,3.5,单人面部紧致提升深层补水1次,19.9,0
甜心美甲,铁西区,铁西广场,5.0,单人韩式美妆套餐,598,0
锦轩 韩妆VIP定制室,铁西区,铁西广场,4.3,单人睫毛生长套餐一次,980,0
Mandala曼陀罗.美甲美睫半永久,铁西区,铁西广场,4.7,单人超值面部水疗套餐,68,0
一琳美汇,铁西区,铁西区,5.0,单人韩式美妆套餐,1100,0
瑞妃曼美容（万象汇店）,铁西区,铁西广场,4.9,单人高端轻奢套餐,258,0
悠悠瑜伽会馆,铁西区,兴隆大都汇,4.7,单人OPT净肤局部体验,29.9,0
诗慕SMOO创美半永久美甲工作室,铁西区,铁西广场,4.0,单人日式造型美甲套餐,88,0
米迪拜尔美容瘦身站,铁西区,云峰街,3.5,特色套餐,58,0
熙媛国际韩式半永久私人订制,铁西区,重工街,4.1,单人局部净肤体验,59,0
美之约Beauty date nail半永久纹绣,铁西区,铁西区,5.0,单人放松肩颈套餐1次,38,0
玻妃美容瘦身馆,铁西区,沈阳工业大学,4.0,单人尚赫五行经络瘦身体验套餐,68,0
香瀛抗衰养生馆（云峰店）,铁西区,云峰街,3.5,单人精致女人面部套餐,118,0
明姿,铁西区,沈阳工业大学,3.5,单人美容体验套餐,68,0
丽嫣美容会馆,铁西区,兴隆大都汇,3.5,单人艾灸套餐,38,0
尚艺韩式半永久纹绣,铁西区,铁西广场,3.5,单人韩式亲亲孕睫术,1480,0
享瘦绿色减肥塑形馆,铁西区,沈辽路万达,3.5,单人肩颈护理1次,38,0
三合国际纹汇社,铁西区,兴华公园,3.5,单人经典时尚小图任选（10CM内）,150,0
灸艾堂,铁西区,保工街,3.5,单人背部经络疏通刮痧1次,28,0
甲甲屋私人美甲美睫半永久工作室,铁西区,铁西广场,4.0,代金券,45,0
经道康铭养生康复中心,铁西区,云峰街,5.0,熏蒸排湿寒,98,0
沈阳纤丝鸟美容美体养生会所（滑翔店）,铁西区,滑翔小区,3.0,单人面部水凝道4次,198,0
鑫俏丽半永久纹绣美瞳线脱毛,大东区,东中街,5.0,鑫俏丽单人美妆设计套餐,1380,74
普云五行艾灸堂（大东店）,大东区,吉祥市场,4.7,单人全身按摩＋拔罐,59,71
鸥迪足道（大东区尚品店）,大东区,大东广场,5.0,背部油压＋头／手／腹／腿任选其一按摩,99,64
薇澄国际美容美体连锁机构,大东区,大东广场,3.6,单人面部明星经典护理/背部明星经典护理,58,64
正超美容皮肤健康管理中心（中街店）,大东区,东中街,5.0,【祛痘无痕】问题皮肤调理,180,59
碧瑞莲SPA养生会馆（中街大悦城店）,大东区,东中街,3.5,单人碧瑞莲经典全身舒压按摩,78,55
王中华骨健康馆,大东区,大东区,4.0,单人专业肩颈按摩养护套餐（30分钟）,9,52
爱艺美妆美甲,大东区,东中街,5.0,单人超值美妆套餐,39.9,51
无极古法养生馆,大东区,大东区,4.8,古法拔罐,9.9,49
E.SHOW BEAUTY私人会馆（易秀美颜大悦城店）,大东区,东中街,5.0,单人面部拨筋水润护理+艾灸1次,49.8,49
奥莉薇护肤美容中心,大东区,东中街,4.4,单人面部套餐,29,44
多米半永久纹眉美瞳线脱毛美妆（东中街店）,大东区,东中街,5.0,韩式单人半永久／眉美睫线／嘟嘟／唇3选1套餐,499,40
Fanny微妝童颜馆,大东区,东中街,5.0,单人3次沙棘排护排风寒湿体验套餐,158,39
玲珑雅阁spa会馆,大东区,东中街,5.0,全身精油SPA按摩,199,38
怡心阁足疗按摩养生会所,大东区,东中街,5.0,单人精油推背1次,49,38
益天春城美容美体连锁机构（中街店）,大东区,大东区,3.9,单人益天身体局部按摩套餐,29,35
童颜半永久眉美瞳线脱毛美甲美睫（中街店）,大东区,大东区,5.0,冰点无痛脱腋下/上唇毛体验1次,59,31
童颜半永久眉毛美瞳线脱毛（大东店）,大东区,滂江街,4.1,冰点无痛脱腋下/上唇毛体验1次,59,31
张俊宇风湿推拿调理馆,大东区,东站,5.0,单人专业原始点头肩颈调理套餐（30分钟）,35.8,31
致青春白雪克丽缇娜（大东店）,大东区,大东路/东塔,3.7,单人护理套餐,38,30
美嘉丽美容美甲养生馆,大东区,大东广场,4.6,单人面部补水一次,9.9,29
爱尚美容美体减肥排湿毒养生会馆,大东区,大东区,5.0,沙棘排湿、寒,39.9,31
雅泽健康皮肤管理机构,大东区,大东区,4.4,单人刮痧+拔罐+温热艾灸套餐,8.9,26
天天想你养生馆,大东区,东中街,4.7,单人SPA精油按摩（70分钟）,228,25
洋洋鑫美美容瘦身工作室,大东区,东中街,5.0,单人五行经络代谢瘦身体验1次,9.9,24
许氏养生堂,大东区,大东区,4.6,单人精油开背+刮痧套餐1份,49.9,24
梧桐轩美容·养生会馆,大东区,九一八纪念馆,4.1,经典套餐,19.9,23
D·Y皮肤管理中心,大东区,东中街,4.6,【超值推荐】小气泡清洁套餐,19.9,22
苗家养妍涵曦祛痘瘦身瘦脸体验店,大东区,东中街,5.0,单人美容套餐2选1,19.9,20
DM多美连锁皮肤管理培训（中街店）,大东区,东中街,4.7,【月卡】瘦身塑形套餐2选一,399,19
章光101（大东店）,大东区,东中街,4.0,章光101美丽套餐,268,19
百年吴越专业祛痘瘦身馆（大东店）,大东区,东中街,5.0,单人专业排痘套餐,9.9,19
QUEEN逆龄皮肤管理中心,大东区,东中街,5.0,单人美白补水套餐2选1,9.9,18
福美源足道养生会馆,大东区,东中街,5.0,单人尚品套餐,79,18
黛雅素颜美肤中心,大东区,东中街,5.0,单人补水收细毛孔套餐,38.8,17
圣桥养生,大东区,大东广场,4.7,肩颈按摩,25,17
巴黎风时尚美颜馆,大东区,东中街,4.6,单人韩国小气泡深层清洁套餐,138,16
苗老祖专业祛痘连锁机构,大东区,东中街,5.0,腋下或上唇周二选一超冰净肤体验套餐,58,15
赫斯凯丽美容美体养生工作室,大东区,东北大马路,4.9,单人净肤（包净）,88,13
爱的魔力减肥塑身,大东区,东中街,3.5,拔罐套餐,9.9,11
祉汐完美人生健康纤瘦会馆,大东区,大东广场,4.1,单人拔罐1次,9.9,11
谢大脚修脚（大华店）,大东区,大东广场,5.0,单人经络刮痧＋精油推背,28,10
她她美甲（二店）,大东区,东中街,4.2,化妆套餐,37.9,10
乔伊靓颜舍,大东区,东中街,4.9,喬伊 单人[平痣１颗或斑点1颗],8,9
首连盲人按摩,大东区,大东广场,4.1,单人足疗/精油推背/全身按摩3选1,39.9,9
汇久俪美容美体养生馆,大东区,东中街,4.1,单人汇久俪美容美体养生馆刮痧1次,10,9
一家鑫美容室,大东区,吉祥市场,4.3,单人精致面部护理+头部按摩套餐,8.8,8
新雨佳美容美体会馆,大东区,大东广场,3.9,单人护理套餐,19.9,7
康丽美容美体养生减肥会所（黎明广场店）,大东区,滂江街,5.0,单人脂肪炸/弹单次体验套餐,19.9,7
Crystal美睫美容美体工作室,大东区,东中街,5.0,单人单次背部经络拔罐1次,4.9,7
佰草堂祛痘修复中心,大东区,东中街,5.0,单人佰草堂皮肤中心奢靡美甲套餐,19.9,7
悦足堂修脚,大东区,东中街,5.0,单人刮痧/拔罐2选一,15,6
菲儿韩式半永久,大东区,东站,4.1,单人眉型设计套餐,28.8,6
金影创美美甲美睫,大东区,东中街,4.6,单人小气の泡清洁+水氧焕肤,19.8,6
美薇绣苑,大东区,大东广场,4.1,单人修眉1次,10,6
安发艺（安发艺吉祥店）,大东区,吉祥市场,4.2,单人安发艺吉祥店美容方案,58,5
贵族名媛美容养生会所（大东店）,大东区,东中街,3.5,单人女子养生美容美体特惠套餐,9.9,5
AQ美甲美睫韩式半永久,大东区,东中街,5.0,单人韩式高端眉套餐,399,4
正蓉美甲美睫美容美体馆（大悦城店）,大东区,东中街,4.7,单人超值面部护理套餐,98,4
千百媚半永久眉美瞳线脱毛,大东区,东中街,4.0,单人睫毛增长套盒,998,3
科美美肤·祛斑·脱毛·祛痘,大东区,大东路/东塔,3.5,单人单次冰点OPT无痛净毛,89,3
绣润国际半永久定妆,大东区,东中街,5.0,单人设计眉型+修眉套餐,29.9,3
love美甲美睫工作室,大东区,东中街,5.0,单人局部拔罐加艾灸,49.9,3
summer.z美甲美睫沙龙,大东区,东中街,5.0,单人韩国色料[眉毛、眼线、唇]3选1套餐,680,2
米兰印象工作室,大东区,东中街,4.0,单人头疗一次,68,2
琦光美妆脱毛半永久工作室,大东区,东中街,4.1,单人双小腿净肤体验1次,109.9,2
威思丽高温瑜伽生活馆（东站店）,大东区,东北大马路,4.5,单人美容美体,68,2
皓龄养生馆,大东区,东中街,4.9,全身美白祛湿调理+刮痧拔罐,28,2
英涛祛斑祛痘研究所,大东区,东中街,4.2,单人毛孔清洁/祛黑头白头油脂,38,2
温柔之家养生馆,大东区,东中街,4.3,【专属定制】单人豪华套餐（70分钟）,218,2
丽颜美半永久纹眉美瞳线,大东区,东中街,4.1,单人孕睫套餐,60,2
皮美人纤体养颜会馆,大东区,吉祥市场,3.5,单人按摩养生套餐,29,2
佐登妮丝美容SPA生活馆,大东区,东中街,3.5,美容套餐,49,2
韩俏半永久眉美瞳线纹眉美睫（中街店）,大东区,大东区,4.0,单人皮肤管理深层清洁套餐,97,1
EKO·伊可 韩国皮肤管理,大东区,东中街,4.0,小气泡深层清洁管理,188,1
雪儿半永久高端定制,大东区,东中街,4.6,【Tattoo小图】2cm*2cm精美小图任选,68,1
吻艾健康生活馆中医艾灸养生会馆（沈阳大悦城店）,大东区,东中街,4.0,无烟 传统艾灸 任脉灸1次,128,1
金艾养生艾灸会所,大东区,东中街,3.8,单人拔罐刮痧1次,29.9,1
百誉丰专业祛痘,大东区,东中街,4.8,单人祛黑头套餐,68,1
江南一号半永久皮肤管理中心,大东区,东中街,5.0,单人专业眉型设计,19.99,1
尚彩美甲（中街店）,大东区,东中街,5.0,【艾灸调理】单次艾灸体验,19.9,1
雅沛姿女子养生会馆（龙之梦购物中心店）,大东区,大东区,3.0,单人SPA背部有氧舒压1次,29,1
伊娜美甲美睫,大东区,东中街,4.9,祛除黑鼻头,39.9,0
美亚美甲皮肤管理工作室,大东区,东中街,5.0,单人美睫眼线超值套餐,598,0
葳霓美半永久·美牙·美容·脱毛会馆,大东区,东中街,4.1,单人6D纳米炫瓷浮雕牙齿护理（颗）,180,0
哈喽KT美甲美睫工作室,大东区,东中街,4.7,单人黑脸美肤套餐,198,0
佳媛美容美体,大东区,东中街,3.0,单人韩式眉或眼二选一套餐,499,0
和气中医康复工作室,大东区,东中街,3.5,砭石鲜姜艾灸（无烟）90分钟,49.9,0
咖酷 造型,大东区,大东区,5.0,单人韩式美妆眉眼二选一套餐,380,0
纤颜美容养生会所,大东区,东中街,3.5,单人肩颈护理套餐,49.9,0
子晴美业,大东区,大东区,4.6,单人净肤体验一次,99,0
娜娜美妆韩式半永久,大东区,东中街,4.0,单人韩式眉型设计+修眉套餐,15,0
指爱美甲美睫（龙之梦店）,大东区,大东区,4.5,单人一次性喷绘小图案,30,0
韩尚·韩式半永久美甲美睫,大东区,东中街,4.9,单人韩式美睫线,680,0
韩式半永久熙灿形象设计,大东区,东中街,3.5,单人新娘试妆,30,0
甲艺舞绘美甲美睫半永久,大东区,东中街,4.8,单人韩式素颜无结痂,598,0
益寿固本堂,大东区,东中街,3.5,单人身体单项护理10次,188,0
诗尚s.s韩式定妆会馆,大东区,东中街,4.0,单人韩式MTS皮肤管理体验1次,198,0
沙林形象设计管理中心（沈阳大悦城店）,大东区,东中街,5.0,单人牛奶焕肤套餐,480,0
沐色日式美甲美睫会馆,大东区,东中街,4.6,韩式轻氧无痂美妆套餐,800,0
MX美业工作室,大东区,东中街,3.5,代金券,90,0
博美美甲美妆半永久纹绣机构,大东区,大东区,3.7,个人时尚化妆形象设计课程,398,0
苗誉专业祛痘连锁机构（北陵大街店）,皇姑区,龙江广场,4.6,苗誉（中国）专业祛黑头套餐,8.9,407
老郭修脚店（郭一刀修脚店）,皇姑区,北行,4.2,单人修脚套餐,28.9,403
玛丽艳娜美容纤体养生馆（北行店）,皇姑区,北行,4.2,磁疗刮痧+药罐+经络按摩,38.8,315
千叶良子足道（中海店）,皇姑区,塔湾,5.0,单人太极调理套餐,219,299
苗方清颜专业祛痘中心（北行店）,皇姑区,北行,5.0,单人去痘体验套餐,38,252
梦雪美容养生会馆,皇姑区,北行,5.0,单人精油开背+拔罐/刮痧二选一,3.8,249
梦蕊泉洗浴中心（二部）,皇姑区,塔湾,3.7,单人B套浴（洗浴门票＋火龙浴＋大厅休息＋搓澡＋按摩）,68,225
康益堂养生馆,皇姑区,明廉,5.0,单人颈肩按摩,30,215
东方美美容SPA会所（北陵店）,皇姑区,龙江广场,5.0,单人健康舒压套餐,99,199
东方美美容SPA会所（北行店）,皇姑区,北行,5.0,单人健康舒压套餐,99,199
生源足道,皇姑区,鸭绿江街,5.0,单人生源经典套餐,79,198
盛京大脚丫修脚（宁山路店）,皇姑区,北行,4.8,单人刮痧/拔罐2选1,19.9,159
艾琳美业,皇姑区,明廉,5.0,仿真睫毛嫁接,49.9,153
女王科技美容（崇山会所）,皇姑区,辽大南校区,3.9,单人水嫩肌肤双层补水护理2次,68,132
瑶芳清颜（长江街店）,皇姑区,辽大南校区,5.0,单人深层美白补水套餐,18.9,127
艾迪佳媛纤体美肤坊（北行店）,皇姑区,皇姑区,3.9,超值优惠全身经络疏通按摩1次,9.9,127
蕾特恩专业祛痘（国际）连锁（北行店）,皇姑区,北行,5.0,单人蕾特恩专业排痘,1,123
康晨灸骨理筋馆（皇姑店）,皇姑区,龙江广场,5.0,单人灸骨理筋刮痧＋拔罐,9.9,122
靓密码美容美体（北陵店）,皇姑区,鸭绿江街,4.9,单人面部护理月卡1张,19.9,120
易斯雅健康美容中心（特莱维怒江北街店）,皇姑区,怒江北街,5.0,单人24K纳米金TT+精华美白淡斑补水面部护理,128,54
慕娉婷美容形体馆,皇姑区,辽大南校区,4.3,单人经络按摩1次,38,54
优优专业脱毛连锁机构（旗舰店）,皇姑区,北行,5.0,单人双手指/双手背冰肌光2选1,16.8,50
曦轩光学美肤中心,皇姑区,北行,4.3,单人黑脸娃娃/光子嫩肤1次,59,44
瑶芳清颜专业祛痘（皇姑店）,皇姑区,皇姑区,5.0,单人面部护理2次套餐,19.9,44
莉泊娅美容养生汗蒸馆,皇姑区,皇姑区,5.0,面部刮痧+背部舒缓+眼部拨筋+汗蒸 超值套餐,58,43
弗兰妮特国际纤体,皇姑区,皇姑屯,4.6,单人刮痧按摩套餐,29,43
垂香楼（皇姑店）,皇姑区,北行,4.5,单人垂香SPA1次,188,41
安子足道,皇姑区,塔湾,4.4,安子精选3项,89,40
多米美妆半永久眉美瞳线（皇姑店）,皇姑区,北行,4.2,韩式单人半永久／眉美睫线／嘟嘟／唇3选1套餐,499,40
墨竹雅然私人spa汇（悦宁榕spa皇姑店）,皇姑区,龙江广场,5.0,单人冥想SPA,298,39
娘娘美业～美甲美睫（娘娘珠宝）,皇姑区,龙江广场,3.9,进口美睫套餐,29.8,38
格美半永久美甲美睫工作室,皇姑区,皇姑区,5.0,单人拔罐1次,3.8,38
酸碱平dds经络按摩,皇姑区,长客总站,4.6,单人经络开背+头部梳理+颈椎调理+肩周调理+排风排寒,68,37
益天春城美容美体连锁机构（北行店）,皇姑区,北行,4.1,单人益天身体局部按摩套餐,29,35
春辉康复理疗,皇姑区,小白楼,4.6,拔罐或中频,9.9,33
海林经骨康中医理疗,皇姑区,陵东,4.6,单人刮痧,19.9,33
周天养元会所,皇姑区,陵西,5.0,单人经络推拿体验1次（30分钟）,17.9,32
中医盲人按摩,皇姑区,北行,4.4,单人苏氏盲人按摩,50,32
童颜半永久眉毛美瞳线脱毛,皇姑区,北行,4.8,冰点无痛脱腋下/上唇毛体验1次,59,31
明德堂养生馆,皇姑区,明廉,4.1,单人拔罐1次,9.8,12
爱美阁美容院,皇姑区,塔湾,4.0,单人活氧水疗SPA,68,11
瑶芳清颜专业祛痘（美联大厦店）,皇姑区,皇姑区,5.0,单人美白补水毛孔清洁套餐,19.9,11
拉菲尔美甲spa,皇姑区,北陵,3.3,单人精品美甲套餐,49.9,10
百妙康养生馆,皇姑区,陵东,3.5,单人头部经络调理,49,9
澳瑞儿瘦身美肤会所（皇姑店）,皇姑区,龙江广场,3.5,单人营养精华莹润水护+草本背部芳香SPA,79,9
秀水盲人按摩,皇姑区,明廉,3.9,单人按摩＋拔罐,29.9,7
Ms.Han韩式皮肤管理工作室,皇姑区,皇姑区,4.7,单人小气泡毛孔管理套餐管理,238,7
膜法传奇1853,皇姑区,皇姑区,3.5,单人头疗套餐,9.9,7
蚂蚁homespa（辽大店）,皇姑区,辽大南校区,3.0,单人皇家古法头肩背御疗套餐,68,6
蚂蚁homespa（皇姑万科店）,皇姑区,怒江北街,4.0,单人皇家古法头肩背御疗套餐,68,6
沈阳皇姑杨卫国中医美容诊所,皇姑区,龙江广场,4.3,单人黑脸娃娃套餐,99,6
雨彤美容SPA会馆,皇姑区,塔湾,4.0,雨彤美容SPA会馆女士专享 美容套餐 免费洗浴,38,5
特莱维私人健康美容中心（翔凤店）,皇姑区,皇姑区,3.9,单人24K靓颜精华+经络调理套餐,228,5
优优专业美肤中心,皇姑区,北行,4.0,单人开背通经络/腿部梳理2选1,56,5
晓聪按摩院,皇姑区,龙江广场,4.0,单人拔罐,16,5
葉子美学,皇姑区,皇姑区,5.0,单人温和净肤（唇毛或腋下二选一）,49.9,5
爱尚丽人美容会馆专业美肤机构,皇姑区,北行,3.5,面部护理套餐,58,5
凡蒂半永久美甲美睫会所,皇姑区,北行,5.0,单人生活彩妆,29.8,5
光合翌美美肤中心（皇姑店）,皇姑区,北行,4.1,单人专业排痘套餐,58,4
美秘坊美容瘦身养生会馆,皇姑区,塔湾,4.0,单人背部拔罐1次,8.8,3
翯HER BEAUTY（乐天店）,皇姑区,龙江广场,4.0,ALBION清新系列面部护理,79,3
灸艾益生养生馆,皇姑区,辽大南校区,4.6,单人艾灸养生,49,3
丽凯纳米养生馆（华山路店）,皇姑区,皇姑区,3.5,单人纳米汗蒸体验1次（限时13点到16点间）,9.9,2
小乔减肥养生馆,皇姑区,塔湾,3.5,单人头疗套餐,9.9,2
丽颜美半永久纹眉美瞳线,皇姑区,皇姑区,4.2,单人孕睫套餐,60,2
刺皇美甲美睫,皇姑区,北行,4.9,单人超闪牙钻一次,5.9,2
瑞足汇足道养生会馆,皇姑区,北行,5.0,瑞足Spa养生,209,1
金典女王美业,皇姑区,辽大南校区,4.5,单人尊享美容A套餐,258,1
祝宁盲人按摩院,皇姑区,皇姑区,3.5,单人全身按摩1次,45,1
火氏中药祛斑祛痘研究所,皇姑区,辽大南校区,3.5,单人火氏去黄褐斑,29.9,1
垂香阁文化足疗,皇姑区,辽大南校区,4.0,全身推拿调理,188,1
韩俏半永久眉美瞳线纹眉美睫（北行店）,皇姑区,北行,5.0,单人皮肤管理深层清洁套餐,97,1
艾美美容瘦身会馆,皇姑区,北行,3.5,单人面部提升套餐,68,0
优滋康美艾灸理疗会馆（优滋康美店）,皇姑区,北行,3.5,单人艾灸养生整体调理套餐,78,0
尚赫瘦身理疗,皇姑区,陵东,4.0,三分钟速减,19.9,0
Acer 韩式半永久美丽工作室,皇姑区,皇姑区,3.5,单人韩式唇私人定制体验套餐,78,0
娇姿瘦身美容工作室,皇姑区,皇姑区,4.0,单人肩背调理1次,15,0
香港百草芳香国际瘦身,皇姑区,怒江北街,4.0,单人刮痧体验,9.9,0
全息推拿理疗,皇姑区,北陵,3.0,单人拔罐,20,0
乐乐半永久美甲（北行店）,皇姑区,北行,4.1,韩式美睫线,298,0
千媚儿3S美塑养生馆（宁山中路店）,皇姑区,龙江广场,3.0,单人特价超值套餐1份,88,0
纤姿俪影美容瘦身会所,皇姑区,北行,3.5,五行养生走罐/刮痧拔罐2选1,30,0
左爱造型,皇姑区,皇姑区,4.9,单人面部水养护理,29.9,0
优卡佛名媛尊尚美容会馆（皇姑北行店）,皇姑区,北行,3.5,单人扶阳火龙灸套餐,39,0
森淼美容养生馆,皇姑区,长客总站,4.2,养生体验套餐,58,0
ky美甲工作室,皇姑区,北陵,3.5,单人日常体验妆1次,88,0
丽人阁美甲美睫化妆纹绣,皇姑区,北行,5.0,单人韩式眉眼二选一套餐,569,0
WXM日式美甲美睫.纹绣馆,皇姑区,皇姑区,4.6,韩式轻氧无痂美妆套餐,688,0
脊柱梳理（阳光上品店）,皇姑区,陵东,3.9,单人脊柱梳理月卡1张,1500,0
润生堂,皇姑区,北行,4.1,单人手工穴灸套餐,99,0
美之莉美肤会所,皇姑区,北行,3.5,单人美肤体验,68,0
娇鹏美甲,皇姑区,北行,3.8,单人水光护肤体验套餐,199,0
韩式半永久定妆术·纹绣美瞳线纹眉永久眉（皇姑店）,皇姑区,小白楼,4.9,单人毛孔深层清洁（小气泡）套餐,120,0
Beauty show韩国半永久纹绣减肥馆,皇姑区,北行,3.5,韩式单人定妆套餐,580,0
Amelie韩式半永久定妆,皇姑区,北行,3.5,单人韩式美妆套餐3选1,458,0
康道盲人按摩,浑南区,奥体中心,5.0,全身按摩/草本足疗2选1,52,648
志强盲人按摩连锁机构（金地店）,浑南区,奥体中心,5.0,单人局部调理按摩5选1,34.9,611
志强盲人按摩连锁机构（浑南店）,浑南区,奥体中心,5.0,单人局部调理按摩5选1,34.9,611
丰秀佳人（浑南店）,浑南区,奥体中心,5.0,背部拔罐,9.9,570
娜娜丰秀养生会馆,浑南区,奥体中心,5.0,超值瘦身套餐,9.9,437
康道经络足疗养生按摩院（浑南店）,浑南区,浑南区,5.0,单人十四经络套餐,229,262
猫一会儿盲人按摩吧（浑南中路店）,浑南区,奥体中心,4.6,单人传统中式按摩/足疗1次,66,251
水木雅阁盲人按摩（浑南店）,浑南区,奥体中心,4.5,拔罐,16,237
东方足道,浑南区,浑南区,5.0,单人东方按摩套餐,118,220
东方美美容SPA会所（浑南店）,浑南区,奥体中心,4.5,单人健康舒压套餐,99,199
宽堂雅舍中医按摩会所,浑南区,奥体中心,5.0,单人全身养生1次（头面部＋颈部＋上肢＋背腰部＋下肢）,89,197
俏佳人养生会所,浑南区,奥体中心,5.0,单人经络代谢瘦身2次,9.9,168
晶芙岛美容SPA会所（赛洛城店）,浑南区,奥体中心,4.1,单人QQ芭比甲油胶,29.9,166
苗方清颜祛痘中心（浑南总店）,浑南区,奥体中心,4.2,单人去痘体验套餐,49,162
怡林阁艾灸推拿工作室,浑南区,浑南区,4.9,单人肩颈/腰腿调理1次,79,156
常见足疗,浑南区,奥体中心,5.0,单人拔罐＋刮痧,29,153
痘教授皮肤护理中心,浑南区,奥体中心,5.0,补水护理套餐,9.9,143
靓密码美容美体（装修ing店）,浑南区,奥体中心,5.0,单人面部护理月卡1张,19.9,120
江南富帝皮肤管理中心（奥体店）,浑南区,奥体中心,4.7,单人气泡活氧水素清洁套餐,198,108
手尔康盲人按摩,浑南区,奥体中心,5.0,单人半小时按摩1次,35,103
秀域科技美容（浦江苑店）,浑南区,浑南区,4.0,高科技生活美容单次体验课程,129,103
崎钰半永久纹眉纹绣美瞳线（浑南店）,浑南区,浑南区,4.3,单人腋下/上唇冰点体毛局部脱二选一,10,96
良子足道,浑南区,浑南区,5.0,单人良子经络养生,139,92
浑南区脊康按摩院（原王氏祖传按摩）,浑南区,浑南区,3.8,单人颈椎按摩1次,49,88
橘子美容养生会馆,浑南区,奥体中心,5.0,单人刮痧拔火罐二选一,19.8,79
枫运之叶全国连锁苗方祛痘中心,浑南区,奥体中心,3.5,单人毛孔清洁,28,76
鑫俏丽美甲美睫纹眉半永久定妆（白塔店）,浑南区,浑南区,4.6,鑫俏丽单人美妆设计套餐,1380,74
鑫俏丽半永久纹绣美甲美睫（奥体万达店）,浑南区,奥体中心,5.0,鑫俏丽单人美妆设计套餐,1380,74
鑫俏丽半永久纹绣美甲美睫（音乐学院店）,浑南区,奥体中心,5.0,鑫俏丽单人美妆设计套餐,1380,74
尼巫韩国素颜体验馆.美甲美睫.半永久,浑南区,奥体中心,5.0,单人小气泡清洁管理1次,158,72
糖果半永久美妆店（金地琥珀天地店）,浑南区,奥体中心,5.0,单人冰点体毛局部脱,89,69
威思丽瑜伽（沈营路店）,浑南区,浑南区,4.4,单人瑜瑜伽体验套餐,29.9,63
清和帝足道会馆,浑南区,奥体中心,5.0,单人精品按摩套餐,175,60
Sunshine焕颜美肤SPA·美甲美睫,浑南区,奥体中心,5.0,单人 环保甲油胶纯色可跳色,39,57
碧瑞莲美容会所（浑南名流印象店）,浑南区,奥体中心,4.4,单人碧瑞莲经典全身舒压按摩,78,55
My Lady美甲美睫私人订制馆,浑南区,奥体中心,4.5,韩式仿真毛睫毛嫁接,88,54
正气堂健康面部管理中心,浑南区,浑南区,3.7,单人专业肌痘护理体验2次套餐,9.9,48
澳惠滢纤体减肥美容国际连锁（建大分店）,浑南区,奥体中心,5.0,单人中式手法按摩瘦身体验3次,29.9,46
紫雯半永久纹绣秀眉坊,浑南区,奥体中心,4.6,单人韩式美睫线,299,38
格涞柔纤体美容会所,浑南区,奥体中心,3.5,单人焕颜护理＋注氧护理＋眼部护理套餐,98,10
天使美甲美睫半永久,浑南区,奥体中心,5.0,单人手部补水美白护理1次,29.9,10
金域良子足道,浑南区,奥体中心,5.0,单人暖足清脑套餐,129,10
权健火疗健康养生馆,浑南区,奥体中心,4.5,单人局部调理5选1,29.9,9
荣颜半永久专业面部管理中心（奥体万达店）,浑南区,奥体中心,3.5,单人深层醒肤护理或虫草痘迹皮肤管理二选一套餐,38,8
纤秀形象管理工作室,浑南区,奥体中心,4.6,单人五行绿色代谢瘦身2次,9.9,7
安的女子美容美体美甲美睫半永久,浑南区,奥体中心,5.0,A·S面部补水SPA按摩套餐,79,6
永盛推拿按摩,浑南区,奥体中心,4.6,单人刺络＋拔罐一次,25,6
雅妍纤体美容养生会所,浑南区,奥体中心,3.5,单人刮痧+拔罐1次,38,5
UNI优妮国际美颜抗衰会馆,浑南区,奥体中心,5.0,单人进口水光补水套餐,398,5
小迷の新派美体BAR,浑南区,奥体中心,5.0,单人温和脱毛1次体验套餐,125,5
艳姿美容减肥养生馆,浑南区,浑南区,4.5,单人背部拔罐1次,9.9,5
若若悦心美颜美甲工作室,浑南区,奥体中心,4.7,单人手臂蜜蜡净肤套餐,168,4
Midoer 花汐米朵日式美甲美睫,浑南区,奥体中心,4.6,韩国small气泡全脸Skin深层清洁1次,199,3
莲荷美容半永久理疗养生馆,浑南区,奥体中心,4.0,单人代谢瘦身体验3次套餐,9.9,3
依彩美妆半永久,浑南区,奥体中心,5.0,单人韩式素颜美妆套餐,158,3
董师傅私人推拿会所（浑南店）,浑南区,奥体中心,4.5,单人刮痧+拔罐 1次,80,3
源芭蕾舞蹈（浑南校区）,浑南区,奥体中心,4.0,单人芭蕾体验课,100,3
猫眼美妆（万科明天广场店）,浑南区,奥体中心,5.0,单人局部瘦身体验,29.9,3
MOKi MOKi半永久脱毛MTS皮肤管理中心,浑南区,奥体中心,4.5,单人净肤脱唇周+面颊体验套餐,99,2
旖旎日式美甲美睫沙龙,浑南区,奥体中心,4.7,手部护理SPA,29.9,2
萤火虫美甲工作室,浑南区,奥体中心,5.0,双小臂或双小腿零点净肤体验1次,79,2
忆心缘美容会所,浑南区,奥体中心,4.2,单人背部养型火罐1次,29.9,2
princess美甲美睫,浑南区,奥体中心,5.0,单人宴会妆/生活妆个性定制1次,48,2
蜗牛主题工作室·美甲·美容·半永久,浑南区,奥体中心,4.6,单人美容养生4项6次体验套餐,128,1
李师傅中医按摩,浑南区,奥体中心,3.5,单人拔罐/刮痧任选1次,19.9,1
涵曦.瘦脸瘦身减肥美容体验馆,浑南区,奥体中心,4.5,单人还幼臻萃套盒体验1次,38,1
韩俏美甲美睫半永久眉美瞳线纹眉（浑南店）,浑南区,奥体中心,5.0,单人皮肤管理深层清洁套餐,97,1
可丽儿（日式）美甲美睫半永久,浑南区,奥体中心,5.0,单人日式美睫眼线套餐,880,1
Hanayo花柚日式美甲美睫,浑南区,奥体中心,5.0,冰点无痛净肤局部套餐,48,1
凯润婷皮肤管理中心,浑南区,奥体中心,4.0,气泡深层清洁管理2次,99,1
格嘉尔纤体瘦身,浑南区,奥体中心,5.0,单人背部拔罐体验1次,29,1
娇玛仕美容形体美甲美睫,浑南区,浑南区,4.7,单人韩式美眼线,688,1
伊妮坊韩式半永久美颜私人定制,浑南区,奥体中心,5.0,单人眉形设计体验1次,18,1
鸥迪良子（浦江苑店）,浑南区,浑南区,4.0,单人足道+全身按摩+背部油压,149,1
虞尔珈仪美丽吧（万科明天广场店）,浑南区,奥体中心,5.0,单人正宗尚赫归元五通瘦身15次,880,0
韩国明茜形象设计工作室,浑南区,浑南区,4.0,单人韩式美睫线,1000,0
焕颜伊鑫OPT冰点专业净肤管理,浑南区,奥体中心,4.5,单人祛红血丝管理1次,138,0
Qiu.z美学设计·美甲美睫·半永久（邱子工作室）,浑南区,奥体中心,4.0,单人韩式美瞳眼线1次,680,0
朴氏艾灸馆,浑南区,浑南区,3.5,单人坐灸1次,49,0
依莹·艺指空间,浑南区,奥体中心,4.8,单人韩式美妆线\眼部\嘴部套餐,888,0
伊特丽美容美体会所,浑南区,奥体中心,3.5,单人面部微雕1次,9.9,0
Vc巍溪日式美甲美睫工作室,浑南区,奥体中心,4.7,单人美睫线体验套餐,2280,0
百草芳香国际瘦身（香格丽尔店）,浑南区,浑南区,3.5,单人筋疗养生体验1次,168,0
2017美甲美睫美妆工作室,浑南区,奥体中心,4.6,单人五行瘦身三次(仅限新人使用了),19.8,0
琳琳美甲,浑南区,奥体中心,4.0,单人美睫线1次,580,0
欣之恋美业,浑南区,奥体中心,5.0,单人沙棘能靓油美容排の毒3次,100,0
唯朵半永久&美甲美睫工作室,浑南区,奥体中心,5.0,单人排寒排湿艾灸体验一次,18.9,0
Duo多美甲美睫半永久纹绣,浑南区,浑南区,5.0,单人眼线韩式设计1次,288,0
安老师纹绣美容抗衰养生中心,浑南区,奥体中心,3.5,单人面部清氧洁肤一次,88,0
伊优曼美容美体养生会馆,浑南区,奥体中心,4.2,肩颈理疗,1380,0
舍宾塑美（金卡路店）,浑南区,奥体中心,3.5,单人核能经络动态瘦身7次,480,0
L.N美甲美睫,浑南区,浑南区,5.0,单人韩式灵动美妆眉 手雕 1次,600,0
拇指美容减肥中心,于洪区,于洪广场,5.0,单人面部清洁+净排体验3次,38,70
巷子深美容美体美妆私人定制馆,于洪区,碧桂园银河城,5.0,单人特惠面部护理超值套餐,15.8,70
糖果半永久美妆店,于洪区,于洪区,5.0,单人冰点体毛局部脱,89,69
素雅轩美妆工作室（旗舰店）,于洪区,于洪广场,5.0,精致睫毛嫁接,89,57
桃林美容院,于洪区,于洪区,5.0,单人拔罐/刮痧,8.8,56
汉唐养生坊,于洪区,长江北街/黑山路,4.4,单人推拿/刮痧套餐,59,54
灵彩合一美容养生馆,于洪区,荷兰村,5.0,单人肩颈调理,47,52
珀薇美甲美睫半永久（兴隆桃源店）,于洪区,国奥现代城,5.0,单人珀薇面部水疗护理1次,15,47
珀薇美甲美睫半永久（四叶草店）,于洪区,荷兰村,4.0,单人珀薇面部水疗护理1次,15,47
御府足道,于洪区,荷兰村,5.0,单人御府足道＋全身按摩,99,40
九晶艾灸阁,于洪区,碧桂园银河城,4.7,禅灸,159,35
国宾足道,于洪区,于洪广场,5.0,单人国宾之道,79,35
佐登妮丝美容SPA生活馆（汪河路店）,于洪区,碧桂园银河城,4.8,单人背部SPA芳香舒穴护理套餐,49,33
经络养生馆,于洪区,于洪区,4.1,15元拔罐,15,32
菲菲美容美体减肥瘦身工作室,于洪区,长江北街/黑山路,5.0,单人三分钟速减,9.9,30
盛世足道,于洪区,荷兰村,4.7,单人盛世经典（80分钟）,99,28
美迪雅美容瘦身养生馆,于洪区,于洪区,5.0,单人水疗+精华导入套餐（全程80分钟）,38,24
美颜阁美肤坊,于洪区,于洪区,5.0,单人面部深层清洁套餐,29.9,24
宝旗八风堂,于洪区,国奥现代城,4.6,单人妇科保养／肠胃调理／腹部调理+艾灸,78,19
章光101（三台子店）,于洪区,三台子,3.5,章光101美丽套餐,268,19
按摩,于洪区,于洪区,5.0,肩颈调理,58,18
利蒂西娅美容美体,于洪区,于洪广场,3.0,单人背部刮痧+拔罐,19,17
香薇妮丝女子减肥院（于洪店）,于洪区,于洪区,4.7,单人经络塑型瘦身净排养生体验套餐,38,16
瑞丰养生馆,于洪区,于洪区,4.0,单人足疗＋全身按摩＋拔罐／汗蒸1次,118,14
贝比乐婴幼spa水育乐园,于洪区,于洪区,4.5,首次游泳体验票,28.8,12
大江盲人按摩院,于洪区,于洪广场,4.6,养生推拿套餐,128,11
紫崎半永久美甲美睫私人订制室,于洪区,于洪广场,4.7,单人美睫线/设计1次,10,9
SOQI三本木能量养生馆,于洪区,万科四季花城,3.5,单人SOQI肩颈护理3次,59,9
国宾足道,于洪区,荷兰村,5.0,国宾之道,79,12
凤之灵养生会馆,于洪区,荷兰村,3.0,单人肩部舒缓+头部舒缓+艾灸套餐,68,8
艾尚美甲纹绣会馆,于洪区,阳光100,5.0,单人眉形设计套餐,9.9,7
百莲凯国际美容连锁,于洪区,碧桂园银河城,4.5,单人水氧佳人补水护理一次,36,7
SUSANSAY苏三说全国美甲连锁（三台子店）,于洪区,长江北街/黑山路,5.0,【手部护理】单人苏三说手部精致按摩护理1次,38,6
牡丹园中医馆,于洪区,碧桂园银河城,4.2,单人拔罐,9.9,5
焱焱养生馆,于洪区,荷兰村,4.0,单人肩颈／腰部调理1次,48,3
玉妍四季养生美容会馆,于洪区,长江北街/黑山路,3.5,肩颈经络疏通,29,3
经艾堂艾灸养生馆,于洪区,长江北街/黑山路,3.5,单人延年益寿灸1次/约60分钟,88,3
百年吴越专业祛痘中心,于洪区,于洪广场,4.6,单人袪痘印套餐,9.9,3
灵彩合一中医养生抗衰连锁机构,于洪区,碧桂园银河城,3.5,单人肩颈调理,47,3
千百媚半永久眉美瞳线脱毛,于洪区,于洪广场,4.7,单人冰激凌小臂小腿包脱,999,3
雅卓美容养生会所,于洪区,荷兰村,3.5,脸部清洁美肤,38,2
丽颜美韩式半永久工作室,于洪区,于洪广场,4.1,单人腋下/上唇冰点体毛局部脱二选一,49,2
尚赫减肥,于洪区,于洪广场,4.7,单人尚赫面部经络提升塑形体验,68,2
火星七号足疗店,于洪区,长江北街/黑山路,3.5,刮痧、拔罐、修脚3选1,28,1
舒心盲人按摩,于洪区,阳光100,4.0,单人按摩30分钟,39.9,1
琳子美甲坊,于洪区,阳光100,5.0,单人眉型设计/眼线设计1次,198,1
威思丽瑜珈橡树湾店,于洪区,荷兰村,4.0,单人茶熏瑜珈+肩颈护理套餐,128,0
比华丽美容养生会馆,于洪区,于洪区,4.6,单人面部调理套餐1次,58,0
玻妃甲艺美甲美睫·半永久,于洪区,长江北街/黑山路,3.9,单人特惠美睫线1次,498,0
鑫手指经络养生堂（松山店）,于洪区,长江北街/黑山路,3.0,调理胃肠,150,0
艺恒美业,于洪区,荷兰村,5.0,单人面部净铅汞砷补水护理,78,0
于洪减肥吧（于洪广场店）,于洪区,于洪广场,4.6,头部护理,80,0
易通扶正馆,于洪区,于洪区,3.5,代金券,45,0
鑫鑫空中瑜伽,于洪区,于洪区,3.5,单人空中瑜伽体验1次,39.9,0
美芙雅美容美体中心馆,于洪区,于洪广场,4.1,芙蓉局部体验,38,0
鸥迪足道（沈北新区店）,沈北新区,沈北新区,3.9,单人足底按摩+背部油压+头部按摩套餐,149,7738
福道盲人按摩,沈北新区,正良,5.0,单人调理按摩（头/颈/肩/手/腹/背/腰/腿）8选1,35,955
大和养生,沈北新区,沈北新区,5.0,单人足疗+按摩,59,872
康美新药艾养生会所,沈北新区,正良,5.0,单人中式拔罐,9.9,639
澜庭芳养生会馆,沈北新区,正良,4.9,香薰精油肩颈护理,29.9,177
八零九零足道馆,沈北新区,沈北新区,5.0,单人刮痧／拔罐2选1,15,137
艾迪佳媛纤体美肤坊（沈北航天店）,沈北新区,正良,3.5,超值优惠全身经络疏通按摩1次,9.9,127
足医堂修脚（正良店）,沈北新区,正良,4.7,修脚套餐,39.99,122
靓冉瘦身美容美体养生会馆,沈北新区,正良,5.0,单人拔火罐1次,7.9,107
美若天成美容养生会所,沈北新区,正良,4.8,单人盈润活肤面部护理套餐,19.9,85
枫运之叶全国连锁苗方祛痘中心,沈北新区,正良,4.1,单人毛孔清洁,28,76
兰妃美容美体养生会馆,沈北新区,正良,5.0,单人刮痧/拔罐/艾灸调理三选一套餐,19.9,64
珈黛痘敏斑美容中心,沈北新区,正良,5.0,单人刮痧+拔罐一次体验,19.9,64
鸥迪足道（沈师店）,沈北新区,正良,5.0,单人背部油压+刮痧或拔罐,99,57
米姐瘦身减肥养生会所,沈北新区,正良,4.3,单人快速瘦身（体验）1次男,5.8,54
spa蓓霓芬韩国美容美体,沈北新区,正良,5.0,单人独特手法刮痧+拔罐1次赠沐浴,18.8,54
美丽密码减肥美容养生馆,沈北新区,沈北新区,5.0,拔火罐（逐寒祛湿、疏通经络、去除淤滞、行气活/血、消肿止痛、拔毒泻热）,6.6,53
晶致女人SPA会所,沈北新区,正良,5.0,单人黄金艾绒艾灸1次,9.9,45
尚赫五行瘦身美容馆（正良店）,沈北新区,正良,5.0,拔罐,4.9,45
瑶芳清颜专业祛痘（沈北店）,沈北新区,正良,4.9,单人补水美白套餐,79.9,44
香港瑶芳专业祛痘中心（沈北总店）,沈北新区,正良,4.8,【对痘痘Say Bye】瑶芳痘肌专业护理45分钟,8.8,39
瑶芳清颜专业祛痘美容会馆（华润万家店）,沈北新区,正良,5.0,单人扁平疣或痣类去除 1次,3,38
Ling慕恩·创美半永久学院,沈北新区,正良,5.0,【预约专拍】单人眉形设计+修眉套餐,8.8,36
陈姐按摩室中式推拿,沈北新区,道义,4.6,单人颈肩调理,25,34
妃梦SPA美容养生会馆,沈北新区,正良,5.0,单人面部水疗护理,9.9,27
奈儿美甲工作室,沈北新区,正良,5.0,单人刮痧/拔罐调理套餐,8.8,22
金晟堂足道养生馆,沈北新区,正良,4.6,金晟堂足疗＋按摩＋背部经络调理或面部提升一次,98,15
高薇美容祛痘,沈北新区,正良,4.6,单人刮痧+拔罐套餐,9.9,14
冰清玉洁美容养生馆,沈北新区,正良,4.9,单人背部套餐,29.9,13
Sunny美甲美睫韩式纹绣美妆工作室,沈北新区,沈北新区,5.0,单人简约生活化妆彩妆套餐,29.8,13
安妮宝贝美发美容美体会所,沈北新区,正良,4.8,单人拔罐/刮痧一次,8.8,12
青柠日式美甲美睫美妆工作室,沈北新区,正良,4.7,单人眉型设计+修眉一次,9.9,8
静心阁足道,沈北新区,正良,4.4,单人尚品大套1次,138,8
致美婚纱造型纹绣,沈北新区,正良,4.1,单人妆容5选1,58,7
宜仙堂天然芦荟仙人掌护肤,沈北新区,正良,4.0,单人芦荟美白补水一次,39.9,7
韩国诺美半永久纹绣,沈北新区,正良,4.6,韩式美妆设计+修型,0.99,6
爱尚小静美甲美睫美体,沈北新区,正良,5.0,单人中式外敷瘦身3次,8.88,6
玫瑰坊美容美体养生会馆,沈北新区,正良,4.2,单人面部护理1次,38,5
琪迹美容养生馆,沈北新区,正良,4.7,单人修眉+免费设计眉型套餐,1,5
娇指韵美甲（江南甲第店）,沈北新区,正良,4.9,单人面部护肤,48.8,4
灵艺·高端美甲美睫美妆中心,沈北新区,正良,4.9,单人精致化妆A套餐,58,2
William beauty半永久美妆美睫美瞳工作室,沈北新区,正良,5.0,韩式隐形美瞳/线,1580,2
7号美甲屋·纹绣美瞳线半永久,沈北新区,正良,5.0,单人尚赫五行经络代谢瘦身套餐,58,2
韩韩半永久美甲美睫工作室,沈北新区,正良,4.6,单人面部深层补水 美白套餐任选其一,15.8,1
美颜美甲美容减肥会馆,沈北新区,正良,5.0,单人面部净排补水,59.9,1
莲华美颜睫毛嫁接精品工作室,沈北新区,正良,4.7,单人腿部净肤套餐,800,0
紫馨美甲美睫半永久工作室,沈北新区,沈北新区,5.0,单人面部护理＋背部舒缓体验套餐,99,0
糖果盒Hair Salon,沈北新区,正良,5.0,韩式粉黛容妆/亮眸线/水润红三选一,1380,0
I Do艺甲屋,沈北新区,沈北新区,5.0,【眼线】单人素颜妆容定制1次,299,0
蜜雪儿韩式半永久纹绣纹眉定妆馆,沈北新区,道义,4.6,单人韩式眼线套餐,880,0
晟利美容美体理疗工作室,沈北新区,沈北新区,4.4,背部经络疏通（包含精油肩颈调理）,49.8,0
美媛素半永久瘦身美容工作室,沈北新区,沈北新区,5.0,香薰耳烛淋巴净排,38,0
小六修脚,辽中县,辽中,4.4,单人小六姜王沐足套餐,59,70
菲林凯尔,辽中县,辽中,3.5,单人菲林凯尔植物净排,58,42
郑宏伟按摩院,辽中县,辽中,3.8,按摩体验,19.9,31
妈妈十二愿,辽中县,辽中,3.5,9.8元奢华莹润保湿补水护理,9.8,24
