﻿商家,区域,商圈,星级,服务,价格,销量
良富足浴,海曙区,月湖盛园,5.0,单人标准足浴套餐,94.9,15637
朋朋修脚（青林湾店）,海曙区,青林湾,4.0,单人足部护理套餐,33.9,15619
朋朋修脚（环城西路店）,海曙区,海曙区,4.3,单人足部护理套餐,33.9,15619
朋朋修脚（大沙泥街店）,海曙区,海曙区,4.8,单人足部护理套餐,33.9,15619
美丽田园（和义大道购物中心店）,海曙区,和义大道,5.0,单人美白/保养/紧致/保湿SPA套餐四选一,268,13569
华府月红1992,海曙区,海曙区,5.0,单人港式按摩套餐,88,10706
秀域科技美容（银杏店）,海曙区,西门口,4.0,单人夏日冰点净脱,88,7218
泰圣荷泰国草本美胸国际连锁机构（宁波海曙店）,海曙区,天一广场,4.1,【特惠】单人美胸体验套餐,1,4204
爱尚甲姐妹花美甲店（鼓楼麦当劳店）,海曙区,鼓楼,5.0,单人UV甲油胶1次,38.9,3058
克丽缇娜（南都店）,海曙区,海曙区,4.0,克丽缇娜水妍润泽单人焕美套餐,158,3035
克丽缇娜（青林湾21号码头店）,海曙区,青林湾,4.9,克丽缇娜水妍润泽单人焕美套餐,158,3035
克丽缇娜（通达路店）,海曙区,环城西路南段,4.0,克丽缇娜水妍润泽单人焕美套餐,158,3035
克丽缇娜（丽园店）,海曙区,环城西路南段,4.5,克丽缇娜水妍润泽单人焕美套餐,158,3035
皇朝养生会馆（海曙店）,海曙区,鼓楼,5.0,单人足浴1次,99,2005
苗医生专业祛痘（海曙店）,海曙区,海曙欧尚,4.9,单人专业痘肌护理套餐,9,1807
润脉堂盲人推拿会所,海曙区,鼓楼,5.0,单人健康养生护理套餐,67,1801
伊锦苑美容美体中心（宁波店）,海曙区,天一广场,3.5,单人美容护理套餐2选1,68,1721
静博士养生美容连锁（东门店）,海曙区,天一广场,5.0,五行通调养护理单人套餐,158,1492
静博士美容养生（月湖·静spa）,海曙区,月湖盛园,5.0,五行通调养护理单人套餐,158,1492
静博士养生美容连锁（蓝天店）,海曙区,环城西路南段,5.0,五行通调养护理单人套餐,158,1492
碧塔海养生会馆（宁波一店）,海曙区,环城西路南段,5.0,【碧塔海推荐】单人养生SPA套餐90分钟,198,1453
逸轩足浴,海曙区,城隍庙,5.0,单人精品足浴,118,1310
芯肤科技专业美肤痘肌护理中心（宁波世纪广场店）,海曙区,天一广场,4.8,单人毛孔深度疏通净排痘肌护理套餐（轻中度）,79,1109
芯肤科技专业美肤痘肌护理中心（宁波世贸中心店）,海曙区,天一广场,4.7,单人毛孔深度疏通净排痘肌护理套餐（轻中度）,79,1109
美雅芙科技美肤生活馆（天之海店）,海曙区,天一广场,4.2,单人五国焕颜套餐,58,1054
亦云时代专业机构（宁波店）,海曙区,青林湾,4.4,9选1温和脱毛,8.8,1011
圣梦美容美体生活馆,海曙区,海曙区,5.0,单人泰式推拿套餐,62,889
修致美皮肤管理中心（宁波天一总店）,海曙区,天一广场,5.0,氧气过敏洗 单人套餐,29,822
瑶玉会,海曙区,南塘老街,4.0,单人足浴1次,119,813
苗医生专业祛痘（联丰店）,海曙区,环城西路南段,5.0,单人痘肌护理2次套餐,38,788
谢式一鼎灸（海曙汇金店）,海曙区,和义大道,4.5,单人谢式一鼎灸保健项目2选1套餐,98,693
中经堂（宁波店）,海曙区,月湖盛园,5.0,单人颈肩调理（推拿／按摩／艾灸／拔罐）套餐,228,636
大学生足浴（法院巷店）,海曙区,鼓楼,5.0,单人超值足疗按摩套餐,88,578
天德堂,海曙区,天一广场,4.6,单人调理按摩4选1,68,522
富侨足浴,海曙区,环城西路南段,5.0,单人富桥标准足浴套餐,89,487
天御古典足道（铭悦广场店）,海曙区,环城西路南段,5.0,单人足浴套餐,99,478
素然雅半永久定妆,海曙区,天一广场,5.0,单人眉形设计+修眉年卡一张,1,409
豪成保健,海曙区,环城西路南段,5.0,单人按摩SPA套餐,238,368
精气神经络推拿,海曙区,海曙区,5.0,单人刮痧／拔罐2选1,25,358
山水足浴,海曙区,西门口,4.0,单人足浴1次,88,356
卓伊百草堂,海曙区,天一广场,5.0,单人拔罐1次,16.9,342
仁艾堂艾灸养生,海曙区,青林湾,5.0,单人拔罐/刮痧二选一1次,39,326
韩美人科技美容连锁（天一广场店）,海曙区,天一广场,4.9,单人超人气单部位终身无限次包脱套餐,98,321
泰一足道,海曙区,海曙区,4.1,单人足浴四选一1次,78,314
十全久美皮肤修复中心（天一店）,海曙区,天一广场,5.0,单人痘肌调理套餐,18,252
宜之夫美容养生,海曙区,鼓楼,5.0,肩颈推拿按摩加古方药泥套餐,98,249
宁波少林永化堂,海曙区,城隍庙,5.0,单人功夫推拿1次,129,246
上水健康足道生活馆,海曙区,青林湾,5.0,单人上水足浴套餐,138,224
银十字（海曙店）,海曙区,海曙区,3.6,单人淡痘套餐,19.9,205
菩瑞婷美容连锁（月湖旗舰店）,海曙区,月湖盛园,4.0,单人全身14经络疏通（大三通）1次,129,205
菩瑞婷美容连锁（天一广场店）,海曙区,天一广场,4.1,单人全身14经络疏通（大三通）1次,129,205
唯美修身堂（海曙店）,海曙区,天一广场,5.0,单人精油开背套餐/肩颈舒缓护理套餐2选1,68,202
缔美诗药妆·皮肤管理（中山西路店）,海曙区,翠柏路沿线,4.1,十天无限次皮肤管理项目体验套餐,198,188
缔美诗药妆·皮肤管理（恒一广场店）,海曙区,环城西路南段,4.7,十天无限次皮肤管理项目体验套餐,198,188
瑞贝卡美容养生馆,海曙区,海曙区,4.2,单人瑞贝卡美容套餐,18.8,182
百莉雅造型护肤spa,海曙区,青林湾,3.7,单人资深设计师洗剪吹1次,25,174
罗亚帝时尚沙龙（南塘店）,海曙区,南塘老街,5.0,单人女士全身SPA套餐,198,164
静池健康足疗,海曙区,环城西路南段,5.0,单人精油开背+敲背1次,80,113
美颜本草堂,海曙区,天一广场,5.0,单人超值美颜4选1套餐,9.9,110
容光美容美发,海曙区,天一广场,4.0,单人美容护理套餐,88,109
国栋造型妍色美妆,海曙区,天一广场,4.7,单人生活妆约会妆造型一次,68,42
易生传奇头疗养生会所（望京路店）,海曙区,西门口,4.7,单人全身调理美容养生套餐,198,41
薇妮（时尚莱迪广场店）,海曙区,城隍庙,3.7,薇妮化妆品专卖店韩式面部深层清洁,9.9,35
M·K精致瘦身美容工作室,海曙区,天一广场,4.7,背部拔罐,29.9,33
丽雅纹绣（天一豪景店）,海曙区,天一广场,4.4,单人生活妆一次,19.9,34
丽雅纹绣（莱迪广场店）,海曙区,城隍庙,4.2,单人生活妆一次,19.9,34
亚思美容养生,海曙区,鼓楼,4.2,单人美容SPA套餐1次,39,33
心和康汗蒸美容spa,海曙区,环城西路南段,4.5,单人汗蒸美容spa1次,9.9,31
唯美修身堂（天一店）,海曙区,城隍庙,4.6,单人经络按摩瘦身神奇套餐一次,98,30
克拉光源光能美肤机构,海曙区,天一广场,4.4,单人护理套餐,88,30
tia美妆工作室,海曙区,海曙区,4.0,单人个人形象生活妆1次,29.9,29
JM SKIN 皮肤管理中心,海曙区,天一广场,4.6,(灭黑头轻松get)大气泡一次,198,25
川南足道,海曙区,月湖盛园,4.2,单人泰式按摩1次,88,24
秀域科技美容（青林湾店）,海曙区,青林湾,3.5,店庆酬宾专享全营养瘦身体验小课程,499,23
秀域科技美容（南都花城店）,海曙区,海曙区,3.5,店庆酬宾专享全营养瘦身体验小课程,499,23
你好麗姿养生馆,海曙区,环城西路南段,3.7,单人背部气循环＋拔罐套餐,38,22
花都美容瘦身养身会馆（南苑店）,海曙区,南塘老街,5.0,单人经络调理瘦身套餐,9.9,22
美颜堂半永久中心（宁波总店）,海曙区,天一广场,5.0,自然睫毛嫁接,88,21
睫萌致美美睫,海曙区,城隍庙,4.9,单人皮肤水氧护理,108,17
纤手人生美容spa会所,海曙区,海曙区,4.9,单人五行经络肩颈调理,98,16
青樱形象中心,海曙区,天一广场,5.0,单人韩式妆容1次,15.8,16
思妍丽,海曙区,和义大道,4.0,单人维E柔肤舒缓护理SPA套餐,288,15
秀域科技美容（欧尚店）,海曙区,海曙欧尚,4.0,高科技生活美容单次体验课程,149,15
惠颐堂,海曙区,环城西路南段,3.5,单人肩颈舒活套餐,98,13
克拉美颜工作室,海曙区,天一广场,5.0,单人韩国小气泡,78,13
有友美甲（翠柏店）,海曙区,翠柏路沿线,4.2,单人日式水貂毛嫁接1次,198,13
Yestar星粉品牌体验馆（1844店）,海曙区,和义大道,4.6,星享面部基础护理单人套餐,58,13
有友美甲（青林湾店）,海曙区,青林湾,4.5,单人日式水貂毛嫁接1次,198,13
思慕塑形养生美容馆,海曙区,和义大道,4.4,单人精油开背／肩颈舒缓护理2选1套餐,59,12
美丽心情瘦身美容工作室,海曙区,海曙区,4.0,竹罐,8,11
甬乐会足道养生馆,海曙区,海曙区,5.0,单人甬乐会保健养生套餐,168,11
瘦吧养生馆,海曙区,翠柏路沿线,4.0,单人脸部中式补水套餐,18,10
九玖美容养生,海曙区,城隍庙,4.1,单人美容套餐,66,10
美尔美乐（专业减肥）（马园路店）,海曙区,汽车南站,3.9,单人肩颈腰椎护理套餐1次,58,10
美悦荟ESPA（马园店）,海曙区,海曙区,3.5,单人光洁毛腋下年卡,498,9
美悦荟ESPA（天一家园店）,海曙区,海曙区,4.0,单人光洁毛腋下年卡,498,9
美悦荟ESPA（汇金店）,海曙区,和义大道,3.7,单人光洁毛腋下年卡,498,9
芳庭美之（天一旗舰店）,海曙区,月湖盛园,4.5,单人整体淋巴疏通,103,9
董敏园悬灸,海曙区,环城西路南段,4.4,单人徒手面膜/面部拨筋/面部刮痧/美容艾灸四选一,58,2
s.u上釉美甲美睫（和义大道店）,海曙区,和义大道,4.9,单人生活妆体验,120,2
薇妮化妆品店,海曙区,高鑫广场,4.0,脸部基础清洁（清洁三宝）,19.9,2
柳汀推拿减肥馆,海曙区,汽车南站,4.0,单人刮痧1次,25,2
靓康宝贝乳腺养疗中心,海曙区,城隍庙,4.0,单人排乳液体验套餐,18,2
乐活概念清颜美肤生活馆,海曙区,城隍庙,4.0,单人乐活清颜美肤1次,88,2
灸元阁（高塘店）,海曙区,西门口,4.2,单人足浴1次,58,2
和谐丽人美容美体生活馆,海曙区,天一广场,4.1,单人美胸健胸1次,78,2
意中堂SPA养生会馆,海曙区,青林湾,4.0,单人面部排酸,98,2
s.u上釉美甲美睫（国际购物中心店）,海曙区,天一广场,5.0,单人生活妆体验,120,2
俐姿专业减肥,海曙区,青林湾,3.9,单人乳腺疏通+肩颈保养+拔罐套餐,68.8,2
指醉.美睫半永久,海曙区,鼓楼,5.0,单人面部提升一次,68,1
remember美甲美睫半永久,海曙区,天一广场,4.4,单人四季手部精油按摩护理套餐,89,1
1978·茱俪（国购店）,海曙区,天一广场,4.0,单人面部保湿舒缓护理,169,1
章飞一绝美容（海曙店）,海曙区,海曙区,4.5,单人美容美体套餐,98,1
德美瑞丽科技皮肤管理中心,海曙区,青林湾,3.5,体验券,398,1
绣尚美甲美睫纹绣,海曙区,城隍庙,5.0,单次腋下脱 毛/唇部脱 毛2选1,280,1
MJB美甲帮,海曙区,天一广场,5.0,单人水光美白牙齿套餐,580,1
若兰时光SPA会所（解放南路店）,海曙区,天一广场,4.0,单人德国DB乳疗+暖宫调经腹活能源spa套餐,299,1
可诺丹婷（海曙翠柏店）,海曙区,海曙欧尚,3.8,单人养生套餐,999,0
YOYO美甲美睫纹绣,海曙区,鼓楼,5.0,单人魅力内睫线,980,0
可诺丹婷（世贸中心店）,海曙区,天一广场,4.2,单人养生套餐,999,0
可诺丹婷（鼓楼店）,海曙区,鼓楼,3.7,单人养生套餐,999,0
品雅美容生活馆（海曙店）,海曙区,海曙区,3.9,美容体验套餐,168,0
可诺丹婷【象山靖南】,海曙区,海曙区,3.9,单人养生套餐,999,0
8090焕颜养生工作室,海曙区,鼓楼,4.2,单人补水套餐1次,66,0
阿兴美容美发（开明店）,海曙区,和义大道,4.3,单人肩、颈、背舒压净排调理1次,128,0
新太阳雨女子SPA养生馆,海曙区,西门口,3.5,新太阳雨女子SPA美容套餐10选2,68,0
田野致美连锁（天一店）,海曙区,天一广场,4.0,单人夏季美容养生护理卡,48,0
rinawale美容美体,海曙区,城隍庙,4.4,单人瑞士面部护理套餐,128,0
妮可美容院,海曙区,西门口,3.5,腿部经络护理套餐,48,0
遇见美容养生馆,海曙区,汽车南站,4.3,单人养生套餐,58,0
MOLI美研工厂,海曙区,天一广场,4.5,单人肌肤小气泡套餐1次,280,0
兰芮芬娜.悦SPA（西门口店）,海曙区,翠柏路沿线,3.5,单人美容套餐,128,0
美琪美甲,海曙区,城隍庙,5.0,单人韩式妆容1次,680,0
指间罗曼史美甲美睫半永久,海曙区,环城西路南段,3.9,单人女神眉1次,1980,0
瑜澄养生馆（海曙店）,海曙区,海曙区,4.1,面部晒后护理套餐,128,0
艾丫美甲会所,海曙区,城隍庙,4.4,单人小气泡护肤管家一次,498,0
Dan Red美甲美睫半永久,海曙区,海曙区,5.0,局部净肤套餐,399,0
可诺丹婷（天一豪景店）,海曙区,天一广场,4.0,单人养生套餐,999,0
yoyo美甲,海曙区,鼓楼,4.7,滋润补水套餐,68,0
VANESSA形象管理,海曙区,天一广场,5.0,皮肤管理专业护理,138,0
more beauty日式美颜堂,海曙区,天一广场,5.0,大小腿/大小手臂4选1脱毛冰点套餐,880,0
兰芬时代（世纪广场店）,海曙区,天一广场,3.5,单人美容套餐,128,0
Miss Y美甲工作室,海曙区,青林湾,5.0,单人韩式魅力电眼线1次,1180,0
弘儒堂足道理疗会所（桑田路店）,江东区,体育中心,5.0,单人绿色草本足浴套餐,89,22361
弘儒堂足道理疗会所（高新店）,江东区,高新区,5.0,单人绿色草本足浴套餐,89,22361
弘儒堂足道理疗会所（公园里店）,江东区,高新区,5.0,单人绿色草本足浴套餐,89,22361
静逸堂功夫肩颈（梦芭蕾江东会所）,江东区,江东区,4.5,单人功夫肩颈一次,88,16980
美悦荟（美丽田园子品牌）（世纪东方店）,江东区,世纪东方广场,4.9,单人美白/保养/紧致/保湿SPA套餐四选一,268,13570
香港乐肤皮肤修复中心（江东店）,江东区,江东区,5.0,单人脸部海藻控油套餐,29,11812
九易堂古典足道（百丈店）,江东区,世纪东方广场,5.0,单人足浴1次,128,6209
克丽缇娜（华严街店）,江东区,兴宁时代广场,4.9,克丽缇娜水妍润泽单人焕美套餐,158,3039
克丽缇娜（锦地水岸店）,江东区,兴宁时代广场,3.9,克丽缇娜水妍润泽单人焕美套餐,158,3039
克丽缇娜（百丈路店）,江东区,江东区,4.0,克丽缇娜水妍润泽单人焕美套餐,158,3039
富泉保健（达升路店）,江东区,体育中心,5.0,单人足疗按摩套餐,95,2887
来康福筋柔推拿（江东店）,江东区,兴宁路,5.0,单人来富康推拿1次,60,2617
朝晖盲人推拿,江东区,体育中心,5.0,推拿套餐,68,2144
皇朝养生会馆（江东店）,江东区,彩虹广场,5.0,单人足浴1次,99,2005
苗医生专业祛痘（江东店）,江东区,彩虹广场,4.1,单人专业痘肌护理套餐,9,1807
云水堂养生馆,江东区,和丰创意广场,5.0,单人刮痧+拔罐套餐,39,1543
静博士美容养生连锁（中兴店）,江东区,彩虹广场,5.0,五行通调养护理单人套餐,158,1492
静博士养生美容连锁（金光店）,江东区,彩虹广场,5.0,五行通调养护理单人套餐,158,1492
静博士养生美容连锁（江南店）,江东区,高新区,5.0,五行通调养护理单人套餐,158,1492
金手指推拿理疗,江东区,高新区,5.0,单人推拿,60,1391
淋沐子spa,江东区,兴宁路,5.0,单人淋沐子养生保健1次,238,1253
美雅芙科技美肤生活馆（江东店）,江东区,体育中心,4.8,单人五国焕颜套餐,58,1054
豪门国际水会,江东区,彩虹广场,4.9,行易堂传统按摩套餐,128,1044
凤凰印象,江东区,体育中心,4.5,单人普足1次,98,868
舒易堂盲人推拿足疗中心,江东区,世纪东方广场,5.0,单人盲人按摩1次,75,790
苗医生专业祛痘（高新店）,江东区,高新区,5.0,单人痘肌护理2次套餐,38,788
推拿养生馆,江东区,兴宁路,5.0,单人推拿60分钟,60,767
碧塔海养生会馆（宁波二店）,江东区,彩虹广场,5.0,单人油压SPA套餐（试营业特价）,198,736
谢式一鼎灸（江东高新店）,江东区,高新区,4.9,单人谢式一鼎灸保健项目2选1套餐,98,693
金玉轩,江东区,彩虹广场,5.0,单人养生spa,198,676
印度古法按摩,江东区,世纪东方广场,5.0,单人天竺B套餐,358,630
紫琪尔丰胸美胸机构（江东店）,江东区,彩虹广场,4.9,单人胸部养护套餐,398.8,569
曙光推拿,江东区,宁波书城,4.7,单人推拿1次,65,517
御海湾国际休闲会所,江东区,高新区,4.9,单人K歌沐足套餐,138,455
指上花艺术美学中心,江东区,彩虹广场,5.0,单人环保甲油胶1次,58,421
御古足道（新天地店）,江东区,国际会展中心,5.0,古足道古典泰式按摩,148,415
谢式一鼎灸（江东盛世东方店）,江东区,世纪东方广场,3.5,单人艾灸成人脏腑调理一次,98,380
董敏園悬灸,江东区,国际会展中心,4.0,单人背部经络推拿＋肩颈艾灸1次,88,364
逸心阁足浴会所,江东区,儿童公园,5.0,单人足浴套餐1次,72,346
真元堂中医理疗馆,江东区,兴宁路,5.0,单人刮痧拔罐二选一,38,345
伯爵spa会所,江东区,彩虹广场,4.6,单人精油开背养生SPA套餐,198,189
缔美诗药妆·皮肤管理（百丈东路店）,江东区,兴宁路,3.5,十天无限次皮肤管理项目体验套餐,198,188
缔美诗药妆·皮肤管理（世纪东方店）,江东区,世纪东方广场,4.9,十天无限次皮肤管理项目体验套餐,198,188
缔美诗药妆·皮肤管理（百丈东路店）,江东区,世纪东方广场,4.6,十天无限次皮肤管理项目体验套餐,198,188
九五足道,江东区,高新区,3.2,单人足浴套餐1次,60,181
音浪公馆男士spa会所,江东区,兴宁路,5.0,单人音浪经典SPA套餐,358,162
域SPA会所,江东区,世纪东方广场,5.0,单人养生spa套餐一次,198,160
禧灸堂,江东区,彩虹广场,5.0,单人颈肩调理1次,128,157
紫罗兰美容美发,江东区,彩虹广场,5.0,单人尊享按摩套餐,149,157
祖慈肩颈（百丈东路店）,江东区,彩虹广场,3.8,单人祖慈六法调理服务套餐,198,156
好运来养生馆,江东区,体育中心,5.0,单人普通足浴套餐1次,99,152
涵曦蜕变基地,江东区,体育中心,5.0,单人拔罐/刮痧2选1,19.9,150
宁波女子高端SPA,江东区,彩虹广场,5.0,单人欧式贵妃SPA,1180,150
水天一色spa会所,江东区,体育中心,4.6,单人足浴套餐,78,146
韩方科颜（世纪东方店）,江东区,世纪东方广场,4.7,单人背部经络养生按摩套餐,88,145
明靓佳莱美梅柏养生堂,江东区,世纪东方广场,5.0,单人精油开背,49.8,122
倩肌SPA,江东区,彩虹广场,5.0,暖宫驱寒卵巢艾灸,1,121
植美中心（植美护肤江东店）,江东区,彩虹广场,4.5,单人颈肩背芳疗护理套餐,69,120
唯美修身堂（百丈店）,江东区,彩虹广场,5.0,单人经络按摩瘦身3次,98,121
嘉玉会SPA会所,江东区,汽车东站,4.3,单人经典足浴1次,98,97
百莲凯美容美体（中兴路店）,江东区,体育中心,3.7,单人养生调理套餐,58,39
L3纯韩皮肤管理中心,江东区,彩虹广场,5.0,单人韩国小气泡深层净肤体验,218,38
蓝丝带产后恢复中心,江东区,彩虹广场,4.0,蓝丝带孕期护理（不限次数）,3080,35
御园spa会所,江东区,国际会展中心,4.4,单人精油开背,198,34
康源经络养生馆,江东区,体育中心,5.0,单人肩颈醒脑护理,68,32
瑶雅净皮肤管理中心,江东区,江东区,5.0,单人玻尿酸补水套餐,39,32
御足堂足浴休闲会所,江东区,江东区,3.0,足浴套餐,68,30
养心堂,江东区,和丰创意广场,3.9,单人足浴推拿套餐,88,29
德胜Spa,江东区,彩虹广场,4.2,单人精油,168,29
壹和堂（桑田路店）,江东区,世纪东方广场,5.0,单人推拿一次,128,26
时光.云廊,江东区,江东区,5.0,单人面部补水＋肩颈放松套餐,98,25
张玉珊修身堂（桑田路店）,江东区,世纪东方广场,5.0,单人瑜伽周卡,28,24
秀域科技美容（时代华庭店）,江东区,兴宁路,3.9,店庆酬宾专享全营养瘦身体验小课程,499,23
秀域科技美容（华光店）,江东区,世纪东方广场,4.0,店庆酬宾专享全营养瘦身体验小课程,499,23
莎丽源,江东区,体育中心,4.2,单人面部精致护理1次,58,21
可诺丹婷（樱花店）,江东区,江东区,4.0,68套餐,68,20
康妮雅养生美容生活家,江东区,高新区,4.2,单人面部补水SPA护理套餐1次,118,19
逸美娜美容美体养生馆,江东区,国际会展中心,3.8,单人韩式三层清洁体验1次,9.9,18
伊秀,江东区,滨江商业广场,4.3,单人伊秀美容美体套餐,39.8,18
柔纱雅纳专业美容,江东区,国际会展中心,4.6,单人双分子深层补水课程1次,99,18
艳丽美容瘦身会所,江东区,世纪东方广场,4.1,单人V脸青春定格术特价体验1次,59,17
奈曲儿美甲（江东店）,江东区,兴宁路,5.0,单人韩式电眼线设计制作套餐,880,16
唐朝足浴养生,江东区,宁波书城,3.7,单人推拿1次 刮痧或拔罐1次,78,15
宁波世纪曙光店（秀域曙光）,江东区,和丰创意广场,3.5,高科技生活美容单次体验课程,149,15
秀域科技美容（体育馆店）,江东区,体育中心,4.0,高科技生活美容单次体验课程,149,15
嘉媚乐精油生活馆,江东区,兴宁路,4.3,单人嘉媚乐惊喜价体验套餐,128,15
T Y女神馆,江东区,江东区,5.0,单人韩式女神妆体验一次,39,14
修致美皮肤管理中心（江南一品店）,江东区,高新区,5.0,单人氧气过敏洗套餐7选1,29,13
丝美皮肤管理中心,江东区,和丰创意广场,4.6,单人夏日营养保湿套餐,188,13
惠颐堂,江东区,世纪东方广场,3.5,单人肩颈舒活套餐,98,13
经络艺海,江东区,高新区,4.7,肩颈 养护,158,12
美颜本草堂,江东区,滨江商业广场,4.1,单人美颜4选1套餐,58.8,12
莱特妮丝美体,江东区,兴宁时代广场,3.5,单人胸部颈部保养套餐,58,10
拉法美容,江东区,彩虹广场,4.1,单人芳香精致护理套餐,88,10
TOP SKIN 皮肤管理中心,江东区,和丰创意广场,5.0,单人肌肤水氧补水管理,168,10
美悦荟（枫丹店）,江东区,世纪东方广场,4.0,单人光洁毛腋下年卡,498,9
芳庭美之（甬港至尊店）,江东区,江东区,4.0,单人整体淋巴疏通,103,9
芳庭美之（琴桥名媛店）,江东区,兴宁时代广场,4.0,单人整体淋巴疏通,103,9
芳庭美之（江东店）,江东区,体育中心,3.5,单人整体淋巴疏通,103,9
美悦荟ESPA（琴桥店）,江东区,彩虹广场,3.6,单人光洁毛腋下年卡,498,9
美悦荟espa（天伦广场店）,江东区,体育中心,3.5,单人光洁毛腋下年卡,498,9
芳庭美之（兴宁路）,江东区,兴宁路,3.0,单人整体淋巴疏通,103,9
BG闺蜜花园养生会所,江东区,高新区,4.4,单人乳腺疏通护理1次,68,9
美悦荟ESPA（曙光店）,江东区,和丰创意广场,3.6,单人光洁毛腋下年卡,498,9
美悦荟ESPA（华光城店）,江东区,世纪东方广场,4.1,单人光洁毛腋下年卡,498,9
美悦荟ESPA（华泰店）,江东区,儿童公园,4.1,单人光洁毛腋下年卡,498,9
美悦荟ESPA（中山华庭店）,江东区,世纪东方广场,4.0,单人光洁毛腋下年卡,498,9
克丽缇娜（高新区丹桂路星辰店）,江东区,高新区,4.2,单人养生套餐,198,8
尚美皮肤管理,江东区,滨江商业广场,4.5,单人养生泡浴或面部补水套餐（二选一）,88,8
3M三梦美汇,江东区,彩虹广场,5.0,单人手部美白保湿护理套餐1次,69,8
妮顿丝,江东区,彩虹广场,4.2,背部刮痧,28,7
固正堂养生会所,江东区,江东区,3.5,单人汗蒸1次,19.9,7
金久堂足浴,江东区,世纪东方广场,4.3,足浴＋按摩套餐,98,7
伊尚美薇时尚美甲化妆,江东区,兴宁路,4.5,单人日式睫毛嫁接套餐,218,6
台湾柏汇美容美甲瘦身店,江东区,体育中心,4.2,单人精油开背套餐,98,6
英子spa,江东区,彩虹广场,3.5,单人Jurlique（茱莉蔻）面部护理套餐,128,6
紫轩堂足道,江东区,高新区,4.6,单人养生护理1次,160,6
herbekiss草之语（世纪东方广场店）,江东区,世纪东方广场,4.0,单人特色五色土清洁补水分区护理套餐,58,6
美嘉私人形象定制,江东区,江东区,4.9,单人美肤SPA水疗1次,98,3
梦芭蕾皇室养生SPA会所,江东区,江东区,3.6,单人特色清透润白面部SPA护理,110,3
ANN美妆皮肤管理中心,江东区,彩虹广场,5.0,【夏季补水神器】水氧深层护肤套餐,208,2
汗淋源汗蒸馆,江东区,兴宁路,5.0,单人纳米电子调理套餐,19.9,2
贝怡诗美容美甲,江东区,江东区,4.5,单人面部护理套餐,128,2
s.u上釉美甲美睫（世纪东方店）,江东区,江东区,4.9,单人生活妆体验,120,2
AJUN阿军美容美发,江东区,国际会展中心,3.7,单人女士养生SPA套餐,88,2
京都薇薇美胸连锁机构（江东店）,江东区,世纪东方广场,4.5,单人一指太极美胸养护套餐,298,2
桃瑞丝美甲美睫,江东区,世纪东方广场,5.0,单人夏日柠檬美白手部SPA,58,2
纳米汗蒸,江东区,体育中心,3.8,单人招牌去脚气套餐,680,2
氧疗护肤,江东区,世纪东方广场,4.0,按摩保健套餐,14.8,1
玛诗雅瑜伽,江东区,体育中心,3.7,艾灸体验套餐,88,1
轻松一站足疗,江东区,滨江商业广场,4.5,单人脚气专家 足浴套餐,98,1
魅诗嘉丽,江东区,高新区,4.2,单人润颜丽人精致套餐,198,0
可诺丹婷（东海店）,江东区,彩虹广场,4.1,单人养生套餐,999,0
金手指推拿,江东区,体育中心,3.0,单人走罐1次,40,0
云艺.美甲半永久皮肤管理工作室,江东区,世纪东方广场,5.0,单人皮肤补水防衰老高保养套餐,780,0
月香贝儿,江东区,彩虹广场,3.5,单人养颜套餐,168,0
兰芮芬娜.悦SPA（锦地水岸店）,江东区,兴宁时代广场,3.0,单人美容套餐,128,0
可诺丹婷（江东家乐福店）,江东区,体育中心,3.4,单人养生套餐,999,0
田野致美连锁（江东店）,江东区,彩虹广场,3.5,单人夏季美容养生护理卡,48,0
铂色美妆,江东区,体育中心,4.0,单人高端女神套餐,980,0
周公子生活美学馆（华严街）,江东区,彩虹广场,5.0,单人深层清洁皮肤管理套餐,198,0
蔓美会美甲美睫半永久,江东区,世纪东方广场,4.7,单人进口美瞳线体验一次,728,0
悠会所,江东区,体育中心,4.0,单人姜疗护理套餐,108,0
兰芬时代（金光店）,江东区,江东区,3.5,单人美容套餐,128,0
闺密美甲,江东区,宁波书城,3.5,手部高级护理套餐,85,0
香水宜人足浴,江东区,兴宁时代广场,3.5,单人高端养生spa1次,318,0
女主角美容美甲（王隘店）,江东区,兴宁路,4.0,单人面部补水面膜1次,68,0
可诺丹婷（宁波形象店）,江东区,体育中心,3.9,单人养生套餐,999,0
TS美甲美睫,江东区,和丰创意广场,4.5,单人美国CND手部SPA补水保湿套餐,68,0
新河木香保健按摩服务部,江东区,儿童公园,3.5,单人拔罐1次,25,0
开元大酒店足浴中心,江东区,儿童公园,5.0,单人下午场养生足浴1次,98,0
女主角美容美甲,江东区,江东区,4.0,单人面部补水面膜1次,68,0
世龙世家灰指甲手足健康连锁（高新区梅墟路店）,鄞州区,鄞州区,3.5,泡脚足浴+修脚护理单人套餐,9.9,26895
世龙世家灰指甲手足健康连锁（鄞州区轻纺城店）,鄞州区,轻纺城,5.0,泡脚足浴+修脚护理单人套餐,9.9,26895
静逸堂功夫肩颈（梦芭蕾鄞州会所）,鄞州区,鄞州区,4.6,单人功夫肩颈一次,88,16980
开元名都大酒店·足浴中心,鄞州区,南部商务区,5.0,单人柔滑护理足浴套餐,108,16547
满江红足浴,鄞州区,鄞州区,5.0,单人足浴套餐,108,10056
金乐汤汗蒸温泉,鄞州区,鄞州区,4.8,单人洗浴＋汗蒸套餐,22,9334
桃源足浴,鄞州区,印象城,5.0,单人桃源足浴套餐,118,7423
秀域科技美容（华泰剑桥店）,鄞州区,鄞州区,4.2,单人夏日冰点净脱,88,7218
君子兰足浴,鄞州区,集士港,5.0,单人经典足浴1次,98,4972
富泉保健（四明中路店）,鄞州区,鄞州万达广场,5.0,单人足浴1次,99,4882
富泉保健（嵩江东路店）,鄞州区,鄞州区,5.0,单人足浴1次,99,4882
半岛足浴,鄞州区,集士港,5.0,单人足浴套餐,98,4753
月雅苑足浴养生,鄞州区,环球城,5.0,单人古典足浴套餐,98,4467
甬泉足道,鄞州区,联丰路沿线,5.0,单人古典足浴1次,58,4469
姜山茗苑足浴（姜山名苑足浴1号店）,鄞州区,姜山,5.0,单人经典足浴1次,78,3326
巴马沐足,鄞州区,鄞州万达广场,5.0,单人足浴1次,68,3248
克丽缇娜（四明中路店）,鄞州区,鄞州区,3.5,克丽缇娜水妍润泽单人焕美套餐,158,3039
克丽缇娜（锦寓路店）,鄞州区,利时百货,3.6,克丽缇娜水妍润泽单人焕美套餐,158,3039
来康福筋柔推拿（鄞州店）,鄞州区,鄞州区,5.0,单人来富康推拿1次,60,2617
悦·江南spa足浴公馆,鄞州区,鄞州区,5.0,单人艾草足浴1次,89,2294
金月婴童游泳spa馆（鄞州店）,鄞州区,鄞州万达广场,5.0,单人宝宝游泳+洗澡+抚触+被动操套餐,39,2279
蓝馨园保健,鄞州区,鄞州万达广场,5.0,单人足浴套餐,118,2189
蘭香阁休闲养生会所,鄞州区,鄞州区,5.0,单人蘭香阁养生spa套餐,168,1657
御足堂足道SPA会所（盛世天城店）,鄞州区,鄞州区,5.0,单人精品足浴（艾盐热敷套餐）,78,1591
儒之堂,鄞州区,鄞州区,5.0,单人绿色草本套餐,98,1462
浙海养生馆,鄞州区,联丰路沿线,5.0,单人草本足浴/精油足浴二选一1次,98,1457
紫金汇足浴spa会所,鄞州区,联盛广场,5.0,单人足浴1次,88,1382
易通足道,鄞州区,东钱湖,5.0,单人易通古典足浴1次,108,1360
Bali IndonesIan SPA,鄞州区,鄞州万达广场,5.0,神奇之旅,318,904
宝尼婴幼儿游泳spa馆,鄞州区,鄞州区,5.0,游泳全套首次体验套餐,48,831
Heloskin肌肤年轻化基站（钱湖天地店）,鄞州区,印象城,5.0,单人皮肤年轻化套餐体验,98,814
苗医生专业祛痘（鄞州店）,鄞州区,利时百货,5.0,单人痘肌护理2次套餐,38,788
紫金轩御足,鄞州区,利时百货,5.0,单人韩式养生套餐,208,752
金生水起足道,鄞州区,鄞州区,5.0,足浴1次,98,721
谢式一鼎灸（鄞州印象城店）,鄞州区,印象城,4.6,单人谢式一鼎灸保健项目2选1套餐,98,693
美&ME;（鄞州万达店）,鄞州区,鄞州万达广场,5.0,单人拔罐+刮痧套餐,35.7,604
见心堂盲人推拿,鄞州区,南部商务区,5.0,单人见心堂推拿套餐,65,597
金玉轩SPA会所,鄞州区,鄞州区,5.0,单人尊享养生SPA,198,582
伯豪华府足浴会所,鄞州区,集士港,5.0,单人经典足浴一次,78,571
蓝灵儿养生会所,鄞州区,鄞州区,5.0,单人按摩全身经络1次,380,267
印度油疗,鄞州区,环球城,5.0,单人养生保健1次,360,244
港丰足浴会所,鄞州区,鄞州区,5.0,单人泰式足浴,108,242
优米美睫,鄞州区,印象城,5.0,单人超值美睫套餐,228,226
印度油疗（鄞州店）（20328074）,鄞州区,鄞州区,4.0,单人印巴神怡1次,278,226
皇家奥黛丽美学皮肤中心,鄞州区,鄞州万达广场,5.0,单人韩式嫁接睫毛套餐,198,225
植美美容养生馆,鄞州区,鄞州区,5.0,单人维尔汀精油植物护肤吸黑头套餐,38,215
固元堂（扶元分院）,鄞州区,鄞州万达广场,4.6,单人推拿一次,151.2,211
菩瑞婷美容连锁（鄞州万达店）,鄞州区,利时百货,4.2,单人全身14经络疏通（大三通）1次,129,205
菩瑞婷美容连锁（皇冠花园店）,鄞州区,鄞州区,3.8,单人全身14经络疏通（大三通）1次,129,205
菩瑞婷美容连锁（环球乐园店）,鄞州区,环球城,4.8,单人全身14经络疏通（大三通）1次,129,205
明星妈咪产后恢复中心（鄞州店）,鄞州区,鄞州万达广场,5.0,产后局部塑形腰腹收紧套餐,68,199
为民保健推拿馆,鄞州区,利时百货,4.7,单人推拿1次,65,195
曼谷之恋SPA养生会馆,鄞州区,南部商务区,4.4,单人尊享SPA,358,189
缔美诗药妆·皮肤管理（鄞州万达店）,鄞州区,鄞州万达广场,5.0,十天无限次皮肤管理项目体验套餐,198,188
缔美诗药妆·皮肤管理（罗蒙银泰城店）,鄞州区,环球城,5.0,十天无限次皮肤管理项目体验套餐,198,188
玻妃美容养生会所,鄞州区,轻纺城,4.9,单人拔罐+刮痧套餐,36.9,188
缔美诗药妆皮肤管理（占岐店）,鄞州区,鄞州区,4.0,十天无限次皮肤管理项目体验套餐,198,188
润SPA·水舞涧水疗养生会所（南苑环球店）,鄞州区,鄞州区,4.9,【商务特选】VIP单人Spa护理套餐,668,182
聚宁轩足浴,鄞州区,鄞州区,4.8,单人牛奶足浴1次,65,176
舒心保健按摩,鄞州区,印象城,4.9,单人推拿1次,65,175
锦御轩足浴店,鄞州区,鄞州万达广场,4.0,单人足浴一次,88,175
水之漾,鄞州区,鄞州区,4.5,单人面部养生+精油开背按摩超值套餐,68,171
御足康休闲养身会所,鄞州区,鄞州区,3.7,单人全身按摩足疗套餐,68,167
弘易堂,鄞州区,鄞州区,5.0,单人弘易堂中式足浴1次,58,153
BBC 美胸汇俱乐部（南部商务区店）,鄞州区,南部商务区,3.8,单人背部经络养生按摩套餐,88,145
F美妆美甲,鄞州区,鄞州万达广场,5.0,F美妆美甲生活妆一次,48,142
印度古法,鄞州区,鄞州万达广场,5.0,单人养生一次,360,141
女皇美容养生,鄞州区,鄞州万达广场,5.0,单人新店特惠养生套餐,9.9,141
晴晴美甲美睫工作室,鄞州区,鄞州万达广场,5.0,单人进口水貂毛睫毛嫁接1次,158,132
大诚推拿足浴,鄞州区,鄞州区,4.2,单人推拿套餐,62,128
爱婴岛婴儿spa馆,鄞州区,印象城,4.6,单人单次婴儿全套服务,59.9,120
京都薇薇美胸连锁机构（鄞州店）,鄞州区,利时百货,5.0,单人胸部九宫通脉美胸护理套餐,198,118
刘大夫推拿灸,鄞州区,鄞州区,5.0,单人拔罐+刮痧+走罐1次,58,117
康健推拿,鄞州区,鄞奉路沿线,4.9,单人康健推拿1次,66,115
香港美尔美乐减肥连锁机构,鄞州区,联盛广场,4.6,单人精油开背1次,58,114
金池spa养生会所,鄞州区,鄞州区,5.0,单人金池高端养生1次,398,113
云瑾美肤,鄞州区,南部商务区,4.1,单人肩颈舒缓调理体验1次,98,108
梵榕·克丽缇娜会所（金域店）,鄞州区,鄞州区,4.6,单人肩颈舒缓调理体验1次,98,108
梵榕·克丽缇娜会所（盛世店）,鄞州区,联丰路沿线,4.5,单人肩颈舒缓调理体验1次,98,108
梵榕·克丽缇娜会所（金地店）,鄞州区,联盛广场,4.6,单人肩颈舒缓调理体验1次,98,108
枢经养生馆,鄞州区,鄞州区,4.8,单人推拿按摩套餐,108,101
铭源堂,鄞州区,利时百货,5.0,单人颈肩调理一次（推拿、平衡气罐、艾灸）,108,99
英伦玫瑰专业胸部养护（都市森林店）,鄞州区,鄞州万达广场,4.7,单人面部水漾护理1次,38,99
amazinggrace宝贝婴童spa生活馆,鄞州区,鄞州区,5.0,宝宝游泳+洗澡（6个月-6周岁）,48,96
seven中草药祛痘皮肤管理美容工作室,鄞州区,印象城,5.0,单人中草本痘肌护理1次,29,91
伊辰美容会所,鄞州区,鄞州区,4.6,单人面部套餐,128,89
清肌养肤中心,鄞州区,鄞州万达广场,5.0,单人注氧深层清洁套餐,29.9,89
伊贝丝专业丰胸美胸机构（鄞州店）,鄞州区,利时百货,5.0,单人伊贝美胸养生套餐3选1,69,89
波美尔国际物理专业美胸机构（印象城店）,鄞州区,印象城,5.0,单人胸部丰盈套餐,180,87
致青春美容美甲生活馆,鄞州区,鄞州万达广场,5.0,单人经络调理瘦身减脂,18.8,84
爱尚美甲,鄞州区,姜山,4.7,单人韩式睫毛嫁接1次,68,76
池湖温泉绅士SPA,鄞州区,印象城,4.5,池湖温泉足疗套餐,108,73
楚灸棠专业调理机构,鄞州区,联盛广场,4.8,单人玉足生辉套餐二,138,73
道元足浴会馆,鄞州区,鄞州万达广场,4.6,单人养生一次,258,72
足域地带（集仕港店）,鄞州区,集士港,4.8,养生足浴,88,61
niki菲恩皮肤管理,鄞州区,利时百货,4.8,单人小气泡毛孔深层清洁特惠体验1次,88,61
爱悦佳形象美容养生馆,鄞州区,轻纺城,5.0,单人全身经络疏通套餐,128,59
海豚湾美甲美睫手足SPA,鄞州区,鄞州万达广场,4.5,单人进口甲油胶套餐,89,58
玻妃美容减肥养生（天静巷店）,鄞州区,利时百货,5.0,单人拔罐＋艾灸套餐,38.8,57
秀域科技美容（联丰店）,鄞州区,联丰路沿线,4.0,高科技生活美容单次体验课程,149,15
秀域科技美容（金色水岸店）,鄞州区,联盛广场,3.5,高科技生活美容单次体验课程,149,15
秀域科技美容（江南一品店）,鄞州区,鄞州区,4.0,高科技生活美容单次体验课程,149,15
雅策瘦身,鄞州区,鄞州区,4.2,单人刮痧/拔罐2选1,28,15
臻缔养生美容会所,鄞州区,鄞州万达广场,4.5,单人肩颈调理1次,99,14
媛匀姿·美学生活馆,鄞州区,鄞州万达广场,4.7,单人韩式汗蒸体验1次,36,14
欧莱雅,鄞州区,鄞州区,3.9,单人美容美体护理套餐,39,13
颜咖皮肤管理美甲美睫半永久,鄞州区,鄞州万达广场,4.7,单人水貂毛日式美睫上下睫毛,158,13
玛莎露SPA养生护肤中心,鄞州区,鄞州区,4.2,单人豪华女士SPA套餐,58,13
我的理疗馆,鄞州区,联盛广场,4.5,单人调理套餐（经络开背＋肩颈调理）,128,13
元泰SPA,鄞州区,鄞州区,4.4,单人足浴1次,70,13
玻妃减肥美容养生工作室,鄞州区,联盛广场,5.0,单人肩颈护理套餐,69,12
痘友小站（鄞州店）,鄞州区,鄞州万达广场,4.0,单人深层痘肌护理3次+专业痘肌护理套盒,99,12
自然美spa生活馆（方圆中心店）,鄞州区,鄞州区,4.5,单人自然美面部及身体局部护理1次套餐,198,12
圣颜世家*素肌修颜,鄞州区,联盛广场,4.6,单人痘肌护理套餐,9.9,11
艳艳化妆美甲美容生活馆,鄞州区,联丰路沿线,4.1,单人面部美容体验1次,38,10
御媛国际美颜养生会所,鄞州区,利时百货,3.5,单人面部拨筋+肩颈+艾灸护理套餐1次,128,10
微美诺·美肤护理专家,鄞州区,联盛广场,4.0,单人涵曦面部微雕体验1次,38.8,10
379美甲美睫纹绣工作室,鄞州区,印象城,5.0,单人眉形设计,1,10
Lisa美肤美胸造型,鄞州区,印象城,3.0,单人肩颈艾灸套餐,88,1
香港伊人岛（国际）美容连锁机构,鄞州区,利时百货,4.2,单人韩式托马琳电气石汗蒸,20,1
choice 皮肤管理中心,鄞州区,南部商务区,5.0,韩国原装进口小气泡清洁+原装溶液,288,1
辰嫣国际,鄞州区,鄞州区,3.9,单人面护套餐,198,1
婷瘦专业瘦身养生连锁机构（鄞州店）,鄞州区,利时百货,4.0,单人美体套餐,98,1
黛颜人,鄞州区,鄞州区,3.7,单人韩式娃娃烫美睫1次,38,1
发之秀美容美发,鄞州区,舟宿渡,3.5,单人火罐一次,128,1
君尚汇SPA,鄞州区,印象城,3.5,单人精油开背养生保健SPA套餐,450,1
医美型·半永久美妆机构,鄞州区,联盛广场,4.9,单人眼线1次,1100,1
貝推堂中医小儿推拿,鄞州区,鄞州区,3.5,单次体验,29.9,1
美之匙皮肤管理·抗衰,鄞州区,鄞州区,4.0,（水动力）单人深层补水单次,298,1
CHINA INK东方印客宁波纹身店,鄞州区,印象城,5.0,单人6cm以内洗净套餐,1500,1
若兰时光SPA会所（鄞州店）,鄞州区,鄞州万达广场,3.5,单人德国DB乳疗+暖宫调经腹活能源spa套餐,299,1
绣time美甲半永久定制,鄞州区,鄞州万达广场,5.0,单人本月特惠眉形设计套餐一次,1038,0
红牡丹美甲美睫纹绣,鄞州区,轻纺城,3.8,单人魅眼美睫线,980,0
天姿古方减肥美容保健,鄞州区,鄞州区,4.0,单人熏蒸肩颈护理套餐,128,0
Da  ling美容养生spa工作室,鄞州区,鄞州万达广场,3.5,单人面部护理1次,68,0
聚美足浴,鄞州区,利时百货,3.5,拔罐,28,0
天丽艾灸会馆,鄞州区,利时百货,4.3,单人美容养生套餐,168,0
春夏秋冬养生馆,鄞州区,印象城,5.0,护肤组合套餐,88,0
莲·会所国际SPA,鄞州区,南部商务区,3.8,单人莲SPA会所套餐,258,0
KaHlen医学美容中心,鄞州区,鄞州区,5.0,单人中胚层皮肤管理套餐1次,199,0
WY美甲美发沙龙,鄞州区,轻纺城,4.5,单人韩式淡妆眉套餐1次,580,0
韩秀宫皮肤管理·美甲美睫·美妆,鄞州区,鄞州万达广场,5.0,无创无痛【Vc氺光针】明星热捧,159,0
魔瘦减肥中心,鄞州区,鄞州区,3.0,瘦身套餐,39,0
风格美容美发SPA会所,鄞州区,利时百货,3.5,单人洗剪吹1次,38,0
佳人有约（美容店）,鄞州区,鄞州区,3.5,单人香妃浴SPA+背部舒缓套餐,28,0
嘉林恒美,鄞州区,环球城,3.5,单人身体护理1次,398,0
百草合养生馆,鄞州区,鄞州区,4.2,面部护理套餐4选2,76,0
萌主·美甲 美睫 美妆 半永久 MTS,鄞州区,鄞州万达广场,4.9,单人OPT净毛（腋下）,280,0
圣瑜美容会所,鄞州区,联盛广场,4.0,单人美容套餐,28,0
梦之缘足浴,鄞州区,鄞州区,3.5,单人足浴套餐,128,0
花翎美甲（鄞州万达店）,鄞州区,鄞州万达广场,4.9,单人腋下冰点净肤体验套餐,199,0
可诺丹婷（鄞州南邦）,鄞州区,轻纺城,3.8,单人养生套餐,999,0
终结者真人密室逃脱,鄞州区,鄞州区,5.0,单人密室逃脱（精灵森林）一次,60,0
鼎轩足浴,鄞州区,鄞州区,3.4,尊享一式养生套餐,88,0
妮美工作室,鄞州区,鄞州万达广场,5.0,面部护理,58.8,0
伊美SPA瑜伽养生会所,鄞州区,鄞州区,3.5,单人六部传奇面部SPA10次,1880,0
拉菲美发会所（四明西路店）,鄞州区,联盛广场,3.8,单人精油开背套餐,88,0
茉莉·美睫美妆,鄞州区,鄞州万达广场,4.9,单人眼球spa1次,79,0
兰芬时代（万达店）,鄞州区,鄞州万达广场,3.5,单人美容套餐,128,0
宫室（环球银泰城店）,鄞州区,南部商务区,4.7,单人美睫（扁毛）套餐,208,0
灰姑娘美甲美容半永久,鄞州区,姜山,3.5,单人水貂毛上睫毛嫁接1次,168,0
秀域科技美容（洪都店）,江北区,洪塘,4.0,高科技生活美容单次体验课程,149,15
丽芙养生会所,江北区,江北区,4.4,单人精油开背净排套餐1次,68,15
SR工作室,江北区,江北区,4.5,单人拔罐祛湿寒套餐,18,15
秀域科技美容（丽晶国际店）,江北区,江北区,3.5,高科技生活美容单次体验课程,149,15
韩国维娜,江北区,江北万达广场,4.2,单人韩式三层清洁面部护理套餐,88,13
武俊玲美容美体（精品店）,江北区,北岸琴森/大剧院,4.7,单人神奇生命之树养生体验1次,68,11
新理念养生会所,江北区,老外滩,4.0,单人精品SPA养生一次,299,10
霞逸女子养生会馆,江北区,日湖公园,4.1,单人霞逸开业尊享套餐,198,10
美悦荟ESPA(来福士广场店),江北区,来福士广场,3.6,单人光洁毛腋下年卡,498,9
悠庭保健会所,江北区,老外滩,4.7,单人经络刷全身SPA1次,298,9
茗瑜伽国际会所（MING YOGA）,江北区,江北万达广场,4.8,单人茗瑜伽开背通经络/肩颈养护/腰线塑形/套餐,88,8
寇氏减肥,江北区,洪塘,4.5,单人寇氏艾灸3次套餐体验,99,8
碧悠庭SPA会所,江北区,北岸琴森/大剧院,5.0,单人面部补水护理1次,198,7
玻妃美容减肥工作室,江北区,老外滩,4.9,单人肩颈+头疗套餐,68,7
娇芙达（江北店）,江北区,江北区,3.9,单人胸部健美套餐,70,6
Tino智美·生活美妆艺术,江北区,老外滩,4.5,修眉＋眉型设计,1,6
克丽缇娜（云鹭湾店）,江北区,江北区,4.0,单人水妍美体套餐,158,4
UPTOP鼎上SPA会所(万达江北店),江北区,江北万达广场,4.2,单人个性化精致原液护理1次,208,3
武俊玲美容美体养生会所,江北区,江北区,3.7,单人美容养生套餐,118,3
普瑞缇日式美甲美睫社,江北区,老外滩,4.0,单人温和净脱套餐,580,0
金灵美容养生馆,江北区,江北区,4.4,丽人养生套餐,18,0
BeautyColor綺麗な夢,江北区,北岸琴森/大剧院,5.0,5次MTS皮肤管理体验,4800,0
静SPA,江北区,来福士广场,3.5,单人身体护理套餐,198,0
艾薇思皮肤管理中心（日湖店）,江北区,日湖公园,3.5,轻奢99·99黄金美白抗老化焕肤,399,0
时尚风标美发,江北区,洪塘,4.6,店长精剪设计造型,48,0
伊尔美,江北区,江北区,3.5,单人面部补水护理1次,38,0
巴伦造型护肤,江北区,江北区,3.9,单人面部护理套餐,68,0
银十字平疤祛痘连锁机构（北仑店）,北仑区,北仑区,5.0,单人VIP尊享痘肌护理套餐2次,29,27
贵夫人美容养生会所,北仑区,曼哈顿广场,5.0,单人肩颈保养体验1次,68,25
果素堂果蔬养生馆,北仑区,星阳菜场,3.9,单人美容美体套餐,39,24
路易香浓国际美容养生会所,北仑区,北仑中学,4.8,单人雪肌柔润体验套餐,58,24
爱上美甲,北仑区,绍成小学商圈,5.0,单人拔罐尊享体验1次,9.9,21
丽缘美妆,北仑区,小山公园,4.1,单人生活妆1次,9.9,17
瑞茜儿会所,北仑区,银泰城,3.5,活泉水嫩,68,16
朵妍美妆（小港店）,北仑区,小港街道,3.9,专业面部美容护理,8,14
真善美美容养生会所,北仑区,北仑区,4.4,中药泡澡+按摩,88,14
添·國色嬌園養生閣,北仑区,曼哈顿广场,4.1,岩盘浴,28,13
东方美,北仑区,凤凰山游乐园,4.2,单人70度面部深层清透补水1次,118,13
艾美美容美甲,北仑区,嵩山路,5.0,单人 肩颈护理套餐,58,10
植物的味道,北仑区,小港街道,4.0,单人护理系列套餐,36,10
雅芳婷（坝头路店）,北仑区,保税南区,4.0,精致水疗spa,28,9
范诗蔻护肤美甲（北仑店）,北仑区,大碶镇,5.0,单人艾灸套餐1次,29.9,9
佳人有约,北仑区,小山公园,4.4,单人睫毛嫁接1次,89,8
亲亲鱼足疗馆,北仑区,保税南区,4.2,双人鱼疗半小时,38,8
周公子美甲美睫皮肤管理（北仑店）,北仑区,富邦广场,4.7,深层清洁皮肤管理,125,8
贝诗奈尔,北仑区,小港街道,4.4,单人面部护理1次,28,8
涵曦 瘦身 美容 美体（北仑店）,北仑区,北仑区,5.0,单人涵曦面部微雕体验1次,39,8
美容体验馆,北仑区,曼哈顿广场,4.0,单人脸部基础保养套餐,16.8,7
奈欧美甲美睫美颜中心,北仑区,星阳菜场,5.0,单人毛孔清洁+水氧管理1次,68,7
清妃美甲美睫养生馆,北仑区,绍成小学商圈,5.0,精油开背加刮痧或拔罐,68,6
艾美美甲,北仑区,星阳菜场,4.2,单人美容套餐,68,5
香墁科技抗衰美容（庐山店）,北仑区,北仑中学,3.5,单人美容A套餐,58,5
苏韩纹绣,北仑区,邮电大楼,5.0,单人面部护理套餐,29.9,5
海艳纹绣,北仑区,保税南区,4.3,单人汗蒸1次,19.9,4
星风尚护肤造型,北仑区,曼哈顿广场,3.5,深层面部护理,68,4
菩媞心养生SPA会所,北仑区,曼哈顿广场,3.5,综合美容养生小套餐,280,3
瑶芳-问题性皮肤修复管理中心（富邦店）,北仑区,富邦广场,4.6,单人尊享痘肌护理单人套餐2次,38,3
星之韵SPA女子会所（黄金海岸店）,北仑区,宝山路,3.0,SPA套餐,298,3
萧邦,北仑区,宝山路,4.0,都市壹号护肤造型动感数码烫,188,3
女人缘美容SPA会所,北仑区,富邦广场,4.8,单人身体调理套餐,99,3
黛诗菲儿养生馆,北仑区,凤洋二路,3.9,美容套餐B,68,2
美之源尊尚美容养生会所,北仑区,大碶镇,3.5,亚健康调理,98,2
美颜教室（北仑沿海村店）,北仑区,大港工业城,4.3,单人汗蒸1次,19.9,2
芳韵年华美容美体馆,北仑区,北仑中学,4.4,单人汗蒸1次,22.8,2
Z.H美甲,北仑区,高塘,3.8,单人面部刮痧1次,38,2
美颜教室（大榭店）,北仑区,大榭,3.0,单人汗蒸1次,19.9,2
安琪美甲美睫会所,北仑区,富邦广场,5.0,单人深层清洁皮肤管理套餐,108,1
菡美国际美容连锁,北仑区,邮电大楼,3.9,美容美体套餐128,128,1
馨宁塘美容养生会所,北仑区,小港街道,3.5,身体项目多选1,128,1
章飞一绝（北仑店）,北仑区,邮电大楼,3.9,单人美容美体套餐,98,1
美丽e佳人,北仑区,高潮村,4.2,完美美容,58,1
蓝草梅,北仑区,星阳菜场,4.2,面部单次护理,35,1
艾玲美甲,北仑区,大碶镇,4.1,面部护理/眼部护理2选1,29.9,1
倩影,北仑区,宝山路,3.5,眼睛保养除皱,48,1
怡美妆,北仑区,高塘,3.5,背部疏通,45,1
尚美纹绣,北仑区,大榭,4.7,单人碧波庭养生美胸体验1次,39.9,1
天心禅养生馆,北仑区,富邦广场,3.7,单人美容美体套餐,88,1
兰芮芬娜.悦SPA（北仑店）,北仑区,曼哈顿广场,3.5,单人美容套餐,128,0
香之韵美容养生馆,北仑区,保税南区,4.1,单人高级肩颈护理1次,180,0
嫦颜道美容会所,北仑区,绍成小学商圈,4.0,单人OPC'S全身抛光,98,0
魅力一生（高河塘店）,北仑区,小港街道,3.9,致青春豪华SPA套餐,180,0
678美容养生馆,北仑区,曼哈顿广场,4.0,结肠净排,68,0
美颜教室（红联店）,北仑区,小港街道,5.0,美颜教室瘦肚子,38,0
世龙世家灰指甲手足健康连锁（兴庄路店）,镇海区,庄市街道,4.7,泡脚足浴+修脚护理单人套餐,9.9,26895
弘儒堂足道理疗会所（镇海店）,镇海区,蛟川街道,5.0,单人绿色草本足浴套餐,89,22361
克丽缇娜（东邑北路店）,镇海区,骆驼街道,4.0,克丽缇娜水妍润泽单人焕美套餐,158,3039
碧塔海养生会馆（骆驼店）,镇海区,骆驼街道,5.0,单人精油开背养生90分钟SPA套餐1份,198,2088
君来养生堂足道馆,镇海区,骆驼街道,5.0,单人泰式足浴套餐,58,1324
重庆富侨,镇海区,骆驼街道,5.0,富侨单人标准足浴,65,801
裕满天下休闲商务会所,镇海区,九龙湖风景区,4.9,单人足疗按摩套餐+洗浴,78,637
知足堂,镇海区,城关,4.6,单人经典足浴套餐,79,170
木木艾灸养生中心（庄市店）,镇海区,庄市街道,4.3,单人脏腑调理套餐,168,112
紫玫养生馆（镇海店）,镇海区,城关,5.0,单人开背+刮痧+拔罐套餐,60,82
伊丽莎白养生馆,镇海区,骆驼街道,4.4,肩颈理疗套餐,88,72
唯爱韩式定妆·美容纤体公馆（宁大北区店）,镇海区,宁波大学北区,5.0,单人背部护理套餐（加拔罐1次）,88,43
丽人去痘去斑,镇海区,城关,5.0,单人7S尊贵保湿体验套餐,38,38
邦豆专业祛痘痘友小站（镇海店）,镇海区,城关,4.6,单人彻底清痘根3次+360专业清痘套1盒,99,34
Queen face皮肤管理中心,镇海区,城关,5.0,单人韩式皮肤管理项目套餐,99,26
丸美养生馆,镇海区,骆驼街道,4.8,单人胸部检测+胸部疏通1次,1,23
馨美妍美容养生馆,镇海区,骆驼街道,5.0,单人刮痧/拔罐2选1女士专亨,18,18
香港家美乐生活秀,镇海区,庄市街道,3.5,单人精油开背1次,38,14
丽人湾（骆驼店）,镇海区,骆驼街道,3.9,单人劲椎护理1次,98,10
丽人湾（庄市大道店）,镇海区,庄市街道,3.9,单人劲椎护理1次,98,10
爱情海美容养生至尊会所,镇海区,城关,4.2,仅售158元！爱情海美容美体会所体验卡一张！,158,9
金太子俊翔造型,镇海区,九龙湖风景区,4.3,单人身体护理套餐,68,7
美尚妍瘦身美容韩式定妆,镇海区,骆驼街道,4.2,单人面部深层清洁补水2次套餐,88,7
露诗贝尔（镇海店）,镇海区,城关,4.0,单人美容美体套餐,68,6
唯尚美美容美体生活馆,镇海区,蛟川街道,5.0,单人精油开背套餐一次,9.9,5
丽肤人美容养生馆,镇海区,庄市街道,4.1,单人高端面护1次,9.8,4
欧艺美甲（骆兴西路店）,镇海区,骆驼街道,5.0,单人手部保湿护理套餐一次,39,4
头彩,镇海区,庄市街道,4.0,单人面妆或盘发套餐,8,4
利利美甲纹绣会所,镇海区,骆驼街道,5.0,单人温和脱毛1次,599,2
花郦阁美容养生馆,镇海区,骆驼街道,3.5,单人面部补水1次,58,0
丽人坊美容减肥spa馆,镇海区,城关,4.1,丽人坊 女性保养,98,0
可诺丹婷（镇海招宝店）,镇海区,城关,3.9,单人养生套餐,999,0
丽人岛化妆,余姚市,余姚,4.1,单人日本娃娃烫1次,49.9,1
美尔美乐皇家养生会所,余姚市,东旱门路,4.0,单人养生套餐,88,1
智慧瑜伽东方舞,余姚市,银亿四明广场,4.0,单人生活妆+设计眉形,19.9,1
太阳岛浴场,余姚市,余姚,3.5,单人漂浮浴1次,139,0
兰芬时代（余姚店）,余姚市,富达广场,4.0,单人美容套餐,128,0
爱尚造型（巍星路店）,余姚市,南雷路,5.0,单人面部保湿＋背部护理套餐,128,0
涵曦LATOJA瘦身瘦脸体验馆（余姚店）,余姚市,低塘,4.0,单人水光脸部提升1次,38,0
指语美甲美睫,余姚市,余姚,4.2,单人嫩肤套餐一次,208,0
紫尊格足浴（1店）,慈溪市,古塘街道,5.0,单人足浴套餐,70,38397
七重天足道（孙塘北路店）,慈溪市,古塘街道,5.0,单人足浴1次,89,31714
巴渝风足道,慈溪市,观海卫,5.0,巴渝风单人足浴1次,68,25562
清海足道会所,慈溪市,宗汉街道,5.0,单人足浴1次,76,18809
紫尊格足浴（2店）,慈溪市,古塘街道,5.0,单人足浴套餐,59,15364
香港乐肤皮肤修复中心,慈溪市,上林坊,4.3,单人脸部海藻控油套餐,29,11812
碧塔海养生会馆（新城大道店）,慈溪市,新城大道,5.0,单人全天时间段精油开背养生SPA套餐,198,8318
碧塔海养生会馆,慈溪市,孙塘街道,5.0,单人全天时间段精油开背养生SPA套餐,198,8318
四季汇,慈溪市,慈溪,5.0,单人精品养生,188,7492
千之怡足浴会所,慈溪市,古塘街道,5.0,千之怡足浴会所足浴双人行套餐,169,6329
罗马假日足浴养生会所,慈溪市,浒山街道,5.0,单人保健养生SPA1次,178,5030
克丽缇娜（孙塘北路）,慈溪市,孙塘街道,3.5,克丽缇娜水妍润泽单人焕美套餐,158,3038
洛阳刘氏推拿,慈溪市,孙塘街道,5.0,单人刘氏推拿1次,59,2935
脉动足道会所,慈溪市,上林坊,5.0,单人养生保健套餐,188,2818
爱娃儿婴童SPA水上乐园,慈溪市,浒山街道,5.0,单人婴幼儿洗澡套餐2选1,48,2238
新水沐年华,慈溪市,宗汉街道,5.0,单人足浴1次,79.99,2148
碧悦800·享乐1站（掌起旗舰店）,慈溪市,掌起,4.5,单人足浴1次,65,2029
碧塔海养生会馆（明州路店）,慈溪市,古塘街道,5.0,单人足浴套餐,78,1915
紫邸汇养生会馆（观海卫店）,慈溪市,观海卫,5.0,单人精油养生1次,188,1846
紫玫养生馆,慈溪市,观海卫,4.6,单人身体精油开背+刮痧+拔罐套餐,60,101
圆艺美甲,慈溪市,上林坊,4.2,单人韩式睫毛烫套餐,39.9,92
尚象堂养生会所,慈溪市,三北西大街,5.0,单人面部套餐,128,89
慈溪康鸿汇养生会所,慈溪市,慈溪,5.0,单人精油开背1次,138,87
紫玫养生馆（慈溪浒山3店）,慈溪市,慈溪,4.8,单人身体精油开背+刮痧+拔罐套餐,60,84
奈斯美学（慈溪中央大厦店）,慈溪市,上林坊,5.0,单人-韩式生活妆-素颜裸妆+简单发型（总监级老师）1次,59,82
韩丽社素颜美妆定制,慈溪市,上林坊,4.7,单人日式单根嫁接套餐,280,75
优艺美甲,慈溪市,杭州湾新区,4.5,单人日常妆3选1套餐,9.8,75
筋骨养护中心,慈溪市,新城大道,5.0,单人腹部调理1次,88,55
俏红颜,慈溪市,古塘街道,4.1,单人深层补水面部护理1次,98,43
馨浪阁足浴,慈溪市,慈溪,4.4,单人精油开背养生保健SPA套餐,180,39
秀·指尖（淘铺店）,慈溪市,上林坊,5.0,单人睫毛嫁接3选1套餐,120,39
痣缘宫,慈溪市,三北西大街,4.1,单人测痣、识痣、辩痣套餐,1,38
美丽人生养生馆,慈溪市,慈溪,4.9,[美体]单人精油开背、刮痧、拔罐、艾灸,29,29
紫玫养生馆（1店）,慈溪市,观海卫,4.8,单人全身护理套餐,188,25
魅惑女王美甲美睫,慈溪市,上林坊,5.0,单人眉型设计1次,10,22
碧波庭*德真  美容 养生（掌起旗舰店）,慈溪市,掌起,4.8,单人面部除螨套餐,48,22
张玉珊修身堂（慈溪店）,慈溪市,慈溪,4.9,单人热能养生嫩肤套餐,98,20
璇子美容养生会所,慈溪市,上林坊,5.0,单人超值排毒养生套餐,158,18
真爱美美容中心,慈溪市,上林坊,4.8,单人去黑头套餐一次,19.9,18
伊人美容美睫会所,慈溪市,青少年宫路,5.0,单人设计眉毛一次,1,15
芭莎美容,慈溪市,浒山街道,4.2,单人精致美体套餐,98,11
雅彤美容工作室,慈溪市,上林坊,3.5,单人深层补水1次,39,10
芳庭美之（慈溪店）,慈溪市,三北西大街,4.0,单人整体淋巴疏通,103,9
檀香阁名媛汇,慈溪市,周巷,4.3,韩式小气泡仪器深层清洁毛孔+深度补水,58,9
可欣美妆会所,慈溪市,上林坊,5.0,眉型设计,1,9
思妍丽（慈溪思妍丽）,慈溪市,新城大道,3.5,单人纯新骨胶原美肤SPA套餐,288,7
丽尔肤名媛美容养生会所,慈溪市,周巷,4.1,单人超值面部护理1次,98,6
露诗贝尔（慈溪店）,慈溪市,慈溪,3.8,单人美容美体套餐,68,6
雪涵美甲,慈溪市,浒山街道,4.8,单人韩式娃娃睫毛烫1次,56.8,4
美薇日式美睫,慈溪市,青少年宫路,5.0,单人特色肩颈1次,68,3
斯悦桐,慈溪市,浒山街道,5.0,单人胸部护理项目1次,198,3
佐康专业祛痘（慈溪店）,慈溪市,上林坊,5.0,水氧单人套餐,58,3
无限极,慈溪市,宗汉街道,3.9,单人面部刮痧1次,29,2
韩国.爱丽小屋,慈溪市,世纪金源购物中心,3.8,单人韩式仿真睫毛单根嫁接1次,128,2
top私人造型工作室,慈溪市,慈溪,4.5,单人幸福订婚妆1次,188,1
伊然减肥养生美容会所（观海卫店）,慈溪市,观海卫,4.6,单人养生美容1次,380,1
薇阁尔美容美体养生馆,慈溪市,三北西大街,3.5,单人养生护理套餐,68,0
子画美甲,慈溪市,新城大道,4.1,单人面部美容护理套餐,68,0
可诺丹婷（慈溪金黄店）,慈溪市,上林坊,3.8,单人养生套餐,999,0
可诺丹婷（慈溪周巷店）,慈溪市,周巷,4.2,单人养生套餐,999,0
林怡美容会所,慈溪市,孙塘街道,4.0,单人面部护理套餐,128,0
皇家名尊美容SPA会所,慈溪市,杭州湾新区,3.8,单人痘肌护理1次,80,0
久灸归真养生会所,慈溪市,慈溪,3.5,圣菲之美姜精油仙丹调理系列,280,0
清水湾汗蒸温泉SPA（汗蒸温泉spa）,奉化市,太平洋百货,5.0,单人清水湾汗蒸洗浴1次,25,30768
克丽缇娜（金海路店）,奉化市,奉化,4.0,克丽缇娜水妍润泽单人焕美套餐,158,3038
克丽缇娜（大成路店）,奉化市,太平洋百货,4.0,克丽缇娜水妍润泽单人焕美套餐,158,3038
御莲会所,奉化市,大润发,5.0,单人足浴1次,94,1982
沁河沐足会所,奉化市,奉化,5.0,单人松骨足浴套餐（下午场）,78,1952
足三里足浴,奉化市,金钟广场,5.0,单人专业足浴1次,105,1932
老张推拿,奉化市,奉化,5.0,单人老张推拿1次,65,1097
爱儿乐婴童spa水育,奉化市,银泰城,5.0,宝宝单人（被动操+游泳+洗澡+抚触）1次,62,177
兰芷轩美容会所,奉化市,奉化,5.0,单人肩颈护理+背部经络疏通套餐,68,59
韩蒸阁美容养生会所,奉化市,奉化,4.6,单人精油开背1次,79,29
诗语美睫美甲专业店,奉化市,奉化,5.0,单人面部护理,38,24
美悦荟ESPA（奉化丽颜店）,奉化市,奉化,4.0,单人光洁毛腋下年卡,498,9
易康健身美容会所,奉化市,银泰城,3.5,爱尚单人SPA,198,6
天使丽人美容院,奉化市,奉化,4.1,单人全套护理套餐1次,198,5
VIP美甲美睫纹绣工作室,奉化市,银泰城,5.0,单人韩式裸妆眉/魅力内睫线2选1,680,3
1986专业美甲美睫spa会所,奉化市,奉化,4.1,单人日式一对一睫毛嫁接套餐1次,98,2
半岛良指,象山县,象山,5.0,单人足浴1次,85,4767
克丽缇娜（丹峰东路店）,象山县,象山,4.0,克丽缇娜水妍润泽单人焕美套餐,158,3038
富泉保健,象山县,象山,5.0,单人贵宾足浴1次,88,2727
苗医生专业祛痘（象山店）,象山县,丹城步行街,4.2,单人痘肌护理2次套餐,38,788
绿叶足浴,象山县,丹城步行街,4.0,单人足疗按摩1次,88,395
知足常乐,象山县,石浦镇,5.0,单人豪华足浴1次,79,311
花想容美容院,象山县,象山,4.8,单人面部净排1次,68,12
金惠韩国维娜美容院,象山县,象山,3.0,单人女士特价美容套餐,38,1
唯美修身堂（丹峰西路店）,象山县,象山,4.0,经络按摩神奇套餐,98,0
