﻿商家,区域,商圈,星级,服务,价格,销量
碧涛阁温泉SPA酒店（勒泰店）,长安区,勒泰中心,5.0,洗浴票1张,33,59828
华夏良子（石家庄时代方舟店）,长安区,省博物馆,5.0,代金券,75,11120
秀域古方减肥（冠城店）,长安区,先天下,4.0,单人夏日冰点净脱,88,7218
秀域古方减肥（嘉实蓝岸店）,长安区,方北,4.0,单人夏日冰点净脱,88,7218
欣奕除疤（胜利街店）,长安区,长安区,4.8,去黑头：深层清洁+除粉刺+收缩毛孔+补水保湿,58,3111
欣奕除疤（北国店）,长安区,长安区,4.2,去黑头：深层清洁+除粉刺+收缩毛孔+补水保湿,58,3111
欣奕除疤（谈固店）,长安区,东胜广场,4.9,去黑头：深层清洁+除粉刺+收缩毛孔+补水保湿,58,3111
莎蔓莉莎美容会所（育才街店）,长安区,先天下,5.0,单人莎蔓莉莎贵人经典标准护理套餐,29.9,2364
娇诗尼亚减肥瘦身经络理疗（国赫红珊湾店）,长安区,长安区,5.0,单人全身疏通按摩经络单次体验卡,58,1901
娇诗尼亚减肥瘦身经络理疗（乐汇城店）,长安区,长安区,5.0,单人全身疏通按摩经络单次体验卡,58,1901
娇诗尼亚经络理疗瘦身保养（北国益中店）,长安区,白佛,4.6,单人全身疏通按摩经络单次体验卡,58,1901
娇诗尼亚减肥塑型经络理疗（荣盛广场店）,长安区,长安区,5.0,单人全身疏通按摩经络单次体验卡,58,1901
娇诗尼亚拔罐减肥经络美容（金域蓝湾店）,长安区,谈固,5.0,单人全身疏通按摩经络单次体验卡,58,1901
娇诗尼亚减肥瘦身经络理疗馆（奥北店）,长安区,长安区,5.0,单人全身疏通按摩经络单次体验卡,58,1901
娇诗尼亚减肥塑型经络理疗中心（广安大街店）,长安区,先天下,5.0,单人全身疏通按摩经络单次体验卡,58,1901
娇诗尼亚减肥瘦身经络理疗（谈固瑞城店）,长安区,谈固,5.0,单人全身疏通按摩经络单次体验卡,58,1901
娇诗尼亚经络理疗减肥中心（御景半岛店）,长安区,长安区,4.7,单人全身疏通按摩经络单次体验卡,58,1901
善正堂经络养生馆,长安区,长安区,4.6,单人经络清淤,68,1654
善正堂经络养生馆（筑境店）,长安区,省博物馆,4.8,单人经络清淤,68,1654
彭世修脚养生会馆（空中花园店）,长安区,谈固,4.4,单人足部护理套餐,58,1543
彭世修脚养生会馆（书香华苑店）,长安区,盛世长安,4.3,单人足部护理套餐,58,1543
彭世修脚养生会馆（槐中路）,长安区,谈固,3.5,单人足部护理套餐,58,1543
彭世修脚养生会馆（园明路）,长安区,勒泰中心,5.0,单人足部护理套餐,58,1543
碧涛阁户外温泉,长安区,勒泰中心,4.3,"碧涛阁温泉SPA酒店门票成人票,入园前均可购买",59,1495
御生堂中医按摩（槐中路店）,长安区,方北,5.0,全身保健按摩,79.9,1328
舒筋堂正骨按摩,长安区,北国东尚,5.0,单人调理项目2选1,34.6,1121
六高康复颈肩理疗（荣盛广场1店）,长安区,长安区,5.0,单人专业颈肩调理一次,39,1103
香港莱雅美容连锁机构,长安区,北国东尚,5.0,特惠套餐,19.8,1028
艾尚美丽经络减肥美容瘦身会所（谈固店）,长安区,东胜广场,5.0,单人好评秒杀活动（全身拔罐疏通经络 瘦身 单次卡）,9.9,994
柔婷（金谈固店）,长安区,东胜广场,3.7,单人美容专业护理套餐1次,38,910
柔婷（天客隆店）,长安区,方北,3.7,单人美容专业护理套餐1次,38,910
痘博士专业祛痘连锁机构（石家庄店）,长安区,长安区,4.8,单人祛黑头套餐（请电话预约）,98,731
爱儿乐婴童spa水育乐园（紫晶悦城店）,长安区,盛世长安,5.0,单人单次婴幼儿游泳,29.9,711
起点养生堂,长安区,省四院中基礼域,3.8,起点全息养生套餐,18,618
倾城SPA足浴养生会所,长安区,长安区,4.8,泰式单人推拿全身保健,99,549
御珍堂中医养生减肥连锁机构（方北店）,长安区,方北,4.0,御珍堂经络调理套餐（八选三）,98,490
中基按摩,长安区,省四院中基礼域,5.0,单人单次肩颈推拿体验卡,9.9,266
永康盲人按摩（建华大街店）,长安区,建华百货,4.8,全身保健,48,265
富康盲人按摩工作室,长安区,长安区,5.0,全身保健,48,265
欣然堂,长安区,省博物馆,5.0,单人欣然堂刮痧/拔罐,9.9,263
舒络园按摩足疗养生,长安区,盛世长安,4.5,单人中式按摩,48,214
百姿减肥（谈固店）,长安区,长安区,4.1,刮痧/拔罐2选1套餐,9.9,209
圣手妙方按摩养生会所,长安区,勒泰中心,5.0,颈肩按摩,36.8,205
古道经络馆,长安区,建华百货,5.0,单人刮痧/拔罐/走罐3选1+肩背放松,8.8,197
在家美容美生会所,长安区,谈固,5.0,单人拔罐刮痧2选1（仅限女士）,1,188
德仁堂中医按摩调养会所,长安区,省博物馆,4.8,单人平衡全身经络循行按摩调养,89.9,186
兰旨养生,长安区,运河桥客运站,5.0,单人拔罐一次,9.9,173
美生堂（建华分院）,长安区,建华百货,4.1,单人小气泡洁面体验套餐一次,98,163
美生堂（东尚分院）,长安区,北国东尚,5.0,单人小气泡洁面体验套餐一次,98,163
妙莲华小儿推拿（荣盛店）,长安区,长安区,5.0,六一欢乐购小儿推拿3次套餐,108,162
玉强龙足养生（裕华店）,长安区,方北,3.5,单人四宝养生(预防稳固),268,147
玉强龙足养生（博雅店）,长安区,长安区,4.4,单人四宝养生(预防稳固),268,147
玉强龙足养生（谈固店）,长安区,长安区,3.5,单人四宝养生(预防稳固),268,147
钰锈美容瘦身养生馆,长安区,盛世长安,4.3,单人拔罐刮痧,1,145
缘艾堂艾灸养生馆,长安区,东胜广场,5.0,妇科调理灸,98,140
三源贯通中式养生机构（体育大街店）,长安区,先天下,5.0,单人疏肩护颈清脑调理,88,138
圣汉松骨足疗,长安区,长安区,5.0,单人调理套餐,189,137
漫生活纳米汗蒸养生馆,长安区,东胜广场,5.0,单人肩颈按摩+足疗,40,128
宇天美容会所（先天下（体育大街店））,长安区,长安区,5.0,单人肩颈通络/拔罐驱寒/超值套餐,19.9,127
宇天美容会所,长安区,北国东尚,5.0,单人肩颈通络/拔罐驱寒/超值套餐,19.9,127
苗方清颜专业祛痘连锁机构（东尚店）,长安区,北国东尚,3.7,单人祛黑头体验套餐,38,126
苗方清颜专业祛痘连锁机构（桥东平安大街店）,长安区,省四院中基礼域,4.4,单人祛黑头体验套餐,38,126
绕指柔 美甲美睫韩式定妆,长安区,长安区,5.0,单人打耳洞套餐,20,125
美联社美甲美睫韩式定妆（勒泰店）,长安区,勒泰中心,5.0,单人打耳洞套餐,20,125
康泽天下养生会馆,长安区,方北,4.4,局部经络刮痧,18,121
纤纤美甲（勒泰店）,长安区,勒泰中心,4.6,嫁接睫毛,79.9,121
蓝宝石养生会所,长安区,方北,5.0,单人欧式spa套餐,398,119
艾上艾艾灸养生堂,长安区,谈固,4.2,局部调理＋艾灸,29,110
南派修脚,长安区,长安区,4.1,单人精品修脚,38,96
umeet佑蜜皮肤管理中心,长安区,勒泰中心,4.4,单人小气泡深层清洁套餐,158,96
印奈尔美甲（益庄店）,长安区,长安区,5.0,单人修眉,1,89
百姿减肥（北城国际店）,长安区,长安区,5.0,深层清洁面部导黑套餐,25.9,88
爱薇皮肤管理中心,长安区,长安区,5.0,单人面部深层清洁净排套餐,39.9,78
张氏敷正堂,长安区,东胜广场,5.0,单人全身按摩,9.9,75
罗蜜雅伦美颜美体,长安区,勒泰中心,5.0,单人肩颈疏活放松体验套餐一次,9.9,73
康玖亚健康调理中心,长安区,东胜广场,5.0,单人肩颈宝,29.9,64
RY炫妆玉甲美甲半永久私人订制,长安区,东胜广场,5.0,【新店开业】修眉,4.99,62
顺康盲人按摩,长安区,盛世长安,4.6,拔罐/走罐/刮痧3选1,9.9,61
伊人美容减肥养生会所,长安区,省博物馆,5.0,单人面部深层美白补水保湿套餐,9.9,58
脊柱梳理（中基礼域店）,长安区,省四院中基礼域,4.0,有氧被动运动梳理放松脊柱,49.8,57
珍艾堂艾灸养生会所,长安区,长安区,4.1,单人拔罐/刮痧2选1,2,55
瑞和推拿,长安区,长安区,4.2,特色足浴1次,78,49
爱婴一生小儿推拿（瑞城店）,长安区,长安区,4.6,专业小儿推拿单次体验,39,49
逆时光皮肤管理,长安区,东胜广场,5.0,小气泡+去黑头+无针水光,39.9,47
陆羽足道,长安区,方北,4.6,陆羽足道日式按摩,68,44
香港磁立瘦磁疗养生减肥瘦身机构,长安区,北国东尚,4.1,单人拔罐/艾灸/面部补水3选1,9.9,43
存乐堂健康驿馆,长安区,北国东尚,5.0,单人颈肩/腰腿调理1次,48,43
彭世修脚（白佛店）,长安区,白佛,4.9,单人精品足浴,59.9,42
花之吻SPA会馆（和平店）,长安区,盛世长安,4.0,单人护理套餐,88,41
花之吻SPA会馆（中基礼域店）,长安区,省四院中基礼域,3.9,单人护理套餐,88,41
两足尊古法养生会馆,长安区,省博物馆,5.0,单人午间时光,58,41
花之吻SPA会馆（真爱店）,长安区,谈固,3.8,单人护理套餐,88,41
花之吻（美东店）,长安区,省博物馆,4.1,单人护理套餐,88,41
花之吻SPA会馆（中山店）,长安区,长安区,3.9,单人护理套餐,88,41
花之吻SPA会馆（长安店）,长安区,长安区,4.0,单人护理套餐,88,41
miss.li半永久私人订制,长安区,乐汇城,5.0,miss li 半永久美瞳线套餐,158,40
金氏推拿,长安区,谈固,4.3,金氏按摩局部调理,45,40
爱诗瑞拉健康调养&减龄美肤中心,长安区,先天下,4.9,单人瓷肌水光面部补水玻尿酸滋养面护,29.9,39
妙手盲人按摩,长安区,长安区,5.0,单人全身按摩+拔罐,66.5,39
MO KAREN韩式定妆颜值订制,长安区,乐汇城,5.0,单人单次温和脱毛五选一,56,38
iSpa（石家庄店）,长安区,省博物馆,4.9,I SPA午后静谧专享套餐AB二选一,398,37
阿迦妮肩颈调理减肥塑形中心（盛世长安店）,长安区,盛世长安,5.0,单人阿迦妮芳香开背套餐,38,37
速颜伊本水光皮肤管理（铂金公馆店）,长安区,省博物馆,5.0,单人面部矿物磁泥深层清洁去黑头,20.9,35
玛丽艳美容美体养生会所,长安区,东胜广场,5.0,臻荟纯植物养发护发,29.8,34
美生堂（花间菩提SPA会所）,长安区,长安区,4.2,单人美容套系,298,34
美生堂（谈固分院）,长安区,东胜广场,4.0,单人美容套系,298,34
浮云按摩,长安区,白佛,5.0,全身调理,55,34
祖传按摩,长安区,谈固,4.2,祖传按摩刮痧拔罐一体套餐,30,34
世纪名媛,长安区,谈固,4.5,单人超值体验套餐,9.9,32
澜琦（国际）光电美塑,长安区,先天下,3.7,澜琦雅塑单人国际奢华体验套餐,29.9,31
金手盲人按摩,长安区,盛世长安,4.1,单人局部按摩套餐,38,31
I Like 美甲美颜工作室,长安区,北国东尚,5.0,168元韩国天然无感空芯水貂毛睫毛嫁接,168,31
纤丝鸟美容院（美东店）,长安区,省博物馆,3.9,养生套餐,10,15
甲之梦美甲化妆专业店,长安区,东胜广场,4.1,单人日本笙花睫毛嫁接,168,15
祁氏中医按摩,长安区,谈固,4.1,单人脊柱调理,72.8,15
秀域古方减肥（冀兴尊园店）,长安区,建华百货,4.0,高科技生活美容单次体验课程,129,15
依珠百合美容院,长安区,北国东尚,4.6,中式点推按摩精油2次,38,14
美绣阁半永久纹绣脱毛定妆机构,长安区,北国东尚,5.0,单人彩妆造型日常妆,18.8,12
塑颜美甲美睫美容纤体半永久,长安区,东胜广场,5.0,单人绿色瘦身3次,19.8,12
益康足道,长安区,运河桥客运站,4.3,单人全身推拿+拔罐/刮痧/走罐（3选1）,69.9,12
颍川足道,长安区,省博物馆,3.5,SPA养生尊贵单人套餐,248,12
深度祛湿排毒足疗店,长安区,长安区,4.0,经典养生套餐,68,11
cc美甲韩式定妆,长安区,建华百货,5.0,单人单次修眉套餐,1,11
艺星美容会所,长安区,方北,5.0,单人颈椎调理/肩颈调理/腰椎调理/脾胃护理套餐,49.9,11
薇美度美容瘦身美甲会所,长安区,运河桥客运站,4.5,【爱美健康】肩颈养护+童颜塑雕套餐,29.9,11
祁仁堂修脚（嘉禾城店）,长安区,长安区,3.0,单人普通修脚,19.9,10
蜕变公式养生形象管理机构,长安区,乐汇城,4.7,单人肩颈调理套餐,18.8,10
醉红颜男子主题SPA养生会所,长安区,长安区,4.6,单人醉红颜养生SPA,198,10
禧尚纹绣工作室,长安区,勒泰中心,5.0,禧尚工作室韩式睫毛嫁接,79,6
U&蜜美甲彩妆半永久,长安区,北国东尚,5.0,单人U&蜜日常妆,19.9,6
鸥迪美甲化妆培训,长安区,先天下,5.0,单人修眉特惠套餐,3,6
金明堂按摩院,长安区,省四院中基礼域,4.0,保健按摩,39,5
魔指印象韩情养生会所,长安区,省博物馆,4.8,单人欧式按摩,368,7
芷芜堂美甲美睫美肤瘦身减肥中心（国际城店）,长安区,谈固,5.0,单人面部补水护理,38,5
绿茵阁SPA主题养生会所,长安区,建华百货,5.0,单人时尚经典养生套餐,298,5
长风美塑馆（美东店）,长安区,省博物馆,4.1,养生项目+项目代金券,58,4
小丫足浴会所,长安区,长安区,3.5,单人中式足浴,50,4
康之源按摩调理堂（园明路店）,长安区,长安区,4.0,单人扶阳灸调理,78,4
卢氏太极中式养生体验馆,长安区,省博物馆,4.2,全身按摩十二经络,68,4
轩竺瑜伽调理馆（谈固店）,长安区,东胜广场,4.9,单人精油SPA+面部刮痧套餐,68,3
丽颜纤体美容瘦身经络理疗中心（广安大街店）,长安区,省博物馆,4.6,单人精致面部V雕+深层补水套餐,38,3
韩式微美半永久形象中心（石家庄店）,长安区,东胜广场,3.5,单人经典瘦小V脸套餐,1180,3
美丽伊人堂科技美容会所,长安区,勒泰中心,3.5,单人面部娇白护理,19.9,3
Me & pretty 韩式半永久纹绣,长安区,乐汇城,5.0,MTS皮肤管理/黑脸娃娃/光子嫩肤体验一次,218,3
木子美甲美睫工作室,长安区,乐汇城,5.0,精致丽人淡妆,29.9,3
熙源天美美容会所,长安区,乐汇城,4.3,手部护理,9.9,3
清丽雅居养生馆,长安区,先天下,4.6,单人尊享spa,198,3
岁月静好养生会所,长安区,北国东尚,4.1,单人护理套餐,118,3
韩蜜美甲,长安区,省四院中基礼域,4.6,单人面部净排按摩,58,2
辛德瑞拉美甲美睫半永久私人订制,长安区,东胜广场,5.0,单人挽面绞唇一次,49.9,2
苗医生专业祛痘全国连锁,长安区,省博物馆,5.0,单人细胞激活套餐,58,2
魅颜韩社彩妆美甲纹绣培训（谈固新村店）,长安区,东胜广场,4.2,单人清透生活妆,25.8,2
纤思韵产后修护美容美体中心（Lily韩式定妆）,长安区,长安区,5.0,单人韩式睫毛部位定妆（睫毛线 /媚眼线）款,158,2
龙运足道,长安区,运河桥客运站,3.5,特色,98,2
Cygnus高级定制会所,长安区,勒泰中心,5.0,单人年会化妆【妆面+造形】,69.9,2
韩社魅力彩妆美甲纹绣培训,长安区,长安区,4.5,单人清透生活妆,25.8,2
美肤宝美甲,长安区,建华百货,5.0,单人化妆造型,29.9,2
馨欧彩美容美甲工作室,长安区,长安区,5.0,美依泉专业美白补水面部护理,39.9,2
nature skin 东尚皮肤管理中心,长安区,北国东尚,3.0,skin care皮肤管理面部去角质+深层补水,58,1
老苗医泡脚超市（北宋路店）,长安区,长安区,3.5,单人泡脚,8.8,1
Dreamer微笑美甲美睫半永久定妆,长安区,运河桥客运站,5.0,单人Smile微笑生活妆体验套餐,14.9,1
昕蔓蒂美容美体中心,长安区,谈固,4.1,E光嫩肤,98,1
甲如有你美甲美睫半永久会馆,长安区,长安区,4.7,单人眉型设计+画眉,9.9,1
永琪美容美发（广安街店）,长安区,长安区,3.7,单人面部补水+眼部保养套餐,38,1
唯美女王韩式半永久,长安区,北国东尚,4.4,单人韩式生活妆,29.9,1
sweety暄工作室,长安区,东胜广场,4.6,单人手部护理套餐,19.9,1
永琪美容美发（栗中路店）,长安区,省四院中基礼域,3.7,单人面部补水+眼部保养套餐,38,1
S&L;美容美甲工作室,长安区,盛世长安,4.6,单人头疗,9.9,1
闫静美容养生会馆（东胜店）,长安区,东胜广场,3.5,男士美白护肤,28.8,0
田之缘美容美甲,长安区,长安区,4.0,单人中式熏足护理,19.9,0
丽莲美容院,长安区,方北,3.0,养生套餐4选1,18,0
韩式微美半永久形象中心,长安区,长安区,4.7,蛋白线提升,1300,0
苏薇国际抗衰老养生会所,长安区,盛世长安,4.7,单人美甲套餐1次,29.9,0
Rose&Co.;韩国皮肤管理,长安区,省博物馆,3.5,单人韩国黄金焕肤为您找回丢失的岁月,580,0
尚沐形象管理,长安区,长安区,4.0,单人静脉曲张护理套餐,68,0
水之露养生会馆,长安区,省博物馆,4.7,代金券,98,0
名媛堂美容养生spa会馆（剑桥春雨店）,长安区,方北,4.0,单人面部紧致提升水疗1次,14.9,0
涵曦瘦身体验馆-雅清美容院,长安区,运河桥客运站,4.6,单人涵曦肩颈+背部经络疏通套餐,39.9,0
安吉儿彩妆美甲美睫脱毛店,长安区,北国东尚,4.0,单人高级化妆师新娘妆跟妆,680,0
如意社区生活馆（和平世家店）,长安区,盛世长安,4.1,单人美丽邂逅4选一,12.8,0
正源堂,长安区,建华百货,3.5,单人醒脑减压,38,0
蜜蜡修眉教主,长安区,北国东尚,5.0,单人面部（额头+唇部+下颚）眉毛除外,130,0
北派修脚（石家庄三店）,桥西区,西三教,4.4,单人北派足部套餐,28,12517
华夏良子（石家庄建设店）,桥西区,桥西区,5.0,代金券,75,11120
秀域古方减肥（缔景城店）,桥西区,海悦天地,4.0,单人夏日冰点净脱,88,7218
欣奕除疤（新百店）,桥西区,海悦天地,5.0,去黑头：深层清洁+除粉刺+收缩毛孔+补水保湿,58,3111
克丽缇娜（石家庄缔景城店）,桥西区,海悦天地,3.5,克丽缇娜水妍润泽单人焕美套餐,158,3021
克丽缇娜（恒大华府店）,桥西区,西三教,3.5,克丽缇娜水妍润泽单人焕美套餐,158,3021
莎蔓莉莎美容会所（新百会所）,桥西区,海悦天地,4.5,单人莎蔓莉莎贵人经典标准护理套餐,29.9,2364
妙指仙境欧派指压养生会馆,桥西区,新火车站,4.5,单人拂压按摩1次,199,1954
娇诗尼亚肩颈调理减肥塑形中心（盛世华庭店）,桥西区,西三教,5.0,单人全身疏通按摩经络单次体验卡,58,1901
娇诗尼亚经络理疗美容瘦身（西美花城店）,桥西区,西美花街,5.0,单人全身疏通按摩经络单次体验卡,58,1901
娇诗尼亚减肥瘦身经络理疗（联邦名都店）,桥西区,万象天成,5.0,单人全身疏通按摩经络单次体验卡,58,1901
娇诗尼亚经络理疗减肥中心（塔坛国际店）,桥西区,桥西区,5.0,单人全身疏通按摩经络单次体验卡,58,1901
娇诗尼亚减肥瘦身经络理疗（璟郡店）,桥西区,桥西区,4.8,单人全身疏通按摩经络单次体验卡,58,1901
娇诗尼亚减肥瘦身经络理疗中心（梦溪园店）,桥西区,时光街,5.0,单人全身疏通按摩经络单次体验卡,58,1901
娇诗尼亚减肥瘦身经络理疗中心（北国勒泰店）,桥西区,北国商城,5.0,单人全身疏通按摩经络单次体验卡,58,1901
娇诗尼亚减肥瘦身经络理疗（北国益友店）,桥西区,桥西区,5.0,单人全身疏通按摩经络单次体验卡,58,1901
娇诗尼亚经络理疗减肥中心（北国西兴店）,桥西区,桥西区,5.0,单人全身疏通按摩经络单次体验卡,58,1901
娇诗尼亚减肥瘦身经络理疗（天下玉苑店）,桥西区,西三教,5.0,单人全身疏通按摩经络单次体验卡,58,1901
百姿减肥美容（工农店）,桥西区,时光街,3.8,刮痧/拔罐2选1套餐,9.9,209
百姿减肥（城角街店）,桥西区,新石北路,4.5,刮痧/拔罐2选1套餐,9.9,209
洁足先登,桥西区,时光街,4.1,单人养生单人套餐,98,200
春天里美容汗蒸社区店,桥西区,桥西区,5.0,单人刮痧或拔罐,9,196
御昇堂足道,桥西区,桥西区,5.0,单人养腰保健套餐,98,191
金满堂足道,桥西区,西三教,4.2,单人皇室套餐,109,188
金品苗方专业祛痘（勒泰店）,桥西区,北国商城,4.7,单人金品苗方黑头套餐,16,184
金品苗方专业祛痘（石家庄店）,桥西区,西美花街,5.0,单人金品苗方黑头套餐,16,184
康之泉按摩中心,桥西区,西三教,4.6,全身保健,38,169
久艾足浴店,桥西区,时光街,5.0,单人修脚,19.9,169
美生堂（海悦天地店）,桥西区,桥西区,4.4,单人小气泡洁面体验套餐一次,98,163
悦辰洗浴住宿休闲会所,桥西区,西美花街,5.0,精品保健单人套餐,168,159
引领足尚养生会所,桥西区,桥西区,3.6,单人时尚足浴套餐,98,156
足来足往生态健足馆（桥西区）,桥西区,桥西区,5.0,豪华养生套餐,198,153
静溪瑜伽会馆,桥西区,新火车站,5.0,单人瑜伽教程体验周卡,29.9,151
玉强龙足养生（工农路店）,桥西区,益友百货/西里,4.1,单人四宝养生(预防稳固),268,147
玉强龙足养生（东风路店）,桥西区,桥西区,4.6,单人四宝养生(预防稳固),268,147
玉强龙足养生（知足者店）,桥西区,时光街,4.8,单人四宝养生(预防稳固),268,147
清心男士spa养生会所,桥西区,西三教,4.5,单人梵式养生,298,145
三源贯通中式养生机构（紫金大厦店）,桥西区,新石北路,5.0,单人疏肩护颈清脑调理,88,138
紫煜美容养生会所,桥西区,益友百货/西里,5.0,单人经典护肤美容,49,134
美容日记专业美容美体,桥西区,益友百货/西里,4.4,面部护理单人套餐,29.9,134
苗方清颜专业祛痘连锁机构（桥西店）,桥西区,红旗大街,4.1,单人祛黑头体验套餐,38,126
曼之谷养生会馆,桥西区,火车站,4.6,单人尊享套餐,98,117
佰丽雅美容养生馆,桥西区,益友百货/西里,4.2,佰丽雅美容养生馆7+1项美容套餐，裕华路与友谊大街交口,39,109
珂蓝美容养生馆,桥西区,西美花街,5.0,单人祛湿驱寒经络养生艾灸套餐一次,9.9,109
梦雨足道,桥西区,红旗大街,5.0,单人全身按摩套餐,98,108
德仁堂正骨按摩,桥西区,桥西区,5.0,德仁堂正骨按摩刮痧/拔罐单人餐,10.2,106
爱宝贝母婴SPA生活馆,桥西区,红旗大街,5.0,不限次畅游季卡（大池）,850,105
足益推拿会所,桥西区,新石北路,4.6,单人足疗+全身按摩,108,105
益多多足浴,桥西区,新石北路,5.0,单人足疗+全身按摩,108,105
迪兰朵产后修复美容中心,桥西区,海悦天地,3.7,单人肩背刮痧拔罐净排1个月不限次/肩颈保养2次/面部水疗2次,38,101
豆豆博士专业祛痘连锁机构（西美花街店）,桥西区,西美花街,3.5,单人清洁肌肤套餐,18,88
花漾 创意彩妆工作室（中山路店）,桥西区,北国商城,4.8,化妆,32,85
郑一生专业祛痘祛斑（西美花街店）,桥西区,西美花街,5.0,鼻部祛黑头 收缩毛孔,20,76
焕颜皮肤管理中心,桥西区,西三教,5.0,单人眉部设计套餐,1,73
通健按摩修脚,桥西区,红旗大街,4.0,单人通健按摩全民健康普及超值套餐,50,69
好事多磨盲人按摩中心,桥西区,桥西区,4.6,单人局部治理,59.9,68
"你好,闺蜜美甲美睫",桥西区,北国商城,5.0,单人腋下/上唇净肤脱毛包干套餐,168,68
小时代美容汗蒸馆,桥西区,时光街,4.7,单人汗蒸,16.8,67
挚益堂,桥西区,时光街,4.8,单人全身经络推拿按摩1次,88,63
藏象养生堂,桥西区,红旗大街,5.0,单人颈肩按摩,59,57
尚足馆,桥西区,益友百货/西里,5.0,单人康体养生套餐,128,56
颜如玉SPA主题养生会所,桥西区,新石北路,5.0,单人时尚经典SPA套餐,298,53
金桂源养生会所,桥西区,西三教,4.6,单人休闲养生套餐,108,52
茗心舍,桥西区,万象天成,4.4,磁疗罐绝技调理健康,1,52
众盛阁经络养生,桥西区,西三教,5.0,颈肩调理体验套餐,68.8,42
花之吻SPA会馆（中天世都店）,桥西区,北国商城,3.5,单人护理套餐,88,41
中华香薰堂中医养生馆,桥西区,桥西区,4.8,单人温宫养元妇科,29.9,41
花之吻SPA会馆（金世界店）,桥西区,南花园步行街,3.8,单人护理套餐,88,41
花之吻SPA会馆（维明店）,桥西区,海悦天地,4.0,单人护理套餐,88,41
you美美容美甲美睫私人定制,桥西区,红旗大街,5.0,面部补水+眼护+手护+艾灸+拔罐,38,39
鑫鑫美容养生馆,桥西区,桥西区,4.5,单人拔罐疏通经络单次体验,9.9,39
雅丽尚屋美容工作室,桥西区,益友百货/西里,3.6,9.8.元套餐,9.8,39
月荷湾spa养生会所,桥西区,桥西区,4.1,单人尊贵spa养生套餐（80分钟）,138,37
轩艺化妆韩式半永久美容美甲,桥西区,时光街,5.0,单人化妆课程三个妆面三个发型,130,37
珏美美容美体私人订制中心,桥西区,桥西区,4.8,单人面部秋季深层补水套餐,8.8,37
爱美协会工作室,桥西区,北国商城,5.0,【新店开业特惠】单人面部补水（水疗美白+注氧）,58,37
美生堂（西清分院）,桥西区,桥西区,4.0,单人美容套系,298,34
诺茜美容会所,桥西区,桥西区,5.0,单人花香水润保湿护理,29.8,34
美生堂（玫瑰园分院）,桥西区,西三教,4.0,单人美容套系,298,34
美生堂（禅意空间SPA会所）,桥西区,南花园步行街,4.0,单人美容套系,298,34
美生堂（西美SPA会所）,桥西区,北国商城,3.9,单人美容套系,298,34
美生堂（中山分院）,桥西区,海悦天地,4.0,单人美容套系,298,34
腧虞秀美容美体（海悦店）,桥西区,桥西区,4.8,单人特价面部瑜伽（补水+提升）,49.9,34
美生堂（益友分院）,桥西区,益友百货/西里,4.1,单人美容套系,298,34
养足阁,桥西区,桥西区,5.0,单人全身放松按摩（60分钟）,88,32
芦荟养发护肤服务中心（梦溪园店）,桥西区,时光街,4.1,单人芦荟养生美容套餐,63.6,30
健亨堂；纳米汗蒸养生足浴,桥西区,新石北路,4.6,单人足浴+汗蒸,68,30
御指阁SPA男子主题养生会所,桥西区,时光街,4.8,御指豪华SPA单人养生套餐,298,26
指尚梦幻男子SPA会所,桥西区,桥西区,5.0,生命芝麻开花spa套餐,298,25
伊修堂美容健康养生馆,桥西区,北国商城,4.9,单人葫芦灸体验套餐,19.9,25
阿俊足道,桥西区,时光街,4.6,单人修脚套餐,30,25
小贵族美容养生工作室,桥西区,北国商城,5.0,单人天然芦荟鲜汁面膜套餐,19.9,24
雅品阁足道养生会所,桥西区,新火车站,3.0,单人全身按摩,98,23
俏佳人spa养身会所,桥西区,北国商城,4.7,单人spa套餐,298,22
美丽人生养生馆,桥西区,西美花街,5.0,单人艾灸养生套餐,48,21
Emily 韩式半永久美妆工作室,桥西区,桥西区,5.0,单人私人订制设计眉形,1,19
伊人减肥会馆（万象天成店）,桥西区,万象天成,4.0,单人面部水疗3次体验,19.9,19
春雨美容坊,桥西区,西美花街,5.0,单人面部护理套餐,28.8,18
聚足堂,桥西区,益友百货/西里,4.4,单人拔罐或刮痧,9.9,18
兰姿美容服务中心,桥西区,红旗大街,5.0,单人单次修眉套餐,1,18
欣康盲人按摩,桥西区,益友百货/西里,5.0,部位按摩,29.8,16
楠楠美甲,桥西区,西美花街,4.8,单人韩式自然淡妆1次,39.9,16
纤丝鸟（万豪店）,桥西区,桥西区,3.9,养生套餐,10,15
Eiffel美睫（海悦天地店）,桥西区,海悦天地,5.0,单人单次Eiffel修眉套餐,8.8,15
舒益足道,桥西区,红旗大街,4.2,单人足道按摩套餐,98,14
缘爱美容养生,桥西区,益友百货/西里,4.9,单人全身艾灸体验套餐三次,39.9,14
纤秀百媚美容瘦身连锁机构,桥西区,西美花街,4.7,面部深层清洁修护水疗,9.8,14
君泰假日休闲会所,桥西区,益友百货/西里,4.4,单人君泰养元套餐,198,13
纯美美容院,桥西区,益友百货/西里,4.6,单人肩颈放松疏通/乳腺疏通/芳香开背,29.9,13
臻荟美容汗蒸养生会所,桥西区,益友百货/西里,4.1,肩颈舒缓调理,38,12
普丽媞美容养生会所,桥西区,桥西区,4.7,肩颈调理,28,12
诺曼妮美容美发养生会所,桥西区,红旗大街,4.7,午休式美容,29.9,12
Muse.Time美容美体工作室,桥西区,桥西区,4.6,豪华面部护理套餐,38,12
玛莎妮尔女子养生会馆,桥西区,桥西区,4.6,单人腰椎/肠胃调理2选1套餐,38.8,12
平步足浴,桥西区,桥西区,4.9,单人养生套餐,98,12
氨基酸芦荟洗发养发美容美体会所（一店）,桥西区,桥西区,4.5,身体护理,38,11
清颜堂美容美体会所（恒大华府店）,桥西区,海悦天地,4.0,面部高级美白袪斑套餐,58,10
荟草堂专业祛痘全国连锁（海悦天地店）,桥西区,海悦天地,5.0,面部深层清洁补水刮痧,58,9
宝姿纤体美容会馆（烈士陵园店）,桥西区,桥西区,4.5,面部护理,58,9
璟康轩汗蒸按摩养生会所,桥西区,桥西区,4.1,单人养生樽汗蒸排毒,58,8
美e家足浴养生馆,桥西区,南花园步行街,4.4,单人汗蒸+淋浴+面部美容,9.9,8
蝶主美甲美睫美容美体养生（半永久定妆店）,桥西区,西美花街,5.0,【新店开业】美容养生套餐（面部补水/肩颈舒通/头疗）,29.9,8
减肥终点站（西王店）,桥西区,桥西区,4.3,单人面部青春定格术体验卡一次,49.9,8
百园里足浴,桥西区,时光街,3.8,百园里单人养生足浴,108,8
妙秀堂减肥塑形养生,桥西区,益友百货/西里,5.0,肩颈调理套餐,19.8,8
蕾特恩专业祛痘（中山旗舰店）,桥西区,北国商城,5.0,DNA靶向黑头析出护理,38,7
思纤琪美容养生馆,桥西区,时光街,4.6,【新店开业爆单】眼灸一次,3,7
蓝房子美甲&纹绣创美连锁机构（蓝房子）,桥西区,红旗大街,5.0,温和脱腋毛特价体验,38,8
莎愫莉尔女子养生会所（建国店）,桥西区,时光街,4.0,温灸套餐,58,0
鑫丽颜美容养生,桥西区,西三教,5.0,肩颈调理,38,0
莎愫莉尔女子养生会所（益友店）,桥西区,益友百货/西里,4.1,温灸套餐,58,0
宝妈美甲,桥西区,桥西区,5.0,单人鲜芦荟补水面膜一次,19.9,0
熙熙美纹工作室,桥西区,海悦天地,5.0,单人面部水疗护理套餐,29.9,0
经络按摩养生堂,桥西区,桥西区,4.0,单人催乳,240,0
百年吴越,桥西区,南花园步行街,4.0,单人修眉套餐,1,0
赫茹娜美容美甲中心,桥西区,红旗大街,5.0,单人水动力补水套餐,480,0
朋朋修脚（金马店）,裕华区,国际城,5.0,单人足部护理套餐,33.9,15618
北派修脚（石家庄四店）,裕华区,万达广场,5.0,单人北派足部套餐,28,12517
华夏良子（石家庄怀特店）,裕华区,怀特商城,5.0,代金券,75,11120
秀域科技美容（世奥湾店）,裕华区,裕华区,4.3,单人夏日冰点净脱,88,7218
佐康专业祛痘（裕华区旗舰店）,裕华区,万达广场,3.4,单人去黑头套餐（全国通用2次）,16.8,3569
欣奕除疤（空中花园店）,裕华区,空中花园,5.0,去黑头：深层清洁+除粉刺+收缩毛孔+补水保湿,58,3111
手一盲人推拿盲人中医按摩,裕华区,国际城,5.0,单人部位推拿一次,39.9,1984
娇诗尼亚减肥瘦身经络理疗中心（怀特店）,裕华区,怀特商城,5.0,单人全身疏通按摩经络单次体验卡,58,1901
娇诗尼亚减肥瘦身经络理疗（天山海世界店）,裕华区,天山海世界,5.0,单人全身疏通按摩经络单次体验卡,58,1901
娇诗尼亚减肥瘦身经络理疗（万达B1区店）,裕华区,万达广场,5.0,单人全身疏通按摩经络单次体验卡,58,1901
娇诗尼亚减肥瘦身经络理疗（大马庄园店）,裕华区,大马庄园,5.0,单人全身疏通按摩经络单次体验卡,58,1901
娇诗尼亚减肥瘦身经络理疗（众美店）,裕华区,众美凤凰城,4.7,单人全身疏通按摩经络单次体验卡,58,1901
娇诗尼亚减肥瘦身经络理疗（万达店）,裕华区,万达广场,5.0,单人全身疏通按摩经络单次体验卡,58,1901
娇诗尼亚经络理疗减肥中心（玫瑰湾店）,裕华区,红楼商圈,5.0,单人全身疏通按摩经络单次体验卡,58,1901
娇诗尼亚经络理疗减肥中心（美景东方店）,裕华区,国际城,4.7,单人全身疏通按摩经络单次体验卡,58,1901
娇诗尼亚经络理疗减肥中心（欧韵公园远见店）,裕华区,欧韵公园,5.0,单人全身疏通按摩经络单次体验卡,58,1901
娇诗尼亚经络瘦身经络理疗（世纪公园店）,裕华区,裕华区,5.0,单人全身疏通按摩经络单次体验卡,58,1901
彭世修脚养生会馆（隆泰店）,裕华区,国际城,4.0,单人足部护理套餐,58,1543
彭世修脚养生会馆（世纪花园店）,裕华区,万达广场,4.5,单人足部护理套餐,58,1543
鱼疗足疗按摩拔罐刮痧养生休闲馆,裕华区,大马庄园,5.0,单人足疗鱼疗套餐,68,1489
仁合美容养生馆,裕华区,裕华区,5.0,单人拔罐/刮痧1次,9.8,1487
御生堂中医按摩（万达店）,裕华区,万达广场,5.0,全身保健按摩,79.9,1328
雅静足浴,裕华区,欧韵公园,5.0,单人全身放松按摩,88,1260
雅静足浴（亚太大酒店店）,裕华区,裕华区,4.4,单人全身放松按摩,88,1260
六高康复颈肩理疗（东岗怡园2店）,裕华区,欧韵公园,5.0,单人专业颈肩调理一次,39,1103
艾轩养生馆,裕华区,万达广场,5.0,单人颈肩按摩,39.9,1094
亚太养生会所,裕华区,裕华区,4.6,单人洗浴+搓澡套餐,36,1086
圣宫足道万达店,裕华区,万达广场,5.0,单人养生护理套餐,88,1035
德康按摩院,裕华区,空中花园,5.0,单人德康按摩四选一,26.9,879
17一起美妆吧（万达店）,裕华区,万达广场,5.0,韩式清透生活妆+盘发+修眉 一次,9.9,871
楚氏正骨推拿,裕华区,欧韵公园,4.8,楚氏推拿按摩调理套餐,39,796
专业足疗（雅清店）,裕华区,大马庄园,5.0,单人经典足浴,36,794
昌盛园盲人按摩（金马路店）,裕华区,大马庄园,5.0,单人昌盛园部位按摩,40,627
昌盛园盲人按摩（雅清街店）,裕华区,大马庄园,4.7,单人昌盛园部位按摩,40,627
天运之合足浴养生会所,裕华区,众美凤凰城,4.7,天运养生足浴套餐,129,541
百姿减肥（赵村新区店）,裕华区,天山海世界,4.0,刮痧/拔罐2选1套餐,9.9,209
德康源按摩中心,裕华区,裕华区,5.0,单人刮痧或拔罐或红豆袋热敷,19.9,194
富足前程养生会所（世纪花园店）,裕华区,大石门,5.0,单人富足按摩套餐（80分钟）,129,169
永辉盲人按摩,裕华区,万达广场,5.0,单人全身按摩,59.9,159
玉强龙足养生（卓达店）,裕华区,空中花园,4.0,单人四宝养生(预防稳固),268,147
索拉莉SPA美容养生会所,裕华区,大马庄园,5.0,【新店开业】单人鲜芦荟汁绿色美容护理一次,9.9,139
瑞倪维儿美容馆（东岗路店）,裕华区,万达广场,4.6,单人尊享面部美容套餐,59.8,136
恒美美容养生会所,裕华区,万达广场,5.0,单人面部刮痧净排,9.9,132
苗方清颜专业祛痘连锁机构（裕华店）,裕华区,裕华区,5.0,单人祛黑头体验套餐,38,126
康泽天下经络养生堂（东岗店）,裕华区,万达广场,4.0,局部经络刮痧,18,121
女子美容瘦身养生会所,裕华区,万达广场,5.0,单人拔罐,9.9,120
汉香御休闲足道,裕华区,空中花园,3.6,单人汉香御中式套餐,58,118
清雅堂女子美容会所,裕华区,裕华区,5.0,单人面部深层补水净排护理,13.8,116
富足前程养生会所（希望绿洲店）,裕华区,大马庄园,4.6,单人颈肩足浴套餐（60分钟）,99,114
福康按摩,裕华区,华夏家园,4.6,单人拔罐1次,10,94
迈瑞美甲美睫美容护肤馆,裕华区,万达广场,5.0,单人生活妆套餐,29.9,91
龙氏推拿,裕华区,国际城,5.0,经络足疗套系,65,88
普丽缇莎（万达店）,裕华区,万达广场,5.0,单人植物香薰面护4选1,78,88
红木子美甲美睫,裕华区,万达广场,5.0,单人打耳洞套餐,19.9,86
熙颜Beauty美甲美睫皮肤管理（万达店）,裕华区,万达广场,5.0,单人修眉体验套餐,1,84
紫悦养生馆,裕华区,万达广场,5.0,单人小儿推拿,36.9,81
随意美容美体养生汗蒸会所,裕华区,大马庄园,4.3,单人纳米玉石汗蒸,8.8,79
倾国倾城男子SPA养生会所,裕华区,大马庄园,5.0,尊享SPA单人套餐,298,79
虞美人美容院,裕华区,万达广场,4.2,单人全身按摩,19.9,75
阿迦妮瘦身美容养生会馆（国仕玉苑）,裕华区,裕华区,4.8,单人单次阿迦妮水漾补水套餐,1,73
阿迦妮瘦身美容养生会馆（百姿店）,裕华区,怀特商城,4.6,单人单次阿迦妮水漾补水套餐,1,73
漫步云端养生会所,裕华区,大马庄园,4.1,单人培元足享套餐,268,70
汐城美容院,裕华区,空中花园,5.0,面部补水,58,67
北京盲人按摩院,裕华区,国际城,4.3,单人肩颈按摩,26.6,65
天缘时运足浴养生会馆,裕华区,红楼商圈,4.5,单人原生态足浴套餐,129,63
鑫贵足,裕华区,众美凤凰城,4.3,单人香浴盐足浴,38,63
润美足浴,裕华区,欧韵公园,4.8,单人足浴保健套餐,98,60
和佑365养发护肤服务中心,裕华区,大石门,5.0,养发保健套餐,12.8,59
香薇妮丝女子减肥院,裕华区,空中花园,5.0,人工推脂,18,58
美之缘美妆半永久工作室,裕华区,万达广场,4.8,单人补水嫩肤水疗一次,60,54
少林正骨堂（石家庄店）,裕华区,裕华区,4.0,少林养生套餐3（单人）,49,54
安妮美容美体专业护理中心,裕华区,万达广场,5.0,【新店开业】精致修眉,1,53
可诺丹婷美颜美体（万达店）,裕华区,万达广场,5.0,单人深层毛孔清洁护理一次,28,26
Ts芙雅滢皮肤管理私属会馆,裕华区,万达广场,4.9,单人皮肤管理小气泡清洁黑头补水护理套餐,118,25
康美佳美容美体养生会所,裕华区,怀特商城,4.7,单人面部水疗美白补水套餐,12.8,24
美胸纤体（裕华路店）,裕华区,华夏家园,4.1,单人拔罐 刮痧 薰蒸三选一,8.8,24
索索美妆吧,裕华区,万达广场,5.0,单人面部美颜形象设计,59.9,23
雅芳亚美容会馆（空中花园店）,裕华区,空中花园,3.9,单人精油芳香开背3次（减压/净排/改善肤色）爱自己就选它,199,22
雅芳亚美容旗舰店,裕华区,红楼商圈,4.9,单人精油芳香开背3次（减压/净排/改善肤色）爱自己就选它,199,22
雅芳亚美容会馆（国际城店）,裕华区,国际城,4.0,单人精油芳香开背3次（减压/净排/改善肤色）爱自己就选它,199,22
建华盲人中医按摩,裕华区,天山海世界,4.6,单人局部推拿1次,39.9,21
清雅丽妍美容院,裕华区,空中花园,4.5,三重氧能保湿组合体验,18.8,20
博美国际美容造型连锁机构,裕华区,红楼商圈,5.0,尊享泰式洗头,30,19
御鸿道和美容养生SPA会所（今古俪舍店）,裕华区,空中花园,4.5,单人全身减压+面部水动力套餐,58,19
优曼美容,裕华区,空中花园,4.9,单人养生艾灸套餐,19.9,19
琰俯男子SPA养生会所,裕华区,大马庄园,5.0,单人拔罐养生套餐,9.9,18
真痛快健康生活理疗馆,裕华区,裕华区,4.5,单人推拿按摩,52.8,18
仟润伊人美容院,裕华区,红楼商圈,4.5,单人美白嫩肤套餐,98,17
李氏专业瘦身（总店）,裕华区,万达广场,5.0,单人单次局部拔罐十艾灸调理,9.9,16
秀域科技美容,裕华区,国际城,4.0,高科技生活美容单次体验课程,129,15
纤丝鸟（东岗店）,裕华区,万达广场,3.9,养生套餐,10,15
秀域古方减肥（平安店）,裕华区,华夏家园,4.0,高科技生活美容单次体验课程,129,15
秀域（石家庄亚太店）,裕华区,裕华区,3.5,高科技生活美容单次体验课程,129,15
安荷美容美体养生中心,裕华区,裕华区,4.5,面部眼部颈部莹润充氧护理套餐体验一次,36,15
美约手足SPA,裕华区,空中花园,4.0,光疗美甲套餐,49.9,14
德正堂中医按摩养生会所,裕华区,华夏家园,4.2,套餐B,55,14
乐庭伊人美肤中心,裕华区,天山海世界,4.5,单人面部保养,19.9,14
美尊女子养生会所,裕华区,大马庄园,4.5,美尊韩国美容SPA店美容套餐,99,14
仁济养生堂,裕华区,欧韵公园,4.0,樱花古疗套餐,188,12
芸绣私人定制,裕华区,众美凤凰城,4.7,单人经络拔罐套餐,9.9,13
清颜堂专业祛痘,裕华区,万达广场,5.0,单人清颜堂去黑头护理套餐,48,11
E.V逸纹纹绣化妆造型,裕华区,万达广场,5.0,宴会妆、职业妆、party妆、艺考妆,59.9,11
艺诚美容祛痘祛斑韩式半永久店（半永久定妆店）,裕华区,万达广场,4.2,艺诚单人面部护理痘肌护理,8.8,11
指尖芭蕾美甲美睫化妆工作室,裕华区,万达广场,5.0,单人面部刮痧或净排2选1,29.9,10
指尖写意,裕华区,万达广场,4.9,单人时尚编发/一次性烫发/盘发3选1套餐,18.9,10
紫夜SPA足浴男子养生会所,裕华区,大马庄园,4.4,单人紫夜悦享按摩体验,28,10
ACE美甲美睫（万达广场店）,裕华区,万达广场,4.9,单人超值修眉,5,10
T Q美甲美睫半永久私人订制,裕华区,万达广场,5.0,单人深层清洁补水焕肤SPA,38,9
悦莱美光学美肤中心,裕华区,万达广场,4.7,单人台湾高级眉形设计,1,9
盛开美发,裕华区,万达广场,5.0,单人美容套餐,80,9
宝姿纤体美容会馆（亚太酒店店）,裕华区,怀特商城,3.0,面部护理,58,9
Miss Gao韩式私人订制,裕华区,万达广场,5.0,单人Miss Gao韩式驻颜水光粉底套餐,68,9
恩薇科技美容美体生活馆,裕华区,万达广场,4.6,单人【订十次】小气泡美容套餐,19.9,9
缪斯女神美容美体养生会所,裕华区,万达广场,4.3,单人面部水疗美白补水套餐,29.9,9
大韩贵族专业祛痘（开发区店）,裕华区,裕华区,4.2,单人面部护理,16.9,9
颐和水疗馆,裕华区,怀特商城,4.9,御水仙浴,298,8
叶小姐の店（裕华万达店）,裕华区,万达广场,5.0,单人单次修眉+画眉,1.99,8
柔情似水男子SPA主题养生会所,裕华区,怀特商城,4.6,十里花香滋润SPA单人套餐,298,8
风花雪月SPA主题养生会所,裕华区,怀特商城,5.0,单人风华经典SPA养生,398,8
颜知己美容养生馆,裕华区,华夏家园,4.6,【新店开业】单人面部spa补水美白,38.8,7
蕾特恩专业祛痘,裕华区,空中花园,5.0,DNA靶向黑头析出护理,38,7
炫彩美甲美睫工作室（怀特店）,裕华区,怀特商城,5.0,炫彩单人【修眉/修甲型】,9.9,6
香薰水疗,裕华区,欧韵公园,3.9,水疗SPA油压系类,198,6
冰冰美甲美睫半永久工作室,裕华区,万达广场,4.6,精致修眉,1,6
爱手爱脚美甲美睫,裕华区,万达广场,5.0,单人爱手爱脚刮痧拔罐2选1套餐,19.9,6
豆域祛痘祛斑除疤,裕华区,空中花园,5.0,单人面部经络拔筋美白补水体验套餐,18,6
I m cc美甲美睫半永久,裕华区,万达广场,5.0,眉形设计+修眉,1,5
好轻松盲人按摩中心,裕华区,空中花园,3.5,经络推拿,79,5
悦己韩式美妆,裕华区,万达广场,4.2,单人修眉加画眉套餐,1,5
善正堂（金领大厦店）,裕华区,裕华区,4.0,全身按摩套餐,68,5
千艺美甲,裕华区,怀特商城,5.0,绞唇毛,38,4
佳颜私人定制会所,裕华区,万达广场,4.2,芳香开背祛湿排毒,49.9,4
长风美塑馆（卓达店）,裕华区,空中花园,3.7,超值美容套餐,98,4
思晨贝儿美容养生会所,裕华区,裕华区,3.5,单人面部补水,9.9,4
灵秀美甲,裕华区,天山海世界,5.0,单人面部护理套餐,9.9,4
欧泉美发美容店（开发区店）,裕华区,天山海世界,4.5,欧泉美容单人拔罐,9.9,4
正气堂美容院,裕华区,万达广场,3.5,面部水疗护理,39.9,3
丽颜纤体美容瘦身经络理疗中心,裕华区,裕华区,4.6,单人精致面部V雕+深层补水套餐,38,3
酵素浴美容养发养生会所,裕华区,大马庄园,4.3,单人面部深层清洁套餐,68,2
指上芭蕾美甲美睫半永久,裕华区,空中花园,4.2,单人生活妆一次,29.9,2
Queen美甲体验店,裕华区,众美凤凰城,4.6,单人面部护理精致套餐,9.9,2
杰影美甲（女王之甲连锁）,裕华区,空中花园,4.2,高级身体美容套餐,28.8,2
闺密坊霞霞美甲韩式半永久工作室,裕华区,万达广场,4.5,单人单次修眉,1,2
苗医生专业祛痘全国连锁,裕华区,万达广场,4.6,单人细胞激活套餐,58,2
旺宣嘉丽SPA主题养生会所,裕华区,万达广场,4.6,单人尊享SPA养生套餐,398,1
百韵瘦身（万达店）,裕华区,裕华区,5.0,五行经络疏通拔罐,6.8,1
烁美美甲美容美体会馆,裕华区,大马庄园,4.8,单人面部水疗,29.9,1
诗慕美甲店,裕华区,万达广场,5.0,单人单次修眉套餐,1,1
悦美半永久纹绣美容培训机构,裕华区,万达广场,3.5,单人腋毛或唇毛2选1净肤,99,1
伍福金健康按摩中心,裕华区,国际城,3.5,调理套餐,39.9,0
橙茜纤妍馆,裕华区,国际城,4.5,美白套餐,698,0
依佩儿美容养生,裕华区,大马庄园,3.5,眼周护理套餐,28,0
永琪美容美发（万达广场店）,裕华区,万达广场,3.7,单人臻品男士SPA,108,0
绽放美美容会所,裕华区,万达广场,3.5,单人拔罐套餐,9.9,0
新来福（特许世纪店）,裕华区,万达广场,3.5,新来福净排养颜套餐,19.9,0
I feel 头彩,裕华区,国际城,4.0,修眉卡套餐,158,0
一品经络馆,裕华区,怀特商城,3.5,单人禅定经络拍打1次,128,0
秀色满屋SPA主题养生会所,裕华区,裕华区,4.8,单人尊享养生SPA套餐,168,0
女王国际美容美甲,裕华区,裕华区,4.0,单人本草传奇皮膜体验一次,99,0
金玉颜美容瑜伽生活馆,裕华区,红楼商圈,3.5,美肤套餐,38,0
苏苏美甲美睫韩式半永久定妆,裕华区,万达广场,4.9,单人艾灸体验套餐,29.9,0
瑶芳清颜祛痘（怀特店）,裕华区,怀特商城,5.0,单人面部反复过敏激素脸护理一次,49,0
轩姿美容连锁机构,裕华区,万达广场,3.5,单人面部美白美肤（7次）,38,0
正气堂祛痘除疤,裕华区,万达广场,3.5,单人面部护理套系,18,0
初心美甲,裕华区,裕华区,4.6,单人面部毛孔疏通套餐,38,0
蜜尔美甲美睫半永久私人定制,裕华区,万达广场,5.0,单人清肌水养面膜5片,68,0
水上西施SPA养生会所,裕华区,万达广场,5.0,单人尊享养生SPA,298,0
莎愫莉尔女子养生会所（东岗店）,裕华区,红楼商圈,3.9,温灸套餐,58,0
莎愫莉尔女子养生会所,裕华区,大马庄园,3.9,温灸套餐,58,0
New beauty美甲半永久皮肤管理工作室,裕华区,万达广场,4.6,单人皮肤管理项目体验套餐,118,0
香·兰美容美体养生会馆,裕华区,万达广场,3.8,美容SPA套餐,38,0
华夏良子（石家庄温泉店）,新华区,友谊公园,4.0,代金券,75,11120
秀域古方减肥（水上公园店）,新华区,水上公园,4.0,单人夏日冰点净脱,88,7218
秀域古方减肥（天林花园店）,新华区,友谊公园,4.9,单人夏日冰点净脱,88,7218
秀域古方减肥（北新街店）,新华区,省二院,4.0,单人夏日冰点净脱,88,7218
恒古足道,新华区,友谊公园,5.0,单人精品沐足套餐1次,79.9,6591
佐康专业祛痘（新华区旗舰店）,新华区,新百广场,5.0,单人去黑头套餐（全国通用2次）,16.8,3569
皇家足道（金圆大厦店）,新华区,新百广场,5.0,单人套餐,398,2643
娇诗尼亚减肥塑型经络理疗（金亿城店）,新华区,太和电子城,5.0,单人全身疏通按摩经络单次体验卡,58,1901
娇诗尼亚减肥瘦身经络理疗（水上公园店）,新华区,水上公园,5.0,单人全身疏通按摩经络单次体验卡,58,1901
娇诗尼亚减肥瘦身经络理疗（盛世天娇店）,新华区,友谊公园,5.0,单人全身疏通按摩经络单次体验卡,58,1901
娇诗尼亚经络理疗减肥塑形（北国益园店）,新华区,赵佗公园,5.0,单人全身疏通按摩经络单次体验卡,58,1901
娇诗尼亚减肥瘦身经络理疗（北郡店）,新华区,赵佗公园,5.0,单人全身疏通按摩经络单次体验卡,58,1901
彭世修脚养生会馆（北新街店）,新华区,省二院,5.0,单人足部护理套餐,58,1543
彭世修脚养生会馆（林荫大院店）,新华区,石家庄北站,3.5,单人足部护理套餐,58,1543
彭世修脚养生会馆（新苑路店）,新华区,赵佗公园,5.0,单人足部护理套餐,58,1543
彭世修脚养生会馆（盛世天骄店）,新华区,友谊公园,5.0,单人足部护理套餐,58,1543
彭世修脚养生会馆（宁安路店）,新华区,新百广场,4.6,单人足部护理套餐,58,1543
彭世修脚养生会馆（联盟路店）,新华区,新华区,4.9,单人足部护理套餐,58,1543
彭世修脚养生会馆（北后街店）,新华区,太和电子城,4.4,单人足部护理套餐,58,1543
彭世修脚养生会馆（党家庄店）,新华区,赵佗公园,4.2,单人足部护理套餐,58,1543
彭世修脚养生会馆（万信店）,新华区,新华区,4.0,单人足部护理套餐,58,1543
柔婷（联盟店）,新华区,水上公园,3.7,单人美容专业护理套餐1次,38,910
柔婷（东购店）,新华区,太和电子城,3.7,单人美容专业护理套餐1次,38,910
威尼斯国际假日足浴（国贸大厦店）,新华区,新百广场,5.0,足疗按摩单人套餐,30,847
西雅盲人按摩,新华区,水上公园,5.0,单人全身按摩1次,51,580
名豪足浴,新华区,友谊公园,5.0,单人奢华足浴,68,547
御珍堂减肥瘦身养生馆（丽景国际店）,新华区,友谊公园,4.1,御珍堂经络调理套餐（八选三）,98,490
御珍堂中医养生减肥连锁机构（华海环球店）,新华区,新百广场,4.1,御珍堂经络调理套餐（八选三）,98,490
御珍堂养生馆（中远大厦店）,新华区,水上公园,3.7,御珍堂经络调理套餐（八选三）,98,490
圣美罗兰（北国店）,新华区,石家庄北站,3.5,单人净体养颜套餐,18,483
月足圆足道,新华区,友谊公园,3.8,单人致尚养生套餐,98,481
庞氏专业按摩,新华区,三元,4.8,全身推拿调理,48,331
香萱堂美容汗蒸养生会所（北郡店）,新华区,赵佗公园,5.0,台湾水漾嫩白面部清洁补水护理,29.8,330
美尚美容美体会所,新华区,太和电子城,4.4,韩国精品蚕丝蛋白睫毛嫁接,29.9,315
步之道健康理疗,新华区,友谊公园,4.6,刮痧/拔罐2选1,19.9,271
苗老祖专业祛痘,新华区,省二院,5.0,单人痘印 消痘体验,19.9,269
寇氏专业减肥（燕都金地城）,新华区,赵佗公园,3.5,单人全身健康调理,1,267
花之吻SPA会馆（柏林店）,新华区,新华区,4.2,单人护理套餐,88,41
爱足休闲养生会馆,新华区,石家庄北站,5.0,单人泥灸体验套餐,48.8,39
经道养生美颜会所,新华区,赵佗公园,4.7,单人肩颈调理/腰部调理/肠胃调理+经络疏通套餐,19.9,36
美生堂（和平分院）,新华区,新华区,4.0,单人美容套系,298,34
美生堂（时尚佳人SPA会所）,新华区,友谊公园,4.0,单人美容套系,298,34
美生堂,新华区,三元,4.7,单人美容套系,298,34
伊人减肥美容养生馆,新华区,石家庄北站,4.9,单人全身拔罐刮痧单次卡,3,33
芦荟养发养生服务中心（西焦城市花园店）,新华区,友谊公园,4.0,单人芦荟养生美容套餐,63.6,30
芦荟养发养生护肤服务中心（星河御城店）,新华区,赵佗公园,4.0,单人芦荟养生美容套餐,63.6,30
纯植物养发护发中心（赵陵铺店）,新华区,赵佗公园,3.5,单人芦荟养生美容套餐,63.6,30
海宁养生会所,新华区,石家庄北站,5.0,单人皇式足道按摩套餐,69,29
苗方清颜专业祛痘连锁机构（新华店）,新华区,友谊公园,5.0,单人水疗1次体验,48,28
曼妙汗蒸纤体美容生活馆,新华区,新百广场,5.0,单人汗蒸+精油开背/肩颈舒压,59.9,27
灸鼎堂（兴凯路店）,新华区,新华区,4.8,腰部/腹部/背部三选一艾灸,9.9,25
雅芳亚美容会馆（信诚店）,新华区,水上公园,3.9,单人精油芳香开背3次（减压/净排/改善肤色）爱自己就选它,199,22
雅芳亚美容会馆（天蕴店）,新华区,益元百货,4.3,单人精油芳香开背3次（减压/净排/改善肤色）爱自己就选它,199,22
金座养生会馆,新华区,新百广场,5.0,单人单项保健,119,18
娜娜美甲化妆纹绣,新华区,新百广场,5.0,单人专属设计精致眉形,3,17
纤丝鸟（军创园店）,新华区,新华区,3.9,养生套餐,10,15
康之源按摩调理堂（中华店）,新华区,益元百货,3.5,单人足疗,38,14
多米美甲·美睫·纹绣·韩式定妆,新华区,新百广场,5.0,单人脱毛体验套餐,58,12
皮康中医养生馆,新华区,水上公园,4.3,单人颈肩腰腿疼调理,39.9,12
彭世修脚养生会馆（泰华街店）,新华区,石家庄北站,4.4,彭世专业修脚,35,11
氨基酸芦荟洗发养发美容美体会所,新华区,新百广场,3.5,身体护理,38,11
青萍韩式定妆机构,新华区,新百广场,3.6,专业修眉一次,5.8,10
纤雅阁美容美体养生会所,新华区,水上公园,4.7,代金劵,11,9
伊人减肥美容工作室,新华区,新百广场,5.0,面部补水护理,9.8,9
VIVI私人订制中心（VIVI私人订制中心）,新华区,新百广场,5.0,单人脸部婴儿肌补水美白套餐单次体验卡,49,9
尹蔻美容养生会所,新华区,赵佗公园,4.6,【开业酬宾】面部拨筋+淋巴净排+局部塑型套餐,28.8,8
水肌美容（华强店）,新华区,新百广场,4.7,单人皮肤深层清洁套餐（3次）,98,7
围美美容美甲,新华区,新百广场,5.0,单人围美生活妆套餐,29.9,6
安然纳米汗蒸养生馆（田家庄店）,新华区,新华区,5.0,单人汗蒸+面部护理,20.8,6
汇美屋美甲工作室,新华区,新百广场,5.0,单人修眉套餐,1,5
伊美高级眉眼唇私人美容定制会所,新华区,太和电子城,4.7,超值体验价，专业OPTt冰点温和腋下脱毛一次,58,5
田敏容貌管理中心,新华区,新华区,5.0,单人面部皮肤管理活肤注氧,98,5
虞妃妮全国连锁（天元店）,新华区,新百广场,5.0,单人面部美白补水护理,19.8,6
长风美塑馆（军创店）,新华区,新华区,3.5,养生项目+项目代金券,58,4
精藝美妆美甲美睫半永久瘦身理疗,新华区,益元百货,4.6,新年特惠  单人修眉,5,3
景颜美容减肥工作室,新华区,新百广场,4.8,单人汗蒸体验套餐,9.9,3
曲线形体管理（水上公园店）,新华区,石家庄北站,4.0,单人五行经络瘦身纤体开穴三次,58,3
俏三元美容养生馆,新华区,赵佗公园,4.2,精致面部深层清洁套餐,38,2
永琪美容美发（新华店）,新华区,新华区,3.7,单人面部补水+眼部保养套餐,38,1
国秀美容,新华区,新百广场,5.0,艾格金妍面部深层清洁套餐,19.9,1
禾禾家美甲美睫工作室,新华区,赵佗公园,5.0,【新店开业】打耳洞,30,1
艾薇儿新娘跟妆美甲会馆,新华区,赵佗公园,5.0,单人芭比娃娃烫睫毛,79.9,0
爱莎美容（盛世天骄店）,新华区,友谊公园,3.9,E光祛斑,298,0
兮兮home·美甲美睫,新华区,友谊公园,4.9,单人5*5cm黑灰小图,99,0
梵古时尚（石家庄）,新华区,省二院,5.0,单人梵古打耳洞套餐,15,0
皇家小博士美颜会所,藁城区,藁城,5.0,美颜面部祛黄提亮补水速效组合八步曲,14.8,594
推拿·按摩,藁城区,人民广场,5.0,刮痧/拔罐,1,534
鑫推福居,藁城区,信誉楼,4.8,健身按摩单次体验,19.9,193
苗方清颜专业祛痘连锁机构（藁城店）,藁城区,藁城,4.4,单人祛黑头体验套餐,38,126
排淤堂刮痧拔罐理疗,藁城区,藁城,4.0,刮痧/拔罐二选一,9.9,109
安丽芙芳疗SPA会所,藁城区,人民医院商圈,3.9,单人纯树脂精致美甲,12.9,56
丁玲时尚美妆,藁城区,通安街,4.9,面部套餐,19.9,42
秋语轩红砭石汗蒸会馆,藁城区,藁城,4.0,拔罐/刮痧,14.9,32
思珈瑜伽肚皮舞会所,藁城区,人民医院商圈,4.8,单人肚皮舞月卡,148,8
畅足会馆,正定县,正定盛世华安,5.0,健康之本沐足单人套餐,78,2753
彭世修脚养生会馆（正定现代城店）,正定县,正定火车站,4.9,单人足部护理套餐,58,1543
彭世修脚养生会馆（机场路店）,正定县,正定机场,4.5,单人足部护理套餐,58,1543
小蜜蜂商务宾馆足道,正定县,正定盛世华安,4.7,98,98,662
德康按摩,正定县,正定,5.0,按摩,39.9,393
小何按摩室,正定县,隆兴寺,5.0,全身推拿按摩套餐,36.8,343
玉环美容美睫美甲纹绣,正定县,北国,5.0,单人立体修眉,1.8,165
苗方清颜专业祛痘连锁机构（正定燕赵南大街店）,正定县,正定,5.0,单人祛黑头体验套餐,38,126
永健足浴,正定县,正定镇政府,4.1,中式泡脚+修脚0.99元,9.9,42
EPE善韩式定妆,正定县,北国,3.5,单人修眉套餐,1,35
美生堂（正定分院）,正定县,北国,3.9,单人美容套系,298,34
常青按摩,正定县,正定盛世华安,5.0,单人全身按摩1次,40,29
真善美美容养生会所,正定县,正定火车站,5.0,SPA养生套餐,59.8,18
雲頂养生会所,正定县,正定盛世华安,4.6,云顶漫步,138,14
鸿芮持久定妆中心,正定县,正定,3.5,单人嫁接睫毛套餐（蛋白蚕丝毛）,58.8,1
玉强龙,平山县,县标大街,4.0,单人四宝养生(预防稳固),268,147
艾慕SPA养生会所,平山县,平山,4.8,单人刮痧  拔罐  采耳  耳烛,15.8,66
唯美美容会所,平山县,平山平南路,4.7,刮痧,9.9,31
海云间足疗会所,平山县,县标大街,4.8,单人至.尊套餐,198,20
若石足疗,平山县,县标大街,3.8,推背按摩,128,10
品尚女子会所,元氏县,元氏县,4.7,身体,29.9,77
汇香坊,元氏县,元氏县,4.1,单人清肠净排,9.9,4
