﻿商家,区域,商圈,星级,服务,价格,销量
长风美塑（三八广场店）,中山区,三八广场,3.8,单人塑身排解套餐,58,152
左岸美容养生会馆,中山区,友好广场,5.0,单人全身经络按摩,38,150
左岸美容二部,中山区,二七广场,5.0,单人全身经络按摩,38,150
美丽公主睫毛嫁接中心（友好广场店）,中山区,友好广场,4.1,单人美丽公主睫毛嫁接,180,142
妙手一方推拿,中山区,二七广场,5.0,单人拔罐,19.9,136
感染力彩妆造型,中山区,胜利广场/青泥洼桥,4.0,单人彩妆套餐,29.9,136
丰韵堂专业丰胸美胸机构,中山区,胜利广场/青泥洼桥,5.0,单人胸部护养2次（开业特惠）,1,129
五行泥盲人推拿,中山区,中山区,5.0,全身保健套餐,99,126
安娜半永久美容美睫脱毛中心,中山区,人民路,5.0,单人E光OPT冰点无痛净毛,39,110
echin伊亲婴幼儿水育spa拓展中心,中山区,解放路沿线,5.0,婴幼儿戏水,58,101
康达盲人按摩院,中山区,解放路沿线,4.7,局部放松按摩,38,101
瑞合堂艾灸养生馆,中山区,天津街,5.0,单人手工悬灸套餐,38,100
太乙中医经络养生,中山区,二七广场,4.8,单人养生套餐7选2,58,99
赫米娅脱毛嫩肤工作室,中山区,中山区,4.7,单人冰点嫩肤净毛1次,45,99
安吉拉美容瘦身养生女士会所,中山区,友好广场,5.0,单人特惠背部排湿-排寒,39,96
艾琳专业美容祛痘工作室,中山区,友好广场,5.0,单人深层清洁排肌毒1次+水份管理1次,28.8,92
三原色美妆美甲美睫,中山区,胜利广场/青泥洼桥,4.3,单人日妆1次,19,91
焱悦美容养生会馆,中山区,中山区,5.0,单人【肩颈经络疏通+面部补水护理】,58,91
希美养生会馆,中山区,中山区,4.8,单人拔罐,25,90
泰福养生会馆,中山区,三八广场,5.0,单人泰式精油SPA,138,88
Mary脱毛·半永久·水光中心,中山区,三八广场,5.0,单人腋下包脱净套餐,288,82
元和经络养生馆,中山区,友好广场,5.0,单人局部调理+筋膜松解背部/拔罐,68,78
韩国半永久纹绣美睫焕颜店,中山区,二七广场,4.4,单人韩国维娜新概念焕颜体验套餐,29,76
香馨谷女士spa私人会所,中山区,友好广场,3.9,单人香馨谷女士SPA私人会所调理套餐,88,74
至善美美容养生馆（上鼎大厦店）,中山区,中山广场/延安路,4.1,单人头部/肩颈按摩,38,73
盤古足道,中山区,二七广场,5.0,超值单人保健按摩/90分钟,118,72
德胜保健盲人按摩,中山区,桃源,4.3,按摩套餐,49,70
JM半永久·皮肤管理·美睫·脱毛,中山区,胜利广场/青泥洼桥,5.0,单人韩式无痛水光补水与全脸清洁收缩毛孔组合套餐,168,69
美林足道,中山区,民主广场,4.1,单人保健+足底1次,128,68
诗蔓丽（雍容阁店）,中山区,胜利广场/青泥洼桥,3.9,单人面部淋巴排.毒,1,66
香美儿美容美体,中山区,胜利广场/青泥洼桥,5.0,单人背部经络拔罐,9.9,61
艺星医疗美容,中山区,中山广场/延安路,3.8,单人无痛淡化痣/疣/汗管瘤,29.9,60
Only You彩妆造型会馆,中山区,友好广场,4.3,单人私人彩妆,49,59
305美容工作室,中山区,三八广场,5.0,背部经典舒压养生套餐（1次 60分钟）,39.9,58
玫瑰养生会所,中山区,二七广场,5.0,单人中式按摩+足疗按摩套餐,128,55
雅蔻美妆ARTDECO（友谊商城人民路店）,中山区,中山广场/延安路,5.0,单人面部彩妆,58,50
百草芳香国际瘦身裕景店,中山区,中山区,4.9,单人百草芳香瘦身体验2次,8.9,48
协和门诊按摩理疗,中山区,中山区,4.0,单人推拿按摩,45,48
丽妍雅集,中山区,胜利广场/青泥洼桥,4.8,单人精选面部护理,169,47
美联盟国际造美中心,中山区,胜利广场/青泥洼桥,5.0,【特惠】：韩国小气泡清洁焕肤,89,46
牧云美甲美妆半永久工作室,中山区,解放路沿线,5.0,韩式眉眼唇3选1妆容定制套餐,680,29
kimi美妆美颜半永久定妆,中山区,胜利广场/青泥洼桥,4.0,单人彩妆5选1,298,29
佐康专业祛痘（友好店）,中山区,友好广场,4.5,单人美容水氧护理两次,19.9,29
张继少华太极推拿（独家创新技术）,中山区,解放路沿线,5.0,太极推拿+竹密刮痧+艾灸涌泉 套餐1次,188,29
永治号中医按摩院,中山区,中山广场/延安路,5.0,经络刮痧+艾灸60分钟调理,39,28
圆和养生会馆,中山区,港湾广场,4.6,无痛刮痧,9.9,28
红泰阳养生SPA水疗,中山区,人民路,4.2,香薰精油按摩（60分钟）,199,27
花羽堂日式脱毛美容中心,中山区,胜利广场/青泥洼桥,4.1,单人日式无痛净毛（腋下/唇上二选一）,53,27
若石足道全国连锁养生会馆,中山区,三八广场,5.0,头颈肩背腰腿等调理,69,27
天丽佳人美容瘦身半永久工作室,中山区,港湾广场,5.0,单人拔罐套餐2次,30,25
太和经络,中山区,老虎滩,4.3,拔罐,20,25
昌沐佰佳身材管理减肥中心,中山区,二七广场,5.0,单人古方瘦身10次,98,25
尚魅美容美体美甲纹绣工作室,中山区,三八广场,5.0,单人经络疏通排湿寒套餐,9.9,24
素和手经络养生馆（中山区店）,中山区,三八广场,5.0,单人腰部保养,168,24
迪凡美容养生,中山区,胜利广场/青泥洼桥,4.1,迪凡美容养生护理套餐,58,23
多米半永久工作室,中山区,三八广场,5.0,单人韩式眼线定妆手工（纯植物德国色乳）,598,23
奥蔓女子会馆,中山区,中南路,4.0,单人超值套餐,58,23
澜祺尔美甲,中山区,胜利广场/青泥洼桥,3.8,单人修眉,6,23
金梦妮spa养心会馆,中山区,友好广场,4.2,单人肩颈调理+祛风散寒排湿各1次,39.9,23
李达美容（胜利桥店）,中山区,天津街,5.0,刮痧拨罐,29.9,13
滕金芳中医美容养生（时代店）,中山区,人民路,4.2,单人超值瘦身体验3次,9.9,12
舒源女士养生,中山区,三八广场,4.9,单人背部舒压体验1次,38,12
华都美容养生会馆,中山区,三八广场,3.7,单人艾灸 +刮痧/拔罐超值套餐,38,12
大连Akira nail日式美甲美睫藝術工作室,中山区,胜利广场/青泥洼桥,4.8,单人传统挽面体验套餐,69,12
滕金芳中医美容养生（友好店）,中山区,友好广场,4.0,单人超值瘦身体验3次,9.9,12
鸿福旺足道养生馆,中山区,二七广场,5.0,单人中式【刮痧拔罐、祛湿祛火】,59,12
良友盲人按摩院,中山区,人民路,3.7,单人推拿按摩+拔罐1次,109,11
诗诺美容养生SPA会馆（二七店）,中山区,二七广场,3.5,单人中葯艾灸调理,39,11
汤本健康按摩屋,中山区,港湾广场,3.5,拔罐刮痧二选一,20,11
诗诺美容养生SPA会馆（三八广场店）,中山区,三八广场,3.0,单人中葯艾灸调理,39,11
姿葆丽经络减肥美容会馆,中山区,二七广场,4.7,单人拔罐4次套餐,9.9,10
美了么工作室,中山区,胜利广场/青泥洼桥,4.5,单人艾灸体验2次,9.9,10
滨城左岸养生SPA会所,中山区,中山区,3.5,单人御疗SPA1次,489,10
梦绮时尚生活会馆,中山区,中山区,4.5,单人肩颈调理,39,10
港汇美睫皮肤管理中心,中山区,友好广场,5.0,韩国皮肤管理小汽泡面部深层清洁,198,10
爱美屋美甲美睫半永久,中山区,中山广场/延安路,4.6,单人修眉+设计,6.6,9
日本爱思特娃专业美容脱毛店（雍景台店）,中山区,胜利广场/青泥洼桥,3.5,单人日本无痛冰点净毛,98,9
希源国际美睫半永久私人订制,中山区,友好广场,5.0,单人拔罐+精油开背,29.9,9
xz造型新娘跟妆,中山区,胜利广场/青泥洼桥,4.1,单人定制妆容,39.9,9
扶正小儿推拿（小龙街店）,中山区,中山区,3.0,小儿平推＋小儿罐套餐,60,9
焕颜美容会所,中山区,人民路,5.0,单人养生艾灸15次,496,9
SJ美睫半永久定妆,中山区,三八广场,4.8,单人韩式眼线定妆1次,499,9
米兰达瘦身美容私人订制会所,中山区,二七广场,4.5,单人面部护理体验1次,48,8
林美儿美容养生会馆,中山区,胜利广场/青泥洼桥,4.2,单人局部经络拔罐套餐,9.9,8
美柔按摩养生会馆,中山区,天津街,3.8,单人美柔精油/热石（一小时）,138,8
子沅岚婷私属美业会所,中山区,胜利广场/青泥洼桥,4.1,全身淋巴引流/胸腺疏通/香木美背3选2,68,8
名媛国际美容连锁机构（佳兆业店）,中山区,友好广场,3.5,单人女神体验卡,58,8
鸿方盲人按摩,中山区,友好广场,4.3,单人全身推拿+拔罐1次,89,8
ice冰美人,中山区,胜利广场/青泥洼桥,4.0,单人彩妆,16.8,7
慧美国际养生美容SPA会所,中山区,三八广场,5.0,单人经络疏通+排湿,58,7
克丽缇娜美容养生会馆（名秀店）,中山区,桃源,3.9,单人美容养生套餐,49.9,7
溪纳美地纤体护肤中心,中山区,人民路,4.0,单人冰点无痛无毛,79,7
爱丽丝驻颜抗衰净毛半永久,中山区,中山区,4.9,单人韩国院线皮肤管理2选1体验,129,7
孔雀减肥会所（中央公馆店）,中山区,友好广场,4.2,开穴瘦身（单人票）,49.9,7
四季 形象设计工作室,中山区,二七广场,4.2,拔罐或刮痧开背,22.22,7
克丽缇娜美容院（华乐广场店）,中山区,中山区,4.9,单人头部助阳宁神 1次,98,7
国际瘦身百草芳香祛痘连锁机构（中山店）,中山区,中山广场/延安路,5.0,单人局部净毛7选2,49,5
艾米纹绣皮肤管理,中山区,胜利广场/青泥洼桥,4.0,背部经络spa,58,5
艾菲半永久美容定妆工作室,中山区,中山区,4.9,单人光子嫩肤1次,199,5
美荟专业美容中心,中山区,二七广场,4.5,背部综合调理套餐,58,5
爱尚化妆造型工作室,中山区,港湾广场,3.0,单人爱尚化妆美甲造型,99,5
善缘美颜养生,中山区,友好广场,5.0,单人【明星臀部调理】+刮痧,98,4
博斯亚养生会馆,中山区,友好广场,4.4,单人芭俏身体机能调理,69,4
彬彬美容养生会馆,中山区,中山区,4.6,单人女性养护4项套餐全包含,28.8,4
融鑫足道（二七店）,中山区,二七广场,4.5,单人融鑫功夫腰椎,69,4
美甲私人形象会馆,中山区,民主广场,3.5,单人貂绒睫毛,118,4
娇馥莱韩式半永久美睫皮肤管理会馆,中山区,胜利广场/青泥洼桥,4.3,单人面部护理美容套餐3选1,9.9,4
辛德瑞拉美睫瘦身皮肤管理中心（裕景店）,中山区,胜利广场/青泥洼桥,5.0,全脸小气泡深层清洁收缩毛孔套餐,198,4
依依美甲美睫,中山区,胜利广场/青泥洼桥,5.0,上门睫毛嫁接,99,4
友谊美容美体养生spa会馆,中山区,友好广场,4.2,单人小气泡净化补水,38,4
美·婷留指尖,中山区,二七广场,5.0,单人BO甲油胶1次,89,4
遇尚美容美体养生会馆,中山区,二七广场,3.6,单人秋冬养生系列4选1,38,4
颖泉中医按摩,中山区,解放路沿线,4.2,单人中式推拿整脊,128,2
畅颜美甲美睫,中山区,友好广场,4.4,单人水氧面部补水护理,68,2
静语轩spa美容养生会所,中山区,二七广场,3.5,单人甲油胶,59,2
苗谣青颜美容祛痘会所,中山区,三八广场,4.6,单人毛孔收缩2次,68,2
千菊彩妆,中山区,胜利广场/青泥洼桥,4.0,单人千菊彩妆套餐,50,2
云工作室,中山区,老虎滩,4.4,单人中草木桶熏蒸套餐,19,2
易记纯美空间,中山区,胜利广场/青泥洼桥,3.0,单人美体套餐A,19.9,2
韩国eva半永久美睫定妆中心,中山区,中山区,4.1,单人真丝美睫体验,199,2
雅丹妮美甲美睫美容会所,中山区,人民路,3.8,单人OPT冰点净毛（包净）,429,2
日本指压,中山区,三八广场,4.0,中式推拿+刮痧（单人）,39,2
逆时光美容馆,中山区,天津街,4.0,单人火山石疗,68,2
Queenhoo大连集美·美甲美睫皮肤管理中心,中山区,解放路沿线,5.0,单人韩国皮肤管理体验1次,180,2
心泉spa芳疗苑,中山区,胜利广场/青泥洼桥,3.0,单人芳香精油套餐,98,2
养骨堂按摩养生会馆,中山区,友好广场,4.1,经络调理推拿+古法辩证施灸,38,2
苗谣姿然专业祛痘祛斑（中山店）,中山区,人民路,3.9,单人注氧深层补水3次,119,2
青和健康灸疗理疗按摩养生会馆,中山区,老虎滩,4.0,单人腰椎部热灸,69,2
百草汇美嫣养生会所,中山区,人民路,3.5,单人养生足疗1次,38,2
艾美美容院,中山区,天津街,3.0,OPT温和净肤,38,2
艺光helen半永久眉眼唇私人订制,中山区,人民路,4.1,单人私人订制花瓣沁唇,580,2
强手堂中式推拿按摩,中山区,友好广场,4.0,经络调理推拿+古法辩证施灸,38,2
VENUS皮肤管理中心,中山区,胜利广场/青泥洼桥,4.0,[深层清洁] 单人超微氧气泡皮肤深层清洁SPA管理,178,2
QUEEN美甲美睫形象设计,中山区,胜利广场/青泥洼桥,5.0,单人彩妆造型1次（日常妆）,50,2
康舒脊柱梳理床（中山店）,中山区,港湾广场,3.5,汗蒸,10,1
纤美汇.club塑体美肤生活馆（一方）,中山区,中山区,3.5,单人美容套餐C,29,1
美痧缘养生中心（解放路店）,中山区,解放路沿线,3.5,单人女士调理套餐,48,1
芬兰堤斯O2O体验店,中山区,民主广场,3.5,单人经典背部舒压护理套餐,108,1
极美道纯日本美容会馆,中山区,解放路沿线,3.5,单人日式腋下净毛,38,1
苗谣姿然专业祛痘（二七店）,中山区,二七广场,4.4,单人小腿/大腿脱毛/5次,399,1
华达女士保健按摩,中山区,三八广场,4.0,韩式精油肩部套餐（开业限时优惠）,68,1
正德国手传统经络养生会馆,中山区,中山区,4.9,按摩6选1,65,1
Bella 女子美睫美容会所,中山区,胜利广场/青泥洼桥,4.5,单人淡化痣体验1次,30,1
纳美美容瘦身养生会所,中山区,胜利广场/青泥洼桥,4.0,单人身体护理套餐,99,1
逆龄私人定制会馆,中山区,友好广场,4.6,单人肩颈精油推拿大师滚珠舒缓,38,1
佳兰美容秀身会馆,中山区,中山区,5.0,【特惠】瘦身纤体局部5次套餐,108,1
可织美甲专业店（凯丹广场店）,中山区,中山区,4.5,【包干】冰点无痛脱腋下毛 套餐,198,1
大妍妍美甲美睫半永久工作室,中山区,友好广场,5.0,单人眼线设计,99,1
zmx微美工作室,中山区,三八广场,4.7,晚宴妆,59,1
韩国美宣美发沙龙,中山区,友好广场,4.7,单人超值美容美甲大礼包,98,1
东景堂按摩养生馆,中山区,中山区,3.0,单人颈背按摩,70,1
品鑫专业祛痘中心（三八店）,中山区,二七广场,3.0,单人体验套餐,9.9,1
凯兰美甲沙龙,中山区,中山广场/延安路,4.6,单人化妆,29,1
蓝花语岸减肥瘦身会所【总店】,中山区,港湾广场,4.9,单人按摩套餐,58,1
欧朵专业美容工作室,中山区,友好广场,3.5,单人背部疏通排酸体验1次,98,1
云海缇香美容馆（时代广场店）,中山区,人民路,4.0,单人A套餐,88,1
可织美甲专业店（玉光街店）,中山区,胜利广场/青泥洼桥,4.0,【包干】冰点无痛脱腋下毛 套餐,198,1
大眼公主韩式睫毛嫁接美甲,中山区,二七广场,5.0,单人韩式眉定妆1次,598,1
御新绣科技美肤会馆,中山区,友好广场,4.0,单人惜颜微整美瞳线,560,1
云荷健康养生会所,中山区,中山区,3.5,单人全身经络穴位推拿,158,1
悦妍美慧美容SPA会所,中山区,中山区,3.7,单人面部护理套餐,280,0
金鼎保健,中山区,港湾广场,3.5,单人保健按摩,88,0
Fashion汇,中山区,人民路,3.6,单人社交活动装扮套餐,299,0
林子美甲美睫半永久,中山区,二七广场,5.0,OPT单人腋下净毛1次,299,0
孙一刀筋骨堂,中山区,中山广场/延安路,3.5,单人开背,30,0
易美国际,中山区,胜利广场/青泥洼桥,3.5,单人光子嫩肤套餐,399,0
中医特效修养中心,中山区,老虎滩,3.5,脏腑调理艾灸,98,0
拉伊姆工作室,中山区,胜利广场/青泥洼桥,4.0,单人韩式美妆眼线,1580,0
佳美国际美容会馆,中山区,解放路沿线,4.5,单人背部通经活络调理,98,0
经穴堂健康管理有限公司,中山区,胜利广场/青泥洼桥,3.5,单人无极穴大灸法+精细型草本精华介质调理1次,500,0
珂瑞诗美容院,中山区,人民路,3.5,单人日本LadyCoco超惊艳日式美睫,158,0
意中人,中山区,二七广场,4.0,局部指压按摩,78,0
Ameilie 韩式半永久设计艺术中心,中山区,胜利广场/青泥洼桥,4.0,脱腋下毛包净,399,0
丸美SPA美容会所,中山区,三八广场,4.0,单人丸美肩颈放松1次,39.9,0
雪儿美容,中山区,二七广场,4.0,单人面部深层护理与全身调理套餐,98,0
栖雲足道,中山区,桃源,4.0,栖雲老姜全套,159,0
露丝美甲,中山区,胜利广场/青泥洼桥,4.1,单人韩式美睫定妆1次,598,0
云翔瑜伽养生会馆,中山区,港湾广场,4.9,单人腹部瘦身,50,0
sakura美甲美妆半永久工作室,中山区,二七广场,5.0,单人MTS皮肤管理,300,0
英刺青&半永久纹眉,中山区,中山广场/延安路,5.0,眉形设计,2680,0
PY Nail 日式美甲美睫,中山区,胜利广场/青泥洼桥,4.0,单人韩国水光焕肤套餐,380,0
久西塑身美颜（友好广场店）,中山区,友好广场,4.4,代金券,75,0
自愈密码小儿推拿,中山区,中山广场/延安路,4.1,龙骨灸,360,0
姿雅丽,中山区,二七广场,4.0,磁光淡斑净白皮肤护理,680,0
尤娜创意美甲造型工作室,中山区,二七广场,3.5,单人新娘跟妆,800,0
坤亿植萃美容美体会馆,中山区,三八广场,3.5,单人祛皱体验套餐,268,0
自然美（七七街店）,中山区,中山广场/延安路,3.9,价值580元全新钻石尊荣亮眸SPA眼护,99,0
雅致美容养生会馆（裕景店）,中山区,胜利广场/青泥洼桥,5.0,单人痘肌痘印护理、美白体验一次,380,0
兴隆棋牌室,中山区,桃源,5.0,8小时棋牌套餐,70,0
莎道缘美容养生会馆,中山区,友好广场,4.0,单人刮痧调理+面部排痘+净排,58,0
赵宇国际美容美体,中山区,友好广场,3.0,单人明星项目10选3,128,0
丰润堂私人养生会所,中山区,友好广场,3.5,单人艾灸套餐,29,0
汇美天城-美甲·美睫·美容·减肥专门店,中山区,友好广场,4.0,单人拔罐瘦身体验,8.8,0
曲线玲珑纤体美颜会馆,中山区,中山区,3.5,单人美白嫩肤套餐,118,0
艾美晨曦养生会馆（中心裕景店）,中山区,中山广场/延安路,4.1,单人背部气血疏通1次,58,0
梨花居美甲美睫半永久工作室,中山区,三八广场,4.7,单人精油开背套餐,29,0
赵宇国际美容养体,中山区,三八广场,3.0,单人明星项目10选3,128,0
一禾美容连锁机构（友好广场店）,中山区,友好广场,3.0,身体护理套餐,58,0
MissD 美甲私人工作室,中山区,胜利广场/青泥洼桥,4.5,代金券,90,0
煜美晨美容院,中山区,三八广场,3.5,单人体验B,98,0
琳琳彩妆室,中山区,港湾广场,3.9,单人睫毛嫁接1次,80,0
爱思唯尔皮肤管理中心,中山区,胜利广场/青泥洼桥,3.5,汽泡清洁黑头2次,9.9,0
唯雅美甲美睫工作室,中山区,胜利广场/青泥洼桥,4.0,单人OPT光感滑动无痛净毛,58,0
康桥医疗美容,中山区,二七广场,3.5,单人祛痘补水套餐,488,0
艾米莉美容祛斑·脱毛·半永久,中山区,胜利广场/青泥洼桥,3.5,单人瑞士科丽妍眼部护理1次,238,0
雨竹韩式松骨会所,沙河口区,沙河口区,5.0,单人洗浴套餐,49,29294
世龙世家灰指甲手足健康连锁（西岗区黄河路店）,沙河口区,黄河路沿线,4.9,泡脚足浴+修脚护理单人套餐,9.9,26890
朋朋修脚（南沙精品店）,沙河口区,沙河口区,4.8,单人足部护理套餐,33.9,15618
朋朋修脚（长江路兴工街店）,沙河口区,沙河口区,5.0,单人足部护理套餐,33.9,15618
朋朋修脚（富民广场店）,沙河口区,沙河口区,5.0,单人足部护理套餐,33.9,15618
朋朋修脚（交通大学店）,沙河口区,沙河口区,5.0,单人足部护理套餐,33.9,15618
朋朋修脚（新生桥店）,沙河口区,沙河口区,4.0,单人足部护理套餐,33.9,15618
朋朋修脚（中山路店）,沙河口区,太原街沿线,4.3,单人足部护理套餐,33.9,15618
朋朋修脚（星海会展精品店）,沙河口区,沙河口区,4.5,单人足部护理套餐,33.9,15618
朋朋修脚（星海公园店）,沙河口区,星海公园,4.5,单人足部护理套餐,33.9,15618
蕾特恩专业祛痘中心（罗斯福店）,沙河口区,西安路沿线,5.0,单人专业痘肌护理套餐,1,12624
圣梦亲体美肤生活馆（远洋风景店）,沙河口区,五一广场,4.7,单人美容美体项目3选1套餐,58,10508
蔡洋整体按摩院（六部）,沙河口区,沙河口区,5.0,单人颈/肩/背/腰/腿痛调理套餐,60,4642
蔡洋整体按摩院（扶正七部店）,沙河口区,沙河口区,5.0,单人颈/肩/背/腰/腿痛调理套餐,60,4642
正清和中医推拿（马栏店）,沙河口区,马栏子,5.0,单人足底足疗+推拿按摩放松保健超级套餐,109,3704
正清和中医推拿（和平广场店）,沙河口区,和平广场,5.0,单人足底足疗+推拿按摩放松保健超级套餐,109,3704
正清和中医推拿（黑石礁店）,沙河口区,黑石礁,5.0,单人足底足疗+推拿按摩放松保健超级套餐,109,3704
金百合韩式松骨,沙河口区,太原街沿线,5.0,单人韩式松骨套餐,109,3525
克丽缇娜美容院（和平广场店）,沙河口区,和平广场,4.0,克丽缇娜水妍润泽单人焕美套餐,158,3026
克丽缇娜美容院（五四广场店）,沙河口区,西安路沿线,3.9,克丽缇娜水妍润泽单人焕美套餐,158,3026
克丽缇娜（新华街店）,沙河口区,白山路,3.5,克丽缇娜水妍润泽单人焕美套餐,158,3026
克丽缇娜美容院（万达华府店）,沙河口区,黄河路沿线,3.9,克丽缇娜水妍润泽单人焕美套餐,158,3026
清颜堂专业祛痘连锁机构（沙河口店）,沙河口区,西安路沿线,5.0,单人健康清痘护理2次体验套餐,10,2418
娜姿专业美甲嫁接睫毛,沙河口区,罗斯福购物中心,4.5,单人韩国貂毛嫁接,99,2307
润德延年中医推拿养生,沙河口区,西安路沿线,5.0,单人传统推拿局部,49.8,1387
大连杨一刀修脚足道馆,沙河口区,西安路沿线,5.0,单人修刮脚足部护理套餐,28.9,1307
泰菩提养生足道会馆,沙河口区,星海湾/星海广场,5.0,单人菩提芳香精油按摩套餐,125,1198
曹先生修脚（兴工街店）,沙河口区,沙河口区,3.9,单人足部护理,28.9,1143
和平养生会所,沙河口区,和平广场,4.5,按摩保健,59,1039
大连潘多拉8度彩妆,沙河口区,福佳新天地,5.0,单人彩妆套餐,29.8,849
伊美娜女子芳香SPA会所（西安路店）,沙河口区,西安路沿线,4.4,单人伊美娜换季体验套餐,39.9,797
伊美娜女子芳香SPA会所（黑石礁店）,沙河口区,黑石礁,4.1,单人伊美娜换季体验套餐,39.9,797
伊美娜女子芳香SPA会所（春柳店）,沙河口区,沙河口区,3.8,单人伊美娜换季体验套餐,39.9,797
伊美娜女子芳香SPA会所（联合路店）,沙河口区,五一广场,4.6,单人伊美娜换季体验套餐,39.9,797
伊美娜女子芳香SPA会所（富鸿国际店）,沙河口区,西安路沿线,3.8,单人伊美娜换季体验套餐,39.9,797
伊美娜女子芳香SPA会所（数码广场店）,沙河口区,软件园/数码广场,4.4,单人伊美娜换季体验套餐,39.9,797
伊美娜女子芳香SPA会所（开发区店）,沙河口区,五一广场,3.9,单人伊美娜换季体验套餐,39.9,797
乐天汇专业肩颈健康管理,沙河口区,和平广场,5.0,单人女性健康精品养护6选3超值套餐,58,235
古方养生会馆（亿达国际新城店）,沙河口区,软件园/数码广场,4.6,单人香薰1次,239,225
泰雲阁男仕养生殿,沙河口区,沙河口区,4.7,单人SPA1次,299,216
夏一刀修脚足艺,沙河口区,黄河路沿线,5.0,单人夏一刀修脚护理套餐,26.6,180
夏一刀修脚足艺（锦绣店）,沙河口区,沙河口区,5.0,单人夏一刀修脚护理套餐,26.6,180
馨禾养生美容馆（西安路店）,沙河口区,西安路沿线,4.7,单人养生按摩套餐,69,176
爱伊香美容瘦身减肥（罗斯福店）,沙河口区,罗斯福购物中心,5.0,单人中式祖传秘制草本脐灸艾灸养生1次,39.9,173
盛元恒康经络推拿,沙河口区,罗斯福购物中心,5.0,颈肩腰三选一,48.8,172
爱Fashion美妆定制,沙河口区,福佳新天地,5.0,单人美妆造型卡,39.9,171
痣缘宫（大连店）,沙河口区,和平广场,5.0,单人黑痣 痦子 血管痣 扁平疣 瘊子 雀斑 汗管瘤 青春,49.9,169
正阳堂经络养生,沙河口区,和平广场,4.1,单人养生经络梳理套餐,38,156
漫漫工作室,沙河口区,西安路沿线,5.0,单人中式竹罐1次,1,155
长风美塑（罗斯福店）,沙河口区,罗斯福购物中心,3.9,单人塑身排解套餐,58,152
长风美塑（和平广场店）,沙河口区,和平广场,4.1,单人塑身排解套餐,58,152
久西塑身美颜,沙河口区,西安路沿线,3.6,单人护理套餐,99,149
宝俪养生会所,沙河口区,西安路沿线,5.0,单人 拔罐,9.9,140
福星园按摩,沙河口区,星海公园,5.0,单人肩颈调理1次,69,135
欧阳按摩,沙河口区,罗斯福购物中心,5.0,单人颈肩腰腿调理,39,126
祥云堂艾灸养生,沙河口区,沙河口区,5.0,单人拔罐,10,125
馨诺养生工作室,沙河口区,罗斯福购物中心,5.0,单人全身经络疏通+刮痧+艾灸,78,119
芸美工作室,沙河口区,马栏子,5.0,单人 嫁接睫毛,39.9,117
田氏脊柱,沙河口区,黄河路沿线,4.1,单人脊柱调整套餐,120,115
静雨·盲人按摩养生会所,沙河口区,星海湾/星海广场,4.1,单人全身按摩套餐,90,113
建平按摩,沙河口区,西安路沿线,4.5,单人推拿+拔罐1次,29,106
秀域古方减肥（大连五四华庭店）,沙河口区,西安路沿线,3.0,高科技生活美容单次体验课程,129,103
霁生堂中医推拿,沙河口区,白山路,5.0,单人肩颈调理,59,102
秀域古方减肥（幸福E家店）,沙河口区,沙河口区,3.5,高科技生活美容单次体验课程,129,103
名绣韩式半永久定妆,沙河口区,西安路沿线,4.0,眉/眼/唇,198,93
瑷佟造型,沙河口区,福佳新天地,5.0,单人晚妆化妆,39.9,92
紫叶轩美容养生会馆,沙河口区,软件园/数码广场,5.0,单人肩颈减压+拔罐,19.9,91
豆豆博士专业祛痘连锁机构（沙河口店）,沙河口区,黑石礁,4.2,单人清洁肌肤套餐,18,88
古方养生会馆,沙河口区,软件园/数码广场,4.8,单人SPA套餐B,379,88
美康汗蒸,沙河口区,罗斯福购物中心,4.8,单人汗蒸体验1次,19.9,87
苗苗祛痘,沙河口区,福佳新天地,5.0,单人祛黑头护理1次,29.9,85
和正堂艾灸养生馆（数码广场店）,沙河口区,软件园/数码广场,4.7,单人拔罐1次,9.9,84
明轩推拿按摩足疗养生馆,沙河口区,西安路沿线,5.0,单次小儿推拿,80,84
康派养生馆,沙河口区,软件园/数码广场,4.7,单人PAS,229,82
连大养生推拿,沙河口区,福佳新天地,4.5,暖宫气血调理,9.9,73
苗老祖专业祛痘,沙河口区,罗斯福购物中心,4.9,单人专业面部痘肌护理 两次,1,72
巽泰推拿按摩足疗馆,沙河口区,罗斯福购物中心,5.0,单人按摩+刮痧+拔罐,38,71
美尚美容减肥养生会馆,沙河口区,西安路沿线,5.0,单人肩颈疏通调理套餐,58,71
媚丽美妆美甲美睫形象设计工作室,沙河口区,和平广场,5.0,单人化妆造型6选1,29.9,69
御养轩中医推拿（星海店）,沙河口区,星海公园,5.0,拔罐+刮痧+艾灸任选一项,28.8,69
神奇罐罐瘦,沙河口区,福佳新天地,4.5,单人养生套餐C,19,68
熙雅,沙河口区,罗斯福购物中心,4.6,单人养生套餐2选1,38,68
通泰经络,沙河口区,黄河路沿线,4.1,经络养生套餐,88,65
名门贵秀韩式半永久,沙河口区,罗斯福购物中心,5.0,单人淡化痣1颗,5,65
元君排毒瘦身馆,沙河口区,马栏子,4.1,单人刮痧+拔罐,9.9,55
诚信修脚,沙河口区,沙河口区,4.7,单人修脚套餐,30,55
吴师傅修脚,沙河口区,沙河口区,3.5,单人修脚套餐,30,55
金丽佳人经络艾灸健康会馆,沙河口区,福佳新天地,4.6,单人经络艾灸健康会馆艾灸套餐,39,55
伊人阁,沙河口区,福佳新天地,5.0,单人面部SPA氧疗,28,53
宜萱创美（兴工街店）,沙河口区,福佳新天地,5.0,单人面部拔筋体验,9.9,52
资医堂问题皮肤修复中心,沙河口区,解放广场,4.9,单人专业排痘一次,1,52
素美美颜馆,沙河口区,和平广场,5.0,单人面部补水+身体,99,50
臻享瘦红宝石减肥（马栏广场形象店）,沙河口区,马栏子,5.0,单人艾灸超值体验3次,68,46
臻享瘦红宝石减肥（罗斯福形象店）,沙河口区,罗斯福购物中心,5.0,单人艾灸超值体验3次,68,46
惠妮美容养生会馆,沙河口区,星海公园,4.1,单人仪器理疗,98,46
国皓中医养生堂,沙河口区,西安路沿线,4.1,单人经络拔罐一次,9.98,46
钰蓉美容生活馆,沙河口区,福佳新天地,4.1,单人按摩,29,44
老成都古法采耳,沙河口区,罗斯福购物中心,5.0,采耳套餐,58,44
老张按摩院,沙河口区,五一广场,4.3,单人全身推拿1小时,80,43
孙三拨专注拨筋按摩（知心园店）,沙河口区,沙河口区,5.0,单人专攻颈肩腰腿痛,89,41
Beauty 皮肤管理中心（星海店）,沙河口区,星海湾/星海广场,5.0,单人韩式皮肤管理套餐,268,40
绿道源男士养生会馆,沙河口区,软件园/数码广场,4.6,单人港式温馨按摩,498,40
医颜堂专业祛痘【辽宁旗舰店】,沙河口区,西安路沿线,5.0,单人清痘新年限量抢购,27,40
SY专业美妆美睫半永久工作室,沙河口区,福佳新天地,5.0,单人眉形设计+修眉,9.9,38
易艾堂美容养生馆,沙河口区,西安路沿线,4.4,肩颈疏通,39,38
祖传推拿正骨,沙河口区,西安路沿线,4.9,经络刮痧拔罐走罐刺血,19.9,37
小伟盲人中医推拿按摩,沙河口区,沙河口区,5.0,单人中式按摩局部,40,36
芳芳美甲（五四广场店）,沙河口区,西安路沿线,4.8,单人嫁接睫毛,120,36
万和祥茶楼,沙河口区,和平广场,4.6,单人陶板还元浴1次,149,35
倬艺美容养生会馆,沙河口区,马栏子,4.0,单人养生项目三选一,9.9,34
贝黎诗专业美容中心（凯德和平广场店）,沙河口区,和平广场,4.7,单人海洋滋养面部护理套餐,148,33
鹤小妞美颜,沙河口区,罗斯福购物中心,4.4,单人opt专业净毛,45,33
玉颜美容瘦身中心,沙河口区,和平广场,4.0,单人随便吃可吃主食秘方瘦身体验3次,29.9,32
阳光盲人推拿院（星海人家店）,沙河口区,沙河口区,3.5,单人经络疏通,88,30
奥瑞拉国际美容养生SPA会馆（福佳新天地店）,沙河口区,福佳新天地,3.7,单人全身调理5选1,49,30
蔓茹美容美体养生会馆,沙河口区,和平广场,4.4,单人拔罐3次套餐,9.9,29
怡曼姿美容美体,沙河口区,西安路沿线,5.0,单人艾灸保养（祛湿驱寒）,19.9,21
迪岸spa男士养生会所,沙河口区,西安路沿线,4.4,单人放松减压套餐,118,20
全然酵素,沙河口区,星海公园,4.0,单人酵素浴1次+全然纳豆菌综合酵素1瓶,98,20
泰谷按摩养生堂,沙河口区,星海公园,4.7,传统中式全身专业推拿60分钟,88,20
德缘堂传统中医馆,沙河口区,星海公园,4.6,单人古方调理十选一,48,19
佳豫美容（西安路店）,沙河口区,西安路沿线,4.5,单人 包月拔罐减.肥,198,19
私人定制美容瘦身生活馆,沙河口区,黄河路沿线,4.1,艾灸机器调理,38,19
唯美丽人美容养生会馆,沙河口区,马栏子,4.0,单人按摩套餐,58,19
瑞君阁,沙河口区,和平广场,4.8,单人光子净毛单次体验 （腋下/手指/唇毛，三选一）,39,18
碧欧缇美容院,沙河口区,沙河口区,4.0,单人酵素浴背部调理套餐,99,18
鑫美美容院,沙河口区,罗斯福购物中心,5.0,单人特色古方瘦身   三次,49,18
汉方天沐足道馆,沙河口区,沙河口区,4.5,单人香薰精油套餐,248,18
伊鑫美妆工作室,沙河口区,沙河口区,5.0,单人纳米火罐体验,1,17
Me蜜美丽塑造会所,沙河口区,和平广场,5.0,单人瘦身气血调理套餐1次,29.9,17
御秀尔美颜养生,沙河口区,沙河口区,3.5,单人肩颈调理,4.9,16
德艾缔半永久定妆皮肤管理,沙河口区,会展中心,4.4,单人韩国小气泡水光面部水养护套餐,99,16
仁康经络养生馆,沙河口区,罗斯福购物中心,5.0,单人传统艾绒手持艾灸（60分钟）,99,16
润美.韩式美甲,沙河口区,福佳新天地,5.0,化妆套餐,39.9,15
悦享美容养生会馆,沙河口区,罗斯福购物中心,5.0,单人毛孔洗澡1次,98,15
贵妃阁美容养生会馆,沙河口区,软件园/数码广场,4.9,单人经络调理套餐4选1,38,14
思美莱抗衰中心,沙河口区,黄河路沿线,5.0,单人RF多极射.频面部紧致提升祛法令纹塑苹果肌,158,11
达里尼的阳光美容院,沙河口区,沙河口区,5.0,单人水凝透白面部护理+手足养护,298,10
谙香化妆品,沙河口区,沙河口区,3.5,单人化妆套餐,25,10
水溢方美容养生会所,沙河口区,和平广场,4.1,单人拔罐,9.9,10
蝶美膜力小铺（大连店）,沙河口区,沙河口区,4.1,单人体验洁面套餐,1,10
花千谷女子养生会所,沙河口区,沙河口区,4.6,单人舒活经络,68,10
尚清按摩苑,沙河口区,五一广场,4.6,局部推拿,39,10
丽德美容养生,沙河口区,黄河路沿线,3.5,单人身体及面部经典系列,38,10
脊近完美脊椎调理养生工作室,沙河口区,沙河口区,3.5,传统中式推拿按摩（30分钟）,39.9,9
松足健身中心,沙河口区,黄河路沿线,3.5,足底按摩+艾灸套餐,110,9
李氏针灸减肥·针灸祛皱,沙河口区,和平广场,4.0,单人拔罐1次,9,9
醉芙人美容生活会馆,沙河口区,黑石礁,3.7,肩颈护理,19,9
日本爱思特娃专业美容脱毛店（软景店）,沙河口区,软件园/数码广场,4.6,单人日本无痛冰点净毛,98,9
大连·禧灸堂,沙河口区,西安路沿线,4.6,单人调经暖宫,39,9
芊霖美颜皮肤管理中心,沙河口区,西安路沿线,4.7,【挥手告别大干皮】补水注氧焕肤,168,9
素颜美睫美体养生工作室,沙河口区,西安路沿线,5.0,单人艾灸拔罐局部按摩,36,8
丽池贵人养生会所,沙河口区,西安路沿线,4.0,单人全城小蛮腰体验1次,29.9,8
Moo.z箐美半永久皮肤管理Studio,沙河口区,罗斯福购物中心,4.7,单人韩式皮肤管理清洁美白补水嫩肤套餐,299,8
青沐经络养生会馆（帝欧花园总店）,沙河口区,沙河口区,5.0,单人经络调理5选1,109,8
医颜堂专业祛痘（大连总店）,沙河口区,软件园/数码广场,4.4,单人点.痣,1,8
艾妮莉娜美容养生会馆,沙河口区,罗斯福购物中心,4.6,单人经络检测+疏通,9.9,8
静雅轩美容养生会馆,沙河口区,西安路沿线,4.3,单人淡化痣1颗,10,8
中医秘方经络减肥美容会所,沙河口区,西安路沿线,5.0,沙棘排风湿寒,58,7
花蕾美甲美睫半永久,沙河口区,福佳新天地,5.0,单人背部电烤+拔罐1次,1,7
爱美丽美容美体养生会馆,沙河口区,沙河口区,5.0,单人美容套餐补水清洁,29,7
香凝坊美容尊尚会所,沙河口区,黄河路沿线,4.1,单人大肠水疗+脏腑调理1次,88,7
香古.瑶养生,沙河口区,沙河口区,3.5,单人香古.瑶泡浴3次,100,7
安康盲人按摩推拿工作室,沙河口区,沙河口区,4.6,单人推拿按摩（60分钟）,29.9,7
LAVIAN拉菲安皮肤管理中心,沙河口区,福佳新天地,4.7,黄金公主奢华焕肤,268,7
丽宫女王国际美容会所（和平店）,沙河口区,和平广场,3.9,丽宫女王焕颜套餐,98,6
苗苗婚纱彩妆造型,沙河口区,罗斯福购物中心,3.5,单人生活妆/晚会妆/主持人妆/舞台装,39,6
曼香阁美甲睫美容美体纹绣,沙河口区,软件园/数码广场,5.0,单人养生套餐9选2,48,6
甲随我秀美甲美睫半永久（二部 马栏逸彩城店）,沙河口区,马栏子,5.0,韩式定妆代金券,78,6
梦姿青养生馆（玛丽艳娜）,沙河口区,马栏子,4.5,单人芦荟精华面部拨筋+肩颈减压护理,38,3
久美个人形象管理中心,沙河口区,沙河口区,4.0,单人项目体验（2选1）1次,69.9,3
佑米彩妆美甲,沙河口区,罗斯福购物中心,5.0,单人驱寒排湿通经络拔罐,9.9,3
易名元心理咨询,沙河口区,西安路沿线,5.0,单人背部经络疏通＋刮痧,49,3
锦芙美容瘦身（软件园店）,沙河口区,软件园/数码广场,4.0,魔罐减.肥包年,1280,3
幸福e家美容养生护理中心,沙河口区,解放广场,3.5,单人面部深层清理排解套餐,48,3
喜尚喜美甲美睫纹绣,沙河口区,福佳新天地,5.0,单人睫毛嫁接套餐,79,3
大连名媛美容会所（西安路店）,沙河口区,西安路沿线,4.5,单人筋疗肩背养生,110,3
玄元易医,沙河口区,和平广场,4.0,单人普通调理,98,3
汇媛美容养生,沙河口区,软件园/数码广场,3.5,单人五行养生拔罐,29,3
双润经络创意生活馆,沙河口区,沙河口区,4.0,【限量】单人肝胆调理/脾胃调理（60分钟）,89,3
易名元中医古法养生,沙河口区,西安路沿线,4.3,头疗＋悬灸套餐,19.9,3
丹绿美业,沙河口区,软件园/数码广场,3.5,单人肩颈按摩体验,39.8,3
玛丽艳娜（福佳二店）,沙河口区,福佳新天地,4.0,单人芦荟精华面部拨筋+肩颈减压护理,38,3
清颜美甲美睫减肥工作室,沙河口区,西安路沿线,4.6,单人胶原蛋白面部提升打造小V脸,89,3
红禾谷美容美体生活馆（西安路店）,沙河口区,西安路沿线,3.5,单人NB美胸护理,98,3
爱美艾瘦养生会馆,沙河口区,马栏子,4.0,单人艾灸调理2次,28,3
红禾谷美容美体生活馆（黄河路店）,沙河口区,黄河路沿线,3.5,单人NB美胸护理,98,3
露丝嘉芙美容会所二部,沙河口区,沙河口区,4.0,单人全身火罐疏通,38,3
薇妮纤驻颜纤体机构,沙河口区,罗斯福购物中心,4.1,单人颈椎按摩调理一次,29,2
悦·指间美甲（罗斯福天兴店）,沙河口区,沙河口区,4.6,mATIS面部深层清洁补水护理,120,2
百合秀然专业祛痘（西安路店）,沙河口区,罗斯福购物中心,3.5,单人祛鼻子黑头1次,9.9,2
茗妃美容养生会馆,沙河口区,西安路沿线,3.5,专业快速塑形,38,2
爱丽美甲,沙河口区,太原街沿线,3.9,单人日妆1次,15,2
馨媛美容院,沙河口区,和平广场,4.6,单人佩吉护肤,38,2
罗氏按摩,沙河口区,黑石礁,4.0,单人颈肩腰腿调理套餐,58,2
易记纯美空间（凯德和平广场店）,沙河口区,和平广场,3.0,单人美体套餐A,19.9,2
健鑫养生馆,沙河口区,黄河路沿线,4.5,单人 健鑫养生馆,98,2
聚福养生堂,沙河口区,和平广场,4.2,单人背部净排1次,39,2
刘扬绣丽格,沙河口区,和平广场,4.5,美甲定制,9.9,2
小蛮腰减肥中心,沙河口区,星海公园,4.8,单人瘦胸体验,9.9,2
宠爱美容瘦身美甲会所,沙河口区,会展中心,4.5,单人MTS皮肤管理1次,698,2
御美苑美容院,沙河口区,沙河口区,4.1,专业祛痘套餐,10.8,2
蓝花语岸减肥瘦身会所【星海店】,沙河口区,和平广场,5.0,单人按摩套餐,58,1
珀妃美容美体理疗体验馆（珀妃体验馆）,沙河口区,星海公园,3.5,单人调理2选1套餐,9,1
香奈美疗皮肤管理中心,沙河口区,星海湾/星海广场,3.5,单人本草精粹古方中式系列淡斑体验1次,50,1
姿皇美体养生会馆,沙河口区,西安路沿线,4.2,单人养生套餐,69,1
养鑫阁美容养生会所,沙河口区,马栏子,4.0,单人身体调理1次,68,1
好嘉素美会·皮肤管理中心,沙河口区,和平广场,4.5,单人黄金焕肤管理,199,1
昕忆美容养生沙龙,沙河口区,西安路沿线,4.8,【新店特惠】单人美容体验套餐,37.8,1
杨杰经络减肥,沙河口区,沙河口区,3.5,局部经络按摩套餐,29,1
萃雅健康美容养生会馆,沙河口区,福佳新天地,5.0,单人传统草本艾灸体验4次,318,1
蓝花语岸减肥瘦身会所（【西安路店】）,沙河口区,黄河路沿线,4.5,单人按摩套餐,58,1
依缦美甲半永久工作室,沙河口区,罗斯福购物中心,5.0,单人无痛冰点OPT脉冲温和净肤5选1,29,1
欧丹芳妮,沙河口区,软件园/数码广场,4.2,单人手部护理三个月无限次,580,0
吴小姐的店,沙河口区,罗斯福购物中心,4.8,单人韩式半.永.久定妆,998,0
伊诗迪美容会馆,沙河口区,罗斯福购物中心,3.5,单人夏季养生套餐,58,0
依贝佳美容中心（长春路百盛店）,沙河口区,西安路沿线,3.5,健胸护理1次,26.5,0
如朵瘦身美颜机构（西安路店）,沙河口区,西安路沿线,5.0,单人乳腺疏通养生套餐,108,0
百合秀然祛痘（马兰广场店）,沙河口区,马栏子,4.7,单人钒钛水疗,59,0
芊诺美容院（二店）,沙河口区,西安路沿线,3.5,单人十分钟点点神奇瘦,380,0
迪蔓兰朵女子美容会所,沙河口区,福佳新天地,4.7,单人全身舒活经络套餐,188,0
紫嫣专业祛痘美容养生会馆,沙河口区,福佳新天地,3.5,痘肌护理,29.9,0
艺丹美甲,沙河口区,软件园/数码广场,5.0,单人精油面部拨筋+温灸调理,69,0
花纤树私人调理养生会所,沙河口区,沙河口区,3.5,单人传统艾灸隔姜灸,39,0
安甲堂修脚,沙河口区,沙河口区,4.7,单人灰甲处置,190,0
东财女子会馆,沙河口区,黑石礁,3.5,单人鼻部祛黑体验1次,5.8,0
馥源纤体养生会馆（马栏子店）,沙河口区,沙河口区,3.0,单人经典养生套餐,28,0
芷竺美甲美睫工作室,沙河口区,罗斯福购物中心,4.6,单人晚宴妆1次,38,0
格佳尔养生会馆,沙河口区,罗斯福购物中心,3.9,单人按摩套餐1次,15.9,0
大德益保健按摩,沙河口区,沙河口区,3.5,单人推拿套餐,48,0
沙河口区赵氏按摩院,沙河口区,沙河口区,3.5,单人贵宾卡,4000,0
薇雪专业美容美体,沙河口区,沙河口区,3.5,单人面部补水基础护理,59,0
大连苗谣青颜专业祛痘连锁店（黑石礁店）,沙河口区,黑石礁,4.0,单人面部注氧一次,58,0
佳彤瘦身理疗养生,沙河口区,沙河口区,4.5,单人竹罐调理经络瘦身,9.9,0
丽宇养生美容会馆,沙河口区,罗斯福购物中心,4.2,单人面部美白补水,38,0
伊彩美甲美睫（和平广场店）,沙河口区,和平广场,3.0,【面部提升】台湾碧波庭逆龄面部小V雕,29,0
伊人轩养生会馆（韵水阁福佳店）,沙河口区,福佳新天地,3.9,全身养生护理,98,0
JIA MAKEUP 半永久定妆,沙河口区,星海湾/星海广场,4.0,单人JIA MAKEUP 新娘造型私人订制,1777,0
晓优美容室,沙河口区,黄河路沿线,3.5,单人面部美白补水1次,19,0
FG理念美容美发造型,沙河口区,罗斯福购物中心,5.0,FG|单人健康舒缓生活套餐,38,0
和平推拿按摩会所,沙河口区,和平广场,3.5,火罐足疗套餐,49,0
馨允美容养生会馆,沙河口区,西安路沿线,4.0,单人素颜眉,800,0
名雅美容院,沙河口区,沙河口区,3.0,单人高端私人订制体验套卡1张,98,0
苗医生专业祛痘（奥林匹克店）,沙河口区,西岗区,5.0,单人MTS逆龄（中胚管理）,198,0
天乙养生会馆,沙河口区,西安路沿线,4.3,单人拔罐,10,0
华丽蜕变美容院,沙河口区,解放广场,4.6,单人美容套餐 三选一,38,0
珀妮雅美甲美睫半永久工作室,沙河口区,罗斯福购物中心,4.0,单人瘦身体验   1次,10,0
一禾美容连锁机构（福佳新天地店）,沙河口区,福佳新天地,3.5,身体护理套餐,58,0
欧泉美甲（罗斯福天兴店）,沙河口区,罗斯福购物中心,4.5,单人定妆,50,0
圣慧经络养生馆,沙河口区,太原街沿线,3.5,单人热疗泥灸,38,0
我的焕颜吧,沙河口区,西安路沿线,3.5,单人拔罐/刮痧2选1,20,0
苗谣青颜专业祛痘（北京街店）,西岗区,北京街,5.0,单人鼻部吸油去黑头两次,9.9,16
御指独秀美甲连锁机构（奥林匹克店）,西岗区,奥林匹克广场,5.0,精致修眉+眉形设计一次,8.8,14
纤姿美美容养生会馆,西岗区,西岗区,4.3,补水美容体验套餐,9.9,13
克丽缇娜（八一路店）,西岗区,八一路沿线,3.4,单人项目3选1,9,13
诗诺美容养生SPA会馆（中华名城店）,西岗区,西岗区,3.5,单人中葯艾灸调理,39,11
研丽名媛spa养生会所,西岗区,大菜市/站北广场,3.9,单人足疗按摩,28,10
合和修脚,西岗区,西岗区,4.5,单人修脚,28,9
plants@植物女王,西岗区,北京街,4.9,单人面部护理+局部护理套餐,88,9
国泰小儿推拿艾灸正骨,西岗区,北京街,4.2,小儿推拿+火罐+刮痧,70,8
柏艺足道馆,西岗区,西岗区,3.5,单人拔罐,8.8,4
茱丽美业（一部）,西岗区,北京街,4.0,单人嫁接睫毛套餐,79,3
Yolanda Queen 形象管家,西岗区,西岗区,4.0,单人YQ私人美妆订制套餐,128,2
大连市祥怡保健按摩馆,西岗区,西岗区,4.7,体控管理,39,2
爱德丽格皮肤护理中心,西岗区,西岗区,3.5,皮肤管理单次体验套餐,158,2
王海按摩,西岗区,人民广场/新开路,3.9,单人腰椎间盘突出按摩1次,60,2
鸿飛SPA按摩会馆,西岗区,西岗区,4.0,单人尊享套餐,788,2
云牛大健康,西岗区,北京街,3.5,单人刮痧拔罐,20,0
馥源纤体养生会馆（奥林匹克购物广场店）,西岗区,西岗区,3.0,单人经典养生套餐,28,0
大刘按摩院,西岗区,西岗区,3.0,单人局部按摩+拔罐1次,40,0
花之吻美容会所（星海店）,西岗区,奥林匹克广场,4.0,单人个性化草本SPA,38,0
丽萍韩式半永久纹眉绣眉工作室,西岗区,人民广场/新开路,4.5,单人冰点净毛套餐,46,0
COCO美甲（一部）,西岗区,大菜市/站北广场,3.0,嫁接睫毛1次,80,0
水吉尔美容院,西岗区,西岗区,3.5,美白套餐,298,0
纤姿秀美容纤体,西岗区,奥林匹克广场,3.5,单人泥灸,39,0
纤姿萃专业减肥,西岗区,人民广场/新开路,3.5,减肥体验2次,9.9,0
凤禧瘦身,西岗区,八一路沿线,3.0,体验瘦身套餐,19.9,0
亦云时代专业脱毛机构,甘井子区,万达广场,4.4,9选1温和脱毛,8.8,1011
瑞康盲人按摩,甘井子区,甘井子区,4.8,单人调理按摩套餐,48,921
御竹养生会馆（华南店）,甘井子区,华南广场,5.0,单人全身通络养生套餐,99,863
伊美娜女子芳香SPA会所（新华绿洲店）,甘井子区,甘井子区,4.7,单人伊美娜换季体验套餐,39.9,797
伊美娜女子芳香SPA会所（泡崖子店）,甘井子区,甘井子区,4.6,单人伊美娜换季体验套餐,39.9,797
伊美娜女子芳香SPA会所（马栏子店）,甘井子区,甘井子区,5.0,单人伊美娜换季体验套餐,39.9,797
佰福仟祥脊椎养生馆（辛寨子店）,甘井子区,甘井子区,5.0,单人养生按摩套餐,78,792
贤达按摩会馆,甘井子区,高新园区,5.0,单人足疗套餐,59,758
太古养生中医按摩,甘井子区,高新园区,5.0,单人颈椎病调理,49,579
紫琪尔丰胸美胸机构（中山店）,甘井子区,万达广场,4.9,单人胸部养护套餐,398.8,569
御竹养生会馆,甘井子区,甘井子区,5.0,单人全身通络养生套餐,89,547
觉脉养生会馆（高新园区旗舰店）,甘井子区,高新园区,5.0,觉脉足部调理,68,483
康澜美容养生会所二部（康澜二部）,甘井子区,华南广场,5.0,单人养生套餐3选1,49,423
中正古方经络按摩,甘井子区,凌水镇/理工大学,5.0,单人传统火罐1次,19.9,389
君悦美容美体健康形象,甘井子区,万达广场,4.9,单人经络拔罐/刮痧,15.8,373
悦俪美容美体健康形象管理中心,甘井子区,万达广场,5.0,单人经络拔罐/刮痧,15.8,373
惠友按摩会馆,甘井子区,万达广场,5.0,单人经典套餐二选一,68.8,371
扶正堂,甘井子区,甘井子区,4.6,头疗按摩4选一,66,361
香薇妮丝女子减肥院（辽宁大连玉云路店）,甘井子区,甘井子区,5.0,单人十四经络御养全身经络净排养生体验套餐,88,353
华康按摩养生馆,甘井子区,甘井子区,4.5,养生套餐,58,344
鹿野经络养生苑,甘井子区,凌水镇/理工大学,5.0,单人拔罐,9.9,343
双吉红盲人按摩,甘井子区,甘井子区,4.8,单人全身按摩1次,69,336
曾石足道,甘井子区,山东路沿线,5.0,单人超值优惠套餐,118,317
金都紫华（华南店）,甘井子区,华南广场,5.0,单人金都经络踩背1次,89,272
七天养伸,甘井子区,甘井子区,4.1,单人【刮痧、拔罐】二选一,29.9,217
崔明维中医儿科诊所,甘井子区,甘井子区,4.5,小儿推拿,50,191
艺霖盲人中医按摩,甘井子区,甘井子区,5.0,单人中式按摩局部,38,190
觉脉健康养生会馆,甘井子区,华南广场,4.8,单人觉脉经络推拿,55,187
晟艺修脚,甘井子区,甘井子区,5.0,单人泡脚+修脚+刮脚+足部护理,19.9,185
馨禾养生美容馆（周水前店）,甘井子区,甘井子区,5.0,单人养生按摩套餐,69,176
珍灸堂艾灸体验馆,甘井子区,万达广场,4.8,肩颈艾灸调理,58,163
妈妈的主意国际母婴生活馆（婴儿spa）,甘井子区,万达广场,4.6,单人单次婴幼儿游泳SPA,69,161
菁英汇美容按摩会馆,甘井子区,高新园区,5.0,单人拔罐,20,154
久西塑身美颜（万达广场店）,甘井子区,万达广场,4.4,单人护理套餐,99,149
金芙蓉养生会馆,甘井子区,甘井子区,5.0,泰式全身油压按摩大套餐(四选一）,59,144
正知堂养生会馆,甘井子区,甘井子区,5.0,单人全身14条经络调理,88,119
脊柱梳理（亿达世纪城店）,甘井子区,甘井子区,4.3,脊柱梳理调理套餐,58,117
静语轩SPA美容养生会所,甘井子区,华南广场,4.7,单人调理6选2,48,109
荟草堂专业祛痘,甘井子区,山东路沿线,5.0,单人痘肌护理 两次,1,104
艾美美容养生会馆,甘井子区,华南广场,4.1,单人面部水疗/深层清洁/按摩/提亮肤色,59,100
坤余阁经络养生馆,甘井子区,华南广场,5.0,通络火罐净排40分钟,19.9,95
大成推拿,甘井子区,华南广场,4.8,颈肩调理,48,93
新北府养生馆,甘井子区,华南广场,5.0,单人拔罐+刮痧套餐,19.9,94
双吉红盲人中医按摩（泉水快轨站店）,甘井子区,华南广场,4.5,调理推拿60分钟,65,87
碧玺沙灸养生按摩会馆总店,甘井子区,甘井子区,5.0,碧玺沙灸体验1次（每人限2次）,58,84
伸筋堂推拿,甘井子区,甘井子区,5.0,全身推拿一小时+项目5选1,94,79
菁悦祛痘（华南亿合城店）,甘井子区,华南广场,5.0,单人菁悦特色排痘1次,9.9,79
可可美护,甘井子区,华南广场,5.0,单人睫毛嫁接,109,69
田田修脚（大连湾店）,甘井子区,甘井子区,4.6,均康净泡脚,25.9,60
泰享来SPA养生会馆 （ 第五郡店）,甘井子区,甘井子区,5.0,单人五行经络刷疗/脾胃调理1次,99,52
泰享来spa养生会馆（橄榄季店）,甘井子区,甘井子区,4.0,单人五行经络刷疗/脾胃调理1次,99,52
艾莎美容院,甘井子区,高新园区,5.0,单人 海藻控油套餐,19,50
顺全隆艾灸理疗养生馆,甘井子区,甘井子区,5.0,泰式全身油压SPA,59,50
易缘推拿理疗,甘井子区,甘井子区,4.2,单人经络拔罐+走罐1次,19.9,43
怡燃经络养生馆,甘井子区,高新园区,4.0,单人怡燃健康调理馆养生套餐4选1,48,43
绘璟美容养生会所,甘井子区,华南广场,5.0,单人刮痧/拔罐2选1,18,41
康胜按摩,甘井子区,小平岛,4.4,颈椎按摩,45,40
美诺伊皮肤管理专业机构（华南广场店）,甘井子区,甘井子区,4.7,单人面部补水急救护理套餐,19,40
银荷之秀美容院,甘井子区,甘井子区,5.0,单人刮痧拔罐套餐,19.9,39
韩国维娜美容养生会馆（虹港路店）,甘井子区,甘井子区,4.2,单人五行罐拔罐,9.9,38
涵曦瘦身美容体验店,甘井子区,万达广场,4.8,单人涵曦LATOJA瘦身乳腹部体验,39,38
台湾御仙堂健康会馆（大连分店）,甘井子区,甘井子区,5.0,单人台式沁足+松腿+定罐+足底调理60分钟套餐,108,37
恒信按摩院,甘井子区,甘井子区,4.1,全身按摩套餐,46.9,37
诺亚经络养生会馆,甘井子区,万达广场,3.5,单人按摩调理五选一,68,36
玉宝堂国医养生,甘井子区,甘井子区,4.6,单人拔罐/刮痧二选一套餐,4.9,34
韩国维娜（美林园店）,甘井子区,甘井子区,4.7,单人拔罐,10,33
苗谣青颜专业祛痘全国连锁（马栏店）,甘井子区,甘井子区,4.6,单人健康排痘护理1次,1,32
鸿润按摩,甘井子区,甘井子区,3.8,单人局部按摩1次,45,31
新馨媛美容,甘井子区,山东路沿线,5.0,单人排痘护理1次,29,30
张继少华太极推拿二部,甘井子区,甘井子区,4.5,太极推拿+竹密刮痧+艾灸涌泉 套餐1次,188,29
业君盲人推拿,甘井子区,甘井子区,4.3,单人全身按摩1次,83.99,29
佐康专业祛痘（华南店）,甘井子区,华南广场,4.9,单人美容水氧护理两次,19.9,29
水木年华美容减肥,甘井子区,华南广场,4.5,单人拔罐刮痧2选1,12.9,28
艾林养生,甘井子区,甘井子区,4.0,单人背部经络+艾灸养生套餐,38,26
素和手经络养生馆（高新园区店）,甘井子区,万达广场,4.8,单人腰部保养,168,24
馨悦伊人皮肤管理SPA中心,甘井子区,高新园区,4.0,小气泡深层清洁毛孔管理SPA 2次,119,23
丽之璇美容馆,甘井子区,甘井子区,4.7,单人经络拔罐体验,29.8,23
永治号中医按摩院（总部第五郡店）,甘井子区,甘井子区,3.5,单人推拿套餐45分钟免预约,50,22
艾美林美容院,甘井子区,凌水镇/理工大学,4.3,单人光子脱.毛单次体验,59,13
瑞丽·清雅美妆店,甘井子区,山东路沿线,4.1,背椎方案 含背椎护理1次+焕白面护1次,38,13
雅莉思女子香芬养生馆,甘井子区,甘井子区,4.6,雅莉思精致套餐3选1,49,13
康源修脚店（南关岭店）,甘井子区,甘井子区,4.3,单人修脚+嵌甲1次,26.9,13
蕴萍美容院,甘井子区,甘井子区,3.5,瘦身—灸丽瘦专场,1,12
扬州真功夫,甘井子区,甘井子区,3.5,单人全身经络推拿,45,12
滕金芳中医美容养生（机场店）,甘井子区,甘井子区,4.1,单人超值瘦身体验3次,9.9,12
和煦美室——脊椎健康管理中心,甘井子区,华南广场,4.8,美式脊椎矫正+养元艾灸+肩颈4项,198,11
泉水修脚按摩筋骨养护中心,甘井子区,甘井子区,4.0,单人泡脚+修脚+肩颈按摩1次,25,11
芙蓉湾.spa美疗会所,甘井子区,高新园区,4.1,单人芙蓉湾化妆造型,38,11
知鑫经络养生会馆,甘井子区,高新园区,4.4,背部经络按摩,60,10
一点绅士spa养生按摩馆,甘井子区,甘井子区,4.7,单人精油SPA,118,10
荷风堂盲人推拿院,甘井子区,山东路沿线,3.5,特级经络调理,96,9
荟美靓颜专业祛痘工作室,甘井子区,山东路沿线,4.7,单人超值特价彩妆套餐,29,9
红秀谷美容养生会馆,甘井子区,山东路沿线,5.0,单人经络调理,9.9,9
海纳唐韵体质调理中心,甘井子区,华南广场,4.4,单人拔罐,29,8
康乐盲人按摩,甘井子区,甘井子区,4.1,单人肩颈背按摩,35,8
雅媛美容美体理疗中心,甘井子区,高新园区,4.9,局部瘦身,100,8
缘宝康按摩院,甘井子区,甘井子区,4.0,修脚套餐,30,7
tomato美颜工坊,甘井子区,甘井子区,3.9,单人痘痘大作战（排痘+舒缓）,9.9,7
Sikary·缌卡瑞美咖,甘井子区,华南广场,5.0,单人吸黑头毛孔深层清洁,39,7
佩梦思专业美颜护肤,甘井子区,甘井子区,4.4,单人护理套餐6选二,68,7
秋焱彩妆,甘井子区,华南广场,3.5,单人彩妆造型套餐,29,7
冰美人美容纤体养生会馆,甘井子区,华南广场,3.8,单人肩部经络疏通+开背体验1次,68,7
舒馨养生馆,甘井子区,甘井子区,3.5,全身经络调理,29,7
咱们脱毛吧,甘井子区,华南广场,3.5,单人脱-毛,58,7
罗兰佩蒂美容院,甘井子区,甘井子区,4.6,单人淡化痣1颗,19.9,6
脊之源保健按摩院,甘井子区,甘井子区,3.5,单人脊柱疏理1次,28,6
养森健康馆,甘井子区,周水子,4.7,单人去湿艾灸 两次,29.9,6
艾尚渼形象管理,甘井子区,甘井子区,4.6,单人特色拔罐,9.9,6
秀丽媤美容会馆,甘井子区,甘井子区,4.5,单人秀丽A套餐,49,6
艾诗漫美容院,甘井子区,甘井子区,3.5,单人美容养生套餐4选一,29,6
一彤美容美体养生会馆,甘井子区,华南广场,4.6,单人面部清洁体验2次,19.9,5
书香阁美容养生会馆,甘井子区,甘井子区,4.0,单人超值套餐6选3,98,4
金香玉亭美容养生会馆,甘井子区,甘井子区,3.5,单人SPA,68,3
女人话题美容美体减肥瘦身馆,甘井子区,甘井子区,4.5,单人美白补水,88,3
美丽小铺,甘井子区,万达广场,5.0,单人面部按摩,38,3
张露元美容院（二部）,甘井子区,甘井子区,3.5,单人价值千元身体调节体验活动,188,2
诚信修脚,甘井子区,甘井子区,3.5,修脚+刮脚+一次性刀片+泡脚,30,2
亮丽美甲美睫,甘井子区,山东路沿线,4.1,单人传统经络按摩,30,2
芊诺美容院,甘井子区,甘井子区,3.5,单人砭石浴汗蒸  3次,10,2
翠熹美颜会馆,甘井子区,甘井子区,3.5,单人精油开背+拔罐/刮痧 2选1,78,2
易记纯美空间,甘井子区,华南广场,3.0,单人美体套餐A,19.9,2
九瘦纤体健康管理连锁机构（国际）,甘井子区,南关岭,5.0,单人九瘦脱-毛1次,68,2
大连徐丽丽中医,甘井子区,甘井子区,3.5,拔罐（单人）,30,2
善源堂经络养生馆,甘井子区,甘井子区,3.5,单人抵抗力调理,48,2
美妍美颜半永久工作室,甘井子区,甘井子区,4.0,单人修眉3次+眉型设计,5.9,2
洛菲美甲美睫工作室,甘井子区,万达广场,5.0,单人脚部甲油胶,68,2
中草药护肤养发养生馆,甘井子区,甘井子区,3.5,单人养生体验项目一次,19.9,2
伊林韩式半永久定妆工作室,甘井子区,华南广场,4.1,单人睫毛嫁接,98,2
张露元美容院（一部）,甘井子区,甘井子区,3.5,单人价值千元身体调节体验活动,188,2
蒂思美甲,甘井子区,万达广场,5.0,单人芳香开背+保湿护理+气泡深层清洁+艾灸+身材管理超值套餐,38,1
艾尚美丽.美容减肥会馆,甘井子区,华南广场,4.1,单人面部晒后修·复,48,1
薇蓝美样儿美容美体会所,甘井子区,华南广场,3.5,单人脸部V雕体验一次,79,1
赫拉微美半永久工作室,甘井子区,甘井子区,4.4,单人娃娃美颜,680,1
森米美容美甲工作室,甘井子区,华南广场,4.1,单人水貂毛仿真睫毛嫁接,98,1
Aileen半永久艺术轻奢美妆,甘井子区,山东路沿线,3.5,单人唇真蜜语柔润唇,1280,0
馥源纤体养生会馆（泉水店）,甘井子区,甘井子区,3.0,单人经典养生套餐,28,0
英伦造型沙龙,甘井子区,甘井子区,4.4,单人 化妆4选1,59,0
花之物语美容养生馆,甘井子区,高新园区,3.5,单人花之物语肩颈经络疏通,70,0
亿宝源休闲养生会馆,甘井子区,华南广场,3.9,单人艾灸一小时,99,0
五月会馆,甘井子区,甘井子区,3.5,单人松骨,105,0
伊人轩养生会馆（高新园区万达商场店）,甘井子区,万达广场,3.4,全身养生护理,98,0
汉兴香灸养生馆,甘井子区,高新园区,3.5,脾胃调理（单人）,119,0
迪蔓兰朵女子美容会所（亿合城店）,甘井子区,华南广场,4.4,单人全身舒活经络套餐,188,0
伊人私美订制美甲美睫半永久工作室,甘井子区,华南广场,3.5,单人眉型设计,880,0
hmy·惠嵄皮肤管理,甘井子区,万达广场,4.0,单人养生温灸 10次,350,0
美惠美发室,甘井子区,甘井子区,5.0,单人美惠美发室美肤护理,58,0
天泉盲人按摩（南关岭店）,甘井子区,南关岭,3.9,单人精油推背1次,49,0
完美尺寸健康身材管理中心,甘井子区,甘井子区,3.5,单人玲珑水嫩V脸课程体验,88,0
beauty·睫府,甘井子区,华南广场,4.9,OL美睫&养生精品套餐,358,0
思埠众美护肤中心,甘井子区,甘井子区,3.5,单人晒后修美容套餐,19.9,0
迪蔓兰朵女子美容会所（锦辉购物广场店）,甘井子区,万达广场,4.0,单人全身舒活经络套餐,188,0
丝帝秀美容美发连锁（泡崖店）,甘井子区,甘井子区,3.5,单人冬季手部护理,48,0
浩沙千秀美颜抗衰体验馆,甘井子区,华南广场,3.5,单人女王驾到还幼养疗护肤单次体验,28,0
伊人轩养生会馆（东特店）,甘井子区,甘井子区,3.9,全身养生护理,98,0
玉青保健按摩院,甘井子区,甘井子区,4.0,单人背部按摩+刮痧1次,59,0
至行养生馆,甘井子区,甘井子区,3.5,全身精油经络(单人）,139,0
如朵瘦身美颜机构（华南店）,甘井子区,华南广场,4.0,单人局部腰塑形养生套餐,118,0
优雅疗足,甘井子区,甘井子区,3.5,单人护理足浴1次,20,0
beauty美业,甘井子区,甘井子区,4.0,808半导体温和净肤（只限单人、单次）,69,0
徐氏私人定制,甘井子区,甘井子区,3.5,单人形象设计-曲线分析打造,58,0
朋朋修脚（金州五一店）,金州区,金州,5.0,单人足部护理套餐,33.9,15618
朋朋修脚（金州和平路店）,金州区,金州,5.0,单人足部护理套餐,33.9,15618
蔡洋整体按摩院三部（扶正集团）,金州区,金州,5.0,单人颈/肩/背/腰/腿痛调理套餐,60,4642
蔡洋整体按摩院（二部）,金州区,金州,5.0,单人颈/肩/背/腰/腿痛调理套餐,60,4642
蔡洋整体按摩院（十一部）,金州区,金州区,4.5,单人颈/肩/背/腰/腿痛调理套餐,60,4642
蔡洋整体按摩院（扶正集团）（一部）,金州区,金州,5.0,单人颈/肩/背/腰/腿痛调理套餐,60,4642
蔡洋整体按摩院（十五部）,金州区,金州,5.0,单人颈/肩/背/腰/腿痛调理套餐,60,4642
正元经络按摩院,金州区,金州,4.5,单人足疗1次,43,854
朋朋修脚（金州解放路店）,金州区,金州,4.1,单人足部护理套餐,53.9,813
品心按摩院,金州区,金州,5.0,拔罐,15,807
伊美娜美女子容院（金州光明店）,金州区,金州,5.0,单人伊美娜换季体验套餐,39.9,797
佰福仟祥脊椎养生馆（金州体育馆店）,金州区,金州,5.0,单人养生按摩套餐,78,792
大连中医药学会 嗣和中医堂（金州门诊）,金州区,金州,4.8,按摩+拔罐套餐,39,358
王氏修脚,金州区,金州,4.6,单人修脚1次,29.8,313
知足会馆（胜利路店）,金州区,金州,5.0,单人全身经络按摩,158,237
长益整脊按摩院,金州区,金州,5.0,办公疲劳、局部调理（颈、肩、腰、腿）--新顾客专享项目,19.9,184
美康四季汗蒸馆,金州区,金州区,5.0,单人韩式汗蒸+养生茶饮一壶,35,134
杏林按摩养生馆,金州区,金州区,5.0,拔罐体验一次,9.9,119
爱尚美容美体养生会馆,金州区,金州,5.0,美容套餐,58,87
妙手人家按摩院,金州区,金州,5.0,单人颈肩局部套餐,48,82
御指独秀美甲连锁机构六部（三部地下店）,金州区,金州,5.0,精致修眉+眉形设计一次,8.8,14
御指独秀美甲连锁机构（金州沃尔玛店）,金州区,金州,5.0,精致修眉+眉形设计一次,8.8,14
金座小华美容美体,金州区,金州,4.7,沙棘排湿气、排寒、排酸,88.8,13
红百合养生馆,金州区,金州,4.9,精油推背,42,11
蔡洋按摩·扶正小儿推拿（金州妇幼医院店）,金州区,金州区,3.0,小儿平推＋小儿罐套餐,60,9
扶正小儿推拿,金州区,金州,4.0,小儿平推＋小儿罐套餐,60,9
佳彤美容会所,金州区,金州,4.4,单人清痘/淡痘印2选1,36,8
尧尧美甲美妆,金州区,金州,5.0,单人 生活妆/ 舞台妆/ 年会妆1次,29.9,6
泉石保健按摩院,金州区,金州,3.5,单人足疗/局部推拿二选一套餐,39,5
千鹤美业,金州区,金州,3.5,单人肩颈SAP,59,5
康美养生院,金州区,金州,4.5,单人精油开背1次,88,4
红禾谷美容美体生活馆（金州店）,金州区,金州,3.5,单人NB美胸护理,98,3
欧诗美美容会馆,金州区,金州,4.4,单人涵曦面部紧致淡化皱纹+水疗体验1次,29.9,3
首尔造型,金州区,金州,5.0,单人淡斑/淡痣1颗,10,3
纤手丽人美甲店,金州区,金州区,4.4,单人半.永.久韩式美.瞳.线,799,1
清晨国际SPA会所（胜利路店）,金州区,金州,4.3,单人身体热膜体验,9.9,1
如意经典服饰 美容美体,金州区,金州,4.0,养生项目,58,1
missjiang韩式半永久微美护肤中心,金州区,金州,3.5,单人补水,199,0
欧漫美容,金州区,金州,3.5,单人肩颈保养,9.9,0
名门美甲,金州区,金州,4.3,单人韩式套餐,880,0
赵宇国际美容美体,金州区,金州区,3.0,单人明星项目10选3,128,0
蔡蔡美妆,金州区,金州,5.0,单人面部护理补水套餐1次,98,0
维多俪娅美容美体养生苑,金州区,金州,3.5,单人五行足疗,35,0
睫初美睫美甲工作室,金州区,金州,4.4,单人净排美白/活肌补水面膜2选1,99,0
缇雅瘦身馆,金州区,金州,4.7,女士形体分析,8.8,0
古瑶苗方斑痘敏专业美容中心,金州区,金州,4.9,单人OPT冰点嫩肤1次,98,0
赵宇国际美容美体（沙河口区店）,金州区,金州,3.0,单人明星项目10选3,128,0
朋朋修脚（开发区高城山店）,开发区,开发区,5.0,单人足部护理套餐,33.9,15618
朋朋修脚（松岚街格林小镇店）,开发区,开发区,5.0,单人足部护理套餐,33.9,15618
朋朋修脚（红星海店）,开发区,开发区,4.7,单人足部护理套餐,33.9,15618
朋朋修脚（安盛店）,开发区,开发区,5.0,单人足部护理套餐,33.9,15618
朋朋修脚（开发区红梅店）,开发区,开发区,4.5,单人足部护理套餐,33.9,15618
朋朋修脚（开发区金马路店）,开发区,开发区,5.0,单人足部护理套餐,33.9,15618
朋朋修脚（赤峰街店）,开发区,开发区,4.0,单人足部护理套餐,33.9,15618
朋朋修脚（开发区翠竹小区店）,开发区,开发区,4.6,单人足部护理套餐,33.9,15618
朋朋修脚（开发区东城天下店）,开发区,开发区,5.0,单人足部护理套餐,33.9,15618
圣梦亲体美肤生活馆（都市广场店）,开发区,开发区,4.0,单人美容美体项目3选1套餐,58,10509
蔡洋整体按摩院（十部）,开发区,开发区,5.0,单人颈/肩/背/腰/腿痛调理套餐,60,4642
正清和中医推拿（开发区店）,开发区,开发区,5.0,单人足底足疗+推拿按摩放松保健超级套餐,109,3704
克丽缇娜美容院（开发区华润海中国店）,开发区,开发区,3.5,克丽缇娜水妍润泽单人焕美套餐,158,3027
克丽缇娜美容院（开发区童牛岭松峪里店）,开发区,开发区,3.9,克丽缇娜水妍润泽单人焕美套餐,158,3027
克丽缇娜美容院（开发区红梅店）,开发区,开发区,3.9,克丽缇娜水妍润泽单人焕美套餐,158,3027
元祖指压,开发区,开发区,5.0,单人元祖精品套餐(60分钟）,58,2092
蕾特恩专业祛痘中心（开发区店）,开发区,开发区,5.0,单人专业排痘一次,1,1394
大连杨一刀足之语修脚足道馆（开发区店）,开发区,开发区,5.0,单人修刮脚足部护理套餐,28.9,1307
尊爵足道,开发区,开发区,5.0,单人尊爵养生1次,109,1291
木浦皮肤管理美颜中心,开发区,开发区,5.0,单人法国倍丽科护肤＋360皮肤管理,96,48
焕颜美容瘦身,开发区,开发区,4.6,单人身体调理2选1套餐,9.9,48
熙美养生足道,开发区,开发区,3.9,单人熙美特色精油开背1次,59,48
露丹婷国际美容美体抗衰老养生馆,开发区,开发区,4.3,单人背部按摩,9.9,47
艾玛美容养生会所,开发区,开发区,4.5,单人全身经络疏通,19.9,46
北海岛休闲按摩会所,开发区,开发区,4.3,代金券,1,46
艾灸推拿养生,开发区,开发区,5.0,局部隔姜艾灸,14.9,46
奥仁瘦身香港国际连锁养生会馆,开发区,开发区,5.0,单人背部经络疏通,48,45
大连开发区晟中经络养生馆,开发区,开发区,5.0,大人全身推拿,59,42
牡丹园大韩松骨,开发区,开发区,3.5,松骨,109,40
圣莹美美容养生,开发区,开发区,5.0,单人刮痧+拔罐,45,39
骨骼养护中心,开发区,开发区,3.5,单人刮痧/拔罐/刺血/走罐1次,9.9,37
名宝养生会所（开发区安盛店）,开发区,开发区,5.0,单人三合一套餐,9.9,35
伽蓝美容养生会所（开发区店）,开发区,开发区,3.5,单人面部拨筋＋补水,99,34
PG亚美童颜,开发区,开发区,4.1,单人PG亚美童颜姜油刮痧加拔火罐,19.9,34
王氏正脊推拿,开发区,开发区,4.3,腰间盘问题调理,55,33
创美按摩养生会馆,开发区,开发区,5.0,拔罐,19,33
妙丽堂瘦身调理,开发区,开发区,4.7,单人背部保健拔罐1次,15.9,32
苗方清颜专业祛痘连锁机构（开发区店）,开发区,开发区,5.0,单人去黑头修颜套餐,58,32
鸥迪足道（红星海店）,开发区,开发区,5.0,代金券,1,30
蔻赛纯植物护肤抗衰体验中心,开发区,开发区,3.5,单人蔻赛深度清洁水光养护套餐,158,14
苗谣青颜专业祛痘（红梅店）,开发区,开发区,3.7,单人皮肤注氧+净痘套餐,29,13
佐康专业祛痘（金州新区店）,开发区,开发区,4.0,清痘,29.8,13
水溢方美容养生会所（开发区店）,开发区,开发区,3.9,单人拔罐,9.9,10
欧美亚美容院,开发区,开发区,3.9,单人晶莹面部补水护理+养生汤,9.9,9
婧鑫纤体养生会所,开发区,开发区,4.2,单人面部水疗,29,9
伊人美睫瘦身工作室,开发区,开发区,5.0,单人艾灸超值体验2次,9.9,9
名媛国际美容连锁机构（开发区万达店）,开发区,开发区,3.5,单人女神体验卡,58,8
福润美容养生会馆,开发区,开发区,4.6,单人五行经络瘦身  三次,29,8
男男纹绣美睫美甲私人订制,开发区,开发区,5.0,护理 艾灸,9.9,8
昊昊形象设计（昊昊化妆摄影）,开发区,开发区,4.9,单人日妆类形象设计,30,8
百年吴越祛痘美容连锁机构,开发区,开发区,4.3,单人面部补水,29,7
维娜施美容养生会馆,开发区,开发区,4.7,单人3D艾灸体验2次,12.8,7
甲随我秀美甲美睫半永久（一部开发区万和汇店）,开发区,开发区,5.0,韩式定妆代金券,78,6
沁雅苑茶艺养生馆,开发区,开发区,4.1,单人身体局部经络调理1次,98,5
涵曦瘦身美容体验店,开发区,开发区,4.9,单人雪肌面部补水套餐,29.9,5
吕禾古方经络按摩,开发区,开发区,4.3,精油通经活络[复制],98,5
董萍美容,开发区,开发区,3.9,单人丽人保健套餐,98,4
尊妃宫馆美容美发,开发区,开发区,5.0,单人精油开背+疏通经络+拔罐套餐,58,4
小直溜美甲,开发区,开发区,4.2,单人韩国进口纯貂毛睫毛嫁接,99,3
利来筋骨养护（开发区店）,开发区,开发区,4.0,全身养护套餐,58,3
利来筋骨养护（朗和广场店）,开发区,开发区,4.0,全身养护套餐,58,3
无限好中草药美容会馆,开发区,开发区,3.5,单人面部按摩+深层补水套餐,9.9,3
乐活概念专业祛痘（开发区店）,开发区,开发区,5.0,单人面部水疗(紧致提升美白),39.9,2
京城左岸美容养生SPA概念馆,开发区,开发区,3.9,美容养生套餐8选6,38,2
云端瘦身中心,开发区,开发区,5.0,单人脾胃调理,28,2
素颜美姬,开发区,开发区,4.4,单人面部淋巴净排2次,29,1
芭芭啦半永久定妆工作室,开发区,开发区,3.5,单人淡化痣/消斑一次,15,1
靓甲园 美甲*美睫*半永久,开发区,开发区,5.0,拔罐超值体验,9.9,1
家瑞中医艾灸养生会馆,开发区,开发区,4.7,中式熏蒸+艾灸+拔罐/刮痧1次,79,1
米蘭达时尚美睫（世元国际店）,开发区,开发区,4.6,单人美睫线设计1次,9.9,1
睫毛弯弯美睫店,开发区,开发区,5.0,眉眼唇型设计,880,0
梦研美甲美睫,开发区,开发区,5.0,单人韩式低温无脂净毛术（腋下）,80,0
安然养生美容,开发区,开发区,3.5,单人颈椎1次+拔罐,19,0
引领时尚美容SPA会所,开发区,开发区,3.5,单人美容护理套餐,128,0
琪安美容养生会馆,开发区,开发区,4.0,单人背部芳香1次,28,0
佳鑫伊丽（佳鑫伊丽开发区店）,开发区,开发区,4.0,迅速瘦身套餐,400,0
中医通疗馆,开发区,开发区,3.5,睡眠调整套餐,140,0
纹尔美工作室,开发区,开发区,4.3,经济实惠天然手工皂,15,0
朋朋修脚（长江路店）,旅顺口区,旅顺口区,4.0,单人足部护理套餐,33.9,15618
朋朋修脚（旅顺九三路店）,旅顺口区,旅顺口区,5.0,单人足部护理套餐,33.9,15618
正清和中医推拿（旅顺店）,旅顺口区,旅顺口区,5.0,单人足底足疗+推拿按摩放松保健超级套餐,109,3704
朋朋修脚（旅顺大华步行街店）,旅顺口区,旅顺口区,4.3,单人足部护理套餐,53.9,813
苗方清颜专业祛痘中心（旅顺店）,旅顺口区,旅顺口区,4.0,【超值特惠】单人祛痘体验套餐,38,480
康婷中医理疗室,旅顺口区,旅顺口区,4.8,慷婷健康拔罐,9.9,175
藏秘熏蒸养生馆,旅顺口区,旅顺口区,4.7,拔罐,10,124
上台子刁氏按摩,旅顺口区,旅顺口区,5.0,局部推拿（颈、肩、腰、腿、头）或足疗（带小腿）,29.9,107
足益堂按摩,旅顺口区,旅顺口区,5.0,单人足底足道,69,106
英子专业祛痘,旅顺口区,旅顺口区,4.4,单人痘肌护理1次,19.9,98
姚大夫美容院（盐场店）,旅顺口区,旅顺口区,5.0,单人筋络开背按摩,39,88
天天美容养生馆,旅顺口区,旅顺口区,5.0,单人养生13选3,50,78
初心丽人养生会馆,旅顺口区,旅顺口区,4.3,刮痧+拔罐体验一次,38,12
蕴道养生苑,旅顺口区,旅顺口区,4.4,单人舒缓减压驱毒套餐,88,9
艳子美容养生spa,旅顺口区,旅顺口区,3.5,单人调理套餐A,29,9
缪斯予SPA会所（开世店）,旅顺口区,旅顺口区,4.0,意大利活力SPA+缪斯花精面部SPA体验,198,1
清风御手养生馆,旅顺口区,旅顺口区,3.9,单人全身精油按摩+足疗,169,2
天添美甲美妆店,旅顺口区,旅顺口区,5.0,单人彩妆+造型,49.9,0
回头率发艺,旅顺口区,旅顺口区,4.1,彩妆,20,0
尚品足浴,庄河市,昌盛街,4.6,达克宁健足1次,39,265
真真中医按摩,庄河市,海云天二期,4.3,中(草)药导入,5,189
玉颜阁美容养生会馆,庄河市,水仙新城/明珠,4.3,单人刮痧,9.9,75
杨大夫针灸按摩,庄河市,海云天二期,5.0,按摩+理疗+拔罐,49,52
韵馨养生馆,庄河市,五一广场,4.6,单人养生套餐体验,58,51
紫晶兰朵贵族美容养生会馆,庄河市,千盛,4.9,单人足疗,17.5,33
奥瑞拉国际美容养生SPA会馆（庄河店）,庄河市,海云天二期,3.8,单人美容套餐,38,30
晓光美容院,庄河市,千盛,3.9,单人亲碧玺拔罐,8.8,22
东英抗衰美容养生会所,庄河市,庄河,4.3,单人春季亚-健康调理,38,15
水晶宫spa养生馆,庄河市,水仙新城/明珠,4.0,单人面部调理+香薰开背,68,10
安杰玛SPA会所,庄河市,庄河,3.0,单人A套餐,78,3
利来筋骨养护（御花园店）,庄河市,千盛,4.0,全身养护套餐,58,3
白广晖女子养生会所,庄河市,新华广场,4.0,单人肩颈单次体验,68,2
慧慧美甲,庄河市,千盛,4.5,单人生活妆,9,1
