﻿商家,区域,商圈,星级,服务,价格,销量
东方悦庭spa会所（琅西人才市场店）,青秀区,琅西,5.0,【琅东琅西通用】单人中式保健（60分钟）,79,1857
东方悦庭spa会所（琅东水晶城店）,青秀区,金湖,4.7,【琅东琅西通用】单人中式保健（60分钟）,79,1857
印象仙指,青秀区,仙葫,5.0,金色年华套餐（全天单人）,198,1578
唐韵养生馆,青秀区,青秀区,4.2,单人中式经络全身按摩,60,1405
百玺足道,青秀区,东盟商务区,5.0,单人足疗按摩,70,1318
东方圣泉国际美食水疗会所,青秀区,东盟商务区,4.2,单人净桑体验1次,168,1167
广西阳光盲人按摩服务中心,青秀区,青秀区,5.0,单人足疗/按摩2选1,43,1154
乐康保健,青秀区,七星路,5.0,中式按摩,60,1126
天天向上养生馆,青秀区,青秀区,5.0,拔罐/走罐/刮痧,35,1112
维美益美容院（韩蒸王朝）,青秀区,青秀区,5.0,韩蒸王朝身体保养护理单人套餐,31.9,1061
唯美度美容养生馆,青秀区,七星路,4.1,单人养生套餐4选1,38,1050
靖元经络养生馆,青秀区,金湖,5.0,单人腰背脊柱调理+免费养生甜品,128,1025
泰和堂调理养生馆,青秀区,金湖,5.0,单人足浴,59.9,1006
瑞康·弘中健康中心,青秀区,南湖公园,5.0,中式全身调理（单人）,118,986
方源保健,青秀区,青秀区,5.0,单人经络推油+泡脚+热疗背部+拔罐,79,971
克丽缇娜（桃源店）,青秀区,桃源天桃路口,3.8,单人美容套餐,68,961
柔婷（沛鸿中学店）,青秀区,桃源天桃路口,3.5,单人美容专业护理套餐1次,38,908
圣展酒店足圣阁会所,青秀区,金湖,3.8,香薰推油,219,870
舒丽保健中心,青秀区,民族大道,5.0,精华-推油（单人）,198,845
Heloskin肌肤年轻化基站,青秀区,青秀区,4.2,单人皮肤年轻化套餐体验,98,816
芳妮汗蒸养生馆,青秀区,凤翔路,5.0,刮痧 / 拔罐 / 艾灸,25,803
宋朝御廷养生会所（琅西店）,青秀区,琅西,5.0,足按/中式按摩2选1,88,782
祥康盲人按摩（竹塘店）,青秀区,东葛望园,5.0,按摩/足浴（2选1）,45,735
御指天娇（中国9店青秀杰作店）,青秀区,琅西,5.0,精品推拿按摩,99,685
蔷薇之恋,青秀区,东葛古城,5.0,单人养生套餐,36,653
秘密后花园养生SPA会所,青秀区,东盟商务区,5.0,三线淋巴净排单人套餐,9.9,632
安妮美妆,青秀区,古城民族,5.0,单人化妆套餐,25,608
安然纳米汗蒸按摩馆（钻石年代店）,青秀区,青秀区,5.0,单人首次汗蒸,9.9,609
圆圆工作室,青秀区,国贸中心,5.0,单人刮痧 /拔罐,20,570
法国安杰玛SPA会所,青秀区,长湖路,3.7,单人护理套餐4选1,198,555
淑播仑国际瘦身中心（中泰路店）,青秀区,东盟商务区,3.8,面部护理套餐,48,539
芳草养颜康体生活馆,青秀区,凤翔路,4.9,单人养生套餐4选1,42,531
足盛堂推拿按摩,青秀区,青秀区,5.0,单人全身中式保健按摩1次,45,511
广西医科大学体保推拿工作室（荣和店）,青秀区,民族大道,4.6,单人全身推拿1次,78,495
广西医科大学体保推拿工作室,青秀区,青秀区,5.0,单人全身推拿1次,78,495
Ushow lady 图缇格生活馆,青秀区,东盟商务区,5.0,单人酵素浴,29,464
姣兰美容养生会所（航洋店）,青秀区,凤翔路,5.0,单人胸部护理套餐一,9.9,463
大唐盛世保健中心,青秀区,金湖,5.0,[经典推荐]推油+桶浴（单人）,318,446
元和堂中医SPA养生馆（荣和店）,青秀区,凤岭北,4.2,浴足按摩套餐,78,441
元和堂中医养生馆（山语城店）,青秀区,凤岭北,5.0,浴足按摩套餐,78,441
健足堂,青秀区,仙葫,5.0,刮痧/拔罐/艾灸（单人）,25,434
黛尼丝连锁脱毛机构（国贸中心店）,青秀区,国贸中心,5.0,双腋下／唇毛单人单次套餐,28,430
古瑶乡民间养生会所（新竹店）,青秀区,东葛古城,5.0,古瑶乡滚蛋美容5选1套餐,19.9,421
帝豪国际酒店御足堂,青秀区,竹溪大道,5.0,采耳/修脚/刮痧/拔罐4选1,38,395
尚宝格丽美容美发会所,青秀区,万象城,5.0,精油开背单人套餐,78.8,375
妃斯秀美容美体连锁（航洋店）,青秀区,航洋国际,4.9,胶原蛋白美颜+芳香开背护理,18,373
妃斯秀美容美体连锁（琅西店）,青秀区,琅西,5.0,胶原蛋白美颜+芳香开背护理,18,373
妃斯秀美容美体连锁（五象店）,青秀区,金湖,4.3,胶原蛋白美颜+芳香开背护理,18,373
妃斯秀美容美体连锁（嘉园店）,青秀区,东葛望园,5.0,胶原蛋白美颜+芳香开背护理,18,373
妃斯秀美容美体连锁（建政店）,青秀区,园湖路,4.6,胶原蛋白美颜+芳香开背护理,18,373
妃斯秀美容美体连锁（桂雅店）,青秀区,东盟商务区,5.0,胶原蛋白美颜+芳香开背护理,18,373
妃斯秀美容美体连锁（民主店）,青秀区,青秀区,4.8,胶原蛋白美颜+芳香开背护理,18,373
妃斯秀美容美体连锁（东葛店）,青秀区,东葛古城,4.8,胶原蛋白美颜+芳香开背护理,18,373
文婷草本植物养生会所,青秀区,青秀区,4.6,文婷草本植物养生会所养生护理套餐 友爱衡阳西路,76,365
花悦容美容养生会所,青秀区,青秀区,5.0,39面部+胸部+背部养生单人套餐,39,363
嘉碧唯女子美容健康管理中心（旗舰店）,青秀区,民族大道,5.0,单人面部拨筋醒肤驻颜健康关爱课程,69,363
嘉碧唯女子美容健康管理中心（嘉艺店）,青秀区,桃源天桃路口,5.0,单人面部拨筋醒肤驻颜健康关爱课程,69,363
本元传统养生馆,青秀区,七星路,4.6,单人拔罐/刮痧（本店无女技师）,25,361
菩提专业美容养生机构（琅西店）,青秀区,琅西,4.8,面部补水+芳香开背+蚕丝面膜修护单人套餐,29.9,347
金牌按摩养生堂（双拥路店）,青秀区,双拥路,4.6,单人足疗/按摩套餐,49.9,345
金牌按摩养生堂（琅西店）,青秀区,琅西,4.1,单人足疗/按摩套餐,49.9,345
金牌按摩养生堂（医科大店）,青秀区,双拥路,4.1,单人足疗/按摩套餐,49.9,345
百玺足道养生馆,青秀区,凤岭北,5.0,单人足疗按摩,68,342
康丽源美容养生SPA会所,青秀区,东葛古城,4.5,康丽源美容单人套餐,39,331
艾薇伊朵,青秀区,金湖,5.0,美容养生单人套餐二选一,39.9,316
元安韵国际专业美胸连锁机构,青秀区,东盟商务区,4.0,69,69,306
思颖佳养生美容,青秀区,金湖,5.0,思颖佳三焦净排套餐,38,301
企典养生馆（东葛路店）,青秀区,青秀区,4.0,港式推油按摩（单人）,125,295
御丽丰汗蒸美容美体spa生活馆,青秀区,东盟商务区,4.9,岩磐浴（第四代汗蒸）,19.9,292
清秀丽人中医点穴按摩减肥,青秀区,航洋国际,4.2,中·医按摩点·穴护理,29.9,291
壮锦盲人按摩院,青秀区,古城民族,5.0,盲人按摩,48,283
罗拉国际养生馆,青秀区,民族大道,4.0,肩颈护理套餐,68,279
重庆富侨（长湖店）,青秀区,青秀区,5.0,单人全身按摩,138,278
名人养生堂（东葛华城商厦店）,青秀区,青秀区,4.0,名人天堂浴/80分钟,228,276
国艺康养生会所,青秀区,仙葫,5.0,尊享保健（单人）,178,277
科医美美容,青秀区,青秀区,5.0,单人面部祛黑头深层清洁套餐,78,275
好功夫修脚堂（新竹店）,青秀区,新竹路,4.6,泡脚+修脚+按摩,39,262
珞艺美甲SPA会所,青秀区,东盟商务区,4.2,单人甲油胶套餐,68,254
东方扬华养生馆,青秀区,东葛望园,5.0,经络拔罐（单人）,29.9,250
金康盲人按摩院,青秀区,南湖公园,4.7,按摩,45,249
南湖养生馆,青秀区,南湖公园,5.0,中式按摩+拔罐（单人）,68,246
伊妍美容养生会所,青秀区,竹溪大道,3.8,面部补水+面部拔筋+眼部护理（单人）,88,246
家富富侨（琅东仙葫店）,青秀区,仙葫,5.0,金品足浴套餐（白天单人）,78,244
诗丽堂（七星店）,青秀区,七星路,3.5,单人娇颜赋活面眼魅力源spa,68,238
诗丽堂美容院（建政店）,青秀区,青秀区,4.2,单人娇颜赋活面眼魅力源spa,68,238
诗丽堂美容院（星湖店）,青秀区,星湖路,4.0,单人娇颜赋活面眼魅力源spa,68,238
诗丽堂美容院（平湖店）,青秀区,东葛望园,3.5,单人娇颜赋活面眼魅力源spa,68,238
诗丽堂美容（万象店）,青秀区,万象城,4.1,单人娇颜赋活面眼魅力源spa,68,238
诗丽堂美容院（平安店）,青秀区,青秀区,3.8,单人娇颜赋活面眼魅力源spa,68,238
魅之时美容SAP养生馆,青秀区,金湖,4.8,全身美容套餐,68,236
家富富侨健康会所（东葛店）,青秀区,青秀区,4.6,养生足浴1次,128.99,231
阳光雨女子唯美沙龙（滨湖店）,青秀区,长湖路,4.6,女子养生套餐（单人）,68,229
幸福花园·玫瑰里,青秀区,东盟商务区,5.0,单人养生护理套餐,98,225
方行来按摩保健（思贤路店）,青秀区,青秀区,5.0,单人全身中式推拿,40,223
雪依氏科技美容（凤岭北店）,青秀区,凤岭北,4.5,单人台湾薇之堡养生SPA美容美体3选1套餐,68,220
奇迹瘦身,青秀区,东盟商务区,5.0,单人三分钟瘦身,59.9,205
复元经络中医养生,青秀区,凤岭北,5.0,全身中式推拿保健,88,194
凡舍养生馆,青秀区,东盟商务区,5.0,经络养生（单人）,110,189
慧医堂痛症调理中式美容养生会所,青秀区,青秀区,5.0,单人肌肉酸痛 腰痛 头痛 等各种痛症调理,38,182
铭丹养生保健休闲会所（跨世纪大酒店店）,青秀区,民族大道,5.0,精华-推油（单人）,198,166
smile韩国专业皮肤管理中心,青秀区,东盟商务区,5.0,小气泡深层清洁管理（单人）,138,161
丽莎美甲,青秀区,国贸中心,5.0,点·痣一颗,3.9,158
海燕美容护肤养生馆,青秀区,金湖,5.0,疏通乳腺套餐,38,155
颐真中医整脊养生馆,青秀区,万象城,5.0,单人正骨整脊调理1次,96,152
安然鑫鑫纳米汗蒸（东葛联发臻品店）,青秀区,东葛古城,5.0,单人汗蒸套餐,19.8,149
文琴芳舍·美肌室,青秀区,东盟商务区,4.9,养生护理套餐,48,148
荷韵美美容院,青秀区,丽原天际,5.0,面部活氧美白保养护理,58,146
还我本色面部美学护肤中心,青秀区,丽原天际,5.0,韩国面部净排焕肤（单人）,68,146
丽颜美容汗蒸馆,青秀区,新竹路,4.5,丽颜单人美容汗蒸,9.8,146
雅朵韩潮汗蒸美容养生馆,青秀区,竹溪大道,5.0,单人托玛琳汗蒸+刮痧+拔罐二选一,48.8,144
雅沐莲美容养生馆,青秀区,金湖,3.9,雅沐莲美容养生会所美容护理套餐,41,143
康多好推拿工作室,青秀区,国贸中心,5.0,拔罐/刮痧/艾灸【单人】三选一,20,142
THINA庭娜spa（万象城店）,青秀区,万象城,5.0,泰式安神放松按摩+肩颈不适调理,280,142
久久养生康复中心,青秀区,新竹路,4.9,走罐+拔火罐/刮痧+拔火罐/背部艾灸（单人）,38,136
玉宝泉会所（琅西店）,青秀区,琅西,5.0,泡浴推油（80分钟）,168,125
聚宝苑美容养生体验馆,青秀区,国贸中心,4.3,背部经络疏通超值单人套餐,58,124
沐养阁,青秀区,国贸中心,5.0,中式推拿,48,125
丸美.spa美容养生会所,青秀区,东盟商务区,4.7,超值体验卡1次,19.9,124
宏福源保健按摩中心,青秀区,青秀区,5.0,按摩足疗2选1（单人）,48,123
瑞妍斯凯光电科美连锁（航洋店）,青秀区,航洋国际,5.0,单人面部深层清洁+补水护理,100,122
伊琳歌瑞美容院（航洋国际店）,青秀区,航洋国际,5.0,单人午休美容,28,120
小国手保健养生会所,青秀区,青秀区,5.0,单人经络推油+拔罐/刮痧套餐,78,121
阳光雨娇颜美容美体馆,青秀区,金湖,4.9,净化补水套餐,29,120
美琪童颜容貌管理中心,青秀区,东葛古城,5.0,单人日常面部补水注氧护理,39.9,118
mq童颜皮肤管理中心,青秀区,国贸中心,5.0,单人日常面部补水注氧护理,39.9,118
Dr．Best 美肤私人管理,青秀区,长湖路,4.6,单人黑脸娃娃,88,118
纤之源（航洋国际店）,青秀区,航洋国际,5.0,单人女子精油推背按摩套餐,88,117
英涛祛斑祛痘（广园店）,青秀区,青秀区,4.0,单人女子水润美肤面部护理套餐,58,115
安娜贝尔美甲会所（分店）,青秀区,东葛望园,3.7,单人女子水润美肤面部护理套餐,58,115
家富富侨（桂春店）,青秀区,琅西,5.0,芳香养生套餐,188,115
和谐保健馆,青秀区,青秀区,5.0,中式按摩,68,115
千美荟美容连锁,青秀区,长湖路,4.7,汗蒸+背部疏通肩颈调理套餐,36,114
落樱满唐美容生活馆,青秀区,七星路,5.0,姜油+艾灸（姜灸）肩颈护理套餐,48,110
香草国度,青秀区,长湖路,5.0,精油头部背部淋巴健康调理套餐,78,111
韩蒸王朝养生馆,青秀区,凤翔路,4.8,单人刮痧/拔罐,25,110
雪依氏科技养生馆,青秀区,青秀区,5.0,单人美容养颜套餐,38,73
方姐汗蒸足疗按摩中心,青秀区,凤岭北,5.0,汗蒸（单人）,15,72
苗颜坊专业祛痘（建政路店）,青秀区,园湖路,4.5,单人黑鼻头护理,19.9,72
大安小安养生馆,青秀区,青秀区,5.0,拔罐 限时限量特惠抢购（50份）,19.9,71
温舒经络养生馆,青秀区,凤翔路,5.0,单人艾灸,39,72
爱德华-华康中医保健会所,青秀区,桃源天桃路口,5.0,精油推背（60分钟）,128,71
技术派盲人按摩院,青秀区,青秀区,4.2,技术派盲人按摩,60,70
艾丽素美肤生活馆,青秀区,园湖路,4.6,艾丽素美容美体（单人）,28,69
熙伊美丽定制机构,青秀区,青秀区,5.0,单人超值美容4选2套餐,39,68
重庆富侨休闲养生会所（凤翔旗舰店）,青秀区,凤翔路,5.0,足浴（60分钟）【新店推荐】,78,67
康宣堂养生会所,青秀区,民族大道,5.0,中式按摩/足浴（60分钟）   2选一,58,67
欧贝儿美容生活馆,青秀区,青秀区,4.5,推油开背+艾灸+刮痧+拔罐或肩颈+扶阳罐刮痧（2选1）,59.9,66
闺蜜的家美容生活馆,青秀区,七星新民,5.0,单人面部深层补水套餐,48,67
道和养生馆,青秀区,凤岭北,5.0,单人全身推拿套餐,88,66
巴马古瑶乡民间养生,青秀区,会展中心,5.0,虚胖瘦身/清宫养巢/养心安神/松肩健骨/康肤止痒原汤瑶浴,168,64
仁民健康坊,青秀区,青秀区,4.1,生物电理疗,48,63
芳草美容养生会所,青秀区,金湖,5.0,单人面部美容养生超值套餐,38,63
魅力盈庭健康美容会所,青秀区,航洋国际,4.6,单人泰式放松套餐,88,62
天易行养生会所,青秀区,凤岭南,4.3,御足,78,61
禧升国际纹绣,青秀区,国贸中心,5.0,黑脸碳粉娃娃脸部净肤净白嫩肤收缩毛孔,158,60
妙善缘心,青秀区,柳沙半岛,4.4,单人全息调理中式保健推拿按摩,118,60
莱熙·琳维心美甲美妆,青秀区,新竹路,4.6,单人嫁接睫毛套餐,68.8,60
金蔓延脱毛皇后opt无痛,青秀区,琅西,5.0,面部美容&美体单人护理套餐,58,60
涵曦瘦身美容养生会所（仙葫店）,青秀区,仙葫,5.0,涵曦单人腹部+腰部纤体一次,29.9,60
韩馆美容会所,青秀区,国贸中心,3.5,单人痘肌护理,28,56
古韵美芳美容美体会所,青秀区,金湖,5.0,单人面部身体呵护套餐任选3次,68,56
韩国童颜美肤 韩国半永久,青秀区,民族大道,5.0,脸部美白SPA（单人）,48,55
辣妈小屋（医科大店）,青秀区,青秀区,5.0,经络疏通体验套餐6选1,19.9,54
益培原养生馆,青秀区,南湖公园,4.6,刮痧/拔罐（单人）,28,54
怡灸中医美容,青秀区,长湖路,4.4,女神美胸套餐,58,55
泡沫小姐美肤形象定制馆,青秀区,东葛古城,5.0,单人T区真空祛黑头,45,54
羽玫美容养生会所（东盟店）,青秀区,东盟商务区,4.3,肩背舒压,38,53
小众生艾灸馆,青秀区,东盟商务区,4.4,中医推拿,42,53
素溪美容工作室,青秀区,民族大道,4.3,单人水氧活肤深层清洁面部洗脸+精华导入皮肤护理,78,53
莱瑞阁汗蒸美容养生,青秀区,柳沙半岛,5.0,刮痧+拔罐（单人）,68,51
瀚·养生小筑,青秀区,青秀区,5.0,瀚·中式按摩减压（60分钟）,58,51
艾莱纳米汗蒸养生馆（华星时代广场雍华府店）,青秀区,七星路,5.0,拔罐,38,50
雅缘阁养生馆,青秀区,双拥路,4.6,颈肩通/腰腿通（痛症）,158,50
纤丝语专业减肥（总部店）,青秀区,民族大道,4.9,背部舒压套餐,48,50
重庆富侨（汇春路直营店）,青秀区,琅西,4.2,修脚/采耳/拔罐3选1,28,51
美丽赫本亚健康调理中心（东盟店）,青秀区,万象城,4.0,头部护理,1,49
治未病太极痧道馆,青秀区,东盟商务区,5.0,拔罐/艾灸二选一【特价优惠100份】,9.9,49
妍之润科技美肤管理中心（天健店）,青秀区,东盟商务区,4.7,skinbolic皮肤面部护理,68,49
芙罗蒂美丽定制集合空间,青秀区,民族大道,5.0,补水/美白/高新用器享受套餐,168,49
LAURA童颜半永久科技美肤美学中心,青秀区,青秀万达,5.0,精致修眉+眉型设计,9.9,48
手技王推拿馆,青秀区,凤岭南,4.9,单人中式手法调理,128,48
康滢美容城,青秀区,长湖路,4.6,单人乳腺疏通  绿色美胸,39.9,48
小媚保健推拿足疗泡浴,青秀区,东盟商务区,4.0,单人宫廷恋曲,188,48
万然美容养生馆,青秀区,民族大道,5.0,单人身体养生套餐,139,48
翌航美甲工作室（国贸店）,青秀区,国贸中心,5.0,精致修眉+设计眉型,5.8,45
海佳颐美容养生馆,青秀区,柳沙半岛,5.0,单人刮痧+拔罐超值套次套餐,12.8,45
Mk面部管理（航洋店）,青秀区,航洋国际,5.0,炭黑娃娃净颜护理单人套餐,88,43
玫瑰女子天健店,青秀区,东盟商务区,3.5,单人络肩颈疏畅,68,43
伊茜琳汗蒸美容馆,青秀区,凤岭北,4.2,单人纳米汗蒸,16,42
德仁简科养生馆,青秀区,民族大道,5.0,足疗按摩2选1,20,42
御指天娇（中国30店青秀七星店）,青秀区,琅西,4.8,推油按摩80分钟,568,43
栢洋保健养生馆,青秀区,青秀区,4.2,单人精油开背+中式按摩【送汗蒸】,98,42
法国美馨媛美容美体国际会所（阳光雨天健店）,青秀区,东盟商务区,4.6,48单人美容套餐,48,41
梵美诗美容美甲美妆,青秀区,琅西,4.8,内在负压养生套餐8选2,39.9,41
韵颜纤体养生馆,青秀区,桃源天桃路口,4.4,单人补水套餐,28,41
瑞坤美容美体养生馆（东葛店）,青秀区,青秀区,4.5,单人全身呵护项目,48,41
中鼎万象保健养生会所,青秀区,民族大道,4.4,瑶王泡浴丝调推油（80分钟）,268,40
唯尔姿美容院,青秀区,青秀区,5.0,面部放松按摩＋半身油推,38,41
伊颜抗衰美容美体坊,青秀区,国贸中心,4.9,单人特色项目4选3超值套餐,98,39
香曼莎（新新家园店）,青秀区,竹溪大道,4.0,香曼莎卵巢保养/乳腺疏通/背部三焦净排3选1单人套餐,18,39
克丽缇娜（城市花园店）,青秀区,民歌湖,4.1,经典水妍润泽,68,38
凯月美容美妆,青秀区,凤岭南,5.0,淋巴净排单人套餐,9.9,37
初见皮肤管理中心,青秀区,航洋国际,5.0,小气泡深层清洁+声波去角质,158,40
美可韩雕馆,青秀区,青秀区,5.0,韩式私人定制仿真眉套餐,880,37
康而美美容瘦身生活馆,青秀区,长湖路,4.9,单人360°高科全身艾灸健康调理,56,37
慧东保健按摩馆,青秀区,琅西,5.0,刮痧/祛湿拔罐/调理热敷/三选一,29,36
果然美丽美容养生馆,青秀区,东葛望园,4.3,水果面膜护理,15,36
Enjoy美容美体生活SPA馆,青秀区,仙葫,5.0,单人手部纯色艺术美甲套餐,38,37
丽人轩美容美甲经络spa,青秀区,凤岭北,4.9,单人美甲套餐一,58,35
美致瘦身养生馆,青秀区,七星新民,5.0,美致单人瘦身养生馆纤体养生套餐,9.9,35
名角女士护肤美体养生馆（柳沙店）,青秀区,柳沙半岛,3.7,一见钟情面护+背部净排单人套餐,68,35
芳楟中医美容理疗馆,青秀区,琅西,4.9,超值美容套餐,39,35
艾玛美容美甲会所（东盟店）,青秀区,青秀区,3.0,单人艾玛欧兰丽露,28,34
医媞娜美容养生会所（水晶城店）,青秀区,金湖,4.6,医媞娜单人面部保养套餐,68,33
易.私人美容养生专业会所,青秀区,民族大道,3.5,草本足浴,9.9,33
瑶医祛痘美容养生工作室,青秀区,国贸中心,5.0,单人胸部疏通套餐（2次）,58,33
尊夫人美容院,青秀区,古城民族,4.2,单人面部拔筋套餐,49.9,33
颜工坊女性养护中心（保利店）,青秀区,东盟商务区,4.1,A套餐,88,32
美之然美容纤体养生馆（星湖店）,青秀区,星湖路,4.2,清凉一夏 魅力女人,68,32
DR金美韩皮肤管理中心,青秀区,东盟商务区,4.2,DR肌肤检测及护理套餐,128,32
卓丽雅美容工作室,青秀区,凤岭南,4.9,胸部疏通护理套餐,26,31
苗姿专业减肥店,青秀区,青秀区,3.5,苗姿植物包全身瘦,45,31
漫淼美肤中心,青秀区,东盟商务区,5.0,超微皮肤净化,38,32
采睫睛专业美睫连锁沙龙（天健公馆店）,青秀区,东盟商务区,4.7,单人自然款星级睫毛150根嫁接套餐,158,31
诺伯曼运动会馆美容部（永凯店）,青秀区,青秀区,4.7,代金券,6.8,30
美杜莎美容美甲会所,青秀区,东葛古城,4.1,单人5d水貂蛋白丝绒睫毛嫁接,59,30
青黛生活美容馆,青秀区,南湖公园,5.0,面部护理,50,30
阿伦达美国际皮肤管理中心,青秀区,金湖,5.0,单人小汽泡深层清洁管理,168,30
阳伊倍生活馆（山语城店）,青秀区,凤岭北,4.9,面部拨筋美容体验单人套餐,38,30
立美国际皮肤管理中心,青秀区,东盟商务区,5.0,美白面部护理,39.9,29
欧菲丽美塑中心,青秀区,东盟商务区,4.9,单人面部护理,59,29
智仁国际半永久化妆学院,青秀区,丽原天际,5.0,半永久定妆设计＋修眉,18,28
家富富侨（总店）,青秀区,茶花园路,4.1,南宁家富富侨芳香养生,188,28
韩熙美社Queenhoo高端半永久、化妆造型,青秀区,东盟商务区,5.0,精致妆容,48.8,29
轩雅娜美容,青秀区,国贸中心,5.0,单人面部SPA基础护肤,35,27
雪依氏科技美肤会所上善店（上善科技美肤会所）,青秀区,民族大道,5.0,水印象滋养深层面部护理+玉石焕颜仪器,48,27
雅尚美经络养生馆,青秀区,民族广场,5.0,前手臂、小腿、腋下OPT净毛3选1,28,27
御卡桃面部管理,青秀区,东盟商务区,4.9,单人小气泡深层洁肤,128,26
黛芙妮尔五行,青秀区,七星路,4.4,五行养生美容套餐,69,25
禅悦妆园,青秀区,东盟商务区,5.0,单人草本泡浴+生机秀赋活升华面部护理,88,25
伊彩美业（琅东店）,青秀区,凤岭南,5.0,单人伊彩美白雪姬补水护理,28,25
锦绣雅妍塑美养生会所,青秀区,东盟商务区,5.0,面部SPA美颜焕肤,39.9,25
健行养生会所,青秀区,双拥路,4.5,草本泡脚/灯疗调理/熏足  三选一,9.9,25
凤韵女子美容中心,青秀区,东葛古城,4.5,姜疗单人套餐,36,25
克拉美咖,青秀区,国贸中心,5.0,打造轻奢素颜款妆3选1,580,25
瑶芳专业祛痘 美容 美体,青秀区,古城民族,5.0,单人黑头清洁,9.9,25
素沅工作室,青秀区,青秀区,5.0,深层补水皮肤护理,19.9,24
温莎养生会所,青秀区,东葛望园,4.3,单人大背部火（疗）,68,23
草沐屋草本养发馆,青秀区,凤岭南,5.0,单人背部经络疏通2选1,59,24
悦会所,青秀区,东盟商务区,4.6,单人面部超值套餐,68,24
沐子美容美体中心,青秀区,琅西,4.6,沐子美容护理套餐,68,23
水晶宫养生堂,青秀区,东葛望园,3.8,推油按摩（单人）,168,23
海燕减肥养生馆,青秀区,古城民族,5.0,单人（三次）背部气血调理,198,23
海燕减肥养生馆（金洲路）,青秀区,民族大道,4.7,单人（三次）背部气血调理,198,23
灸至堂,青秀区,青秀区,4.1,刮痧/拔罐（单人）,18.8,22
完美佳人SPA会所,青秀区,东盟商务区,4.0,单人面部补水套餐,88,22
肖恩美容养生馆,青秀区,青秀区,4.8,单人美容护理,38,22
爱尚伊美容时尚馆,青秀区,国贸中心,4.2,精选套餐4选1,48,22
秀域科技美容（汇东国际店）,青秀区,琅西,4.0,周速瘦单人套餐,249,21
玫瑰女人私密会所,青秀区,东盟商务区,4.9,玫瑰女人秘密养护单人套餐,128,21
香伽瑜伽（东葛旗舰店）,青秀区,青秀区,3.7,肩颈调理2次,39.9,21
秀域科技美容（南湖店）,青秀区,长湖路,3.8,周速瘦单人套餐,249,21
秀域古方减肥（凤翔店）,青秀区,凤翔路,3.9,周速瘦单人套餐,249,21
爱丽丝半永久美甲工作室,青秀区,国贸中心,5.0,艾草全身熏蒸spa,19,20
丽然美细胞美容养生会所（一分店）,青秀区,长湖路,3.8,面部特色护理,38,20
Flower 形象定制馆,青秀区,国贸中心,4.4,水氧焕肤单人护理,68,20
鑫鑫美容美甲养生馆,青秀区,金湖,4.5,单人纳米汗蒸+面部净排套餐,26.6,19
贵足养生馆,青秀区,凤岭北,4.0,精油开背加刮痧或拔罐（单人）,128,19
TS造型（Trend shop）,青秀区,民族大道,5.0,化妆培训套餐,98,19
伊瑞国际皮肤修复抗衰中心,青秀区,东盟商务区,5.0,【纯手工】粗粮植物发酵面部护理,58,20
悦己美容美体养生馆,青秀区,东葛古城,5.0,艾灸,18,19
暖元养生馆,青秀区,青秀区,4.9,泡脚+肩颈护理（单人）,58,19
皇后的秘密花园,青秀区,东盟商务区,5.0,面部基础补水护理＋芳香开背,28,18
贞韩医疗美容医院,青秀区,凤岭南,5.0,【VISIA魔镜皮肤CT检测】直寻肌肤问题根源,38,18
克媞丽妍美容生活馆,青秀区,民族大道,4.3,68单人套餐,68,18
淳会所,青秀区,民族大道,4.9,沙棘全身排湿排寒净排,19.9,18
元之韵养生会所,青秀区,青秀区,5.0,单人完美女人贵妃组合套餐 100分钟,88,18
菲常天然养护中心,青秀区,长湖路,4.6,单人玫瑰纯露面部护理,58,18
台湾概念养生美容会所,青秀区,金湖,4.5,全身淋巴净排,198,17
嘉婷美容养生阁,青秀区,青秀区,3.9,嘉婷美容养生阁面部拔筋背部开穴按摩2选1套餐,38,17
名媛汇美容养生馆,青秀区,东葛古城,4.0,名媛汇保养护理套餐,28,17
秀美定妆美甲工作室,青秀区,国贸中心,5.0,单人面部深层清洁+保养套餐,29.8,17
克媞美容养发生活馆,青秀区,凤翔路,4.9,超值水润美颜＋疏肝健胸＋茶敷洗头,68,16
颐尊水疗美容SPA会所,青秀区,航洋国际,3.5,养生足浴套餐,138,16
春色伊人专业纤体祛斑美容机构,青秀区,琅西,4.5,单人美容美体,48,16
美丽赫本亚健康调理中心（东葛店）,青秀区,东葛路,5.0,身体护理＋艾灸全身,68,17
瞻莲华美妆工作室,青秀区,青秀区,5.0,单人面部净排,29.9,10
隐形妆美甲定妆工作室,青秀区,中山路,5.0,O P T冰点单人温和脱（上唇/腋下）毛,39,10
中和堂养生馆,青秀区,南湖公园,4.2,拔罐（单人）,25,10
萌魅美甲美容,青秀区,航洋国际,5.0,深层美白补水按摩套餐,68,10
GSDR健康管理美丽定制俱乐部,青秀区,七星路,4.1,盆腔护理,58,10
Angela丽妍生活馆,青秀区,国贸中心,5.0,女性呵护调理单人套餐,39,10
芙颜古方减肥中心,青秀区,丽原天际,4.0,单人汉方美白套餐,48,9
伊主角美甲店,青秀区,古城民族,4.3,伊主角美甲店眉形设计+修眉,1,9
怡心缘养生spa会所,青秀区,凤岭北,4.6,面部深层清洁（45分钟）,19.9,10
红颜美颜坊,青秀区,七星新民,4.3,背部开穴净化单人套餐,38,9
美之妍美容美体,青秀区,金湖,5.0,面部补水+香薰开背护理套餐,38,9
W&M; Beauty轻奢抗衰中心,青秀区,东盟商务区,5.0,芳香莹润紧致面部护理,88,8
黛妤美业,青秀区,古城民族,5.0,修眉➕眉型设计,5,8
辣妈小屋（凤岭春天店）,青秀区,凤岭北,4.6,经络疏通体验6选1套餐,19.9,8
悦美美业,青秀区,东盟商务区,3.8,单人小气泡深层洁净补水,128,8
金皇养生馆,青秀区,青秀区,4.4,胸怀天下SPA（70分钟）,399,8
香媞拉雅SPA会所,青秀区,东盟商务区,4.0,单人超值优惠套餐198,128,8
丹韵美甲连锁（航洋国际广场店）,青秀区,航洋国际,5.0,韩国医卒多皮肤管理套餐,128,8
婵密皮肤身材管理,青秀区,东盟商务区,4.6,扶阳肩颈（首次体验）,58,8
上海美界时尚造型,青秀区,凤岭南,4.9,背部经络疏通（单人）,68.9,4
Mancy蔓菁日韩美甲美睫,青秀区,东盟商务区,5.0,美国精油按摩手部护理美白保湿,88,4
秋子韩式半永久定妆,青秀区,金湖,4.3,MTS韩国进口水光护肤,280,4
爱葛妮丝（金州店）,青秀区,民族大道,4.4,爱葛妮丝丰韵美容护理套餐,68,4
东方唐素.五养SPA美容养生会所,青秀区,桃源天桃路口,4.2,菩提一叶 腿部疏经通络调理,40,4
紫艾美业连锁机构,青秀区,东盟商务区,4.6,面部+身体套餐,58,4
名角女士护肤美体养生馆（新竹店）,青秀区,新竹路,3.8,抚纹香肩美颈单人护理,98,4
足弘养生馆,青秀区,凤翔路,3.5,刮痧/拔罐,40,4
创美皮肤管理工作室,青秀区,万象城,4.6,皮肤细胞深层护理,49,4
乐瑶熏蒸养生屋,青秀区,国贸中心,5.0,黄金艾绒无烟艾灸（单人）,38,4
爵妃美容养生会所,青秀区,青秀区,4.9,单次五行石辽汗蒸,29.9,4
莲之谷韵颐生堂（东葛店）,青秀区,青秀区,5.0,单人拔罐养生,20,4
米阁养美,青秀区,国贸中心,5.0,纯草本熏蒸,58,4
新焕美容院,青秀区,国贸中心,3.5,单人头部刮痧,20,4
元创美业商学院,青秀区,青秀区,4.1,单人淡妆或者浓妆,20,3
莜爱日式美甲美睫半永久,青秀区,东盟商务区,5.0,精致妆容,48.8,2
姿生缘美甲美睫美妆工作室,青秀区,青秀区,5.0,高级无菌一次性打耳洞,18.8,2
时尚芭莎（丽原天际店）,青秀区,丽原天际,5.0,单人韩式订制眉 魅瞳线 孕唇三选一,980,2
上尚造型（东盟店）,青秀区,东盟商务区,3.0,单人韩式订制眉 魅瞳线 孕唇三选一,980,2
俪人岛女子呵护会所,青秀区,柳沙半岛,4.0,单人瑶浴,98,2
时尚芭莎（遇尚店）,青秀区,新竹路,4.7,单人韩式订制眉 魅瞳线 孕唇三选一,980,2
时尚芭莎（永凯店）,青秀区,东葛望园,5.0,单人韩式订制眉 魅瞳线 孕唇三选一,980,2
悦嘉美妆美学,青秀区,东葛古城,5.0,单人韩国超微水氧气泡,128,2
漂亮宝贝（丽原天际店）,青秀区,丽原天际,5.0,单人韩式订制眉 魅瞳线 孕唇三选一,980,2
红衣瑶茶麸洗发,青秀区,青秀区,5.0,面部基础清洁+新鲜青瓜天然海藻面膜单人套餐,20,2
Vi  Maker 私人美疗定制公馆,青秀区,东盟商务区,5.0,精致生活日常妆单人套餐,38,2
魅甲美甲美容,青秀区,东葛古城,4.3,单人手足部美白补水深层护理2选1套餐,38,2
指妆美甲工作室,青秀区,国贸中心,5.0,单人妆,38,2
闺蜜美甲（国贸店）,青秀区,国贸中心,5.0,单人韩式嫁接睫毛,88,2
媚媛美甲美妆,青秀区,柳沙半岛,4.4,单人脸部净排护理,10,2
南宁绚姿美容美体养生会所,青秀区,凤岭南,4.6,96美容养生套餐,96,2
莲荷创美(青秀万达广场店),青秀区,青秀万达,5.0,专业皮肤管理,125,2
卡兰蒂健康管理美丽会所,青秀区,民族广场,5.0,会员体验卡,88,2
国宾美景养生酒店,青秀区,桃源天桃路口,4.4,"国宾美景养生酒店, 可选双人自助早餐/双人皇家泰式按摩/双人特色中药足道/双人五行经络推拿",609,1
伊姿美业,青秀区,国贸中心,3.0,单人童颜术,168,1
星溢云美容养生会所,青秀区,民族广场,4.1,肠胃艾灸保养,39,1
凯迪亚造型护肤养生馆,青秀区,七星路,4.0,美容养生套餐,98,1
Only you美甲定制,青秀区,青秀区,5.0,only you彩妆单人套餐,39.9,1
广百慧光电美肤,青秀区,凤岭南,3.5,单人干细胞提升法令纹套餐,68,1
碧悦韩式半永久定妆中心,青秀区,东葛古城,5.0,单人韩式眼线,780,1
克里缇娜美容美甲中心,青秀区,东葛古城,4.9,单人MTS韩式嫩肤皮肤管理,88,1
韩绣美业,青秀区,国贸中心,4.4,单人无痛点志体验,5,1
蕾蒂丝美甲,青秀区,国贸中心,5.0,面部深层去角质,38,1
黛莉诗美甲美容,青秀区,丽原天际,4.2,单人精修眉型,1,1
若仙名流美容养生会所,青秀区,青秀区,4.3,面部拨筋美颜护理套餐,50,1
女王缔造者Queen magic（青秀万达店）,青秀区,青秀万达,5.0,单人绿色拔罐,49.9,1
Roses韩式半永久定妆术纹眉,青秀区,园湖路,5.0,单人嫩肤护理套餐,68,1
美丽在造美肤中心,青秀区,航洋国际,4.0,单人光滑美肌体验,28,1
波尼Bonnie Nail 日式美甲美睫,青秀区,东盟商务区,5.0,单人气泡深层清洁注氧皮肤管理,158,2
科颜定妆美容中心,青秀区,金湖,5.0,单人韩国进口小气泡+活氧v脸紧致,168,1
正享美轻奢美肤中心,青秀区,东葛望园,4.1,法国香蔓水氧透析气泡,138,6
薇朵拉皮肤管理中心,青秀区,长湖路,4.2,唤醒暗黄肌肤－巧克力焕肤,234,0
名角女士护肤美容美体养生馆,青秀区,七星新民,3.8,艾灸调理/碧波庭体验2选1,19.8,0
绮绮美甲工作室,青秀区,国贸中心,3.7,韩国嫁接睫毛,49,0
丰之韵,青秀区,青秀区,4.7,暖宫纤体护理15次,398,0
私人订制眉眼唇,青秀区,青秀区,4.9,面部深层清洁护理套餐,88,0
沫沫美甲美容生活馆,青秀区,东盟商务区,5.0,面部水疗,29.9,0
品恣美甲（梦之岛水晶城店）,青秀区,金湖,3.5,皮肤管理,128,0
蓝瑶养生馆,青秀区,凤岭北,3.5,中医推拿,90,0
妆妍持久化妆·妆妍美甲,青秀区,东盟商务区,5.0,冰点脱体毛单人体验套餐,99,0
倾心美甲,青秀区,国贸中心,4.3,面部护理套餐（单人）,68,0
来生缘养生会所,青秀区,仙葫,3.8,总统浴,288,0
怡指秀,青秀区,琅西,4.0,单人美睫线,680,0
壁咚私人影院,青秀区,国贸中心,5.0,肩颈腰腿痛调理,118,0
品恣美甲（盛天地店）,青秀区,东盟商务区,4.6,皮肤管理,128,0
红墙纤体美容中心,青秀区,青秀区,4.6,138康速瘦健康减·肥套餐,138,0
运丰挺专业美胸连锁（古城店）,青秀区,古城民族,4.0,美容方案1,98,0
华清堂中医养生馆,青秀区,东盟商务区,4.6,港式推油+汗蒸,298,0
熙媛美甲,青秀区,国贸中心,4.7,韩式瞳线,399,0
长龙保健会所,青秀区,长湖路,3.7,香薰桶浴十纤指油压（单人）,168,0
A-Li 韩式半永久定妆,青秀区,东盟商务区,3.5,单人MTS微驻颜粉底精华,288,0
韩尚美甲,青秀区,仙葫,4.7,温和脱体毛单人体验套餐,98,0
艾美莱美甲半永久美妆,青秀区,国贸中心,4.9,深层清洁水氧嫩肤护理,68,0
盛博盲人按摩,兴宁区,兴宁区,5.0,单人按摩足疗二选一,46.8,2211
乐福养生馆,兴宁区,朝阳广场,5.0,单人经络刮痧或火罐,19.8,1498
苏门医派按摩馆,兴宁区,兴宁区,5.0,古方全身按摩（单人）,55,743
芙颜堂国际祛痘连锁（人民西路）,兴宁区,水街,5.0,单人净痘套餐,15,652
来生缘养生会所,兴宁区,兴宁区,5.0,精油开背（单人）,99,642
鹿角海棠美塑皮肤管理（朝阳店）,兴宁区,火车站,5.0,黑脸碳粉娃娃脸部净肤美白嫩肤收缩毛孔,88,487
千家峒瑶医保健养生,兴宁区,兴宁区,5.0,瑶医全身推拿,69,466
天湖休闲会所（舒丽保健中心）,兴宁区,火车站,5.0,娇口之哨（单人）,368,343
玉宝泉休闲养生（公园店）,兴宁区,人民公园,4.8,全身推油（单人）,118,270
朗月养生会所（凤凰宾馆店）,兴宁区,火车站,5.0,单人港式油压,98,270
祥康盲人按摩（长岗分店）,兴宁区,兴宁区,5.0,刮痧，拔罐，推油（3选1）,39.8,269
诗丽堂（百盛店）,兴宁区,悦荟广场,3.0,单人娇颜赋活面眼魅力源spa,68,238
馨柔美容院,兴宁区,兴宁区,5.0,单人拔罐，刮痧，艾灸3选1,2.8,210
碧波庭美容养生馆（裕丰店）,兴宁区,朝阳广场,5.0,背部/肩颈疏通,28,191
慧医堂痛症调理中式美容养生会所（民主店）,兴宁区,兴宁区,5.0,单人肌肉酸痛 腰痛 头痛 等各种痛症调理,38,182
正坤养生堂,兴宁区,兴宁区,3.8,单人背部拔罐/刮痧二选一,20,141
好功夫（同和华彩店）,兴宁区,兴宁区,4.5,泡脚+修脚+按摩,36,129
雅轩美容馆,兴宁区,兴宁区,5.0,臀部／胸部／背部放松＋养生艾灸,39,127
丽群汇汗蒸美容美体会所,兴宁区,兴宁区,4.0,岩磐浴汗蒸,9.9,124
雪芝堂美容美甲养生馆（国际连锁荣和分店）,兴宁区,狮山公园,5.0,特色背部面部多项目护理,68,123
鎏金激光美容会所,兴宁区,悦荟广场,4.5,面部拨筋护肤,45,116
虎邱保健养生会所,兴宁区,兴宁区,5.0,单人宫室牛奶浴,268,109
唛啦纹绣美容美体连锁机构,兴宁区,人民公园,5.0,面部净排,9.9,106
金源阁养生堂（朝阳总店）,兴宁区,兴宁区,4.6,沐足（单人）,59.9,85
鑫鑫纳米汗蒸养生馆（裕丰店）,兴宁区,兴宁区,5.0,单人精油开背+汗蒸,68.8,81
纤之源美容汗蒸养生中心（荣和山水绿城店）,兴宁区,兴宁区,5.0,美丽体验单人套餐,48,78
苗颜坊专业祛痘（新民店）,兴宁区,朝阳广场,5.0,单人黑鼻头护理,19.9,72
金水湾养生会所（火车站店）,兴宁区,兴宁区,4.4,单人SPA,338,56
伊人女子美容美体养生会所,兴宁区,兴宁区,5.0,单人女子保养护理4选1,29.9,52
慧泉美容护肤工作室,兴宁区,朝阳广场,5.0,单人面部护理净排套餐,29.9,52
润初颜专业祛斑祛痘中心（人民西路店）,兴宁区,水街,4.2,攒美（润初颜）汗蒸套餐,9.9,50
紫阁养生会馆,兴宁区,火车站,4.3,桶浴推油,138,51
韩国化妆品爱沐空间专营店,兴宁区,悦荟广场,4.5,单人脸部刮痧净排护理套餐,28.8,46
丸美 美容养生馆（金源城店）,兴宁区,兴宁区,3.9,单人面部及身体保养,48,45
新百绘美甲（裕丰商场店）,兴宁区,兴宁区,4.0,单人修眉+韩式眉型设计,2,43
帝医医疗美容,兴宁区,兴宁区,4.3,单人美臀背部净排护理套餐,39,42
雅秀美容院,兴宁区,兴宁区,5.0,单人全身艾灸套餐,39.8,42
瑞坤美容美体养生馆（万兴店）,兴宁区,市中心,4.0,单人全身呵护项目,48,41
赫本主题美甲彩妆纹绣(西南商都店),兴宁区,朝阳广场,5.0,单人脸部深层净白补水套餐,39.9,40
络克丝美容美发会所(西南商都店),兴宁区,兴宁区,3.9,单人精油开背,58.8,39
源韵阁,兴宁区,兴宁区,4.2,中医推拿,45,34
晓茹美甲,兴宁区,兴宁区,4.8,单人精致眉型＋设计眉型,1,30
五行养生屋,兴宁区,兴宁区,4.7,肩颈胸部卵巢三选一加送茶麸洗头,68,29
MC时尚会所（天健店）,兴宁区,兴宁区,4.9,单人面部护理套餐,29.9,28
悦莱MEI美容美甲护肤,兴宁区,狮山公园,4.7,美颜面部深层补水净排护理,29.9,27
鑫鑫美容纹绣工作室,兴宁区,兴宁区,5.0,面部补水套餐,68,25
苏门医派按摩馆（嘉和城店）,兴宁区,兴宁区,4.6,古方全身按摩,60,24
雅轩美容,兴宁区,兴宁区,3.8,单人面部美白补水护理＋韩蒸体验套餐,28.8,23
众人甲美甲美睫（西南商都店）,兴宁区,朝阳广场,4.8,生活妆／职业妆／晚宴妆／舞台妆／伴娘妆,19.9,20
馨尚美会馆,兴宁区,朝阳广场,5.0,生活妆／职业妆／晚宴妆／舞台妆／伴娘妆,19.9,20
梦江南休闲养生会所,兴宁区,兴宁区,3.5,泡浴+全身推油（单人）,168,18
上玉美甲室,兴宁区,兴宁区,5.0,单人韩式嫁接睫毛,88,16
鑫鑫纳米汗蒸馆（城市春天店）,兴宁区,兴宁区,4.2,人工按摩,50,16
小彩匠美甲平台,兴宁区,市中心,5.0,【双腋下温和脱毛】单人超值年卡,99,16
水鑫族美容院,兴宁区,兴宁区,4.7,梵婕缇媚眼明眸果纤眼贴护理1次,9,15
爱美丽美妆美甲（西南商都店）,兴宁区,兴宁区,4.7,单人脸部刮痧净排护理,48,13
雅美莱美容养生体验馆,兴宁区,兴宁区,4.3,身体排酸,68,13
楸紫美容中心,兴宁区,兴宁区,5.0,炭粉娃娃美白控油淡印单人套餐,19.8,12
韩艺美甲（西南商都店）,兴宁区,兴宁区,5.0,夏季温和脱毛（部位3选1包干价）单人套餐,399,5
悦兰心养生会所,兴宁区,兴宁区,4.1,背部排湿驱寒专业按摩灸疗,65,4
星梦工场护肤造型（水塔脚店）,兴宁区,兴宁区,4.6,面部SPA（三层清洁净排+火山黑石拨筋）套餐,38,4
日上汗蒸美甲工作室,兴宁区,兴宁区,5.0,脸部深层清洁护理/美胸护理（二选 一）,39.8,4
瑶氏神斑专业祛斑祛痘,兴宁区,兴宁区,4.0,肩颈护理,58,3
泊雅诗养生馆,兴宁区,兴宁区,4.0,98单人泊诗雅美丽女人套餐,98,2
LG瘦身美容美甲(西南商都店),兴宁区,朝阳广场,4.4,涵曦单人面部水光针提拉紧致套餐,68,2
甲古纹美业,兴宁区,朝阳广场,5.0,单人美甲速成班,799,2
享瑜伽汗蒸生活馆,兴宁区,兴宁区,5.0,肩颈疏通＋腰部净排,38,2
前女友美容美甲会所,兴宁区,兴宁区,4.6,眉形设计+修眉,10,1
精致美甲,兴宁区,兴宁区,4.9,OPT冰点脱净肤包干净,580,0
诺颜美甲（西南商都店）,兴宁区,朝阳广场,5.0,咬唇妆单人套餐,680,0
聚美阁,兴宁区,市中心,4.5,单人耳疗体验,38,0
妆园工作室,兴宁区,兴宁区,4.1,痛症调理（肩周炎）,138,0
绣尚纹绣美妆,兴宁区,兴宁区,4.7,单人脸部护理套餐,69.9,0
馨鸿美容美体养生馆,兴宁区,水街,4.6,卵巢温疗养生调理+汗蒸,159,0
靓点美甲,兴宁区,兴宁区,4.3,单人奢华手部手膜护理套餐,49.9,0
7号美甲,兴宁区,朝阳广场,4.6,面部净排护理,58,0
简约美甲（裕丰商场店）,兴宁区,兴宁区,3.0,手法面部净排补水,36.8,0
纤丝语专业减肥（兴宁店）,兴宁区,兴宁区,3.9,面部护理套餐,48,0
猫大人美甲屋,兴宁区,朝阳广场,4.7,单人韩式粉黛妆眉,680,0
雨阁足道养生会馆,西乡塘区,友爱路,5.0,桶浴推油,138,5125
清络清源瑶方养生馆,西乡塘区,鲁班路,4.7,单人养生套餐,68,4492
家富富侨（明秀店）,西乡塘区,明秀路,5.0,单人保健养生套餐,108,2527
福利中医医院按摩保健部（唐山路店）,西乡塘区,南棉商业街,5.0,全身保健按摩,60,2448
好功夫修脚堂（南棉店）,西乡塘区,南棉商业街,5.0,单人中式泡脚+修脚+按摩,36,2170
重庆富侨（高新区华成都市店）,西乡塘区,高新区,5.0,贵宾足浴单人,78,2167
思暮水疗,西乡塘区,明秀路,4.9,中式泡澡推油保健（单人）,158,2095
瑶医保健,西乡塘区,北湖,4.8,足浴,58,1876
康美源盲人按摩（新秀店）,西乡塘区,明秀路,4.6,单人中式按摩/足疗,50,1658
康美源盲人按摩（城市碧园店）,西乡塘区,广西大学,5.0,单人中式按摩/足疗,50,1658
小闫家传推拿,西乡塘区,广西大学,5.0,单人小闫家传推拿,68,1588
家富富侨（高新店）,西乡塘区,高新区,5.0,保健按摩2选1,128,1412
迷蔓美颜养生会所,西乡塘区,北湖,5.0,桑拿湿蒸/草本足部熏蒸/艾灸/刮痧/拔罐5选1,15.8,1307
御正堂中式养生馆,西乡塘区,明秀路,5.0,单人中式拔罐、艾灸调理、背部刮痧三选二,19.9,1279
合和之家中医堂,西乡塘区,明秀路,5.0,单人祛湿背部刮痧/拔罐2选1,18,935
瑜悦美容,西乡塘区,北湖,5.0,脸部背部胸部护理单人套餐,68,875
重庆富侨（友爱衡阳店）,西乡塘区,友爱路,5.0,单人泰式按摩,168,871
明都养生休闲会所,西乡塘区,广西大学,5.0,明都招牌桶浴推油（单人）,168,870
绿田园SPA养生会所,西乡塘区,北湖,5.0,单人保健按摩,58.9,825
紫梦缘养生馆,西乡塘区,新阳路,5.0,单人刮痧/拔罐2选1,25.8,808
圣颜世家专业祛痘祛斑,西乡塘区,大学路,4.7,深度清洁+T区祛黑头+皮肤透析+矿物泥面膜,19,729
净心源养生堂盲人按摩,西乡塘区,相思湖,5.0,中式按摩/经典足疗二选一（白天特惠）,39,730
俏佳人美容美体工作室,西乡塘区,广西大学,4.6,单人俏佳人美容美体工作室美体套餐,69,710
梦之美养生工作室,西乡塘区,西乡塘区,5.0,单人中式按摩+刮痧/拔罐套餐,58,661
宋朝御廷养生会所（鲁班店）,西乡塘区,广西大学,5.0,古典泡浴+精品全身推油（单人）,159,612
圣灸堂养生馆,西乡塘区,西乡塘区,5.0,单人中式推拿+刮痧/走罐套餐,68,606
广西泰草本美容美体有限公司,西乡塘区,鲁班路,4.7,单人泰式古典按摩体验,88,580
玛丽艳美容美体养生会所,西乡塘区,明秀路,4.7,胸部疏通护理,29.9,533
芳草养颜康体生活馆（北湖店）,西乡塘区,北湖,4.0,单人养生套餐4选1,42,531
思缘盲人保健按摩,西乡塘区,广西大学,4.4,保健按摩1小时,48,494
香和韩式保健,西乡塘区,明秀路,4.5,韩式松骨,68,482
魅力女人美胸机构,西乡塘区,鲁班路,4.2,单人胸部护理套餐一,9.9,463
好功夫（安吉店）,西乡塘区,安吉万达SOHO,5.0,单人中式泡脚+修脚+按摩,39,401
立行修脚灰指甲,西乡塘区,新阳路,4.9,立行修脚（单人）,30,395
华康养生会所,西乡塘区,广西大学,5.0,刮痧/拔罐二选一（单人）,19.9,394
皇家韩蒸（正恒店）,西乡塘区,明秀路,5.0,单人精油推背,58,385
妃斯秀美容美体连锁（明秀店）,西乡塘区,明秀路,5.0,胶原蛋白美颜+芳香开背护理,18,373
海兰顺养生会所,西乡塘区,高新区,4.0,海兰顺养生会所美容套餐 科园大道,28,368
重庆富侨（明秀店）,西乡塘区,明秀路,5.0,古典全身按摩（单人）,148,365
嘉碧唯女子美容健康管理中心（嘉媛店）,西乡塘区,鲁班路,5.0,单人面部拨筋醒肤驻颜健康关爱课程,69,363
欧泉妮丝美容美甲中心,西乡塘区,北湖,5.0,单人背部保养套餐,29,354
行本堂,西乡塘区,西乡塘区,5.0,中式保健背部按摩推油（单人）,89,351
雍雅经络养生室,西乡塘区,广西大学,5.0,雍雅经络养生室肩颈健康护理套餐,46.8,351
冰颜美容体验馆,西乡塘区,广西大学,5.0,单人面部补水护理套餐,38,350
菩提专业美容养生机构（科园店）,西乡塘区,高新区,5.0,面部补水+芳香开背+蚕丝面膜修护单人套餐,29.9,347
雅斯御足堂,西乡塘区,明秀路,4.6,中式足浴,46,344
倍高清视力保健,西乡塘区,友爱路,4.4,视力保健一次,8.8,305
仙姿御养生堂,西乡塘区,广西大学,3.5,肩颈护理套餐,68,279
鹿角海棠美容养生会所,西乡塘区,西乡塘区,5.0,卸妆深层清洁➕T区深层去黑头➕洗脸按摩➕注氧➕深层补水面膜,29.9,270
水匯水疗保健馆,西乡塘区,安吉万达SOHO,5.0,单人中式桶浴推油保健,158,261
广西培生中医养生有限公司,西乡塘区,高新区,5.0,刮痧/拔罐二选一（单人）,25,262
舒鑫美容美体养生馆,西乡塘区,广西大学,5.0,单人舒鑫美容美体养生馆完美组合套餐,96,243
韩宫御蒸世贸（西城店）,西乡塘区,西乡塘区,5.0,刮痧/拔罐二选一（单人）,25,242
锦秀佳颜美容美体中心,西乡塘区,明秀路,5.0,单人背部净排保健罐,9.9,241
诗丽堂美容院（北湖店）,西乡塘区,北湖,4.0,单人娇颜赋活面眼魅力源spa,68,238
诗丽堂美容院（碧园店）,西乡塘区,明秀路,3.9,单人娇颜赋活面眼魅力源spa,68,238
诗丽堂美容院（高新店）,西乡塘区,高新区,3.8,单人娇颜赋活面眼魅力源spa,68,238
诗丽堂美容院（友爱店）,西乡塘区,明秀路,3.5,单人娇颜赋活面眼魅力源spa,68,238
秋吟美容馆,西乡塘区,新阳路,5.0,面部深层补水单人套餐,38,230
幸福里美容养生馆,西乡塘区,北湖,5.0,单人女士净排套餐,68,226
壹號馆足浴店,西乡塘区,北湖,5.0,拔罐（单人）,18,217
蔓颜美容美体养生馆,西乡塘区,北湖,5.0,单人五行经络瘦身护理3次可瘦3~10斤,29.7,215
英国.卡斯缇雅,西乡塘区,明秀路,4.5,女性养护体验卡,99.9,215
格格美容养生会所,西乡塘区,鲁班路,5.0,单人3D面部净排套餐,18,200
瑶田浴养生花园,西乡塘区,鲁班路,5.0,单人瑶浴/纯植物泡澡,78,192
逸康养生中心,西乡塘区,北湖,5.0,背部祛湿拔罐/刮痧2选1,18,173
魅舞千变女人俱乐部,西乡塘区,明秀路,3.8,单人安然纳米生物波汗蒸套餐,20,173
富莱鑫养生馆,西乡塘区,广西大学,5.0,推拿按摩（60分钟）【店长推荐】,58,173
亭亭净植美容中心,西乡塘区,明秀路,5.0,腿部/手部 单次体验 人生苦短 必须性感 净美还您光滑肌肤,38,167
一帘幽梦养生馆,西乡塘区,广西大学,4.8,单人背部拔罐,25,163
维肤美容养生馆,西乡塘区,北湖,5.0,除湿气拔罐,15.8,152
华芳美容院,西乡塘区,广西大学,4.5,单人背部推油养生套餐,30,150
好功夫（人民路店）,西乡塘区,西乡塘区,4.4,单人中式泡脚+修脚+按摩,44.5,148
康之源保健中心,西乡塘区,明秀路,5.0,中式按摩（单人）,48,143
珠珠美容养生会所,西乡塘区,北湖,5.0,面部护理套餐,28,141
颐昕堂美容养生馆,西乡塘区,广西大学,5.0,单人肩颈护理,28,142
温大夫专业祛疤祛痘（西大东门店）,西乡塘区,西乡塘区,5.0,单人面部痘肌护理/T区祛黑头项目2次,28.8,141
鑫利美容中心,西乡塘区,西乡塘区,5.0,美丽佳人特色护理体验（项目7择1）,19.8,139
老莫盲人按摩,西乡塘区,明秀路,4.8,按摩/足疗 单人套餐,46,137
指尚美甲·美妆,西乡塘区,广西大学,5.0,单人精致修眉,0.99,133
依然美美容,西乡塘区,广西大学,4.8,单人护理套餐,28,132
葆颜小居美容养生阁,西乡塘区,北湖,4.6,肩颈疼痛调理,38,122
珊瑜美容美体生活馆（北湖茶城店）,西乡塘区,西乡塘区,5.0,单人盐蒸1次,19.9,120
康乐园理疗,西乡塘区,南棉商业街,4.2,按摩体验价一次,39.9,117
煦元养生馆,西乡塘区,广西大学,4.9,套餐,18.8,113
好功夫修脚堂（五里亭店）,西乡塘区,五里亭,4.6,泡脚+修脚+按摩,39,109
妙千手养生馆,西乡塘区,西乡塘区,4.6,拔罐（单人）,30,107
万贤生活美容馆,西乡塘区,鲁班路,5.0,单人背部套餐,38,105
国手陶进按摩工作室（友爱店）,西乡塘区,友爱路,4.8,单人全身保健按摩,60,104
秀域古方减肥（明秀店）,西乡塘区,明秀路,4.1,高科技生活美容单次体验课程,129,104
秀域古方减肥（科德店）,西乡塘区,高新区,4.0,高科技生活美容单次体验课程,129,104
秀域古方减肥（鲁班店）,西乡塘区,鲁班路,4.1,高科技生活美容单次体验课程,129,104
秀域古方减肥（北湖店）,西乡塘区,北湖,4.0,高科技生活美容单次体验课程,129,104
秀域科技美容（友爱店）,西乡塘区,友爱路,3.9,高科技生活美容单次体验课程,129,104
好功夫修脚堂（鲁班店）,西乡塘区,鲁班路,4.1,泡脚+修脚+按摩,39,101
瑞丰源调理保健中心（高新店）,西乡塘区,高新区,4.9,足疗+推油（单人）,88,95
聚缘美容养生馆,西乡塘区,北湖,5.0,全身疏通护理单人套餐,88,92
名人养生堂（明秀店）,西乡塘区,明秀路,3.9,名人天堂浴（单人）,188,90
金仑扬州修脚堂,西乡塘区,北湖,4.9,足浴+按摩（单人）,45,46
俊翔养生馆,西乡塘区,高新区,5.0,经络刮痧拔罐+纳米汗蒸(单人),49,46
素氏洗脸吧（城市碧园西大店）,西乡塘区,明秀路,5.0,深层清洁补水,52,45
朵琳美容馆（北湖店）,西乡塘区,北湖,5.0,芭比嫁接睫毛,68,44
星骐添养生工作室,西乡塘区,广西大学,5.0,拔罐／刮痧(30分钟)2选1,15,44
玫瑰女子俱乐部（火炬路店）,西乡塘区,广西大学,5.0,单人络肩颈疏畅,68,43
美腻腻美甲,西乡塘区,广西大学,4.8,单人修眉,1,41
健美经络美容,西乡塘区,明秀路,4.9,拔罐,9.9,39
尚豪美发美甲彩妆工作室,西乡塘区,大学路,4.4,嫁接睫毛,48,38
圆圆美容美体,西乡塘区,大学路,4.4,背部经络疏通护理套餐,38,37
千足阁（科园店）,西乡塘区,高新区,4.6,休闲沐足,65,37
美焦专业美甲纹绣中心,西乡塘区,北湖,5.0,五行拔罐/刮痧单人套餐,19.9,36
一伴家园养生会所（友爱店）,西乡塘区,安吉万达SOHO,3.8,宫廷桶浴（套餐）,190,34
芊悦保健休闲会所,西乡塘区,友爱路,4.0,招牌桶浴推油,138,35
雅丝纯天然植物染发护发养发旗舰店,西乡塘区,相思湖,3.6,背部负压深层净排按摩+肩颈疏通按摩（20150330）,38,32
造雅资美容美发馆,西乡塘区,广西大学,4.6,单人拔罐/刮痧/艾灸/眼部瑜伽4选1套餐,18.8,31
韩熙阁美甲美妆馆,西乡塘区,广西大学,5.0,单人修眉,0.9,31
艺佳 studio美容·美妆,西乡塘区,广西大学,5.0,超值生活妆单人套餐,68,32
容莲美甲馆,西乡塘区,鲁班路,5.0,单人超值草本肩颈护理,19.8,30
靓丽妈妈产后修复会所,西乡塘区,西乡塘区,5.0,单人肩颈/背部疏通2选1套餐,38,29
亚洲斑奇迹美容馆,西乡塘区,高新区,4.9,暖宫卵巢保养,9.9,21
好邻居中医药养生馆,西乡塘区,西乡塘区,4.8,面部护理（单人）,33,20
上古斋中药养发,西乡塘区,西乡塘区,4.7,面部补水护理单人套餐,15,20
苗颜坊专业祛痘（明秀店）,西乡塘区,明秀路,4.0,痘肌护理单人套餐,19,20
薇透美容馆,西乡塘区,新阳路,4.4,艾灸单人体验,18,19
福之源保健中心,西乡塘区,西乡塘区,4.0,单人宫廷浴推油,238,19
朗悦花养生院,西乡塘区,高新区,4.0,单人背部经络疏通,38,21
maker.面部管理,西乡塘区,广西大学,4.5,单人和黑脸说拜拜,88,19
皇媛美容会所,西乡塘区,鲁班路,3.6,美容体验,38,19
沐熙生活馆,西乡塘区,高新区,4.7,面部净排+去黑头体验,38,19
媚丽美容美体养生馆,西乡塘区,新阳路,4.9,胸部经络疏通+艾灸单人体验,38.8,18
懒人美业（安吉万达店）,西乡塘区,安吉万达SOHO,5.0,面部净排汞护理,35.8,18
郭氏按摩养生工作室,西乡塘区,明秀路,5.0,刮痧/拔罐  二选一【体验价】,9.9,18
焕嫣妆容皮肤管理会所,西乡塘区,高新区,5.0,植物胶原蛋白深层面部补水2次,48,17
魅の生美妆养护中心,西乡塘区,明秀路,5.0,日式嫁接（日本进口睫毛）68根,38,16
雅生阁养生馆,西乡塘区,西乡塘区,5.0,刮痧/拔罐,19.8,16
独一无二美甲纹绣会所,西乡塘区,高新区,4.6,单人修眉,5,15
钰缘美容,西乡塘区,南铁,4.1,胸部保养,48,15
花漾美妍室,西乡塘区,广西大学,5.0,单人超微汽泡深层清洁细腻毛孔,88,15
御姿秀女子减肥院（科园店）,西乡塘区,高新区,4.6,艾灸单人套餐,19,15
佳悦美容美体养生馆（秀灵路店）,西乡塘区,广西大学,4.6,面部十眼部套餐护理,68,8
名角女士护肤美体养生馆（瀚林华府店）,西乡塘区,鲁班路,4.6,背部净排+太乙松筋美肤套餐,68,8
大周造型,西乡塘区,广西大学,5.0,单人生活妆,29.9,7
生命密码美容美发（高新店）,西乡塘区,高新区,5.0,单人水护理焕颜,88.8,7
秀语养发坊,西乡塘区,高新区,4.9,单人芦荟洗脸美白补水护理套餐,15,7
涵曦瘦身瘦脸体验店（高新店）,西乡塘区,高新区,4.0,单人瘦肚子+瘦腰套餐,29.9,7
炫甲美阁（广西大学店）,西乡塘区,广西大学,5.0,单人OPT温和脱手毛/腿毛/腋毛,88,6
沐沐美容美甲（鲁班路东凯店）,西乡塘区,鲁班路,5.0,单人背部经络推油套餐,49,6
墨尅甲屋-韩国皮肤管理中心,西乡塘区,西乡塘区,4.9,韩国小气泡深层清洁管理,88,6
甲妆可爱美甲店,西乡塘区,广西大学,5.0,面部护理,48,6
薇样美养生馆,西乡塘区,北湖,4.0,面部补水单人套餐,59.9,6
玉肤媛美容美体生活馆,西乡塘区,高新区,4.4,肝胆排湿+胸部疏通+魔灸单人套餐,98,6
MU木兮美颜工作室,西乡塘区,明秀路,4.4,单人韩式眼线,568,5
夏目美甲（时代天骄店）,西乡塘区,广西大学,5.0,单人OPT温和脱毛4选1套餐,118,5
珈黛痘敏斑调肤中心,西乡塘区,鲁班路,5.0,排废清肌组合,98,5
鑫鑫纳米汗蒸馆,西乡塘区,明秀路,4.5,面部净排护理,29.9,4
百年吴越专业祛痘（明秀店）,西乡塘区,明秀路,5.0,单人祛黄褪黑,88,2
一族美容馆,西乡塘区,明秀路,4.2,单人小手臂无痛E.光脱.毛（包干）,880,2
漂亮宝贝（工业学院店灵路店）,西乡塘区,西乡塘区,4.3,单人韩式订制眉 魅瞳线 孕唇三选一,980,2
维丽美容美发养生馆,西乡塘区,安吉万达SOHO,4.7,欧尚坊香薰深度补水护理,68,1
有间养生馆,西乡塘区,西乡塘区,5.0,艾灸养生+子宫保养/肩颈护理2选1单人套餐,38,1
婵纤美容美体工作室,西乡塘区,广西大学,4.0,单人草本泡脚（约30分钟）,18,1
韩式汗蒸馆,西乡塘区,北湖,4.4,拔罐（单人）,30,0
smile形象设计工作室,西乡塘区,北湖,4.1,面部韩式护理套餐,168,1
护之妙美容美甲工作室,西乡塘区,西乡塘区,5.0,E光美容嫩肤单人套餐,88,1
彩韵美容美甲,西乡塘区,相思湖,4.5,面部超声洗脸单人套餐,48,1
梁子塑造形象会所,西乡塘区,明秀路,4.1,单人美瞳眼线,480,0
娜佳莉美甲工作室,西乡塘区,明秀路,5.0,定妆（眉、眼线选一项）单人套餐,680,0
楚侗洗发（北湖店）,西乡塘区,北湖,4.0,圣·博蜜思三重氧能面部活肤补水护理,58,0
多多妈共享工作室,西乡塘区,北湖,3.5,单人韩国小气泡深层清洁管理 去黑头白头油脂痘痘,158,0
冰影美甲会所,西乡塘区,西乡塘区,4.9,单人卵巢保养,65,0
纤至美·美甲,西乡塘区,广西大学,5.0,单人粉粉眉/魅力眼线2选1套餐,680,0
叁彩妆美容,西乡塘区,广西大学,4.6,韩式仿真3D超软单根嫁接睫毛,38.8,0
叮当工作室,西乡塘区,北湖,4.9,局部蜜蜡净肤脱,9.9,0
国壮保健,西乡塘区,明秀路,3.0,国壮精油开背+走罐,108,0
品尚造型,西乡塘区,友爱路,5.0,单人雾眉/美瞳线2选1套餐,699,0
尊贵美容美发会所,西乡塘区,北湖,4.4,沙宣烫染拉（三选一）,158,0
克丽缇娜（普罗旺斯店）,江南区,普罗旺斯,3.5,克丽缇娜水妍润泽单人焕美套餐,158,3088
信记盲人按摩,江南区,五一路,5.0,信记盲人按摩[复制],45,2567
智足轩养生会所（江南店）,江南区,五一路,3.8,智足轩养生泡浴推油（单人）,158,961
彼岸人生美容养生馆,江南区,普罗旺斯,5.0,彼岸人生美容养生馆单人扶正瘀滞通套组,19.9,536
尚未中医馆（江南馆）,江南区,淡村,5.0,单人拔罐,19,505
点赞美容养生会所,江南区,普罗旺斯,5.0,单人全身按摩,68,429
御尚养生堂,江南区,10+1商业大道,5.0,足浴系列-B（单人）：姜汁泡脚+肩颈按摩+足底按摩+足底火罐,58,429
好年华美容美体养生馆,江南区,普罗旺斯,5.0,肩颈背部疏通调理单人套餐,58,307
知行轩,江南区,香格里拉广场,4.8,中泰式按摩,68,295
云轩阁SPA养生馆,江南区,普罗旺斯,5.0,拔罐/刮痧,19.8,285
乐康盲人按摩院,江南区,普罗旺斯,4.6,中式按摩（单人）,55,280
好功夫修脚堂（凤江路店）,江南区,荣宝华,5.0,单人中式泡脚+修脚+按摩,39,281
爱尚休闲保健（亭洪路店）,江南区,10+1商业大道,3.5,养生套餐（单人）,106,273
自由女神美容SPA会所,江南区,香格里拉广场,5.0,自由女神美容套餐,39,268
美宝琪养生会所,江南区,普罗旺斯,5.0,纯中式熏蒸调理洗头单人套餐,35,257
诗丽堂美容院（锦绣店）,江南区,荣宝华,4.3,单人娇颜赋活面眼魅力源spa,68,238
雯丽美容会所,江南区,荣宝华,5.0,总统浴尊贵套餐 女士专享,39,234
姬莎保健（赛维亚保健）,江南区,五一路,5.0,波涛浓浓+娇口之哨（单人）,220,221
医媞娜（荣宝华店）,江南区,星光大道,4.3,医媞娜超级体验套餐,68,208
健龍湾养生会所,江南区,白沙大道,4.8,思梦养生（新店惠）,288,181
碧美养生馆汗蒸房,江南区,普罗旺斯,5.0,汗蒸+拔罐（单人）,48,157
名角女士护肤美体养生馆（江南香格里拉店）,江南区,香格里拉广场,5.0,青春肌蜜护理+背部净排单人套餐,48,146
蓝海岩磬养生会所,江南区,普罗旺斯,4.3,汗蒸送7项美容美体服务,49,145
海恋缘专业祛痘护肤中心,江南区,香格里拉广场,5.0,海恋缘专业清痘护理单人套餐,18.8,138
辣妈小屋（振宁花园店）,江南区,10+1商业大道,4.6,辣妈小屋护理4选1体验单人套餐,9.9,135
法国路易香浓国际spa养生馆,江南区,普罗旺斯,4.9,肩颈背部经络疏通调理单人套餐,19.8,125
蕴颜美靓丽小铺,江南区,淡村,4.9,深层排面部毒护理套餐,28,124
淳妍美容美体馆,江南区,五一路,3.7,面部补水护理,28,112
理想盲人按摩,江南区,荣宝华,4.2,按摩,45,110
依漫美容养生馆,江南区,普罗旺斯,5.0,面部护理单人2选1套餐,38,105
秀域古方减肥(梦之岛百货江南店),江南区,淡村,4.0,高科技生活美容单次体验课程,129,104
秀域科技美容（江南店）,江南区,荣宝华,4.0,高科技生活美容单次体验课程,129,104
御美丽女子健康养生会所,江南区,五一路,4.8,美好的生活单人套餐,58,96
盲人按摩,江南区,10+1商业大道,4.8,中式按摩（单人）,40,94
御姿秀女子减肥院,江南区,星光大道,3.7,颈椎保养+芳香精油全身按摩,39,92
完美女人,江南区,荣宝华,4.0,完美体验套餐,58,90
姿曼美容美体养生馆,江南区,普罗旺斯,5.0,单人面部护理、身体护理,32.9,89
鼎乐养生会所,江南区,10+1商业大道,4.3,经典桶浴（单人）,168,88
颐源养生馆,江南区,普罗旺斯,5.0,养生套餐（单人）,58,85
纤美源（锦绣江南店）,江南区,荣宝华,5.0,美丽体验单人套餐,48,82
星光养生会所,江南区,荣宝华,4.1,经典桶浴推油,108,80
蕴颜美靓丽小铺,江南区,荣宝华,4.4,补水护理/祛黑头螨虫2选1,38,72
美益天中医养生会所,江南区,荣宝华,4.9,草本浴足,50,70
天福养生馆,江南区,五一路,4.4,足浴,48,67
清之然美容养生馆,江南区,五一路,5.0,单人拔罐,30,67
雪语美容美体中心,江南区,荣宝华,5.0,胸部疏通丰盈护理单人套餐,30,61
涵雅美容美体生活馆,江南区,荣宝华,5.0,特色蜂疗祛湿排寒护理2次套餐,29.9,59
纤丝语专业减肥（翠湖新城店）,江南区,五一路,5.0,背部舒压套餐,48,50
纤丝语专业减肥（香格里拉店）,江南区,香格里拉广场,4.7,背部舒压套餐,48,50
纤姿日化美容美体养生馆,江南区,五一路,5.0,单人面部补水护理,29,50
南宁嘉诚益民门诊,江南区,淡村,4.8,颈部按摩（单人）,50,45
胜康盲人按摩,江南区,淡村,4.7,中式按摩（单人）,39.9,42
芳妍国际女子美容美体馆,江南区,五一路,4.0,超级特惠套餐,78,41
百莲凯美容美体连锁机构,江南区,普罗旺斯,5.0,肩颈调理spa护理套餐,19.8,43
清丽佳人美容店,江南区,10+1商业大道,5.0,面部护理单人套餐,28,39
沁润养生馆,江南区,江南区,5.0,全身按摩（单人）(送汗蒸1次）,60,38
巴黎美容馆,江南区,普罗旺斯,4.1,汗蒸9.9元,9.9,30
淑播仑国际美容瘦身中心（普罗旺斯店）,江南区,普罗旺斯,4.3,塑身/护肤/肩颈3选1单人护理,18,29
家园生活体验馆,江南区,普罗旺斯,4.4,采耳/耳烛+耳部经络疏通+头部按摩+家园养生茶单人套餐,48.8,28
凤凰女子专业美容会所,江南区,五一路,5.0,面部基础单人套餐,29.9,27
酸碱平理疗养生馆,江南区,荣宝华,3.9,DDS肩颈调理单人套餐,98,27
品味女人,江南区,普罗旺斯,4.0,闺蜜定制护理套餐,38,26
思佳汇美美容养生馆,江南区,五一路,3.5,皇室V脸面部提升+拨筋+肩背疏通+艾灸单人套餐,38,25
香伽瑜伽会馆,江南区,香格里拉广场,3.9,肩颈调理2次,39.9,21
焕颜美容美体工作室,江南区,淡村,4.0,韩式三层清洁套餐,29,20
秀美美容美体spa,江南区,普罗旺斯,4.1,面部护理天然芦荟SPA单人套餐2选1,38,19
美尚型美容养生生活馆,江南区,普罗旺斯,4.4,面部护理,39.9,19
纤后减肥美容养生会所（南宁店）,江南区,荣宝华,4.6,单人一次全身淋巴排SPA,168,19
恒之益按摩保健馆,江南区,荣宝华,4.5,足浴（60分钟）,58,17
乐美减肥美容,江南区,白沙大道,4.3,单人面部，乳腺，腹部护理套餐,49,15
金丽康保健会所,江南区,荣宝华,3.9,养生浴（单人）,258,14
钻石女人坊美容养生馆,江南区,荣宝华,4.9,背部/胸部/卵巢保养3选1,38,13
艾丽妃美容养生馆,江南区,星光大道,4.6,单人面部拔筋（或刮痧）醒肤养颜套餐,39,12
鑫鑫纳米汗蒸美容养生馆（富宁店）,江南区,五一路,4.8,背部经络推油（50分钟）,68,12
W美甲美容吧,江南区,淡村,5.0,单人精致面部水护理套餐,28.8,11
思婷美颜馆,江南区,五一路,5.0,体验拔火罐,28,10
香港蓝影湾spa（香港蓝影湾（淡村店））,江南区,淡村,3.0,三大皇牌项目,39.9,8
IDS烫染接发潮牌店,江南区,江南区,4.3,单人洗剪吹,10,8
渼渼美甲店,江南区,荣宝华,5.0,单人品牌玻妃面部水护理,19.9,6
羽蒙饰睫汇,江南区,普罗旺斯,5.0,精致修眉+眉形设计单人套餐,9.9,5
佐伊贝蒂美甲中心,江南区,香格里拉广场,4.8,特价面部水疗体验套餐,38,4
绣妆纹艺美容机构,江南区,普罗旺斯,5.0,单人精油开背,88,4
晞瑕东方美容美体生活馆,江南区,五一路,3.9,特色肩颈护理＋美胸增生护理单人豪华套餐,98,3
纤姿蜜女子减肥养生院,江南区,五一路,4.6,纤体汗蒸单人套餐,38,3
华府丽人生活馆,江南区,江南区,5.0,经络疏通/卵巢保养/胸部乳腺疏通3选1单人套餐,88,2
雨芳女人能量美容馆,江南区,荣宝华,3.9,护理套餐,49,2
本色形象管理工作室,江南区,江南区,5.0,温和脱体毛3选1单人体验套餐,39.9,1
正源理疗,江南区,荣宝华,4.4,艾灸套餐（单人）,28,1
华诗羽美容纹绣,江南区,星光大道,4.6,光谱嫩肤单人套餐,99,1
杨筱生活美容馆,江南区,淡村,4.1,店庆汗蒸单人年卡（38次）,300,0
御丽丰美容汗蒸馆（普罗旺斯店）,江南区,普罗旺斯,4.4,肩颈护理,68,0
娇贵人美容养生馆,江南区,10+1商业大道,4.5,芭比卷翘美睫嫁接单人套餐,38,0
蕾特恩专业祛痘（五一路店）,江南区,五一路,4.6,单人深层美白补水套餐,19,0
sanying美甲（普罗旺斯店）,江南区,普罗旺斯,4.1,永·久性腋窝脱·毛,500,0
康辉足浴,良庆区,大沙田,5.0,冷与热的桶浴推油（单人）,128,369
凯越国际大酒店春辉养生保健会所,良庆区,大沙田,4.5,精油保健套餐,138,212
纤之媚,良庆区,良庆区,4.9,超值美容体验单人套餐,38,182
仙仙安然纳米汗蒸馆,良庆区,大沙田,5.0,单人刮痧/拔罐,38,160
东之美美容养生馆,良庆区,大沙田,4.9,佳丽华城面部精致护理,58,143
如花似玉美容养生馆,良庆区,大沙田,4.3,面部补水套餐二选一,19.8,79
草本养颜奥美斯美容中心（瑞和店）,良庆区,良庆区,5.0,超值面部体验单人套餐,38,74
古玄堂专业祛痘祛斑,良庆区,大沙田,5.0,专业清痘单人套餐,28.8,74
乐健盲人按摩院,良庆区,大沙田,5.0,中式按摩/足浴2选1,39.8,58
金御港湾养生馆,良庆区,大沙田,3.9,中泰式按摩（单人）,78,47
龙香尔养生馆,良庆区,大沙田,4.8,康龙推油（70）分钟,138,39
唯妮熹生活美容堂,良庆区,大沙田,3.7,美容养生超值多选套餐,69.9,24
清平乐美容养生馆,良庆区,大沙田,4.8,面部经络深层拨筋单人套餐,38,14
兰黛专业纤体美容中心,良庆区,良庆区,4.6,面部护理套餐,38,8
一绣倾城,良庆区,良庆区,4.9,脸型设计眉形+修眉单人套餐,9.9,5
香爵瑜伽生活馆,良庆区,良庆区,3.5,单人身体疏通项目,28.8,1
完美瑜伽,良庆区,大沙田,4.0,奇罐纤体单人套餐,28,0
古道美容汗蒸,武鸣区,武鸣,4.2,超值汗蒸,16.5,1173
爱莱按摩,武鸣区,武鸣,5.0,按摩推拿（单人）,40,263
大太太美容生活馆,武鸣区,风雨桥,5.0,单人背部保养+面部补水,88,20
