﻿商家,区域,商圈,星级,服务,价格,销量
壹品足道（华福店）,鼓楼区,五一广场/古田路,5.0,单人开背套餐,149,1912
abc休闲会所,鼓楼区,东街口/三坊七巷,4.2,ABC休闲会所单人韩式优指,219,1847
御尚阳光,鼓楼区,鼓楼区,5.0,单人花香养生,238,1660
泰自然（金龙店）,鼓楼区,温泉公园/福州广场,5.0,单人泰式精油套餐,169,1605
医健源推拿馆,鼓楼区,东街口/三坊七巷,5.0,单人全身推拿,69,1375
树汤盲人推拿,鼓楼区,温泉公园/福州广场,5.0,单人盲人推拿,47.9,1190
澜湖世纪温泉会所,鼓楼区,乌山/冠亚广场,5.0,中式超值2选1套餐,249,993
御品会养生会所,鼓楼区,鼓楼区,5.0,单人足浴/推拿2选1,99,967
平凡中式推拿,鼓楼区,省体/湖前,5.0,单人足浴/推拿2选1,48,863
海悦会养生会所,鼓楼区,黎明/小柳市场,5.0,【特惠套餐】单人精油开背+拔罐/刮痧/采耳 3选1,168,854
福榕盲人推拿中心,鼓楼区,东街口/三坊七巷,5.0,推拿/足按/刮痧【3选1】,48,745
法国安杰玛SPA会所（衣锦华庭店）,鼓楼区,东街口/三坊七巷,3.5,单人护理套餐4选1,198,553
安然纳米汗蒸馆（三坊七巷店）,鼓楼区,东街口/三坊七巷,5.0,背部养生套餐,98,552
安然宝贝汗蒸馆（旗舰店）,鼓楼区,鼓楼区,5.0,安然宝贝单人体验汗蒸,18,509
石兴凯减肥/美容/美体/养生（福州分院）,鼓楼区,东街口/三坊七巷,4.6,单人石兴凯中式经络套餐,98,477
爱心盲人推拿,鼓楼区,温泉公园/福州广场,5.0,单人套餐3选1,69.8,466
一冠养生,鼓楼区,五四路,5.0,单人五行拔罐/刮痧2选1,9.9,463
可诺丹婷美容院（东百店）,鼓楼区,东街口/三坊七巷,3.6,可诺丹婷美颜美体连锁特惠丽人套餐,38,390
可诺丹婷美容院（新天地店）,鼓楼区,五四路,3.6,可诺丹婷美颜美体连锁特惠丽人套餐,38,390
可诺丹婷美容院（银湖店）,鼓楼区,左海/西湖公园,3.6,可诺丹婷美颜美体连锁特惠丽人套餐,38,390
可诺丹婷美容院（国棉店）,鼓楼区,省体/湖前,3.6,可诺丹婷美颜美体连锁特惠丽人套餐,38,390
思妍丽(大洋晶典冠亚店),鼓楼区,乌山/冠亚广场,4.2,原花香水润升级DR Bio多肽护理,288,390
可诺丹婷美容院（六一店）,鼓楼区,鼓楼区,3.6,可诺丹婷美颜美体连锁特惠丽人套餐,38,390
万利泉SPA水疗会所,鼓楼区,鼓屏路/屏山公园,4.8,双人万利泉SPA套餐,298,371
伊芙世家尊品时尚spa会所（东百会所）,鼓楼区,东街口/三坊七巷,4.9,单人肽水润面部补水保湿护理套餐1次,258,363
伊芙世家尊品时尚spa会所（湖东会所）,鼓楼区,鼓楼区,4.4,单人肽水润面部补水保湿护理套餐1次,258,363
伊芙世家尊品时尚spa会所（宫廷会所）,鼓楼区,东街口/三坊七巷,4.8,单人肽水润面部补水保湿护理套餐1次,258,363
葛姐足浴推拿中心,鼓楼区,东街口/三坊七巷,5.0,单人足浴推拿套餐,75,358
领秀Spa美甲,鼓楼区,鼓楼区,5.0,单人时尚美甲套餐,38,355
东方美美容院（华林会所）,鼓楼区,五四路,4.5,单人美容套餐,108,349
东方美美容院（西湖会所店）,鼓楼区,左海/西湖公园,5.0,单人美容套餐,108,349
东方美美容院（东街会所）,鼓楼区,东街口/三坊七巷,4.1,单人美容套餐,108,349
东方美美容院(正大广场店),鼓楼区,五一广场/古田路,4.6,单人美容套餐,108,349
亲亲冰点皮肤管理中心（帝豪店）,鼓楼区,温泉公园/福州广场,5.0,单人腋下脱·毛/唇部脱·毛2选1,39,346
蒸灸堂经络推拿,鼓楼区,东街口/三坊七巷,5.0,单人正骨推拿,46,310
华夏足道（鼓东店）,鼓楼区,东街口/三坊七巷,5.0,单人开背+足浴套餐,148,251
肤之净专业祛斑,鼓楼区,五一广场/古田路,5.0,黑脸娃娃,59.9,246
金乐福足浴推拿（达明路店）,鼓楼区,东街口/三坊七巷,4.8,乐福推拿/足按2选1,68,238
8号温泉汤池,鼓楼区,铜盘路/软件园,4.7,单人澳8温泉养生SPA,298,220
刘烽盲人中医推拿,鼓楼区,五一广场/古田路,5.0,足按、推拿套餐,48,181
静美甲,鼓楼区,省立/旗汛口,5.0,单人光疗套餐,70,116
伊芙世家尊品爱美尔会所（爱美尔）,鼓楼区,鼓楼区,5.0,盛夏专场优惠脱毛腋毛包干套餐,98,117
台湾舒筋堂理疗馆,鼓楼区,省立/旗汛口,5.0,单人拔罐刮痧二选一,38,110
芭缇薇儿,鼓楼区,五一广场/古田路,5.0,单人养生护理套餐,128,110
秀域科技美容（洪山桥店）,鼓楼区,金牛山/洪山桥,4.0,高科技生活美容单次体验课程,129,103
秀域科技美容（米罗）,鼓楼区,省体/湖前,4.4,高科技生活美容单次体验课程,129,103
秀域科技美容（华城店）,鼓楼区,鼓楼区,4.0,高科技生活美容单次体验课程,129,103
秀域古方减肥（大儒店）,鼓楼区,金牛山/洪山桥,4.0,高科技生活美容单次体验课程,129,103
秀域科技美容（庆城店）,鼓楼区,省体/湖前,4.0,高科技生活美容单次体验课程,129,103
秀域科技美容（铜盘店）,鼓楼区,铜盘路/软件园,4.0,高科技生活美容单次体验课程,129,103
钦点养生足浴,鼓楼区,东街口/三坊七巷,4.2,钦点养生足浴,42,100
婕妤女子生活美容馆,鼓楼区,五四路,4.3,单人千方热能温宫泥灸/肩颈热能舒畅泥灸二选一,25,100
静水宁心瑜伽spa,鼓楼区,铜盘路/软件园,4.2,单人瑜伽课体验2次,29.9,99
益生园中医经络推拿,鼓楼区,东街口/三坊七巷,5.0,单人精油推背+刮痧/火罐套餐,108,90
伊莱美芙美容会所（鼓楼店）,鼓楼区,铜盘路/软件园,4.2,福州伊莱美芙美容会所美容单人套餐,78,84
MC生活美学mini馆,鼓楼区,鼓楼区,5.0,韩式小气泡深层清洁护理套餐,88,76
吴氏中医盲人推拿,鼓楼区,东街口/三坊七巷,4.0,单人经络穴位推拿+足浴,88,75
吴氏中医盲人推拿足浴中心,鼓楼区,省立/旗汛口,5.0,单人经络穴位推拿+足浴,88,75
郑远元专业修脚房（省府店）,鼓楼区,东街口/三坊七巷,4.7,单人艾草泡脚,54,74
苗老祖专业祛痘（鼓楼店）,鼓楼区,省立/旗汛口,4.0,单人面部清洁护理套餐,32,73
自然园美容会所,鼓楼区,鼓楼区,4.2,单人自然园肩颈经络护理一次,48,41
不老神话,鼓楼区,铜盘路/软件园,5.0,补水+生态球套餐,68,39
美肤馆,鼓楼区,省体/湖前,4.9,单人芳香开背+刮痧+拔罐套餐,69.9,37
康宁松筋养生馆,鼓楼区,津泰路/协和医院,4.4,单人拔罐,50,36
康容堂脸部健康中心（杨桥店）,鼓楼区,东街口/三坊七巷,5.0,单人单次：韩式光子淡斑套餐,120,33
木可家生活馆,鼓楼区,东街口/三坊七巷,4.8,单人养发护理套餐,49.8,33
康容堂脸部健康中心（福州康容堂东街口店）,鼓楼区,东街口/三坊七巷,5.0,单人单次：韩式光子淡斑套餐,120,33
紫罗兰美容美体SPA,鼓楼区,省体/湖前,4.0,单人美容美体SPA,208,29
莎菲琳美容养生会所,鼓楼区,省体/湖前,4.9,菲丝六部传奇护理套餐,68,28
舒雅,鼓楼区,左海/西湖公园,3.7,单人嫁接睫毛套餐,36,28
唯美至尊生活馆,鼓楼区,五四路,4.2,面部护理单人套餐,19,25
LNOPI美玲娜美甲半永久定妆私人定制,鼓楼区,东街口/三坊七巷,4.4,十二正经经络疏通肩颈+背部,88,23
伊雅美容瘦身会所,鼓楼区,省立/旗汛口,4.5,单人美人计套餐6选4,88,23
魁元堂,鼓楼区,五四路,4.2,经络油推,88,22
一笑堂足按推拿,鼓楼区,省体/湖前,3.9,单人保健足按1次,55,21
牧朗中医理疗养生馆,鼓楼区,铜盘路/软件园,4.5,保健刮痧拔罐基础调理套餐,88,18
中艾堂中医健康养生馆,鼓楼区,温泉公园/福州广场,4.5,经络推拿,98,18
御容坊美容院,鼓楼区,左海/西湖公园,4.1,肩颈五行经络调理,38,18
经络康调理养护中心,鼓楼区,金牛山/洪山桥,4.3,单人拔罐,19.9,18
陈氏中医理疗馆,鼓楼区,金牛山/洪山桥,4.7,单人推拿+艾灸+拔罐,108,17
少林正骨堂,鼓楼区,左海/西湖公园,4.0,单人禅功推拿,89,17
玫瑰女人美容生活馆,鼓楼区,东街口/三坊七巷,4.2,单人尊贵面部套餐,98,17
LE CYGNE天鹅童话（金源店）,鼓楼区,温泉公园/福州广场,3.5,面部补水亮肤护理+身体舒缓护理综合精选套餐,128,16
莎菲琳名媛美容养生会所,鼓楼区,津泰路/协和医院,5.0,安然纳米汗蒸,38,16
LE CYGNE天鹅童话（五一店）,鼓楼区,五一广场/古田路,3.5,面部补水亮肤护理+身体舒缓护理综合精选套餐,128,16
韩美,鼓楼区,乌山西路,5.0,单人嘿脸娃娃美白套餐,199,15
小灯塔盲人康复按摩,鼓楼区,鼓楼区,4.8,精油开背,83,13
悦美皮肤管理中心,鼓楼区,鼓楼区,5.0,单人超值体验深层清洁补水管理,58,13
美汇养身会所,鼓楼区,东街口/三坊七巷,5.0,肩颈护理2次+太极神灸2次,58,13
S T思婷美颜美体私人定制,鼓楼区,五一广场/古田路,5.0,面部美白、补水、,68,12
珊瑚湾生活馆,鼓楼区,温泉公园/福州广场,4.1,单人面部护理套餐2选1,68,12
丝域之星健康生活馆,鼓楼区,五四路,4.2,单人拔罐套餐,25,11
澜馨养生会所,鼓楼区,五四路,4.5,单人面部清洁1次,38,10
焕颜专业祛痘,鼓楼区,蒙古营,5.0,单人男士面部清油补水护理1次,35,10
珈蔓柏纹眉绣眉美睫培训机构（鼓楼第1号店）,鼓楼区,蒙古营,5.0,单人提拉紧致皱套餐,980,9
伊人美美容美甲,鼓楼区,鼓楼区,4.7,单人护理养生套餐4选2,68,9
好再来盲人推拿,鼓楼区,左海/西湖公园,4.2,单人刮痧拔罐套餐,55,9
蓝丝美人健康生活馆,鼓楼区,省立/旗汛口,4.6,单人面部护理,38,8
荟一私属抗衰中心,鼓楼区,鼓楼区,3.5,单人碧波庭美容养生套餐5选1,68,7
CC.美体美甲工作室,鼓楼区,五四路,5.0,单人蜜蜡净毛体验套餐,88,6
瑶芳专业祛痘（五一北路店）,鼓楼区,蒙古营,5.0,单人面部补水1次,5.88,6
芊指绣美甲（西洪路店）,鼓楼区,东街口/三坊七巷,5.0,单人打耳洞1次,9.9,6
芬妮美容美体养生馆,鼓楼区,左海/西湖公园,4.1,芬妮美容38美容套餐,38,5
闽台养生馆,鼓楼区,鼓楼区,5.0,单人香薰养生SPA,338,5
爱不饰手,鼓楼区,五一广场/古田路,5.0,面部深层护理,68,4
涵曦瘦身瘦脸体验馆,鼓楼区,乌山/冠亚广场,3.0,单人脸部微雕/脸部婴儿肌2次体验套餐二选一,88,3
悦美人美容美体,鼓楼区,东街口/三坊七巷,4.5,单人美容套餐,38,3
伊米私人容貌管理工作室,鼓楼区,黎明/小柳市场,3.8,单人嫁接睫毛,10,3
梵语瑜伽会所,鼓楼区,鼓楼区,4.1,单人面部护理,48,3
唯臻阁,鼓楼区,五四路,4.0,单人韩式面部瓷肌护理,89,3
Face score高颜值妆容管理,鼓楼区,乌山/冠亚广场,4.0,单人韩式水晶裸妆,28,2
叁水美学连锁学院,鼓楼区,温泉公园/福州广场,4.5,单人蜜蜡净毛体验,58,2
珠玛瑜伽,鼓楼区,蒙古营,4.9,单人艾灸体验,5,2
水贵人美容美甲,鼓楼区,津泰路/协和医院,4.5,单人面部排螨套餐,68,2
VIVISPA 薇薇美,鼓楼区,省立/旗汛口,4.0,单人热力舒压芳疗护理,198,2
Pure skin 皮肤管理,鼓楼区,东街口/三坊七巷,3.5,单人面部水氧深层清洁管理套餐,180,2
悦美颜日式美甲美睫化妆店,鼓楼区,温泉公园/福州广场,4.0,生活精致化妆造型,98,2
创美韩式美甲美睫,鼓楼区,左海/西湖公园,4.7,单人精油开背,49,1
悦尚美养生美容SPA会所,鼓楼区,乌山西路,4.0,单人肩颈舒活3次体验,98,1
海峡整形美容医院,鼓楼区,左海/西湖公园,4.2,激光点痣套餐,50,1
美丽蜕变,鼓楼区,东街口/三坊七巷,4.5,手臂温和净肤包干套餐,1280,0
壹发（东街店）,鼓楼区,省立/旗汛口,5.0,美容超值体验套餐2选1,198,0
曼妃美容养生SPA会所,鼓楼区,黎明/小柳市场,3.8,汗蒸单人套餐,19.8,0
爱尚纹绣持久美妆高端私人定制会馆,鼓楼区,乌山/冠亚广场,4.1,单人水雾·眉/美·瞳线/水晶润·唇3选1套餐,888,0
人人知盲人推拿,鼓楼区,省体/湖前,4.5,综合调理套餐,110,0
云水禅心瑜伽会所,鼓楼区,鼓楼区,5.0,单人瑜伽护理1次,98,0
诗美妍美容美体养生SPA头疗（融侨锦江店）,鼓楼区,西禅寺,4.2,十四经络健康单人养护1次,69,0
领秀spa美容,鼓楼区,省立/旗汛口,4.2,单人局部瘦身套餐,138,0
世纪悠然,鼓楼区,五四路,3.9,单人减·肥,19.9,0
FASHION纹绣韩式半永久纹眉眼唇,鼓楼区,鼓楼区,5.0,单人净腋毛体验套餐,98,0
轩雅专业美容会所（台江万达店）,台江区,台江万达,4.9,单人冰点唇部/腋下净毛(包干)2选1,99,216
轩雅美容会所,台江区,宝龙城市广场,5.0,单人冰点唇部/腋下净毛(包干)2选1,99,216
诗静美,台江区,台江广场/元洪城,5.0,单人水漾舒缓套餐,38,194
点点滴滴婴幼儿游泳spa中心,台江区,台江万达,5.0,新生儿游泳体验套餐,10,189
米脂古法美疗,台江区,工业路/茶亭,4.8,单人精油开背,32.8,168
碧霞减肥美容养生会所,台江区,万象城,4.8,单人拔罐套餐,19.9,156
百媚千娇氧疗SPA馆（台江万达店）,台江区,台江万达,5.0,单人全身经络SPA套餐,68,150
可可休闲会所,台江区,宝龙城市广场,5.0,单人推拿1次,69.9,146
福康居休闲中心,台江区,台江广场/元洪城,3.7,福康居推拿足浴套餐,50,142
瑞倪维儿,台江区,宝龙城市广场,4.8,单人精油开背套餐,76,122
郑远元专业修脚房（交通西路店）,台江区,万象城,4.0,郑远元单人舒克脚腾片,50,119
郑远元专业修脚房（河下街店）,台江区,帮洲新区/三保园,4.5,郑远元单人舒克脚腾片,50,119
郑远元专业修脚房（学军路店）,台江区,时代名城/文化宫,4.0,郑远元单人舒克脚腾片,50,119
郑远元专业修脚房（群众路店）,台江区,工业路/茶亭,4.0,郑远元单人舒克脚腾片,50,119
郑远元修脚店（金屏巷店）,台江区,大利嘉/汽车南站,4.0,郑远元单人舒克脚腾片,50,119
郑远元专业修脚房（红庆路店）,台江区,工业路/茶亭,3.0,郑远元单人舒克脚腾片,50,119
郑远元专业修脚（西洋店）,台江区,工业路/茶亭,3.5,郑远元单人舒克脚腾片,50,119
郑远元专业修脚房（老药洲店）,台江区,台江广场/元洪城,4.0,郑远元单人舒克脚腾片,50,119
悦容堂,台江区,工业路/茶亭,5.0,单人美容美体养生套餐,69.9,115
nice奈斯化妆纹绣(宝龙城市广场店),台江区,宝龙城市广场,5.0,单人精致妆容套餐,38,111
秀域科技美容（茶亭店）,台江区,工业路/茶亭,4.0,高科技生活美容单次体验课程,129,103
秀域科技美容（宝龙店）,台江区,宝龙城市广场,4.0,高科技生活美容单次体验课程,129,103
秀域科技美容（海润滨江店）,台江区,台江万达,4.0,高科技生活美容单次体验课程,129,103
清华美疗工作室,台江区,宝龙城市广场,5.0,单人拔火罐套餐,9.9,95
风彩伊人瘦身馆,台江区,宝龙城市广场,5.0,单人刮痧/拔罐/汗蒸/艾灸4选1套餐,9.9,81
福建玫瑰谷美容养生会所（金融街万达店）,台江区,台江万达,5.0,单人精油开背,68,80
佳缘健康馆（茶亭店）,台江区,工业路/茶亭,5.0,单人中式推拿/足按2选1,128,81
Miss Charming半永久美颜定制,台江区,国货路/群升国际,5.0,单人点痣一次,1,74
昌鑫推拿足疗,台江区,工业路/茶亭,4.7,单人推拿足疗,33,71
美姿城美容养生会所（台江万达店）,台江区,台江万达,5.0,单人肩颈通络调理套餐,68,65
美姿城美容养生会所（百合店）,台江区,万象城,4.9,单人肩颈通络调理套餐,68,65
美姿城美容养生连锁机构（中央第五街会所）,台江区,万象城,4.6,单人肩颈通络调理套餐,68,65
艾拉Ella,台江区,国货路/群升国际,4.6,单人精油开背+无烟艾灸+经络疏通+拔罐+刮痧,98,62
U·Mei皮肤管理中心,台江区,万象城,5.0,脸、背部小气泡深层清洁(美白/补水/舒敏/祛痘/防老化可选),128,61
纤姿美体生活馆,台江区,国货路/群升国际,4.2,单人精油开背,38,59
善美抗衰美容SPA会所（台江店）,台江区,大利嘉/汽车南站,3.9,单人善美美容套餐,58,58
纤纤秀经络瘦身,台江区,国货路/群升国际,3.8,单人尊宠窈窕变身套餐,48,55
爱美化妆品（中亭店）,台江区,工业路/茶亭,5.0,妆容设计套餐,9.9,50
祥康盲人按摩,台江区,台江区,4.8,单人按摩/足按2选1,45,48
南宫足浴会所,台江区,大利嘉/汽车南站,3.8,精油开背套餐,128,45
舒简城美容（皇家店）,台江区,中亭街,4.5,单人全身舒缓净排,168,45
豪绅温泉汤池,台江区,大利嘉/汽车南站,4.8,单人足按／指压2选1,198,43
花的嫁衣新娘跟妆工作室,台江区,万象城,4.8,单人新娘早妆（到店化妆）,119,42
妙手养生休闲会所,台江区,台江广场/元洪城,3.8,推拿足浴2选1,98,42
欣欣专业瘦身馆,台江区,时代名城/文化宫,5.0,单人精选瘦腿套餐,28.8,41
清秀佳人美容美体会馆,台江区,中亭街,4.1,单人汗蒸,9.9,39
众福盐蒸美容养生会所（海润滨江店）,台江区,台江万达,4.4,单人精油开背＋定罐＋艾灸,68,37
滴水缘养身会所,台江区,宝龙城市广场,5.0,单人精油开背,88,33
瑶芳祛痘（元洪城店）,台江区,台江广场/元洪城,4.5,单人深层祛黑头套餐,28,32
德善源,台江区,万象城,5.0,单人全脊椎调理,108,31
花颜工作室,台江区,苏宁广场,5.0,嘿脸娃娃美白嫩肤套餐（60分钟）,198,29
研多萃皮肤管理中心,台江区,大利嘉/汽车南站,5.0,皮肤管理超值5项体验卡,98,25
康佳来养生馆（武夷绿洲店）,台江区,台江万达,4.8,单人拔罐,30,22
唯曼尼瘦身塑型体验馆,台江区,宝龙城市广场,4.2,单人拔罐,15.8,21
丹娇美颜坊,台江区,帮洲新区/三保园,4.1,单人面部清洁+水疗,8.8,21
星辰名妆美女加工厂,台江区,大利嘉/汽车南站,5.0,单人星辰名妆面部sa p,68,20
纤寻瘦身美容会所,台江区,中亭街,5.0,眉形设计抵用券,28,18
仨人行美容养生会所,台江区,宝龙城市广场,3.7,单人艾灸/拔罐2选1体验1次,9.9,18
LE CYGNE天鹅童话（台江店）,台江区,台江万达,4.9,面部补水亮肤护理+身体舒缓护理综合精选套餐,128,19
幂2m2韩式高端美甲美睫半永久,台江区,台江万达,4.3,单人芊指嫩白手部护理,9.9,17
舒妍养生馆,台江区,苏宁广场,4.4,面部水润护理1次+精油开背2次,98,16
大美人美业连锁,台江区,中亭街,5.0,艾灸/刮痧/拔罐3选1,9.9,15
千叶堂祛痘美容,台江区,台江区,4.9,痘肌护理体验1次,38,15
Beautyshop 美丽小铺,台江区,台江万达,4.6,单人面部护理套餐,98,15
唯蜜,台江区,台江万达,4.7,单人魔灸开背+面部深层补水护理套餐,168,13
冻龄美人国际美容中心,台江区,中亭街,4.6,单人专业造型师眉型设计3选1,1,13
艾文美学中心,台江区,工业路/茶亭,4.4,韩式皮肤管理,238,11
美艺美甲,台江区,宝龙城市广场,4.7,单人前臂/小腿部脱·毛2选1,138,11
昕颖美容美甲美睫（海润滨江店）,台江区,台江万达,4.6,汗蒸,8.8,11
珈蔓柏纹眉绣眉发际线培训机构（宝龙店）,台江区,台江区,5.0,美白嫩肤净斑去黑头,398,10
ISHOW爱秀  高级私人形象定制,台江区,苏宁广场,4.3,单人单次水氧活肤、皮肤管理,128,9
悦尚养生公馆,台江区,工业路/茶亭,4.6,悦尚精品养生套餐,238,8
美伦推拿中心,台江区,帮洲新区/三保园,4.1,单人套餐4选1,48,7
方冠杨氏百草养颜堂,台江区,台江万达,4.5,单人拔罐套餐,19.9,7
美博城妙抒纹绣,台江区,台江广场/元洪城,3.5,单人拔罐/艾灸体验1次,28,7
莲悦美容美甲会所,台江区,台江万达,5.0,专业面部美白护理套餐,59,5
鹿过美甲（台江万达店）,台江区,台江万达,5.0,打耳洞,19.9,0
【Fashion Queen】美甲美睫半永久工作室,台江区,万象城,4.2,单人舞台装,168,0
大脚丫足浴,台江区,台江广场/元洪城,3.5,单人茶油开背+拔罐/刮痧（2选1）,60,0
金后美容连锁（江滨店）御颜尚宫,台江区,台江广场/元洪城,3.5,单人皇家香氛护理套餐,158,0
STYLE美甲（福四中店）,台江区,帮洲新区/三保园,4.6,单人蓝宝石嫩肤,388,0
筱玫瑰韩式定妆半永久,台江区,工业路/茶亭,4.6,韩式皮肤管理小气泡,78,0
意流纹绣纹身,台江区,中亭街,3.5,单人2*4厘米图案,99,0
榕树下美容美妆工作室,台江区,台江广场/元洪城,4.3,单人新娘专业跟妆试妆套餐,99,0
艾薇儿工作室（宝龙店）,台江区,宝龙城市广场,4.0,单人化妆一次,29.9,0
金后美容连锁（天华店）御颜尚宫,台江区,台江广场/元洪城,3.5,单人皇家香氛护理套餐,158,0
韩香美甲美睫半永久,台江区,工业路/茶亭,5.0,代金券,10,0
鹿过美甲（元洪城店）,台江区,台江广场/元洪城,5.0,打耳洞,19.9,0
Smile诗奈尔美甲韩式半永久私人定制,台江区,宝龙城市广场,5.0,单人脸部护理套餐,58,0
涵曦瘦身美容体验会所,台江区,台江广场/元洪城,3.5,单人汗蒸套餐,19.9,0
潘多拉美业,台江区,工业路/茶亭,5.0,暖宫保养,168,0
大千休闲会馆,晋安区,五里亭,5.0,单人白场足浴/中式推拿一节（2选1）,118,9357
水颐园养生会所,晋安区,世欧王庄,4.5,单人足浴/推拿2选1,98,7062
康之源养生馆（福新店）,晋安区,福新路,5.0,单人足浴/推拿2选1,130,5875
三都足道,晋安区,福新路,5.0,单人足浴/推拿2选1套餐,118,4657
康丽园高尚休闲会所,晋安区,五里亭,4.2,宫廷足浴/宫廷推拿 2选1,108,4389
鑫泉养生馆,晋安区,省图书馆/温泉路,5.0,足浴推拿2选1,98,4246
SUNNY纹眉绣眉纹绣韩式半永久（世欧王庄店）,晋安区,世欧王庄,5.0,眉眼唇抵用券,29,3456
天星园,晋安区,东区/鼓山,4.0,单人宫廷足浴/养生推拿2选1,108,3255
御尚名仕韩式养生,晋安区,福新路,5.0,单人韩式经典,258,3233
爱丁堡尊贵养生会所（福祥店）,晋安区,紫阳/象园,5.0,单人养生套餐,128,2962
福邑温泉养生馆,晋安区,福新路,5.0,足浴/推拿 二选一,133,2528
三兴风采温泉养生（五四北秀山店）,晋安区,五四北,5.0,单人足浴/推拿2选1套餐（开业钜惠）,118,1909
九九养生（华林路店）,晋安区,华林路/茶园,5.0,单人九九足浴/推拿二选一,169,1269
泰自然（温泉店）,晋安区,省图书馆/温泉路,5.0,单人泰式精油套餐,169,1226
水之梦养生会馆,晋安区,岳峰镇,5.0,单人精油开背1次,138,1139
优颖专业脱毛美容会所（王庄店）,晋安区,世欧王庄,5.0,单人腋下净毛包干套餐,88,770
优颖专业脱毛美容会所（五四北泰禾店）,晋安区,五四北,4.9,单人腋下净毛包干套餐,88,770
怡源轩养生健康保健会所,晋安区,晋安区,5.0,单人韩式养身,218,481
三沐推拿,晋安区,五四北,4.8,推拿套餐,68,464
名尚生活,晋安区,金鸡山公园,5.0,单人名尚足浴／推拿2选1,88,402
汇泽养生会所,晋安区,东二环泰禾广场,5.0,单人足浴/推拿2选1套餐,98,401
可诺丹婷美容院（温泉富贵店）,晋安区,省图书馆/温泉路,3.6,可诺丹婷美颜美体连锁特惠丽人套餐,38,390
可诺丹婷美颜美体（盛天店）,晋安区,东区/鼓山,3.6,可诺丹婷美颜美体连锁特惠丽人套餐,38,390
可诺丹婷美容院（福临店）,晋安区,世欧王庄,3.6,可诺丹婷美颜美体连锁特惠丽人套餐,38,390
可诺丹婷美容院（华林店）,晋安区,华林路/茶园,3.6,可诺丹婷美颜美体连锁特惠丽人套餐,38,390
可诺丹婷美容院（罗马店）,晋安区,华林路/茶园,3.9,可诺丹婷美颜美体连锁特惠丽人套餐,38,390
康生源足按推拿店,晋安区,世欧王庄,5.0,推拿套餐,62,377
伊芙世家尊品时尚spa会所（福新会所）,晋安区,福新路,4.9,单人肽水润面部补水保湿护理套餐1次,258,363
自在轩休闲会所,晋安区,东区/鼓山,5.0,单人轩式推拿,68,357
魅诗嘉丽美容中心,晋安区,东二环泰禾广场,4.0,单人美容套餐,108,349
亲亲冰点皮肤管理中心（世欧王庄店）,晋安区,世欧王庄,5.0,单人腋下脱·毛/唇部脱·毛2选1,39,346
爱儿乐婴幼儿spa水育乐园（五四北稻田店）,晋安区,五四北,5.0,开业体验套餐,39.9,258
泰和养生堂（东二环泰禾店）,晋安区,东二环泰禾广场,5.0,单人中式推拿,79,238
心动力足按推拿,晋安区,福飞路/新店,4.2,单人心动舒缓,238,237
BEAUTY美甲美睫Spa会所,晋安区,东二环泰禾广场,5.0,单人美甲套餐,58,232
7星官邸（王庄店）,晋安区,世欧王庄,5.0,单人足浴套餐,178,227
巴厘岛女子养生会所（文物大楼店）,晋安区,省图书馆/温泉路,3.4,健康美容单人套餐,113,217
巴厘岛女子养生会所（东水店）,晋安区,福新路,3.7,健康美容单人套餐,113,217
泰国轻松公司,晋安区,金鸡山公园,5.0,单人泰国古法按摩70分钟 泰国技师,228,213
白子美容纹绣,晋安区,东二环泰禾广场,5.0,单人背部舒缓+面部护理+五行碧玺罐护理特惠套餐,38,208
汇杰盲人中医推拿足浴（岳前路店）,晋安区,岳峰镇,5.0,单人推拿按摩套餐,44.8,108
秀域科技美容（康城店）,晋安区,福飞路/新店,4.0,高科技生活美容单次体验课程,129,103
乐仙居温泉,晋安区,省图书馆/温泉路,4.2,单人推拿/足浴2选1,138,94
徐妍社中药祛痣祛斑,晋安区,世欧王庄,4.9,单人普通“痣”“雀斑”“扁平疣”（三选一去除套餐）,30,89
零肌龄美容,晋安区,火车站,4.2,美容单人套餐,88,85
零肌龄,晋安区,华林路/茶园,4.0,美容单人套餐,88,85
御景汇健康会所,晋安区,五四北,5.0,单人特惠足疗按摩+精油开背套餐,155,81
RoSa洛莎美肤中心,晋安区,东二环泰禾广场,5.0,单人洛莎Triple Peeling肌底微晶焕肤套餐,198,76
悦girls皮肤管理中心,晋安区,东二环泰禾广场,5.0,单人小气泡皮肤深层清洁套餐,76,71
瑶芳专业祛痘（泰禾店）,晋安区,五四北,5.0,单人黑头清洁,19.8,71
爱儿乐婴童SPA水育乐园（东二环泰禾店）,晋安区,东二环泰禾广场,4.9,单人婴童游泳（中大池）,56,70
管氏金水桶休闲会所（长乐北路店）,晋安区,世欧王庄,4.2,单人养生足浴,125,72
小余头盲人中医推拿,晋安区,岳峰镇,3.8,推拿按摩套餐,45,66
百都会养生会所,晋安区,岳峰镇,4.2,单人韩式优指,209,64
纤美美体汗蒸养生馆,晋安区,东区/鼓山,4.9,单人汗蒸,23.8,61
九九红休闲养生会所,晋安区,紫阳/象园,4.0,单人精油开背套餐,169,59
小邓盲人推拿,晋安区,五里亭,4.8,单人刮痧拔罐套餐,48,56
窈窕淑女（双美店）,晋安区,岳峰镇,4.1,单人窈窕肩颈1次,139,53
窈窕淑女涣美纹绣店,晋安区,五四北,4.0,单人窈窕肩颈1次,139,53
爱美化妆品（福新店）,晋安区,福新路,3.5,妆容设计套餐,9.9,50
索菲毛囊皮肤管理会所,晋安区,东二环泰禾广场,5.0,小气泡清洁单次,98,26
love尚彩妆纹绣,晋安区,世欧王庄,5.0,单人化妆3选1,28,25
纤柔美容美体会所,晋安区,世欧王庄,4.6,单人背部精油调理套餐,128,23
榕城嘉人spa馆,晋安区,岳峰镇,4.1,单人乳房护理疏通套餐,98,22
金丽康术养理疗中心,晋安区,福新路,4.1,五行脊椎调理套餐,69,20
古熙美容美体养生SPA会所,晋安区,五里亭,5.0,单人全息经络玉石减法美容,38,20
A素颜韩国皮肤管理中心,晋安区,世欧王庄,5.0,单人气泡深层清洁,98,18
添姿养生减肥终点站,晋安区,华林路/茶园,5.0,单人背部调理塑型拔罐套餐,166,18
中威能量汗蒸养生馆,晋安区,福新路,5.0,单人拔罐/刮痧2选1,19.8,18
黛丝·DearS裸妆美体私人订制,晋安区,世欧王庄,4.4,单人2次面部微雕精选套餐,88,17
福道经络养生美容美体,晋安区,世欧王庄,4.6,精油开背,98,17
LE CYGNE天鹅童话（东二环泰禾店）,晋安区,东二环泰禾广场,3.5,面部补水亮肤护理+身体舒缓护理综合精选套餐,128,16
纤雅美容养生会所,晋安区,东区/鼓山,4.5,单人5S面部嫩肤水疗套餐,58,15
九九养生（火车北站店）,晋安区,火车站,3.7,单人九九推拿,139,15
"弦鱼半永久定妆,美甲私人定制",晋安区,晋安区,5.0,单人眉型设计,1,15
梦俪形象管理,晋安区,世欧王庄,5.0,单人韩国微雕祛黑头套餐,88,15
小麟美容养生工作室,晋安区,金鸡山公园,4.9,拔罐体验1次,25,15
玫瑰之约女子生活馆,晋安区,紫阳/象园,4.0,玫瑰之约面部冰疗套餐,29,14
佰妙能量养生会所,晋安区,五四北,4.9,背部／肠胃／胸部／肩颈保养4选2,99,14
阳光美界养生/spa,晋安区,东二环泰禾广场,4.5,单人面部深层补水扫螨面护套餐,98,14
喜源纤体管理中心,晋安区,五四北,4.2,单人喜源速造V字脸体验套餐,88,13
伊媚尔美颜美体,晋安区,东二环泰禾广场,5.0,单人三线淋巴净排套餐,118,13
康逸盲人推拿店,晋安区,华林路/茶园,3.5,推拿/足浴2选1套餐,50,12
UN体能康复工作室（世欧店）,晋安区,世欧王庄,4.0,单人腰颈肩护理课程,98,12
甄美美容美体纹绣美甲,晋安区,世欧王庄,5.0,单人3E补水护理＋背部经络疏通,88,12
漫影美妆皮肤管理中心,晋安区,东二环泰禾广场,5.0,小气泡深层清洁套餐,68,11
菲安珂.轻医美皮肤管理中心,晋安区,建材市场/茶会,4.6,单人润肌活氧深度水疗补水套餐,118,11
纤美Spa工作室,晋安区,世欧王庄,4.7,单人专业肩颈疏通,48.8,11
明日之鑫,晋安区,五四北,4.0,单人开背套餐,88,10
F.Z海伦纹绣韩式半永久纹眉眼唇,晋安区,晋安区,5.0,单人新娘出门妆一次,168,10
济方养生理疗馆,晋安区,东区/鼓山,4.2,单人瘦身套餐,29,10
z&y;私人订制,晋安区,晋安区,4.4,单人面部护理,38,9
依甸霖中韩半永久眉眼唇培训机构,晋安区,东二环泰禾广场,5.0,单人眼线体验套餐,188,9
梦莎美妆,晋安区,晋安区,4.3,单人眉形设计,3,9
大美人纹绣韩式半永久工作室,晋安区,晋安区,4.5,无痛穿耳,1,8
爱丽丝美颜工作室,晋安区,五四北,4.5,单人单次温和净某部位毛体验套餐,39,8
尚美私人订制,晋安区,金鸡山公园,4.7,单人日常生活妆套餐,29,7
爱在这里养生会所（钱隆首府店）,晋安区,世欧王庄,4.8,三伏灸套餐,88,7
齐馨盲人推拿,晋安区,晋安区,4.1,单人足浴/推拿2选1+刮痧+拔罐套餐,80,7
爱·瑜伽生活馆,晋安区,岳峰镇,4.1,单人速造V字脸体验套餐,38,5
莎菲琳名媛美容会所,晋安区,五四北,4.6,养生汗蒸套系,138,5
中医美容美体养生,晋安区,岳峰镇,3.8,单人艾灸养身1次,38,5
月密达私人定制韩式半永久,晋安区,东二环泰禾广场,5.0,单人美容形象指导套餐,28,4
ame'爱美（家乐福店）,晋安区,福新路,4.9,生活妆单次,5,4
慕名美容美甲纹绣,晋安区,东区/鼓山,4.3,单人美容超值体验套餐,118,4
金帝商务酒店休闲中心,晋安区,金鸡山公园,3.8,单人足按/中式推拿/擦背3选1,48,4
花皇美容中心,晋安区,省图书馆/温泉路,3.5,单人超值美容套餐,68,4
尼欧美甲半永久定妆,晋安区,东二环泰禾广场,3.0,单人貂绒毛美睫一次,268,3
美雅护肤美甲半永久,晋安区,东二环泰禾广场,5.0,净肤去螨护肤,98,3
Anny纹绣美甲美睫,晋安区,晋安区,4.6,单人刮痧/拔罐二选一,18,3
栢荷婚尚造型,晋安区,世欧王庄,4.0,单人盘发,28,1
B&Y;高级私人形象管理,晋安区,世欧王庄,3.5,皮肤管理一次,128,1
STYLE美甲（鹤林店）,晋安区,晋安区,5.0,单人蓝宝石嫩肤,388,0
JL新加坡国际半永久美业会所,晋安区,建材市场/茶会,4.6,单人皮肤深层补水＋耳烛淋巴护理,68,0
寇氏瘦身养生馆（金辉东景店）,晋安区,东区/鼓山,4.0,寇氏养生馆养生纤体套餐,69,0
贝颜美容连锁中心（晋安店）,晋安区,建材市场/茶会,3.5,单人单次基础清洁加MTS护理,98,0
紫花国际瘦身连锁,晋安区,晋安区,4.4,单人拔罐,28,0
如梦专业修脚房（岳前店）,晋安区,岳峰镇,3.5,中式精油按脚套餐,39.9,0
小蚊子形象管理,晋安区,五四北,4.7,单人美肤超值套餐,689,0
申由名媛美甲纹绣美容店,晋安区,五四北,5.0,单人MTS皮肤管理,380,0
世龙世家手足健康护理连锁（仓山区卢滨路店）,仓山区,榕城广场/金山公交站,4.4,泡脚足浴+修脚护理单人套餐,9.9,26906
大拇哥CEO,仓山区,白湖亭,5.0,单人中式推拿,98,6336
康之源养生馆,仓山区,榕城广场/金山公交站,5.0,单人足浴推拿2选1,125,4031
大拇哥保健家园（戴斯店）,仓山区,学生街,5.0,单人中式推拿,98,2564
清颜堂专业祛痘连锁机构（仓山万达店）,仓山区,仓山万达广场,5.0,单人健康清痘护理2次体验套餐,10,2419
指中道|专业理疗馆（万达理疗店）,仓山区,仓山万达广场,5.0,单人颈肩腰背推拿套餐,113,1941
海之澜,仓山区,榕城广场/金山公交站,4.4,单人足浴/推拿2选1,68,993
优颖专业脱毛美容会所（点金财富中心店）,仓山区,红星爱琴海广场,5.0,单人腋下净毛包干套餐,88,770
天悦会温泉SPA,仓山区,榕城广场/金山公交站,4.8,单人套餐,228,675
蕾特恩专业祛痘国际连锁（师大店）,仓山区,学生街,5.0,面部祛痘特惠护理单人套餐,1,630
悠境主题养生馆Um SPA,仓山区,红星爱琴海广场,5.0,观影足疗套餐,138,476
金手指,仓山区,红坊海峡创意产业园,4.8,单人足按/推拿2选1,58,425
可诺丹婷美容院（仓山万达店）,仓山区,仓山万达广场,3.6,可诺丹婷美颜美体连锁特惠丽人套餐,38,390
月密达纹绣韩式半永久（仓山万达店）,仓山区,仓山万达广场,5.0,美容形象指导套餐,28,252
玉石理疗馆,仓山区,福湾新城/湾边,5.0,5人汗蒸,120,239
荷伊思（金山万达店）,仓山区,仓山万达广场,4.0,单人中式养生套餐,43,231
巴厘传奇（仓山万达）,仓山区,仓山万达广场,4.1,健康美容单人套餐,113,217
富侨休闲会所,仓山区,学生街,4.6,单人古典足浴/中式推拿2选1,108,214
和心道推拿,仓山区,仓山万达广场,5.0,单人推拿/足浴2选1,59,209
仓山万达瑶芳专业祛痘祛斑（福州总店）,仓山区,仓山万达广场,5.0,单人净面补水美白/祛黑头2选1体验3次,66,201
谷中百合美容美体spa会所,仓山区,仓山万达广场,4.8,谷中百合美容美体SPA会所护理套餐,29.9,197
SEVENAIL美甲美睫SPA,仓山区,红星爱琴海广场,5.0,美甲单人套餐,58,189
三元堂中医工作室,仓山区,建新镇,5.0,单人推拿+拔罐+刮痧套餐,88,188
玉玄宫养生馆,仓山区,金山公园/建新路,5.0,单人头疗+面部,58,167
享足人生,仓山区,金山工业区福湾片,4.2,足浴/推拿,78,166
水都名媛（江南水都店）,仓山区,江南水都,3.9,单人水都拔火罐1次,9.9,165
上善美名媛美修堂,仓山区,榕城广场/金山公交站,3.6,单人水都拔火罐1次,9.9,165
美丽人生生活馆,仓山区,金山大润发,5.0,美容美体套餐一份,38,163
缘份阁休闲馆,仓山区,金山公园/建新路,3.8,单人全身舒筋套餐,138,157
可诺丹婷美容院（百万店）,仓山区,仓山万达广场,3.0,新丽人单人套餐,58,156
汗蒸秀韵纤体瘦身会所,仓山区,仓山万达广场,5.0,单人汗蒸+肩颈舒通,108,139
悦儿湾婴幼儿游泳馆（洪山桥水岸名居店）,仓山区,建新镇,4.6,单人婴童游泳体验价,39,132
Joy Skin皮肤管理中心（乔伊·美学）,仓山区,红星爱琴海广场,5.0,单人水氧深层护肤（补水/美白/舒敏/去黄/缓衰5选1）,268,122
VIVE SPA 唯肤荟,仓山区,盖山,5.0,舒适地带舒缓减压全身SPA单人套餐,298,121
郑远元专业修脚房（洪湾北路店）,仓山区,建新镇,4.6,郑远元单人舒克脚腾片,50,119
郑远元专业修脚房（学生街店）,仓山区,学生街,4.5,郑远元单人舒克脚腾片,50,119
郑远元专业修脚连锁（上雁店）,仓山区,金山公园/建新路,4.5,郑远元单人舒克脚腾片,50,119
郑远元专业修脚房（大坪路店）,仓山区,三叉街,4.0,郑远元单人舒克脚腾片,50,119
郑远元专业修脚连锁（洪山桥店）,仓山区,建新镇,3.8,郑远元单人舒克脚腾片,50,119
郑远元修脚（桔园店）,仓山区,金山公园/建新路,4.0,郑远元单人舒克脚腾片,50,119
郑远元专业修脚房（金山万达店）,仓山区,金山浦上工业区,3.9,郑远元单人舒克脚腾片,50,119
郑远元修脚（金港路店）,仓山区,仓山万达广场,3.7,郑远元单人舒克脚腾片,50,119
郑远元专业修脚房（公交总站店）,仓山区,榕城广场/金山公交站,4.2,郑远元单人舒克脚腾片,50,119
郑远元专业修脚房（高宅路店）,仓山区,金山浦上工业区,4.0,郑远元单人舒克脚腾片,50,119
郑远元专业修脚（上渡店）,仓山区,上渡建材,4.4,郑远元单人舒克脚腾片,50,119
郑远元专业修脚房（金榕北路店）,仓山区,金山大润发,4.6,郑远元单人舒克脚腾片,50,119
云山中医保健推拿,仓山区,建新镇,4.0,云山盲人推拿,55,115
纤美瘦身堂,仓山区,榕城广场/金山公交站,5.0,单人专业肩颈疏通,38,110
西班牙养生会所（仓山万达店）,仓山区,仓山万达广场,4.8,美容套单人餐,68,109
秀域科技美容（美域店）,仓山区,江南水都,4.0,高科技生活美容单次体验课程,129,103
秀域科技美容（汇达店）,仓山区,三叉街,4.0,高科技生活美容单次体验课程,129,103
秀域科技美容（金汇豪庭店）,仓山区,榕城广场/金山公交站,4.0,高科技生活美容单次体验课程,129,103
小资休闲养生馆,仓山区,仓山万达广场,5.0,全身经络指压,118,93
花想容养生美颜馆（仓山万达店）,仓山区,仓山万达广场,5.0,单人面部深层补水护理,48,86
伊莱美芙美容会所（中天金海岸店）,仓山区,金山公园/建新路,4.0,福州伊莱美芙美容会所美容单人套餐,78,84
蝶变佳人美容店,仓山区,三叉街,4.8,面部精致护理及精油开背单人套餐,58,74
窈窕美人纤体中心,仓山区,仓山万达广场,5.0,单人养生罐体验一次,28,73
素悦sure,仓山区,金山公园/建新路,5.0,单人美容养生综合套餐（洗脸2次+汗蒸2次+精油开背1次）,98,13
艾黎蔻·美甲美妆生活馆,仓山区,红星爱琴海广场,5.0,单人点·痣,9.9,13
东方佳人（金山万达店）,仓山区,金山浦上工业区,5.0,肩颈护理2次+太极神灸2次,58,13
Queen美容工作室,仓山区,仓山万达广场,4.0,单人水娃娃精致护理套餐,38,12
福韵康体养颜会所（友兰店）,仓山区,榕城广场/金山公交站,3.9,养生单人套餐,78,11
珈蔓柏纹眉绣眉纹绣韩式半永久（仓山万达店）,仓山区,仓山万达广场,5.0,美白嫩肤净斑去黑头,398,10
韩式速美生活馆,仓山区,红星爱琴海广场,4.6,单人身体毒素湿气净排汗蒸养生护理2次套餐,88,10
百花养生堂,仓山区,仓山万达广场,4.3,单人中式传统推拿套餐,89,10
恩赐佳缘养生会所,仓山区,学生街,4.2,单人面部/背部护理,78,9
荟可暄美容美甲纹绣,仓山区,江南水都,3.9,魔法芭比烫睫毛单人套餐,39,9
蕾特恩专业祛痘国际连锁（仓山万达店）,仓山区,红星爱琴海广场,4.9,单人蕾特恩DNA靶向黑头析出套餐,19.8,9
金粉俪人光电咖美肤中心（仓山店）,仓山区,仓山万达广场,4.0,单人金粉瑜伽传奇套餐,58,9
俪人堂减肥美容养生会所,仓山区,金山公园/建新路,4.9,单人面部微雕,99,9
倾城韩式半永久私人订制中心,仓山区,仓山万达广场,4.5,单人单次净唇毛/腋毛体验套餐2选1,36,8
美丽名媛美容养生会所（世欧上江城店）,仓山区,盖山,3.5,DAMASTER身体护理卡,128,7
美丽名媛美容养生会所（金山中天金海岸店）,仓山区,金山公园/建新路,3.5,DAMASTER身体护理卡,128,7
艾元堂,仓山区,仓山万达广场,3.5,单人艾灸体验2次,59.8,7
奕格美容,仓山区,金山大润发,4.9,单人水氧360°深层清洁补水特惠套餐,58,7
思美人美容化妆美甲,仓山区,仓山万达广场,5.0,单人美容套餐,88.8,7
天贝医美皮肤管理中心,仓山区,金山大润发,4.6,汗蒸+面部补水保湿SPA,78,2
芳香丽人spa养生会所,仓山区,榕城广场/金山公交站,4.5,烫睫毛,68,1
vivi韩式速美生活馆,仓山区,仓山万达广场,4.9,单人韩式清透无感妆套餐,69,1
可可私人定制学生街店,仓山区,学生街,5.0,单人精致生活妆套餐,39.9,1
小柠檬美甲,仓山区,仓山万达广场,5.0,单人化妆一次,59.9,1
鹿見花园,仓山区,仓山万达广场,4.0,单人面部美容护肤套餐,99,1
享瘦纤体生活馆（仓山万达店）,仓山区,乐都汇,3.8,大肠水疗美颜体验套餐,30,1
梦娜美妆工作室（金山万达店）,仓山区,仓山万达广场,4.4,代金券,30,1
纤慕美甲纹绣店（上三路店）,仓山区,仓山区,4.3,单人手部护理,25,1
惠美康,仓山区,建新镇,3.5,单人推拿,36,0
星颜韩式半永久,仓山区,仓山万达广场,5.0,单人面部提拉紧致,88,0
Hinyo韩妆馆韩式半永久眉眼私颜定制,仓山区,红星爱琴海广场,3.5,双十二单人韩国奢华黄金护理,88,0
新浪潮养生美容会所,仓山区,金山大润发,3.5,经典泡浴,68,0
康和堂中医馆（三盛巴厘岛店）,仓山区,三叉街,3.5,推拿/足疗2选1,70,0
Sunny Gem 素瑾韩式半永久皮肤管理,仓山区,仓山万达广场,3.5,韩式清洁补水,168,0
红颜香妃美容美体,仓山区,仓山万达广场,4.5,净排排酸调理礼包,99,0
美施美甲美睫皮肤管理工作室,仓山区,仓山万达广场,4.2,面部提升套餐,199,0
诚城足浴,仓山区,金山公园/建新路,4.6,单人老瑶汤+足底走罐,48.9,0
伊琳娜美容美体,仓山区,金山浦上工业区,3.9,面部水养疗单人套餐,38,0
靓帝细胞美疗,仓山区,仓山万达广场,4.0,单人养巢原液胸部护理,298,0
寇氏减肥（福州分公司）,仓山区,榕城广场/金山公交站,3.5,寇氏养生馆养生纤体套餐,69,0
尚悦至尊养生会所,仓山区,建新镇,4.1,单人皇庭纯式养生,398,0
苏三说美甲美睫纹绣,仓山区,学生街,5.0,单人化妆,9.9,0
魅绣,仓山区,榕城广场/金山公交站,4.7,单次活泉水动力面部护理,88,0
Susie苏西造型阁,仓山区,榕城广场/金山公交站,5.0,单人面部护理套餐,98,0
指耀美美甲,仓山区,仓山区,5.0,面部精油护理,58,0
万佳汇健康会所（上街店）,闽侯县,博仕后购物广场/福州大学城,5.0,单人足浴/推拿2选1,128,977
御足阁休闲会所,闽侯县,闽侯县,5.0,单人推拿,65,668
舒梦养生堂（甘蔗店）,闽侯县,闽侯县,4.6,单人推拿/足按2选1,98,441
康美推拿足浴,闽侯县,博仕后购物广场/福州大学城,4.8,单人养生推拿套餐,89,318
同心健康会馆,闽侯县,闽侯县,5.0,单人推拿足按2选1,98,166
任氏美胸冰点净肤机构,闽侯县,闽侯县,5.0,单人净手指毛/比基尼/唇部3选1包干套餐,338,163
爱宝贝母婴spa生活馆,闽侯县,博仕后购物广场/福州大学城,4.6,婴幼儿单人游泳套餐,38,141
微步足道（闽侯店）,闽侯县,闽侯县,4.2,单人推拿足浴套餐,99,71
养和堂,闽侯县,博仕后购物广场/福州大学城,5.0,单人颈肩养护套餐,99,48
美界美颜馆,闽侯县,博仕后购物广场/福州大学城,5.0,单人精致修眉套餐,1,42
康之家足浴推拿养生馆,闽侯县,闽侯县,4.7,单人足按,45,40
片仔癀护肤馆,闽侯县,闽侯县,5.0,面部护理套餐,58,39
泰之然尊贵养生会所,闽侯县,博仕后购物广场/福州大学城,5.0,单人养生套餐2选1,128,36
百分百专业祛痘减肥,闽侯县,博仕后购物广场/福州大学城,5.0,单人专业面部护理,29,25
养和堂（闽都店）,闽侯县,博仕后购物广场/福州大学城,4.7,单人小儿推拿保健脾胃套餐,99,15
百合秀然祛痘,闽侯县,闽侯县,5.0,单人面部净排1次,19.9,14
心梦缘健康养生馆,闽侯县,闽侯县,3.7,油压+足浴,198,13
靓容阁,闽侯县,新西客站,3.0,单人面部有氧水疗套餐,19.9,3
知发者美容美发连锁,闽侯县,博仕后购物广场/福州大学城,3.5,单人养生拔罐套餐,9.9,3
可诺丹婷美容院（胜利店）,长乐市,步行街,3.6,可诺丹婷美颜美体连锁特惠丽人套餐,38,390
可诺丹婷美容院（长乐店）,长乐市,河下街,3.6,可诺丹婷美颜美体连锁特惠丽人套餐,38,390
淑女好逑美容spa会所（永乐花园店）,长乐市,锦江花园,5.0,淑女好逑五行经络舒通单人套餐,68,152
郑远元专业修脚房（吴航路店）,长乐市,市标,4.6,郑远元单人舒克脚腾片,50,119
郑远元修脚房（长乐民主街店）,长乐市,河下街,4.6,郑远元单人舒克脚腾片,50,119
郑远元修脚房（长乐爱心路店）,长乐市,闽运汽车站,4.8,郑远元单人舒克脚腾片,50,119
郑远元修脚房（郑和中路店）,长乐市,西洋,3.7,郑远元单人舒克脚腾片,50,119
郑远元修脚房（长乐郑和西路店）,长乐市,锦江花园,4.4,郑远元单人舒克脚腾片,50,119
美姿城美容养生会所（长乐西洋店）,长乐市,闽运汽车站,4.6,单人肩颈通络调理套餐,68,65
蕾特恩专业祛痘连锁（长乐店）,长乐市,西洋,5.0,单人DNA靶向黑头析出套餐,19.8,36
无忧空间养生会所,长乐市,金峰镇,4.2,中式推拿/养生足浴2选1,98,36
瑞丽女人,长乐市,锦江花园,3.9,美白补水体验一次单人套餐,18,28
韩艺美肤spa中心,长乐市,西洋,5.0,韩国小气泡深层皮肤清洁套餐,99,25
逍遥宫时尚休闲俱乐部,长乐市,西洋,5.0,单人高级逍遥情全身油推1节,368,24
锦尚国际美容美发,长乐市,长乐,3.7,芳香开背、面部玉疗,128,0
康乐盲人按摩（万福巷店）,连江县,北岳大厦,4.3,康乐盲人按摩3选1,60,356
金苹果专业减肥,连江县,连江,4.6,精油开背按摩,9.8,274
名人足道会所,连江县,连江,5.0,单人推拿+足按白场特惠套餐,138,171
水都名媛（连江凤园路店）,连江县,连江,5.0,单人水都拔火罐1次,9.9,165
郑远元专业修脚房（连江凤园路店）,连江县,连江,4.0,郑远元单人舒克脚腾片,50,119
郑远元专业修脚房（开放路店）,连江县,连江,4.0,郑远元单人舒克脚腾片,50,119
郑远元专业修脚房（文山南路店）,连江县,连江,4.0,郑远元单人舒克脚腾片,50,119
豪鑫源足道,连江县,北岳大厦,4.0,单人精油开背1次,118,113
贵安儿童职业体验海洋世界,连江县,贵安新天地,4.0,"溪山温泉度假酒店, 可选水世界（夜场）/欢乐世界(夜场）/温泉+鱼疗+养生餐+SPA按摩+御康汇/防水袋",430,88
贵安水世界,连江县,贵安新天地,4.6,"溪山温泉度假酒店, 可选水世界（夜场）/欢乐世界(夜场）/温泉+鱼疗+养生餐+SPA按摩+御康汇/防水袋",430,88
贵安奇趣家儿童职业体验中心,连江县,贵安新天地,4.4,"溪山温泉度假酒店, 可选水世界（夜场）/欢乐世界(夜场）/温泉+鱼疗+养生餐+SPA按摩+御康汇/防水袋",430,88
溪山温泉酒店,连江县,连江,4.6,"溪山温泉度假酒店, 可选水世界（夜场）/欢乐世界(夜场）/温泉+鱼疗+养生餐+SPA按摩+御康汇/防水袋",430,88
贵安欢乐世界,连江县,贵安新天地,4.5,"溪山温泉度假酒店, 可选水世界（夜场）/欢乐世界(夜场）/温泉+鱼疗+养生餐+SPA按摩+御康汇/防水袋",430,88
溪山温泉度假酒店,连江县,连江,4.8,"溪山温泉度假酒店, 可选水世界（夜场）/欢乐世界(夜场）/温泉+鱼疗+养生餐+SPA按摩+御康汇/防水袋",430,88
典妆美学馆,连江县,贵安新天地,5.0,单人生活化妆（化妆＋造型）,19.9,48
可诺丹婷美容院（皇家店）,连江县,连江,3.6,美颜美体单人套餐,88,14
盲人健康推拿店（马鼻店）,连江县,连江,3.5,单人推拿套餐,100,0
安然健康生活馆,连江县,连江,4.4,安然健康养生馆单人开背,89,0
熊熊美容汗蒸馆,永泰县,永盛大厦,4.5,单人汗蒸一次,18,12
佳馨媛美容美甲中医养生会所,永泰县,永泰县,5.0,罗美诗野菜排污修护套装,168,0
