﻿商家,区域,商圈,星级,服务,价格,销量
浅深.足浴spa指压,东湖区,八一广场/省府,5.0,单人按摩套餐,290,5630
美肌工坊皮肤管理（南昌世茂天城店）,东湖区,东湖区,4.5,单人-超微气泡去螨虫去黑头深层清洁,49.8,4426
克丽缇娜（紫金城店）,东湖区,东湖区,4.0,克丽缇娜水妍润泽单人焕美套餐,158,3091
克丽缇娜（渊明路旗舰店）,东湖区,中山路,3.5,克丽缇娜水妍润泽单人焕美套餐,158,3091
克丽缇娜（苏圃路店）,东湖区,中山路,4.0,克丽缇娜水妍润泽单人焕美套餐,158,3091
御龙捏脚城,东湖区,叠山路,5.0,单人足底按摩修刮捏脚套餐,65,2818
美时慕（南昌象山会所）,东湖区,叠山路,4.0,单人素颜美人/健康调理/女人花套餐（3选1),99,2615
七星商务酒店（足疗按摩）,东湖区,八一广场/省府,5.0,足疗全套,78,2294
瑶芳专业祛痘（南昌东湖店）,东湖区,叠山路,5.0,单人洁面养颜套餐,12.8,1163
天泉水都,东湖区,中山路,5.0,单人天泉水都-温泉-游泳-水疗SPA,89,1131
扶元中医推拿,东湖区,青山路沿线,5.0,单人精油开背/经络推拿2选1,69,700
丸美专柜（南昌百货大楼中山路店）,东湖区,八一广场/省府,4.0,丸美眼部\面部护理2选1,20,623
方强馆按摩足疗,东湖区,八一广场/省府,5.0,足浴按摩二选一,55,551
巴渝风足道,东湖区,东湖区,5.0,单人泰式按摩1次,130,464
苗医生祛痘（东湖店）,东湖区,叠山路,5.0,单人深层毛孔通畅排油套餐,9,421
康健盲人按摩,东湖区,叠山路,4.6,中式推拿套餐,49.9,356
lc美肤私人定制会所（广场恒茂店）,东湖区,八一广场/省府,5.0,面部深层补水特价限量体验套餐,39.8,346
lc美肤私人定制会所（财富广场店）,东湖区,八一广场/省府,5.0,面部深层补水特价限量体验套餐,39.8,346
水雲都养生会所,东湖区,东湖区,5.0,单人尊享按摩套餐,268,336
豪庭足浴按摩会所,东湖区,叠山路,5.0,单人韩式指压高端按摩套餐,298,295
腾飞盲人按摩,东湖区,东湖区,5.0,单人全身按摩,46.9,244
嘉泰盲人按摩（三经路店）,东湖区,东湖区,5.0,中式推拿+草本热敷,39.9,211
北京同仁堂,东湖区,叠山路,5.0,背部砭石刮痧+拔罐单,68,211
蕾特恩专业祛痘（国际）连锁（工人文化宫店）,东湖区,叠山路,5.0,单人法式面部肌肤美白/法式面部深层补水2选1,69,208
荟草堂祛痘美容中心,东湖区,八一广场/省府,5.0,单人专业祛黑头护理体验1次,38,208
lc美肤私人定制会所（渊明北路店）,东湖区,中山路,4.9,单人私人定制面部深层补水美白护理套餐,69.8,200
感康盲人按摩,东湖区,胜利路,4.0,单人按摩套餐,50,192
七星官邸·足浴SPA指压,东湖区,八一广场/省府,5.0,七星推拿,128,194
苗方清颜专业祛痘连锁（百盛店）,东湖区,中山路,4.0,单人2次专业痘肌护理套餐,59.8,165
华韩国际纹绣半永久工作室（胜利路店）,东湖区,中山路,5.0,单人韩式美瞳美睫套餐,99,160
华韩国际纹绣半永久工作室（滨江路紫金城店）,东湖区,东湖区,4.6,单人韩式美瞳美睫套餐,99,160
巴渝风足道,东湖区,八一广场/省府,5.0,单人通督养脊,229,158
韩医生祛痘问题皮肤管理中心（南昌店）,东湖区,中山路,5.0,单人活氧焕肤净化毛孔套餐,149,154
真逸堂（南京西路店）,东湖区,八一广场/省府,4.4,单人A套餐/B套餐2选1,78,150
杨家将养生足道（叠山路店）,东湖区,叠山路,5.0,单人   臻品养生    套餐,398,135
天力足浴休闲会所,东湖区,东湖区,4.8,单人普通足浴,68,134
申元方天足浴城,东湖区,叠山路,3.9,尊享养生套系（单人）,158,116
一指禅推拿馆,东湖区,东湖区,5.0,单人推拿/足浴2选1套餐,49,113
江中推拿艾灸馆,东湖区,东湖区,4.8,单人拔罐一次,20,112
沁春堂养生馆,东湖区,东湖区,5.0,单人背部整体疏经保养套餐,78,110
艾善美美容会所,东湖区,叠山路,4.6,艾善美美容护理套餐,58,107
秀域古方减肥（香溢花城店）,东湖区,青山路沿线,3.9,高科技生活美容单次体验课程,129,104
秀域古方减肥（苏圃路店）,东湖区,叠山路,3.9,高科技生活美容单次体验课程,129,104
秀域科技美容（二七店）,东湖区,八一广场/省府,3.9,高科技生活美容单次体验课程,129,104
秀域古方减肥（丁公店）,东湖区,八一广场/省府,3.9,高科技生活美容单次体验课程,129,104
秀域科技美容（经纬府邸店）,东湖区,东湖区,3.9,高科技生活美容单次体验课程,129,104
姜疗瑜珈推拿馆,东湖区,叠山路,4.8,单人推拿,78,89
豆域专业祛痘连锁机构,东湖区,中山路,5.0,单人单次水嫩注氧护理套餐,19.9,91
瑶芳专业祛痘（南京西路店）,东湖区,东湖区,5.0,单人洁面养颜套餐,9.9,85
宣姿美容生活馆（紫禁城店）,东湖区,东湖区,5.0,花一个部位的钱做六个部位,59.8,76
科痘连锁机构,东湖区,东湖区,4.6,单人皮肤大扫除套餐,9.8,73
正和堂艾灸养生,东湖区,八一广场/省府,4.8,单人芬香精油放松套餐,48,73
神帆金色年代足道养生酒店（阳明路店）,东湖区,东湖区,4.3,神帆足道（百姓足疗）,68,71
KP科尔瑞儿皮肤管理（南昌总店）,东湖区,东湖区,5.0,Aqua peel气泡清洁+海洋水光,98,67
青一纹身堂,东湖区,中山路,5.0,单人图案10CM任选,120,65
江南盲人按摩,东湖区,东湖区,4.4,单人全身按摩加拔罐,65.8,59
赛斯兰黛美容SPA养生会所,东湖区,中山路,4.3,单人全身护理,28,58
名人按摩,东湖区,东湖区,5.0,单人全身按摩,40,56
明瑜伽会所（中山路店）,东湖区,中山路,3.7,单人短期体验瑜伽2选1套餐,29,56
千千休闲会所,东湖区,叠山路,3.7,单人中华保健套餐,160,51
法蘭泥美容美体,东湖区,中山路,5.0,单人全身SPA护理套餐,88,51
妍波轩生活馆,东湖区,叠山路,5.0,肩颈护理体验,38,51
妙仁堂中医按摩理疗馆,东湖区,叠山路,4.4,单人国法中式足底按摩精品体验,39,44
香薇妮丝女子减肥院（东湖区店）,东湖区,东湖区,4.6,单人十四经络御养全身经络净排养生体验套餐,88,44
香薇妮丝女子减肥院（南京西路店）,东湖区,东湖区,5.0,单人十四经络御养全身经络净排养生体验套餐,88,44
沁雅堂,东湖区,八一广场/省府,4.5,单人精油开背,88,44
倾城美苑美容养生会馆,东湖区,八一广场/省府,5.0,【开业钜惠】黄玉汗蒸单次体验,9.9,40
柔婷美容美体护肤中心（子固店）,东湖区,叠山路,3.5,单人全息无水,128,39
柔婷美容美体护肤中心（老福山）,东湖区,八一广场/省府,3.0,单人全息无水,128,39
柔婷美容美体护肤中心（象北店）,东湖区,胜利路,3.4,单人全息无水,128,39
柔婷美容美体护肤中心（天虹店）,东湖区,中山路,3.5,单人全息无水,128,39
柔婷美容美体护肤中心（丰城店）,东湖区,八一广场/省府,3.5,单人全息无水,128,39
柔婷美容美体护肤中心（苏圃店）,东湖区,中山路,3.0,单人全息无水,128,39
柔婷美容美体护肤中心（叠山路店）,东湖区,叠山路,3.1,单人全息无水,128,39
艺莱美美容SPA会所,东湖区,东湖区,4.0,单人艺莱美28days深度护理一次,36,38
御湾捏脚,东湖区,八一广场/省府,3.4,足浴套餐A,68,34
乔诗美纤体美容会所（五纬店）,东湖区,东湖区,3.5,单人 保湿补水 专业护理 套餐,38,33
术妍半永久私人定制馆,东湖区,八一广场/省府,4.6,单人痣一颗一次（清除）,9.9,17
养怡养生馆,东湖区,中山路,5.0,单人中式足浴,38,17
弘玫美容养生会所（羊子巷店）,东湖区,八一广场/省府,4.0,单人弘玫美容养生会所洗浴SPA一次,29.8,16
香港SC形色美妆（鑫凯丽店）,东湖区,中山路,5.0,单人专业美容护肤套餐,68,15
dl·逆时光容颜形体管理,东湖区,叠山路,5.0,单人古方卵巢/胸部保养二选一套餐,58,14
可丽可心减肥俱乐部（红谷滩店）,东湖区,东湖区,4.1,单人超值享瘦体验套餐（每个尊贵客人都会有针对方案）,98,13
足身堂,东湖区,东湖区,4.9,单人按摩/足浴,49,12
艾甜纹绣皮肤管理中心,东湖区,八一广场/省府,5.0,深层汽泡水氧皮肤深层清洁注氧,38,12
微微化妆行（南京西路分店）,东湖区,东湖区,3.0,单人眼部护理套餐,15,12
王氏果菜美容连锁机构（胜利广场店）,东湖区,叠山路,3.0,单人美容体验8选4,58,12
王氏果菜美容（中山路店）,东湖区,中山路,3.5,单人美容体验8选4,58,12
美颜坊,东湖区,东湖区,4.2,单人脸部护理,28,12
王氏果菜美容,东湖区,叠山路,3.5,单人美容体验8选4,58,12
九仰堂现代综合养生馆,东湖区,东湖区,3.5,单人经络推拿调理,99,11
琴绣专业纹绣（购购商城店）,东湖区,中山路,3.5,单人眉形设计1次,9.9,11
艾美丽纹绣定制会所（地王广场店）,东湖区,中山路,5.0,五行经络瘦身美体,1,9
德名堂中医养生馆,东湖区,八一广场/省府,4.9,单人按摩,68,9
享瘦经络养生会所,东湖区,八一广场/省府,3.5,开业疯狂送 单人超值体验卡,39,1
伊甸园美甲美睫半永久,东湖区,东湖区,5.0,代金券,200,1
冰肌玉洁（秀泊店）,东湖区,青山路沿线,3.5,美容spa养生,99,1
百莲凯美容美体会所,东湖区,青山路沿线,3.5,亲情体验套餐,39,1
铭媛养生美容会所,东湖区,八一广场/省府,4.0,单人美容美体套餐,88,1
圣荷美容美体中心（红谷滩）,东湖区,八一广场/省府,3.8,单人泰圣荷草本美胸调理套餐,59,1
洛仕琪美容美发造型连锁（民德路店）,东湖区,中山路,3.5,单人面部基础护理套餐,58,1
丝域养发馆（恒茂店）,东湖区,八一广场/省府,3.5,玫瑰精油养发,98,1
群芳美容养生会所（江信店）,东湖区,东湖区,3.0,群芳美容双项美体体验套餐,88,1
动漫女孩,东湖区,胜利路,3.5,单人化妆套餐,15,1
果嘉美容养生SAP馆,东湖区,八一广场/省府,3.5,单人传统面膜护肤调理三次,58,1
美肤之家,东湖区,东湖区,3.5,单人背部放松套餐,29,0
瑶芳清颜专业痘肌护理,东湖区,叠山路,3.5,皮肤护理套餐,19.9,0
可诺丹婷,东湖区,中山路,3.5,单人颈部淋巴引流,58,0
花晨美容养生会所,东湖区,青山路沿线,3.5,面部肩颈调理,58,0
魅力殿堂形象健康管理中心,东湖区,中山路,3.5,美容美体二选一,58,0
润初颜美容会所,东湖区,八一广场/省府,3.0,单人脸部护理套餐,78,0
潋滟养生美容院,东湖区,青山路沿线,3.5,单人代金券体验,78,0
晶晶美容形象工作室,东湖区,八一广场/省府,3.5,单人调理套餐,360,0
善草纪精油护肤小铺,东湖区,中山路,3.5,单人肩颈护理,29,0
艾汇涓美容中心,东湖区,八一广场/省府,3.5,单人卵巢保养体验,288,0
艾丽养生按摩馆,东湖区,八一广场/省府,3.5,会员卡,500,0
Seven Nail七七の美甲美睫,东湖区,东湖区,3.5,单人淡雅眉套餐,680,0
素妍美甲半久永定妆工作室,东湖区,东湖区,5.0,温和净肤体验,98,0
熊夫人美妆定制,东湖区,东湖区,3.5,韩式皮肤管理小气泡清洁体验,120,0
薇妮半永久美容美体中心,东湖区,中山路,4.9,单人双眸线体验套餐,299,0
美诺伊健康美容店,东湖区,中山路,3.5,单人脸护套餐,38,0
雪完美美容养生馆,东湖区,叠山路,3.5,美容/美体2选1单人套餐,59,0
专业彩妆造型,东湖区,八一广场/省府,3.0,烫染代金券,75,0
艾米丽工作室,东湖区,中山路,3.5,单人MTS皮肤管理体验套餐,380,0
针语纹刺,东湖区,叠山路,3.5,单人拳头大小刺青,299,0
竞辉美容美体健康养生私人会所,东湖区,中山路,3.5,单人玛尚灸好经典套餐,158,0
景雅专业定制美容,东湖区,八一广场/省府,3.5,单人养生代金劵,40,0
享瘦美容塑形瘦身吧,东湖区,东湖区,3.0,单人面部补水SPA,68,0
JING STUDIO 高端美学,东湖区,东湖区,5.0,单人美白、提亮、补水、紧致一次,280,0
小妤美容院,东湖区,东湖区,3.5,单人腋下温和脱毛体验套餐,48,0
阿爱屋,东湖区,八一广场/省府,3.5,单人精油按摩spa套餐,198,0
琢玉堂中医养生馆,东湖区,八一广场/省府,3.5,面部经络疏通,228,0
精艺造型连锁店03,东湖区,青山路沿线,4.0,单人面部精致护理套餐,28,0
HOLA（赫拉）美甲,东湖区,中山路,3.5,单人面部护理套餐,19.9,0
微美薇美容,东湖区,八一广场/省府,3.5,单人小分子透明质酸原液补水团购体验价,68,0
Y.妍苏造型护肤,东湖区,八一广场/省府,4.6,单人美容美体套餐,58,0
伊思露美容会所,东湖区,八一广场/省府,3.0,单人全身护理套餐,128,0
植润堂养发（红谷滩凯旋店）,东湖区,东湖区,3.0,单人纯植物养发套餐,58,0
化妆美甲,东湖区,八一广场/省府,3.5,单人MTS面部皮肤管理套餐,99,0
云境生态水城,青山湖区,京东大道,5.0,单人净桑水疗一次,59,11930
香港乐肤皮肤修复中心,青山湖区,万达广场,5.0,单人脸部海藻控油套餐,29,11819
医健盲人按摩院（凤凰分店）,青山湖区,凤凰家园,5.0,单人护理项目2选1,48,8066
医健盲人按摩院（怡园总店）,青山湖区,联泰香域,5.0,单人护理项目2选1,48,8066
医健盲人按摩院（金融大街店）,青山湖区,红谷世纪,5.0,单人护理项目2选1,48,8066
圣天元盲人健康推拿馆（红谷滩分店）,青山湖区,名门世家,5.0,单人专业推拿/专业足疗2选1,49.8,4333
皇家君悦养生会所,青山湖区,名门世家,5.0,单人古典足浴,68,4332
格调足浴按摩SPA养生会所（梦时代店）,青山湖区,北京东路,4.9,单人按摩1次,280,4092
君道泉足浴养生SPA,青山湖区,上海路,5.0,单人精品足道,108,3157
大汉御足（高新店）,青山湖区,北京东路,5.0,单人尊品足道,116,3131
克丽缇娜（联泰香域中央店）,青山湖区,联泰香域,3.5,克丽缇娜水妍润泽单人焕美套餐,158,3091
克丽缇娜（恒茂店）,青山湖区,北京东路,4.0,克丽缇娜水妍润泽单人焕美套餐,158,3091
克丽缇娜（金城名都店）,青山湖区,北京东路,4.0,克丽缇娜水妍润泽单人焕美套餐,158,3091
圣康盲人按摩（下罗店）,青山湖区,下罗,5.0,单人盲人按摩套餐,46,2843
天之道足浴（总店）,青山湖区,秋水广场,5.0,尊品单人足浴,178,2683
秦宫足浴按摩会所,青山湖区,世茂广场,4.6,单人按摩1次,290,2668
闲疗堂中医理疗馆（世茂天城店）,青山湖区,世茂广场,5.0,基础推拿+刮痧+拔罐套餐,22,2645
牛牛盲人按摩,青山湖区,红谷世纪,5.0,单人高级中式按摩,62,2101
金海湾足疗会所,青山湖区,京东大道,5.0,单人养生按摩套餐,268,1713
南昌正阳盲人按摩中心（北京东路店）,青山湖区,北京东路,5.0,单人全身按摩套餐,58,1694
南昌正阳盲人按摩中心（南池路店）,青山湖区,北京东路,4.7,单人全身按摩套餐,58,1694
富鼎浅水湾足道,青山湖区,万达广场,5.0,单人标准足浴,69,1539
鑫源盲人按摩,青山湖区,北京东路,5.0,单人中式足疗或中式按摩2选1,54.9,1506
知足堂养生会所,青山湖区,上海路,3.8,单人皇家足浴按摩1次,78,1452
c.spa健身游泳中心（万达嘉华店）,青山湖区,万达广场,5.0,单人健身+游泳+干蒸+湿蒸,68,1239
c.spa健身游泳中心（喜来登店）,青山湖区,世茂广场,5.0,单人健身+游泳+干蒸+湿蒸,68,1239
扬州专业修脚,青山湖区,红谷凯旋,5.0,单人修脚护理套餐,26.8,1040
君悦凯旋养生会所,青山湖区,红谷凯旋,5.0,单人泰式按摩套餐,138,946
足鼎王养生足浴（红谷滩精品店）,青山湖区,联发天虹,5.0,单人古法足道,118,840
丸美专柜（恒茂百盛梦时代店）,青山湖区,北京东路,4.1,丸美眼部\面部护理2选1,20,623
盲人康按摩店,青山湖区,南昌大学,5.0,单人按摩套餐,50,612
家富富侨,青山湖区,南昌大学,5.0,标准单人足浴套餐,60,569
蒸情御足（顺外路店）,青山湖区,上海路,4.2,单人踩运足灸,50,505
万水千山足道养生会所（北京东路店）,青山湖区,北京东路,3.6,单人万水尊品足道1次,108,499
舒元堂推拿馆,青山湖区,世茂广场,5.0,单人全身推拿按摩套餐,49.9,488
足鼎王养生足浴（北京东路店）,青山湖区,北京东路,5.0,单人  能·量 足浴  套餐（全面升级）,148,487
浪琴湾足浴会所,青山湖区,北京东路,3.7,单人经典泰式按摩,88,469
扶阳养生馆,青山湖区,南昌大学,4.2,单人扶阳养生套餐,48,448
贵足足浴（上海南路店）,青山湖区,上海路,4.4,足浴按摩,88,443
祖慈肩颈（万达店）,青山湖区,万达广场,4.6,单人祖慈肩颈六法护理,99,430
祖慈肩颈（凯旋店）,青山湖区,红谷凯旋,4.2,单人祖慈肩颈六法护理,99,430
苗医生祛痘（青山湖店）,青山湖区,北京东路,4.7,单人深层毛孔通畅排油套餐,9,421
静康盲人按摩,青山湖区,京东大道,4.8,单人推拿1次（60分钟）,48.8,349
lc美肤私人定制会所（京东天虹店）,青山湖区,北京东路,5.0,面部深层补水特价限量体验套餐,39.8,346
lc美肤私人定制会所（丰和时代店）,青山湖区,铜锣湾广场,4.9,面部深层补水特价限量体验套餐,39.8,346
lc美肤私人定制会所（红谷滩万达店）,青山湖区,万达广场,5.0,面部深层补水特价限量体验套餐,39.8,346
lc美肤私人定制会所（金域名都店）,青山湖区,北京东路,5.0,面部深层补水特价限量体验套餐,39.8,346
lc美肤私人定制会所（梦时代店）,青山湖区,北京东路,5.0,面部深层补水特价限量体验套餐,39.8,346
舒康盲人按摩,青山湖区,青山湖区,5.0,单人推拿拔罐套餐,53,340
名都养生会所,青山湖区,京东大道,4.0,单人尊品足浴1次（80分钟）,78,338
方强馆按摩足疗（南京东路店）,青山湖区,南昌大学,5.0,单人高级全身按摩,75,335
国颐堂养发SPA馆,青山湖区,北京东路,4.8,单人皇室健康洗头之旅,29.8,313
杨家将足道养生会所（翠苑路店）,青山湖区,卫东花园,4.3,单人精品泰式按摩,128,289
尚元盲人按摩中心,青山湖区,上海路,5.0,单人全身按摩,49,287
香香推拿馆,青山湖区,南京东路,5.0,全息经络调理1次,68,286
神龙宫足道养生会所,青山湖区,青山湖区,4.6,单人养生足浴1次（70分钟）,68,256
踏浪沐足城,青山湖区,红谷世纪,4.8,单人养生足浴+送修脚,69,231
英涛祛斑（南昌店）,青山湖区,京东大道,4.5,专业去黄美白补水套,29,233
华康盲人按摩,青山湖区,京东大道,5.0,全身推拿,49.9,224
锦玉足疗养生会所,青山湖区,北京东路,4.3,单人锦玉港式指压推油,258,220
劉美人美容养生SPA会所,青山湖区,北京东路,4.3,单人山水月花至鐏养生套餐,38,212
蕾特恩专业祛痘国际连锁（万达金街店）,青山湖区,青山湖区,5.0,单人法式面部肌肤美白/法式面部深层补水2选1,69,208
大江萍子足浴,青山湖区,下罗,5.0,单人足浴按摩套餐,168,204
萍子休闲,青山湖区,青山湖区,3.7,单人足浴按摩套餐,168,204
秀阁（万达店）,青山湖区,万达广场,5.0,单人韩国皮肤管理皮肤深层清洁+水氧焕肤套餐,128,205
冰芙洁美容,青山湖区,万达广场,5.0,单次面部水疗,29.8,199
艾美护肤美甲美容,青山湖区,万达广场,4.8,香薰面部护理套餐,45.8,191
龙尊168足浴按摩养生会所,青山湖区,南昌大学,3.5,单人龙尊尊享套餐,278,184
金玛年代足道会所,青山湖区,青山湖区,5.0,单人养生SPA,278,183
太阳鸟足道（北京东路店）,青山湖区,北京东路,5.0,单人按摩套餐,98,166
华韩国际纹绣半永久工作室（奥体天虹店）,青山湖区,北京东路,5.0,单人韩式美瞳美睫套餐,99,160
丰和新城经络康健康调理中心,青山湖区,铜锣湾广场,5.0,单人 刮痧/拔罐2选1惊爆价,19.9,150
YUMMY HOUSE,青山湖区,万达广场,4.4,单人护肤套餐,9.9,149
碧泉湾足道养生会所,青山湖区,青山湖区,5.0,单人古典泰式按摩,119,142
魏氏盲人按摩馆（恒大影城店）,青山湖区,青山湖区,4.3,单人盲人按摩1次（60分钟）,55,142
汇聚盲人按摩,青山湖区,北京东路,5.0,中式全身推拿/养生足浴二选一,49,141
星光足道,青山湖区,南昌大学,3.5,单人养生足浴,68,138
上医堂·中医养生馆,青山湖区,青山湖区,5.0,单人拔罐护理,9.9,137
龙泉池养生会所,青山湖区,南昌大学,4.6,单人贵雅养生,358,135
济普堂美容养生机构,青山湖区,名门世家,5.0,单人面部spa精致护理套餐,39,133
私人订制化妆纹眉店,青山湖区,万达广场,5.0,生活妆一次,38,128
阿迦妮美容养生馆,青山湖区,红谷凯旋,4.7,单人温灸拔罐套餐,9.9,126
Saily乷齡皮肤管理中心,青山湖区,万达广场,5.0,单人韩国小微泡套餐,128,122
伊菲雅美容养生馆,青山湖区,南京东路,5.0,伊菲雅经典面部SPA,98,120
中西益颈肩腰,青山湖区,名门世家,5.0,单人颈肩腰精准靶向养护调理,78,119
New Skin皮肤管理中心,青山湖区,万达广场,5.0,AGELOC基因科技深层清洁/补水面膜套餐,88,119
熙康源中医推拿馆,青山湖区,南昌大学,4.0,单人特色拔罐1次,9.9,116
唐糖化妆美甲美睫,青山湖区,上海路,5.0,单人精致化妆体验价,19.9,109
秀域古方减肥（格林睛天店）,青山湖区,京东大道,3.9,高科技生活美容单次体验课程,129,104
秀域（南昌世纪店）,青山湖区,名门世家,3.7,高科技生活美容单次体验课程,129,104
秀域古方减肥（尚东大道店）,青山湖区,北京东路,3.9,高科技生活美容单次体验课程,129,104
娟之秀美容养生会所,青山湖区,青山湖区,3.8,拔罐,68,102
秀域科技美容（丰和新城店）,青山湖区,铜锣湾广场,3.9,高科技生活美容单次体验课程,129,104
秀域古方减肥（金域名都店）,青山湖区,北京东路,3.9,高科技生活美容单次体验课程,129,104
秀域古方减肥（凯旋店）,青山湖区,红谷凯旋,3.5,高科技生活美容单次体验课程,129,104
秀域科技美容（北京东路店）,青山湖区,北京东路,3.9,高科技生活美容单次体验课程,129,104
杨家将足道（红谷滩店）,青山湖区,红谷世纪,4.8,单人香熏推油套餐,268,102
无象堂,青山湖区,红谷世纪,5.0,单人中式推拿,99,91
美婷私人订制工作室,青山湖区,北京东路,5.0,单人拔罐美容套餐,38,87
洛纳丹蒂祛斑祛痘（南昌旗舰店）,青山湖区,万达广场,5.0,单人治痘护理套餐,9.9,80
素颜记忆美容美体小馆,青山湖区,万达广场,5.0,单人皮肤管理全能活肤注氧套餐,118,77
L&D;美学馆,青山湖区,万达广场,5.0,单人修眉,19.9,77
逸足堂（上海路店）,青山湖区,上海路,5.0,单人SPA按摩 1次（80分钟）,170,73
好运城k歌足浴spa养生,青山湖区,青山湖区,4.3,单人K歌足浴,118,72
众康盲人按摩,青山湖区,青山湖区,4.4,单人按摩,48,70
伊梵臻品养生·瑜伽,青山湖区,万达广场,5.0,单人活细胞肌底水疗课程,39,67
花房容颜订制机构,青山湖区,万达广场,3.9,五星纳米拔罐,19.8,66
佐康专业祛痘（南昌青山湖店）,青山湖区,北京东路,5.0,佐康单人单次祛黑头套餐,38,66
东方韵足浴养生会所,青山湖区,北京东路,4.6,单人经典御足套餐,49,64
熙美人皮肤管理中心,青山湖区,万达广场,5.0,单人一颗痣包干,9.9,60
梦之星足浴按摩会所,青山湖区,北京东路,5.0,单人足浴套餐,58,58
AOEO美妆,青山湖区,万达广场,4.7,AOEO美妆娃娃烫,100,58
忘不了足浴会所,青山湖区,北京东路,4.3,单人精品足浴1次（80分钟）,88,58
明瑜伽会所（红谷滩店）,青山湖区,江报路,3.9,单人短期体验瑜伽2选1套餐,29,56
瘦工厂经络减肥,青山湖区,万达广场,5.0,单人肩颈调理、精油开背2选1,68,56
世纪风情spa足浴按摩养生会所（京东店）,青山湖区,青山湖区,3.8,单人中泰式按摩1次（送采耳）,119,56
香香推拿馆（高新店）,青山湖区,京东大道,3.5,单人中式净排推拿调理1次,88,55
韩尚美纹绣（江西分店）,青山湖区,青山湖区,4.9,修眉,2,56
匠心纹绣纹眉半永久会所,青山湖区,万达广场,4.5,韩式美睫线,890,54
名扬天域足道,青山湖区,京东大道,3.7,单人泰式按摩,68,53
绅迪699台球俱乐部,青山湖区,上海路,4.6,开业超值特惠1小时台球畅打,9.9,52
源盛堂中医养生馆,青山湖区,北京东路,5.0,单人经络祛湿罐+刮痧,29.9,45
文姐专业采耳,青山湖区,上海路,5.0,单人专业采耳+洗耳+眼  套餐,75,41
Pearl美颜中心,青山湖区,北京东路,5.0,单人皮肤专业检测套餐,1,41
韩尚半永久纹绣工作室（梦时代广场店）,青山湖区,青山湖区,5.0,单人韩式私人眉形设计,1,41
韩尚半永久纹绣工作室（红谷滩万达店）,青山湖区,万达广场,5.0,单人韩式私人眉形设计,1,41
柔婷美容美体护肤中心（南大店）,青山湖区,南京东路,3.5,单人全息无水,128,39
柔婷美容美体护肤中心（南钢店）,青山湖区,青山湖区,3.5,单人全息无水,128,39
柔婷美容美体护肤中心（红谷滩店）,青山湖区,秋水广场,3.5,单人全息无水,128,39
柔婷美容美体护肤中心（隆鑫广场店）,青山湖区,青山湖区,3.5,单人全息无水,128,39
柔婷美容美体护肤中心（金域名都店）,青山湖区,南京东路,3.5,单人全息无水,128,39
艺莱美美容SPA会所,青山湖区,京东大道,3.9,单人艺莱美28days深度护理一次,36,38
艾丝柏美睫馆,青山湖区,名门世家,4.0,单人魅力电眼美睫,198,37
圣吉·利娅美容养生馆,青山湖区,名门世家,4.4,单人拔罐、刮痧+肩颈理*疗套餐,88,37
美丽敲敲门,青山湖区,北京东路,3.5,肩颈淋巴调理,38,36
美丽敲敲门（莱蒙都会店）,青山湖区,万达广场,4.0,肩颈淋巴调理,38,36
特丽塑健康管理中心,青山湖区,青山湖区,3.5,单人锗石纳米汗蒸,15,35
迪芭妮美甲美睫美妆馆,青山湖区,北京东路,5.0,单人美妆套餐,19.9,34
乔诗美生态订制美容馆（世纪中央城店）,青山湖区,名门世家,3.5,单人 保湿补水 专业护理 套餐,38,33
古汉轩养生美容会所,青山湖区,北京东路,5.0,肩颈调理【预约特惠】,69,33
名媛足浴指压推拿按摩,青山湖区,下罗,5.0,单人养生按摩,290,30
金燕子健康理管理中心（青山湖）（青山湖店）,青山湖区,青山湖区,4.0,单人泰圣荷美胸套餐,58,30
慕兰瑜伽（国际金融中心店）,青山湖区,联发天虹,4.1,单人3次体验课,39,29
格兰云天康体中心,青山湖区,铜锣湾广场,3.4,单人格兰云天康体中心spa套餐,338,27
千足堂足道,青山湖区,京东大道,3.7,单人木桶水疗spa1次,198,23
四海缘休闲会所,青山湖区,北京东路,3.0,皇室养生按摩套餐,238,22
金都养生会所,青山湖区,联泰香域,4.2,单人金都木*桶*风*情按摩套餐,268,22
Beauty 21半永久私人订制,青山湖区,北京东路,5.0,单人拨筋头部按摩套餐,12.8,21
颜妲美颜美甲馆,青山湖区,万达广场,4.1,女王派对化妆培训基地精致妆7选1,28.8,21
熙诗美美容美体养生馆,青山湖区,北京东路,5.0,单人面部护理2次,39.9,21
炫绣阁美妆美甲,青山湖区,北京东路,5.0,单人丽人化妆,9.9,20
羽琰美容养生,青山湖区,南昌大学,5.0,魔罐酵素瘦身,29.9,20
兮颜国际祛斑祛痘,青山湖区,万达广场,3.9,单人脸部深度补水体验套餐,48,19
至美美甲,青山湖区,万达广场,5.0,单人无痛穿耳套餐,15,19
红·瑜伽私人订制会所,青山湖区,红谷凯旋,4.0,单人瑜伽课套餐,69,19
NEW FACE半永久皮肤管理中心,青山湖区,万达广场,5.0,单人超薇小气泡护肤套餐,158,19
凯旋门养生足道,青山湖区,北京东路,3.9,单人韩式按摩,210,18
玲珑梵宫,青山湖区,世茂广场,3.5,单人玉颜玲珑护理1次,538,18
玲珑梵宫美容连锁机构（红谷会所）,青山湖区,红谷世纪,3.0,单人玉颜玲珑护理1次,538,18
玲珑梵宫美容连锁机构（名门会所）,青山湖区,名门世家,3.0,单人玉颜玲珑护理1次,538,18
玲珑梵宫美容连锁机构（红谷滩江信店）,青山湖区,秋水广场,3.0,单人玉颜玲珑护理1次,538,18
容德堂艾灸养生会所,青山湖区,青山湖区,4.0,单人中式按摩,59,18
玲珑梵宫美容连锁机构,青山湖区,青山湖区,3.5,单人玉颜玲珑护理1次,538,18
周天按摩,青山湖区,南昌大学,4.4,单人按摩或推油或刮痧或足疗选一赠送拔罐,48,18
唯美Mrs·Beauty 皮肤管理中心,青山湖区,上海路,4.4,单人面部美白补水套餐,9.9,18
玲珑梵宫美容连锁机构（京东会所）,青山湖区,北京东路,3.0,单人玉颜玲珑护理1次,538,18
轻妆纹艺国际美妆机构,青山湖区,万达广场,4.5,单人深层毛孔清洁,28,18
木子半永久微雕,青山湖区,北京东路,4.2,单人乳腺疏通及卵巢、肩颈（三选一）,65,17
玲珑梵宫美容连锁机构（水岸会所）,青山湖区,南京东路,3.0,单人玉颜玲珑护理1次,538,18
美悦荟ESPA（美悦荟恒茂梦时代）,青山湖区,北京东路,5.0,身体疏通减压套餐,99,19
日美超美美容养生会所（世纪中央城店）,青山湖区,名门世家,4.7,单人拔罐+艾灸+身体精油护理套餐,58,17
平凡之美美容养生生活馆,青山湖区,北京东路,4.0,丽人尊享美容套餐,129.9,17
过足瘾按摩中心,青山湖区,江报路,3.7,中式推拿,60,17
斯威特酒店足浴养生按摩,青山湖区,青山湖区,4.8,VIP养生SPA,358,17
星瑜伽馆,青山湖区,上海路,4.6,特惠瑜伽健身美体套餐,25,16
金域足道,青山湖区,北京东路,3.0,金域   足部护理 + 养生汤,128,15
艾嘉曼美容养生馆,青山湖区,秋水广场,4.5,清血免疫调理+全息养颜调理套系,98,13
可丽可心国际健康减肥俱乐部（青山湖店）,青山湖区,南昌大学,3.5,单人超值享瘦体验套餐（每个尊贵客人都会有针对方案）,98,13
形色美妆化妆造型,青山湖区,北京东路,3.9,精致面部SPA,68,12
妍渼国际,青山湖区,万达广场,5.0,单人总监化妆特价套餐,29.9,12
王氏果菜美容（洪都北大道店）,青山湖区,北京东路,3.5,单人美容体验8选4,58,12
only美 美甲美睫半永久,青山湖区,万达广场,4.3,单人五行经络瘦身体验套餐,38,12
喜形美业（梦时代店）,青山湖区,北京东路,5.0,精致面部SPA,68,12
唯美纹绣彩妆美甲美睫（梦时代店）,青山湖区,青山湖区,4.9,全程韩式新娘跟妆一次,580,12
微微化妆行,青山湖区,北京东路,3.5,单人眼部护理套餐,15,12
千彩藤美妆连锁体验馆,青山湖区,青山湖区,3.5,单人新西兰泥膜面部深层清洁护理,29.9,10
思美美容美发spa馆（世紀风情店）,青山湖区,青山湖区,3.6,单人烫、染、拉直、柔顺、发根定位（五选一）+护理套餐,188,10
尊容国际半永久定妆,青山湖区,万达广场,5.0,单人眉形设计,1,10
玉窈窕美容养生会馆（凤凰洲店）,青山湖区,铜锣湾广场,5.0,单人女王滋养脸部护理套餐,128,9
皇足一号养生会所,青山湖区,北京东路,3.5,单人足浴,68,9
昱荣健康理疗养生,青山湖区,名门世家,3.6,肩颈舒缓套餐,35,9
Sweet Queen美甲美睫半永久婚纱美业馆,青山湖区,万达广场,5.0,单人去黑头、去黑色素二选一套餐,9.9,9
佐登妮丝（金域名都店）,青山湖区,北京东路,4.2,背部有机深层舒压护理SPA护理,138,8
纤瘦国际美容瘦身中心（青山湖店）,青山湖区,北京东路,3.5,单人精致深层补水面部护理,28.8,8
伊嘉美国际美容养生会所（红谷滩店）,青山湖区,江报路,4.7,水动力面部护理,88,8
十月October纹绣美甲美睫美肤馆,青山湖区,北京东路,5.0,薰衣草头疗➕背部SPA➕艾灸,58.8,8
佐登妮丝,青山湖区,北京东路,3.0,背部有机深层舒压护理SPA护理,138,8
娇莉芙美容（南昌百盛店）,青山湖区,绿地中心,4.0,背部经典舒压护理,68,8
遇见 美韩式美颜私人订制中心,青山湖区,北京东路,4.8,单人温和脱毛体验套餐,149,8
红秀美甲纹绣馆,青山湖区,上海路,5.0,单人美妆套餐,9.9,7
好轻松盲人按摩,青山湖区,红谷世纪,3.9,医师按摩,65,7
邦豆专业祛痘连锁机构（顺外路分店）,青山湖区,青山湖区,4.0,单人超值水动力深层补水拔筋套餐,29.9,7
艾心灸舍,青山湖区,名门世家,4.0,艾灸,9.9,7
初颜美学管理中心,青山湖区,万达广场,4.6,清洁美肤套餐,49.8,6
思慕减肥美容,青山湖区,万达广场,4.4,单人冬季面部水疗（一次 美白补水收毛孔）,88,6
利来女人坊,青山湖区,红谷凯旋,4.0,单人背部/面部塑形体验套餐,78,6
悦己皮肤管理中心（南昌店）,青山湖区,南昌大学,4.6,皮肤年轻化管理套餐体验,198,6
沁缘养生,青山湖区,青山湖区,4.2,单人肩颈护理套餐,108,5
杊源理疗养生馆,青山湖区,秋水广场,4.0,单人巴厘岛背部疏通调理套餐,128,5
真逸堂,青山湖区,上海路,4.1,单人肩颈调理体验套餐,98,5
北极星养生会所,青山湖区,上海路,3.5,单人  尊享养生   套餐,358,5
新颜皮肤管理中心,青山湖区,联泰香域,5.0,单人韩式多维度净肤套餐,198,5
豫章中医盲人推拿中心,青山湖区,南昌大学,3.5,单人推拿,35,5
美丽敲敲门（红谷滩店）,青山湖区,联泰香域,4.7,水美人护理,38,5
pretty face普瑞缇国际美颜管理中心,青山湖区,万达广场,5.0,单人Aqua Peel水氧焕肤深层洁净皮肤管理,128,5
V&LOVE;唯爱造型婚纱馆,青山湖区,北京东路,4.1,单人精致彩妆,36,5
琢清阁高端女子美容养生会所,青山湖区,南昌大学,4.0,单人全身经络舒缓spa体验套餐,128,4
恩唯抗衰皮肤管理中心,青山湖区,万达广场,4.0,净肤净体美肤管理,69,4
痣缘宫（痣缘宫江西总店）,青山湖区,南昌大学,4.0,单人祛肉痣1毫米,39.9,4
Z.miss容貌管理（红谷滩万达店）,青山湖区,万达广场,4.8,单人韩式素颜眼线套餐,380,3
国珍美容健康养生馆,青山湖区,北京东路,3.8,单人美背套餐,46,3
维家培元健康养生,青山湖区,北京东路,3.5,单人养生套餐,168,3
黄娟国际纹绣（红谷滩分店）,青山湖区,万达广场,4.1,单人除湿散寒拔火罐,29.9,3
My beauty韩式童颜中心,青山湖区,红谷凯旋,4.3,单人美白/保湿/嫩肤/痘肌护理/紧致/面部spa六选一套餐,119,3
美亚皮肤管理中心,青山湖区,北京东路,4.6,超微气泡深层清洁,68,3
俪享荟中医养生美容馆,青山湖区,万达广场,5.0,尊享生物器材肩颈保养+暖宫艾灸,98,3
纤璐感知SPA馆,青山湖区,红谷凯旋,3.5,单人面部SPA,88,3
so-beauty塑美颜皮肤管理中心,青山湖区,万达广场,3.0,气泡清透管理套餐,158,4
悦色SPA养生会所,青山湖区,万达广场,3.5,单人水忆深层保湿精华护理套餐,158,3
美颜星韩式半永久定妆,青山湖区,北京东路,4.0,单人设计眉型套餐,5,3
姬妍美甲,青山湖区,万达广场,5.0,单人无痛穿耳套餐,15,2
卡洛私人订制,青山湖区,北京东路,5.0,丽人化妆套餐,19.8,2
南昌盲人按摩（熊大师连锁店）,青山湖区,青山湖区,3.5,单人肩颈调理,58,2
清水湾足疗养生汇,青山湖区,上海路,3.5,单人清水湾尊享按摩,356,2
姿兰氏,青山湖区,南昌大学,4.0,面部深层补水,29.8,2
丹娜美容美体,青山湖区,名门世家,4.0,单人佳人五行生理气血循环套餐,108,2
nudeface皮肤管理沙龙,青山湖区,万达广场,4.0,超微水氧小气泡配综合皮肤管理,238,2
钕享瘦健康瘦身形体管理中心,青山湖区,京东大道,4.5,单人背部肩颈调理,128,2
素颜韩式定妆工作室,青山湖区,万达广场,5.0,单人深层清洁黑头套餐,128,2
FT皮肤管理·美甲美睫工作室,青山湖区,万达广场,5.0,单人深层清洁黑头套餐,128,2
克丽缇娜养生会所,青山湖区,京东大道,3.5,单人背部淋巴净排,99,1
Cao美甲美睫纹绣馆,青山湖区,万达广场,5.0,单人定型眉套餐（雾）,380,1
xk·妆园容貌管理,青山湖区,京东大道,3.5,单人水氧焕肤面部SPA,68,1
伊媛会美容养生（世贸店）,青山湖区,名门世家,4.0,背部养身套餐,128,1
康泽瘦身,青山湖区,青山湖区,3.5,丽人综合套餐,68,1
玛丽艳美容养生会所,青山湖区,红谷凯旋,4.0,面部排螨➕面部补水,78,1
女人·话题美容养生SPA会所,青山湖区,名门世家,3.0,背部SPA护理,20,1
悦微形象工作室,青山湖区,万达广场,4.6,单人韩式女神美丽眼睛线,1580,1
靓颜美容养生会所,青山湖区,下罗,3.5,单人胸部护理,35.9,1
思密达美甲美妆馆,青山湖区,北京东路,4.1,单人温和净肤套餐,99,1
靓颜美容养生会所,青山湖区,青山湖区,3.5,单人胸部护理,35.9,1
冰肌玉洁（湖滨店）,青山湖区,南昌大学,3.5,美容spa养生,99,1
MS微雕工作室,青山湖区,北京东路,5.0,单人根状明星眉套餐,399,1
冰肌玉洁（南大店）,青山湖区,南京东路,3.5,美容spa养生,99,1
馨美生活馆,青山湖区,青山湖区,3.5,单人水润白spa,88,0
韩博美容中心,青山湖区,北京东路,3.5,汗蒸单人10次,99,0
克丽缇娜（丰和新城店）,青山湖区,铜锣湾广场,4.0,护理A套餐,88,0
指手画脚▪美睫▪纹绣,青山湖区,北京东路,4.0,单人韩式明星内眼线,268,0
MR美人国际眉眼唇工作室,青山湖区,上海路,4.6,单人亮眼美眸线,198,0
海韵美容SPA养生馆（红谷滩店）,青山湖区,秋水广场,3.5,十四经络调理套餐,78,0
常青藤女子养生馆,青山湖区,上海路,3.5,单人头部舒缓体验,158,0
春秋国际美容,青山湖区,南京东路,3.5,单人美白补水,79,0
克丽缇娜,青山湖区,名门世家,4.0,单人背部护理套餐,158,0
洛园国际专业皮肤管理,青山湖区,万达广场,4.0,单人面部深层补水保湿护理套餐,38,0
熊琪美颜馆,青山湖区,万达广场,4.4,单人晶瞳美目套餐,3980,0
香蔓丽儿美容院,青山湖区,北京东路,3.5,单人尊享护理套餐,198,0
思思美容中心,青山湖区,万达广场,3.5,单人脱’唇毛腋毛套餐,480,0
汎歌国际美容美体,青山湖区,北京东路,3.5,单人美容B套餐1份,99,0
颐和养元气健康咨询机构（金域名都店）,青山湖区,北京东路,4.1,养生A套餐,98,0
碧倩美容连锁,青山湖区,名门世家,3.5,单人超值补水套餐,28,0
coco美甲（coco nail）,青山湖区,上海路,4.3,单人MTS面部皮肤管理套餐,99,0
心妃.蔓丽艳（一店）,青山湖区,北京东路,3.5,单人精油开背体验,78,0
羽微形象设计,青山湖区,万达广场,5.0,单人精油SPA护理套餐,58,0
我的美丽会所,青山湖区,青山湖区,4.1,单人水氧黑脸护理套餐,368,0
洛仕琪国际造型（洛仕琪美容美发店）,青山湖区,名门世家,3.5,单人spa套餐,158,0
美人鱼美甲美睫馆,青山湖区,红谷凯旋,4.1,单人黑亮靓眼线套餐,680,0
天色美容SPA会所,青山湖区,铜锣湾广场,3.5,汗蒸套餐,138,0
心妃蔓麗艶（世纪风情店）,青山湖区,青山湖区,3.5,单人精油开背体验,78,0
晶angel美甲美睫形象社,青山湖区,万达广场,5.0,单人亮黑眼睫毛线套餐,588,0
美肤之家SPA养颜馆（洪都新村店）,青山湖区,青山湖区,3.0,单人背部放松套餐,29,0
英子美甲美睫纹绣（红谷滩万达莱蒙都会店）,青山湖区,万达广场,4.1,单人艾灸体验套餐,68,0
心瑜伽艾灸,青山湖区,万达广场,3.5,艾灸调理加肩颈疏通,88,0
香蔓丽儿美容养生会所,青山湖区,北京东路,3.5,基础补水套餐5次,298,0
天涵石养生SPA抗衰会所,青山湖区,南昌大学,3.5,单人岩盘浴1次,68,0
哈达·禅瑜伽,青山湖区,南京东路,4.0,瑜伽教练班,4500,0
Discover  Beauty美颜定制中心,青山湖区,万达广场,5.0,单人6D眉套餐,600,0
圣缘瑜伽,青山湖区,北京东路,3.0,水密码面部护理套餐,88,0
埃菲尔美甲美睫纹绣养生馆,青山湖区,万达广场,5.0,单人韩式美睫线,880,0
爱丽小屋（-丽彩体验店）,青山湖区,青山湖区,3.5,单人祛黑头套餐,15,0
天亿美 美甲美睫纹绣,青山湖区,万达广场,5.0,单人美睫线套餐,880,0
Am美甲美睫馆,青山湖区,万达广场,4.5,单人定型眉,588,0
云艳美容（3店）,青山湖区,京东大道,3.5,单人全身Spa套餐,120,0
格林美,青山湖区,万达广场,4.3,南昌格林美,58,0
欧诺美甲美睫工作室,青山湖区,北京东路,5.0,单人韩式美瞳设计,880,0
JS指爱你美甲美睫韩式半永久,青山湖区,万达广场,5.0,Seven老师单人韩式内眼线,980,0
森海创意美甲工作室,青山湖区,上海路,4.8,单人暖宫保养套餐,48,0
汇豪养生,南昌县,南昌县,4.3,单人 保健足浴,65,104
金域足道养生汇,南昌县,南昌县,5.0,单人御方养生按摩1次（90分钟）,268,102
秀域古方减肥（梦里水乡店）,南昌县,南昌县,3.9,高科技生活美容单次体验课程,129,104
成功足道,南昌县,南昌县,3.6,单人尊享养生,198,89
莎奈儿国际美容私人会所,南昌县,南昌县,5.0,单人舒缓放松肩颈按摩+经络疏通套餐,45,88
盛源推拿馆,南昌县,南昌县,5.0,中式推拿,46,87
涵曦官方旗舰店,南昌县,南昌县,5.0,单人璀璨亮白护肤套餐,29.9,82
后宫足浴按摩会所,南昌县,南昌县,4.8,单人养生按摩套餐,288,77
琉璃宫足浴按摩会所,南昌县,南昌县,4.0,单人高级按摩养生套餐,398,73
苏曼美容工作室,南昌县,南昌县,5.0,单人芳香精油开背,28.8,73
琉璃时光美容SPA会所,南昌县,南昌县,4.2,面部补水-肩脖放松尊贵体验价,29.9,57
名媛足道养生会所,南昌县,南昌县,4.4,单人SPA按摩1次,270,56
成功水疗公馆（汇仁阳光花园店）,南昌县,南昌县,4.4,单人沐足套餐,49,55
情園足浴养生会所,南昌县,南昌县,3.9,单人养生SPA套餐,288,46
小晓美容美发（永通二店）,南昌县,南昌县,5.0,晓康艾灸,128,43
小晓美容养生会所（毕加索三店）,南昌县,南昌县,5.0,晓康艾灸,128,43
柔婷美容美体护肤中心（莲西店）,南昌县,南昌县,3.0,单人全息无水,128,39
柔婷美容连锁（维也纳店）,南昌县,南昌县,3.5,单人全息无水,128,39
马德里四站足浴按摩会所,南昌县,南昌县,4.3,单人经典足浴,58,38
nana半永久美颜管理中心,南昌县,南昌县,5.0,韩国小气泡深层面部清洁,68,35
美素皮肤管理中心,南昌县,南昌县,4.8,单人皮肤检测+韩国小气泡清洁皮肤管理,99,34
乔诗美生态订制美容馆（莲塘店）,南昌县,南昌县,3.5,单人 保湿补水 专业护理 套餐,38,33
爱尚雅典娜美容瘦身中心,南昌县,南昌县,5.0,五行经络塑形瘦身净排,59.9,23
天龍会足浴养生会所,南昌县,南昌县,3.0,单人高级养生按摩,388,21
万豪足疗会,南昌县,南昌县,3.5,单人精油SPA一次,158,20
指爱美甲美睫工作室,南昌县,南昌县,5.0,康婷、瑞倪维儿面部SPA套餐,50,19
玲珑梵宫（象湖店）,南昌县,南昌县,3.5,单人玉颜玲珑护理1次,538,18
邦豆专业祛痘连锁机构（莲塘旗舰店）,南昌县,南昌县,5.0,单人面部去黑头套餐,29.9,17
丽芙颜值管理中心,南昌县,南昌县,4.7,腋下/小胡子温和净肤无毛体验,1,14
明珠风情足道按摩养生spa水疗,南昌县,南昌县,5.0,单人   精品养生   套餐,298,11
sasa容貌管理中心,南昌县,南昌县,5.0,单人面部排毒套餐,35,10
简约素美颜高级定制,南昌县,南昌县,5.0,面部清洁护理套餐,28,8
佐登妮丝（澄湖路店）,南昌县,南昌县,3.5,背部有机深层舒压护理SPA护理,138,8
时光密码女子美容美体SPA会所,南昌县,南昌县,3.0,豪华熏蒸调养,38,5
完美尺寸减肥美容养生专一专业,南昌县,南昌县,3.5,单人身体疏通瘦身套餐,48,6
微微美甲美睫工作室,南昌县,南昌县,5.0,单人补水、美白面部护理,38,4
女人屋美甲美睫美容,南昌县,南昌县,5.0,单人拔火罐套餐,38,4
苗老祖专业祛痘连锁机构（莲塘店）,南昌县,南昌县,5.0,单人痘肌护理体验套餐,99,3
丽云皇宫,南昌县,南昌县,3.5,单人丽云皇宫冰点脱、腋毛套餐（包干）,880,0
立美国际SPA养生会所,南昌县,南昌县,3.5,单人养生套餐,98,0
梦之颜美容养生会所,南昌县,南昌县,3.5,单人温和脱毛,99,0
素美专业祛斑祛痘工作室,南昌县,南昌县,5.0,单人痘肌护理体验套餐,29,0
汇美芳生活馆,南昌县,南昌县,3.5,单人单次瘦身纤体套餐,40,0
碧波庭（莲塘店）,南昌县,南昌县,3.0,单人调理体验套餐,39,0
传奇世缘会所,南昌县,南昌县,3.5,单人足浴套餐,58,0
秀丽生活馆（2店）,南昌县,南昌县,3.5,代金券,88,0
郁金香时尚美容养生馆,南昌县,南昌县,3.5,基础美甲套餐,29.9,0
韩亚养生,南昌县,南昌县,3.5,单人1次汗蒸体验券1张,9.9,0
平心美容养生馆,南昌县,南昌县,3.5,单人玉颜玲珑护理,68,0
碧波庭养生馆,南昌县,南昌县,3.5,单人 身体调理,468,0
俏又俊形象会所,南昌县,南昌县,3.5,单人美瞳线体验套餐,398,0
医健盲人按摩院（丽景路店）,新建区,新建区,5.0,单人护理项目2选1,48,8066
云端.足浴spa指压,新建区,新建区,5.0,单人按摩套餐,290,5630
圣康盲人按摩（红谷滩店）,新建区,新建区,5.0,单人盲人按摩套餐,46,2843
逸轩摩卡足浴养生会所,新建区,新建区,4.6,单人逸轩按摩,290,2757
闲疗堂中医理疗馆（万达星城西区店）,新建区,新建区,5.0,基础推拿+刮痧+拔罐套餐,22,2645
闲疗堂中医理疗馆（怡园路店）,新建区,新建区,5.0,基础推拿+刮痧+拔罐套餐,22,2645
闲疗堂中医理疗馆（岭口路店）,新建区,新建区,5.0,基础推拿+刮痧+拔罐套餐,22,2645
闲疗堂中医理疗馆（绿湖豪城店）,新建区,新建区,5.0,基础推拿+刮痧+拔罐套餐,22,2645
闲疗堂中医理疗馆（万达星城东区店）,新建区,新建区,5.0,基础推拿+刮痧+拔罐套餐,22,2645
润足泉足道养生会馆,新建区,新建区,5.0,单人港式足疗按摩,99,736
利康盲人按摩,新建区,新建区,4.9,单人中式按摩套餐,41,721
熊氏正宗推拿,新建区,新建区,4.9,单人熊氏正宗推拿,39,509
紫气东来足疗按摩养生会馆,新建区,新建区,5.0,单人泰式按摩套餐,108,441
祖慈肩颈（万达华府店）,新建区,新建区,4.8,单人祖慈肩颈六法护理,99,430
苗医生祛痘（新建店）,新建区,新建区,5.0,单人深层毛孔通畅排油套餐,9,421
香薇妮丝女子减肥院（江西南昌解放路店）,新建区,新建区,5.0,单人十四经络御养全身经络净排养生体验套餐,88,353
红岭养生会所,新建区,新建区,3.5,单人养生按摩套餐,208,227
根之根盲人按摩,新建区,新建区,5.0,经络穴位单人按摩套餐,48,184
杨门女将足浴按摩会所,新建区,新建区,5.0,单人罗马指压按摩,288,183
西雅图养生会所,新建区,新建区,4.3,单人宫廷足浴,58,50
秋琳肚皮舞,新建区,新建区,3.8,单人三次体验卡,39.9,48
云顶天境足浴按摩,新建区,新建区,3.5,单人泰式按摩,168,45
香薇妮丝女子减肥院（红谷滩店）,新建区,新建区,3.9,单人十四经络御养全身经络净排养生体验套餐,88,44
医健小儿推拿,新建区,新建区,4.1,单人小儿推拿1次,108,42
谜尚美妆,新建区,新建区,4.3,单人明星眉套餐,388,40
柔婷美容美体护肤中心（新建2店）,新建区,新建区,3.4,单人全息无水,128,39
柔婷美容美体护肤中心（鹿景名居店）,新建区,新建区,3.5,单人全息无水,128,39
柔婷美容美体护肤中心（新建店）,新建区,新建区,3.5,单人全息无水,128,39
龙凤足道,新建区,新建区,3.4,单人古典泰式,108,37
洪光经络美容美体养生会所（绿湖豪城店）,新建区,新建区,4.8,单人洪光经络特色调理体验套餐,68,35
一手盲人按摩,新建区,新建区,4.5,单人中式推拿,41,35
棉柜会员纳米汗蒸美体养生馆,新建区,新建区,5.0,单人精油推拿+刮痧/拔火罐,48,33
美丽妈妈健康护理中心（万达华府店）,新建区,新建区,4.1,单人泰圣荷美胸套餐,58,30
伊美莱美容汗蒸养生馆,新建区,新建区,4.0,单人汗蒸套餐,20,28
御锦轩美容养生,新建区,新建区,4.8,原液补水/美白/套餐,98.7,27
千万回养生会所,新建区,新建区,4.0,单人按摩套餐,78,26
皇朝夜色足浴养生会所,新建区,新建区,4.1,单人尊享人生SPA,398,24
景昌养生按摩养生会所,新建区,新建区,4.3,单人按摩养生套餐  B,288,19
玲珑梵宫美容连锁机构（地中海会所）,新建区,新建区,3.0,单人玉颜玲珑护理1次,538,18
玲珑梵宫美容连锁机构,新建区,新建区,3.5,单人玉颜玲珑护理1次,538,18
王氏养生,新建区,新建区,4.0,王氏单人养生调理项目,99,17
金莎名媛美容养生会所,新建区,新建区,5.0,单人脸部护理,29.9,15
时代养生会所,新建区,新建区,3.8,单人精油按摩,198,13
爱丽美容小屋,新建区,新建区,4.1,单人尊享滋养面部护理套餐,98,10
名蘭会,新建区,新建区,4.2,单人全身护理A套餐,88,9
玉窈窕美容养生会馆（红谷中大道店）,新建区,新建区,5.0,单人女王滋养脸部护理套餐,128,9
今日有约养生会所,新建区,新建区,3.0,单人经典足浴,48,9
华鸿盲人推拿馆,新建区,新建区,3.0,单人中式按摩套餐,75,9
佐登妮丝（红谷滩店）,新建区,新建区,4.0,背部有机深层舒压护理SPA护理,138,8
美痧原养生馆,新建区,新建区,3.5,按摩套餐,36,7
1108韩式半永久,新建区,前湖南大,5.0,单人私人订制眉眼唇3选1,888,6
桜美汇,新建区,新建区,5.0,单人沙棘养生调理套餐,168,6
鼎艺美容美发,新建区,新建区,4.2,单人局部瘦身体验套餐,38,5
爱格瑜伽（红谷滩店）,新建区,新建区,3.5,单人体验次卡,29,4
邓氏名妍工坊美容养生馆,新建区,新建区,3.5,单人韩式砭石房汗蒸,20,4
邦豆专业祛痘（大道店）,新建区,新建区,3.5,超值水动力深层补水拔筋套餐,29.9,3
爱丽塔美容院（万达华府店）,新建区,新建区,3.5,福瑞达眼球SPA,198,3
校园第壹佳,新建区,新建区,4.3,香薰水疗,9.9,0
天人合美容养生馆,新建区,新建区,4.0,天人合美容养生馆单人护理套餐,100,0
玛丽艳美容养生馆,新建区,新建区,3.5,单人美体特价套餐,38,0
静美,新建区,新建区,3.0,单人补水套餐,48,0
涵美,新建区,新建区,3.5,全身SPA,80,0
阳光花园排毒养生会所,新建区,新建区,3.5,汗蒸代金券,45,0
真善美美容养生会所,新建区,新建区,3.5,单人绿色健康体验套餐,58,0
美尚美妆,新建区,新建区,5.0,单人温和净肤套餐,49,0
名屋瘦身终点站,新建区,新建区,3.5,单人五行经络代谢护理3次,99,0
爱尚美容瑜伽养生馆,新建区,新建区,4.1,美容套餐9选1,38,0
缔造国际造型,新建区,前湖南大,5.0,单人高端6D眉套餐,688,0
金DUO多素颜会所,新建区,新建区,3.5,单人净肤（单个部位）套餐,500,0
焦娇美人瘦身养生馆（新建县店）,新建区,新建区,3.5,单人胸部护理,198,0
香域皇宫美学生活馆,新建区,新建区,3.5,单人面部护理套餐,168,0
安然纳米汗蒸（花都店）,新建区,新建区,3.5,单人护理套餐A,98,0
心苑经络养生会所,新建区,新建区,3.5,单人护理套餐A,98,0
随美化妆品美容美甲实体店,新建区,新建区,4.7,单人补水套餐,28,0
韩之绣美甲美睫,新建区,新建区,4.8,单人时尚精致妆,18.8,0
克丽缇娜国际美容美体中心（克丽缇娜李渡店）,进贤县,进贤县,3.0,克丽缇娜水妍润泽单人焕美套餐,158,3092
玲珑梵宫,进贤县,进贤县,3.0,单人玉颜玲珑护理1次,538,18
金海浪浴场,进贤县,进贤县,3.6,单人养生SPA,148,2
伊露美妆养身会所,进贤县,进贤县,3.5,SPA套餐,120,0
