﻿商家,区域,商圈,星级,服务,价格,销量
世龙世家手足健康护理连锁（吕岭路店）,思明区,莲花,4.9,泡脚足浴+修脚护理单人套餐,9.9,26900
美丽田园（禾祥店）,思明区,思明区,3.5,单人美白/保养/紧致/保湿SPA套餐四选一,268,13576
美丽田园美容（建发•JFC品尚店）,思明区,会展中心,4.1,单人美白/保养/紧致/保湿SPA套餐四选一,268,13576
豪都商务休闲会所,思明区,文灶/火车站,5.0,单人若石足浴套餐,108,12669
大桶水（全国旗舰店）,思明区,体育中心,5.0,单人足浴大桶套餐,138,10956
素可泰主题SPA,思明区,松柏,5.0,单人泰式古法按摩套餐,198,10024
尚概念养生会所,思明区,前埔,5.0,单人中式推拿套餐,138,8989
行之本养生会所,思明区,中山公园,5.0,单人养生沐足套餐,98,6157
美肌工坊皮肤管理（厦门太平洋广场店）,思明区,松柏,5.0,单人-超微气泡去螨虫去黑头深层清洁,49.8,4390
世纪阳光（海景店）,思明区,思北路口,5.0,单人太极油压（大）+托玛琳汗蒸+自助餐,262,3838
富侨保健（后滨店）,思明区,思明区,5.0,单人足浴/指压套餐,78,3585
晋爵会SPA水疗游泳馆,思明区,海湾公园,5.0,单人游泳水疗SPA1次,75,3260
克丽缇娜（故宫店）,思明区,思明区,3.5,克丽缇娜水妍润泽单人焕美套餐,158,3043
克丽缇娜（五缘湾店）,思明区,思明区,5.0,克丽缇娜水妍润泽单人焕美套餐,158,3043
克麗緹娜（禾祥商城店）,思明区,思明区,4.0,克丽缇娜水妍润泽单人焕美套餐,158,3043
克丽缇娜（建兴店）,思明区,滨北,3.5,克丽缇娜水妍润泽单人焕美套餐,158,3043
煌家养生会所（嘉莲店）,思明区,莲花,5.0,单人中式足浴/中式推拿2选1套餐,118,2416
世纪阳光（南湖店）,思明区,南湖公园,5.0,单人五行指压推拿+托玛琳汗蒸+自助餐,255,2294
舒康汗蒸时代,思明区,明发商业广场,5.0,单人汗蒸,68,2110
金榜明爱盲人按摩中心,思明区,火车站,5.0,单人推拿套餐,83,1949
贵足缘足浴（中山路步行街店）,思明区,中山路/轮渡,5.0,单人特惠按摩足浴套餐,68,843
大脚丫文创养生（原羽东亭）,思明区,文灶/火车站,4.4,单人艾足浴,108,829
金瀚淋养生馆,思明区,火车站,4.8,单人至煌尊养生SPA套餐,268,820
苗医生专业祛痘祛斑连锁（明发店）,思明区,新景中心,5.0,单人深层清洁黑头套餐,39,764
世纪阳光（禾祥店）,思明区,思明区,5.0,单人太极油压(大) + 托玛琳汗蒸+自助餐,301,761
德颐堂推拿艾灸馆（故宫店）,思明区,思明区,4.8,单人资深推拿+磁石热敷,108,760
德颐堂推拿艾灸馆（滨北店）,思明区,滨北,4.8,单人资深推拿+磁石热敷,108,760
爱出色化妆造型（爱出色化妆造型）,思明区,罗宾森广场,5.0,单人日常美妆,49.8,739
五行堂足疗推拿,思明区,加州商业广场,5.0,舒适足浴单人套餐,59,703
韵聪盲人医疗按摩所,思明区,思明区,5.0,全身推拿按摩套餐,59,703
尚足坊足浴（中山路步行街）,思明区,中山路/轮渡,5.0,单人养生足浴套餐,68,692
时光美界美容SPA会所,思明区,新景中心,4.0,单人时光美界美容护理套餐,58,592
紫琪尔国际丰胸美胸机构（厦禾路店）,思明区,思明区,4.5,单人胸部养护套餐,398.8,570
精品足道足浴店（中山路步行街店）,思明区,中山路/轮渡,5.0,单人特惠足浴按摩,68,556
春和延足浴休闲会所,思明区,莲花,4.0,单人芳香奢享套餐,268,482
石兴凯减肥/美容/美体/养生(罗宾森购物广场店),思明区,罗宾森广场,4.8,单人石兴凯中式经络套餐,98,477
贵足足浴（中山路步行街店）,思明区,中山路/轮渡,5.0,单人精品足浴套餐,108,456
鑫金海岸盲人按摩,思明区,莲花,5.0,单人舒心套餐,63,404
荒漠甘泉盲人推拿,思明区,思北路口,5.0,单人专业推拿,66,394
明发园社区美容养生馆,思明区,前埔,5.0,单人艾灸、刮痧、拔罐套餐,38,384
纳米汗蒸美容美体塑身会所（龙山居店）,思明区,莲前西路,5.0,单人体验券,9.9,373
人生富足（中山路步行街店）,思明区,中山路/轮渡,5.0,单人鱼疗套餐,19.9,362
艾立健经络养生,思明区,加州商业广场,5.0,拔罐/刮痧,28,310
素锦小院,思明区,莲花,4.9,体验单人套餐,58,310
心灵之窗盲人按摩,思明区,莲前西路,4.8,单人盲人按摩刮痧走罐1次,68,287
众恩中医艾灸馆（金榜店）,思明区,文灶/火车站,5.0,单人综合套餐,128,276
如生足浴健康养生会所（金榜店）,思明区,罗宾森广场,5.0,单人经络油压,229,260
亚健康调理,思明区,加州商业广场,5.0,单人特色全身经络调理套餐,128,259
聚元堂盲人按摩,思明区,前埔,4.6,单人按摩体验套餐,65,250
时代脚吧,思明区,思明区,4.6,经典足浴套餐,48,234
山水足浴,思明区,思明区,4.8,经典足浴套餐,58,232
香港瑶芳专业祛痘（思北店）,思明区,思北路口,5.0,单人清痘2次,8.8,221
香港瑶芳专业祛痘（国贸店）,思明区,莲坂国贸,4.8,单人清痘2次,8.8,221
香港瑶芳专业祛痘（文灶店）,思明区,思明区,5.0,单人清痘2次,8.8,221
小小世界进口母婴游泳spa生活馆,思明区,明发商业广场,4.3,单人婴儿游泳全套SPA首次体验套餐,45,221
鑫淼房汗蒸馆,思明区,火车站,5.0,单人汗蒸,29.9,218
佳媛美容养生汗蒸会所,思明区,加州商业广场,5.0,单人汗蒸,12.8,179
明心堂养生文化中心,思明区,前埔,4.0,单人明心开背/推拿套餐,269,178
爱蓓丽娅科学美肤中心,思明区,思明区,4.9,无痛冰点脱毛,98,177
阳丹苗妮,思明区,加州商业广场,3.7,单人阳丹苗妮美容美体护理套餐,58,168
安然纳米汗蒸养生馆（东浦店）,思明区,火车站,5.0,体验单人汗蒸,19.9,165
祖慈肩颈（二市店）,思明区,思明区,3.5,单人祖慈六法调理服务套餐,198,156
祖慈肩颈（会展店）,思明区,会展中心,3.0,单人祖慈六法调理服务套餐,198,156
祖慈肩颈（前埔店）,思明区,前埔,4.0,单人祖慈六法调理服务套餐,198,156
祖慈肩颈（卧龙店）,思明区,莲前西路,3.5,单人祖慈六法调理服务套餐,198,156
伊人坊spa,思明区,新景中心,4.9,单人拔罐+艾灸,38,153
幽兰意境专业男士女子SPA,思明区,前埔,4.4,单人般若养生SPA,338,152
618足道推拿,思明区,厦门大学,4.2,单人足疗套餐,55,150
十方缘古法艾灸（明发店）,思明区,明发商业广场,4.8,单人拔火罐一次,15,140
华陀养生馆,思明区,七星乐都汇,5.0,单人香薰足疗套餐,158,140
歆雅美容生活馆,思明区,文灶/火车站,5.0,拔罐+背部舒缓+刮痧,50,136
雪芙spa美容,思明区,罗宾森广场,3.7,雪芙SPA美容护肤单人套餐,38,136
尚纯工作室,思明区,火车站,5.0,单人美甲套餐,49,129
富贵竹养生美容会所（豆仔尾路店）,思明区,斗西路口,4.1,汗蒸艾灸单人套餐,29.9,123
富贵竹养生美容会所（莲前西路店）,思明区,莲前西路,4.2,汗蒸艾灸单人套餐,29.9,123
魅感美容美甲养生会所,思明区,文灶/火车站,4.1,单人面部护理开背套餐,59,119
金领凯悦健身水疗会馆（育秀店）,思明区,体育中心,4.8,金领凯悦单人指压套餐,390,77
南洋调筋养生馆,思明区,莲花,4.5,单人精油推拿套餐,59,73
苗老祖专业祛痘（明发店）,思明区,明发商业广场,4.7,单人面部清洁护理套餐,32,73
苗方清颜专业祛痘机构（思北店）,思明区,思北路口,4.4,单人莹润透氧补水护理套餐,58,72
苗方清颜专业祛痘机构（湖明店）,思明区,南湖公园,4.2,单人莹润透氧补水护理套餐,58,72
苗方清颜专业祛痘机构（瑞景旗舰店）,思明区,瑞景商业广场,4.9,单人莹润透氧补水护理套餐,58,72
华侨酒店（四星）养生会所（中山路轮渡店）,思明区,中山路/轮渡,4.6,单人足浴套餐,68,71
水云涧美容SPA会所（卧龙会所）,思明区,莲前西路,3.6,水云涧单人背部spa按摩护理,198,70
水云涧美容SPA会所（莲花会所）,思明区,莲花,4.1,水云涧单人背部spa按摩护理,198,70
水云涧美容SPA会所（后滨会所）,思明区,思明区,4.8,水云涧单人背部spa按摩护理,198,70
伊美康瘦身美容养生馆,思明区,加州商业广场,5.0,单人拔罐除湿套餐,35,67
涵曦美容美体养生馆,思明区,松柏,4.4,单人开背净排套餐,58,66
sujie 半永久美甲美睫,思明区,观音山,5.0,单人深层补水套餐,28,65
清颜世家祛痘,思明区,禾祥西路沿线,5.0,祛黑头单人套餐,9.9,64
我的专属焕颜吧,思明区,文灶/火车站,4.5,单人面部补水,19.9,63
鹭江宾馆商务休闲会所,思明区,中山路/轮渡,4.8,单人中泰按摩1次,198,61
易美美容,思明区,加州商业广场,4.7,单人肩颈疏通,29.9,58
天使琪遇日式美容养生会社,思明区,思明区,4.7,单人全身SPA霸王餐,188,53
康美养生堂,思明区,思明区,5.0,单人布油+走罐+拔罐套餐,19.8,52
爱尚美甲,思明区,中山路/轮渡,3.8,睫毛嫁接,88,47
宾格护肤造型（前埔店）,思明区,加州商业广场,5.0,脸部/眼部护理（2选1）,58,47
凯萨会所,思明区,厦门大学,4.8,单人足浴套餐,118,44
HY国际美业协会皮肤管理,思明区,火车站,5.0,HY焕颜韩国小气泡综合焕肤套餐,188,43
小念念Ccup体验空间,思明区,文灶/火车站,4.6,单人美胸保养/乳腺疏通保养2选1,38,41
好心情上门服务按摩理疗中心,思明区,罗宾森广场,4.2,单人spa套餐,198,41
尚圈美学VIP体验中心,思明区,松柏,5.0,单人日常美妆/精致修眉设计/色彩形象搭配咨询3选1,68.8,41
好心情上门服务舒压理疗中心,思明区,中山路/轮渡,3.9,单人spa套餐,198,41
佩佩养生馆,思明区,南湖公园,3.9,单人油压推背,85,38
百泰推拿,思明区,卧龙晓城,4.4,单人拔罐,20,38
靓馨园美疗会所文灶店,思明区,文灶/火车站,4.7,单人水疗SPA+拔火罐套餐,58,35
c造杯体验空间,思明区,加州商业广场,4.2,单人美胸体验/乳腺疏通保养2选1,38,35
艾英灸疗,思明区,新景中心,5.0,单人体质调理艾灸套餐,68,35
丽颜塘上門舒压理疗中心（松柏店）,思明区,体育中心,3.5,丽颜塘SPA,258,35
丽颜塘上門舒压理疗中心（莲坂店）,思明区,卧龙晓城,4.7,丽颜塘SPA,258,35
丽颜塘上門舒压理疗中心（中山路店）,思明区,思明区,4.6,丽颜塘SPA,258,35
韩夫人,思明区,前埔,4.4,单人豪华汗蒸,15,34
欧亮美容美体spa馆,思明区,思明区,4.0,美甲单人套餐,58,33
五悦SPA护理理疗中心（轮渡店）,思明区,思明区,4.7,代金券,9.9,32
推昕堂盲人按摩,思明区,文灶/火车站,4.2,单人60分钟盲人按摩,70,32
禅一味中医养生馆,思明区,中山路/轮渡,5.0,禅式舒身推拿+拔罐套餐,68,31
Crystal韩式美颜定制（西堤店）,思明区,滨北,4.9,单人韩式无痕嫁接睫毛,158,31
小雅上门护理理疗中心,思明区,瑞景商业广场,4.6,单人spa套餐,218,30
小雅上门护理理疗中心（莲坂店）,思明区,莲坂国贸,4.0,单人spa套餐,218,30
梵缘瑜伽,思明区,五缘湾,4.1,单人梵缘瑜伽周卡一张,59,30
小雅上门护理理疗中心（鸿昇大厦店）,思明区,思北路口,4.0,单人spa套餐,218,30
脸博士美容中心,思明区,火车站,5.0,皮肤补水 夏日爽肤锁住青春,17,29
古城东路足浴店,思明区,思明区,4.2,单人经典足浴套餐,48,29
康瑞堂养生馆,思明区,南湖公园,4.8,中式推拿,68,28
都都美容SPA养生会所（瑞景店）,思明区,瑞景商业广场,3.5,单人美容护理套餐,128,27
卓玛上门服务舒压理疗中心（莲坂店）,思明区,明发商业广场,4.2,单人尊享spa护理,218,27
卓玛上门服务舒压理疗中心（滨北店）,思明区,滨北,4.0,单人尊享spa护理,218,27
鲲达保健,思明区,思明区,4.0,鲲达保健,37,27
卓玛上门服务舒压理疗中心（思北店）,思明区,中山路/轮渡,4.2,单人尊享spa护理,218,27
都都美容SPA养生会所（松柏店）,思明区,松柏,3.5,单人美容护理套餐,128,27
都都美容SPA养生会所（鹭江店）,思明区,思北路口,3.5,单人美容护理套餐,128,27
卓玛上门服务舒压理疗中心（会展店）,思明区,会展中心,5.0,单人尊享spa护理,218,27
美俪阿萨娜会所（瑞景店）,思明区,瑞景商业广场,3.9,单人肩颈舒压,88,19
大医馆,思明区,加州商业广场,5.0,单人头部或背部余氏特有调理推拿套餐（80分钟）,150,19
沐蝶美疗会所,思明区,思明区,5.0,单人背部除湿排寒减压2次,108,18
阿财盲人按摩（湖滨南店）,思明区,思明区,4.6,单次保健按摩,59.9,18
梦雅琳SPA,思明区,新景中心,5.0,面部护理单人套餐,68,18
东方美美容SPA会所（世茂店）,思明区,厦门大学,4.5,单人东方美登门服务香氛靓颜面部护理1次,198,17
御榕庄SPA养生堂（长青路店）,思明区,松柏,3.0,单人芳香调理,398,17
东方美美容SPA会所（禾祥西路店）,思明区,斗西路口,4.1,单人东方美登门服务香氛靓颜面部护理1次,198,17
御榕庄SPA养生会所（五缘湾店）,思明区,五缘湾,3.0,单人芳香调理,398,17
东方美美容SPA会所（君尚店）,思明区,会展中心,4.0,单人东方美登门服务香氛靓颜面部护理1次,198,17
极元艾疗,思明区,滨北,5.0,单人养生艾灸套餐,68,17
东方美美容SPA会所（嘉禾路店）,思明区,明发商业广场,3.6,单人东方美登门服务香氛靓颜面部护理1次,198,17
舒缇雅美容SPA会所,思明区,莲前西路,3.5,单人颈椎经络梳理调养,39,15
DSM BEAUTY,思明区,新景中心,4.6,单人美肌去黑头脸部套餐,68,15
七小姐美甲美睫,思明区,明发商业广场,4.2,七小姐单人化妆套餐,26.9,14
亚洲海湾SPA养生会所,思明区,环岛路黄厝海滨浴场,3.6,巴厘岛精油按摩,228,14
颜圈半永久美容工作室（厦门店）,思明区,罗宾森广场,4.4,单人MTS驻颜粉底1次,177,14
艾韵佳人中医美容SPA（原林园丽人）,思明区,加州商业广场,3.5,单人按摩SPA,49,14
基夫专业祛痘连锁机构（文灶店）,思明区,文灶/火车站,5.0,单人豪华清痘护理套餐2次,19.9,13
颐云道,思明区,思明区,4.5,单人中式推拿套餐,88,12
水の倾成美容美体spa馆,思明区,莲前西路,3.5,单人面部SPA护肤体验,29.9,8
顿宁古法艾灸（莲花分店）,思明区,莲花,3.5,单人古法艾灸1次（体验）,99,8
i尔美容美体,思明区,明发商业广场,4.2,i尔美容美体E光无痛永·久脱·毛,10,7
尊度养生,思明区,莲前西路,3.0,单人尊享养生套餐,185,7
轻松100养生会所（嘉禾路店）,思明区,松柏,3.5,单人精油芳香疏背,38,7
藏足馆推拿足浴（中山路店）,思明区,中山路/轮渡,4.0,单人藏足馆泡脚套餐,45,7
因@爱出色美甲纹绣工作室,思明区,瑞景商业广场,3.8,单人豪华种睫毛套餐,98,7
达摩养生,思明区,加州商业广场,3.5,单人全身经络调理＋颈椎达摩手法调理套餐,98,6
Admired美甲美容半永久美学馆,思明区,罗宾森广场,4.5,单人深层补水保湿焕肤,19.8,6
脉道养生堂,思明区,思明区,3.5,背部推拿套餐,69.9,6
厦门一素一梵spa美学香舍,思明区,明发商业广场,3.5,单人日式活力再生指法1次,169,6
BLING GIRL皮肤管理中心,思明区,思明区,5.0,单人小气泡皮肤管理,138,6
伊一美甲彩妆,思明区,明发商业广场,3.8,单人修手套餐,9.9,6
指藤花美甲纹绣瘦身馆,思明区,思明区,5.0,单人手部护理套餐,50,6
JESSIE婕熹皮肤管理中心,思明区,滨北,5.0,单人clean去螨虫、去黑头深层清洁3次,209,6
厦门黄岩美容机构,思明区,新景中心,3.5,韩式补水嫩肤1份,38,5
臻美美容美体,思明区,文灶/火车站,3.5,单人面部水疗套餐,38,5
TaTaChic美甲美睫半永久,思明区,明发商业广场,5.0,单人面部+肩颈+背部超值护理,298,5
颐聚轩中医养生,思明区,新景中心,4.1,单人艾灸调理套餐,58,5
克丽缇娜（湖光路店）,思明区,南湖公园,3.5,克丽缇娜单人超值套餐,98,5
吴师傅盲人按摩,思明区,文灶/火车站,3.5,单人推拿套餐,58,5
LadyMooi七月花火科技抗衰美容美睫中心,思明区,五缘湾,5.0,杏仁酸净化焕颜嫩肤面部管理,299,5
女人话题SPA美容会所,思明区,加州商业广场,4.4,单人脸部活颜水润提升护理1个月,98,4
泊兰专业美容养生会所,思明区,南湖公园,4.3,单人胸部卵巢护理,98,4
丽人田园美容,思明区,新景中心,3.5,单人水氧醒肤护理SPA,98,4
素言美学半永久定妆机构,思明区,思明区,5.0,单人超自然睫毛嫁接套餐,158,4
纤康美容,思明区,火车站,3.6,单人面部补水护理,29.9,4
佰莉妃美容养生所,思明区,斗西路口,3.8,单人北美热石spa,298,4
兰萍盲人推拿,思明区,南湖公园,4.0,精油开背,80,4
佳美美容瘦身工作室,思明区,思明区,4.5,单人局部净肤体验套餐,39.9,3
Well美丽定制中心,思明区,新景中心,5.0,单人美肤日常护理,168,3
伊周美甲会所,思明区,中山路/轮渡,5.0,伊周美甲会所四季美妆,39.9,3
玉燕琪美容会所,思明区,文灶/火车站,3.6,单人部位E光锄毛,9.9,3
芭提雅高端私人会所,思明区,思明区,3.5,芭提雅体验券,58,3
爱自己美人定制中心,思明区,思明区,4.0,单人眉型设计+修眉1次,9.9,3
梓艺馨美容SPA会所,思明区,莲坂国贸,3.5,单人艾灸+疏通经络套餐,68,3
恒美美工作室,思明区,松柏,4.3,单人日常美妆套餐,28.8,3
润初妍养生馆,思明区,加州商业广场,3.9,单人面部拨筋及腹部火灸,198,3
艾医堂专业艾灸调理中心,思明区,白鹭洲公园,3.5,单人艾灸推拿套餐,148,3
简爱瘦身养颜会所,思明区,文灶/火车站,3.5,单人五行纳米养生罐,9.9,3
艾美美甲,思明区,加州商业广场,5.0,单人面部SPA护肤,60,3
仁森经络养生健康会所,思明区,禾祥东路沿线,3.5,单人面部护理及微雕,29.9,3
从梦美容养生馆,思明区,文灶/火车站,3.5,单人经络疗,88,3
茱丽摩雅,思明区,思明区,3.5,单人茱丽摩雅28Days细胞级护理特惠体验套餐,98,2
涵曦厦门Annie紧急瘦体验店,思明区,文灶/火车站,4.5,涵曦单人纤姝三分钟瘦身,98,2
金凯诗瑜伽舞蹈中心（厦门大学店）,思明区,厦门大学,4.0,单人少儿小主持人课程体验,29.9,2
缔奇美容（禾祥西店）,思明区,莲花,4.5,单人面部补水养颜套餐,68,2
少阳厘正轩保健馆,思明区,松柏,3.0,刮痧套餐,28,2
松阳艾灸养生会所,思明区,思北路口,3.5,单人宫寒暖宫灸,75,2
足安堂,思明区,前埔,3.9,单人泡脚套餐A,35,2
汝美会所,思明区,前埔,3.5,单人RF射频紧肤,69,1
唯美抗衰养生,思明区,斗西路口,4.5,嫩肤补水单人套餐,58,1
奈奈NanaNail日式美甲美睫护理专门店,思明区,滨北,5.0,单人日式提拉+细胞修护套餐,368,1
艺施涟依,思明区,海湾公园,3.5,5D塑形,298,1
艺施涟依（滨北店）,思明区,滨北,3.5,5D塑形,298,1
美公馆美容订制,思明区,火车站,4.9,单人腋下净肤,99,1
韩辰怡美容会所,思明区,滨北,5.0,单人水氧皮肤管理,98,1
香色原创形象设计室,思明区,会展中心,4.1,人香色单精致婴儿深层补水套餐,38,1
婕雅美睫工作室,思明区,瑞景商业广场,3.5,腋下净肤包干套餐,398,0
克丽缇娜国际美容中心（镇海店）,思明区,厦门大学,4.0,单人克丽缇娜尊贵套餐,168,0
树一派·名媛馆（前埔店）,思明区,前埔,3.0,秋季美白养生单人套餐,128,0
宜和健康美容中心,思明区,体育中心,3.5,洪光经络刷|背/肝胆/心包大肠,38,0
柒7美容养生连锁,思明区,罗宾森广场,4.3,单人全身舒缓SPA放松护理套餐,199,0
蝶翼汗蒸美容SPA养生馆（卧龙晓城）,思明区,莲前西路,3.5,单人美容套餐1次,29,0
爱森活美容（嘉盛店）,思明区,加州商业广场,4.2,单人豪华五行经络SPA套餐,218,0
小瑭纹身,思明区,文灶/火车站,4.0,单人黑色10*10厘米字母任选,560,0
俏佳人美容美体瘦身馆,思明区,新景中心,3.5,单人肩颈疏通,68,0
缔奇美容（嘉盛豪园店）,思明区,加州商业广场,5.0,单人水润面部护理,68,0
馨·然,思明区,七星乐都汇,4.5,面部精致护理+身体护理套餐,88,0
贝颜美容厦门连锁中心（厦门新景店）,思明区,新景中心,3.5,单人单次基础清洁加MTS护理,98,0
美丽空间,思明区,文园路,3.0,单人美甲套餐,19.9,0
羽茜美容美体养生馆,思明区,厦门大学,3.5,养生护理套餐,88,0
树一派女子护肤中心（帝豪店）,思明区,思明区,3.0,秋季美白养生单人套餐,128,0
妙一馆,思明区,会展中心,3.5,单人解酒茶套餐,30,0
妍延形象半永久艺术定妆-舟扬,思明区,思北路口,3.5,单人美睫线套餐,1399,0
优滋曼SPA养生会所,思明区,瑞景商业广场,3.5,单人豪华艾灸套餐,68,0
阿胜精油,思明区,前埔,3.5,单人全身精油淋巴SPA护理,88,0
厦门玉馨蓉美容,思明区,莲花,3.5,单人豪华远红·外·线养·生能·量护理,29,0
碧悦美容会所,思明区,瑞景商业广场,4.5,单人单次气泡清洁体验,198,0
树一派·美容馆（上李店）,思明区,观音山,3.5,秋季美白养生单人套餐,128,0
T_Magic半永久美妆机构,思明区,新景中心,3.5,代金券,10,0
波姿美容美甲SPA馆（瑞景店）,思明区,瑞景商业广场,3.0,单人百款指甲套餐任选,100,0
自然美（小学路店）,思明区,思北路口,3.0,单人美容套餐,158,0
爱睫物语（厦门店）,思明区,中华城,5.0,小气泡深层清洁护理,358,0
童颜无际皮肤管理中心（裕盛园店）,思明区,禾祥东路沿线,4.2,肌肤水氧护理,98,0
幽澜美容美体养生会所,思明区,海湾公园,3.0,美容养生套餐,80,0
玺尔美国际,思明区,思明区,3.5,玺尔美国际单人中胚祛斑抗过敏护理,88,0
孝熙国际皮肤管理中心,思明区,新景中心,4.9,LED光照套餐,198,0
SHE｜蘇妍半永久,思明区,莲坂国贸,3.5,单人艾灸养生体验,45,0
觅薇羽美甲美容,思明区,思明区,4.9,单人眉眼唇设计1次,1,0
艾伦美甲,思明区,思明区,3.5,单人3D烫睫毛1次,48,0
诗沐蔻丝美学中心IRIZY美睫艺术空间,思明区,思北路口,5.0,奢华黄金焕肤体验,399,0
八正道,思明区,松柏,3.5,单人艾灸1次,38,0
雪芙SPA·美容·汗蒸,思明区,罗宾森广场,3.0,汗蒸体验卡单人套餐,26,0
艾薇美甲美容（禾祥西店）,思明区,思明区,3.5,单人水光焕颜面部护理,288,0
红桂坊上门推拿按摩服务部,思明区,思北路口,3.5,单人古典泰式按摩,200,0
蕾小姐化妆美容会所,思明区,松柏,3.5,单人写真/舞台妆1次,98,0
媚蒂芬国际美容美体（禾祥西路店）,思明区,思明区,4.0,单人水光焕颜面部护理,288,0
岁愉鑫美疗会所,思明区,思明区,3.5,单人单次蒸蒸日上套餐,88,0
守田健康传承,思明区,莲花,3.5,单人腹部调理,218,0
张玉珊修身堂,思明区,新景中心,3.5,焕颜新生 纤面v脸单人体验1次,280,0
安妮公主美甲店,思明区,文灶/火车站,4.0,单人首次体验美容3选1,68,0
4u私人订制沙龙,思明区,思北路口,5.0,单人奢华手脸湿润提拉护理套餐,88,0
莊丽美,思明区,斗西路口,3.5,单人美容套餐,68,0
爱馨美容美体生活馆,思明区,加州商业广场,3.5,单人碧波庭肩颈护理,59,0
梦黛spa（明发商业广场店）,思明区,明发商业广场,3.5,单人护理套餐,99,0
乐薰健康管理,思明区,南湖公园,4.0,调理艾灸,38,0
id国际美颜定制机构（厦门店）,思明区,厦门大学,3.5,单人韩式皮肤管理,388,0
Hello colour美甲生活馆,思明区,莲花,4.6,单人深层补水护理,68,0
艺姿美甲（莲花店）,思明区,莲花,3.5,美睫单人套餐,88,0
威斯汀酒店天梦水疗,思明区,体育中心,3.0,天梦水疗代金券,60,0
娇气猫厦门站（厦门站）,思明区,卧龙晓城,3.5,美容代金券,95,0
ANI美甲美睫半永久,思明区,思明区,3.5,单人美妆造型1次,399,0
CAMILLE 日式美甲美睫-皮肤管理,思明区,思北路口,4.0,深层祛黑头单人套餐,88,0
winner韩式半永久工作室,思明区,卧龙晓城,3.5,单人韩式面部护理,128,0
"树一派,名媛馆（卧龙店）",思明区,卧龙晓城,3.5,秋季美白养生单人套餐,128,0
藏仁堂足浴保健馆,思明区,思明区,3.0,单人藏仁堂足浴指压,98,0
咔咯啦美甲美睫半永久工作室,思明区,火车站,5.0,单人韩国微泡综合套餐,178.7,0
郑远元专业修脚房（南山路店）,湖里区,湖里公园,3.9,郑远元单人舒克脚腾片,50,119
丽雅轩汗蒸美容养生会所,湖里区,金尚/祥店,5.0,单人汗蒸体验,25,118
秀域古方减肥（永年店）,湖里区,湖里公园,4.0,高科技生活美容单次体验课程,129,103
秀域古方减肥（凯悦店）,湖里区,金尚/祥店,4.0,高科技生活美容单次体验课程,129,103
润足坊足浴（枋湖双十店）,湖里区,枋湖,5.0,单人润足小钟套餐,138,84
泉舜国医堂,湖里区,枋湖,3.5,养生推拿套餐,113,83
禧灸堂古法温灸养生馆,湖里区,金尚/祥店,5.0,单人穴位拔罐/经络刮痧2选1,68,83
799SPA养生会所,湖里区,湖里公园,4.9,单人一步登天SPA,499,77
苗老祖专业祛痘（SM店）,湖里区,江头,4.5,单人面部清洁护理套餐,32,73
苗方清颜专业祛痘机构（万达店）,湖里区,万达广场,5.0,单人莹润透氧补水护理套餐,58,72
水云涧美容SPA会所（祥店会所）,湖里区,金尚/祥店,4.4,水云涧单人背部spa按摩护理,198,70
水云涧美容SPA会所（万科会所）,湖里区,蔡塘广场,5.0,水云涧单人背部spa按摩护理,198,70
贝拉美容养生馆（五缘湾店）,湖里区,湖里区,4.8,单人贝拉美容养生馆刮痧/拔罐2选1,38,69
鑫汇堂足浴,湖里区,高崎机场,3.5,55足浴套餐,55,61
赫兰世家（厦门店）,湖里区,湖里公园,4.0,意芙尼单人SPA套餐,59,59
静雅康,湖里区,湖里大道,4.2,帝级尊享,188,58
指乐轩,湖里区,枋湖,3.8,指压,158,57
轩丽轩美容养生,湖里区,湖里公园,4.2,单人背部舒缓spa、拔罐、艾灸、刮痧4选2,29.98,55
简美韩式半永久.纹绣.美甲.脱毛,湖里区,万达广场,3.9,单人点痣(点)体验,1,53
宾格护肤造型（万达店）,湖里区,万达广场,5.0,脸部/眼部护理（2选1）,58,47
媚魔美甲半永久,湖里区,枋湖,4.6,单人手部植物胶美甲,48,43
安琪儿美容馆,湖里区,金尚/祥店,5.0,单人腰背部/乳腺/肩颈/卵巢保养4选1,58,42
禾塘足坊,湖里区,湖里公园,3.6,单人康体经络指压,108,34
涵艺美容纹绣,湖里区,塘边,5.0,单人背颈护理套餐,68,32
尚赫健康沙龙,湖里区,江头,5.0,肩颈调理,19,30
朗豪酒店「川」SPA,湖里区,万达广场,4.0,双人单次室内恒温泳池+健身券,328,29
脊柱梳理（源昌豪庭店）,湖里区,湖里公园,4.0,单次脊柱梳理舒缓养生套餐,58,26
如诗美人馆,湖里区,蔡塘广场,5.0,脸部补水护理套餐,48,26
清颜坊（五缘湾乐都汇店）,湖里区,五缘湾乐都汇,5.0,单人脸部清理护肤,39,24
万佳推拿扶元肩颈,湖里区,湖里区,4.7,单人推背刮痧拔罐,68,23
芳韵半永久纹绣.美容美甲美睫,湖里区,五缘湾乐都汇,5.0,单人拔罐/刮痧2选1,19.9,22
华秀家居美容养生馆,湖里区,国际邮轮中心,4.0,单人艾灸1次,18,22
自然美人化妆品美容（spa）,湖里区,高崎机场,4.4,单人面部护理套餐,99,18
颜舍美甲,湖里区,万达广场,5.0,单人韩式精美修眉1次,5,18
J.M纹绣美甲工作室,湖里区,万达广场,5.0,单人拔罐套餐,40,18
东方美美容SPA会所（湖里店）,湖里区,湖里步行街,4.9,单人东方美登门服务香氛靓颜面部护理1次,198,17
东方美美容spa会所（湾悦城店）,湖里区,五缘湾乐都汇,4.0,单人东方美登门服务香氛靓颜面部护理1次,198,17
甜心化妆造型,湖里区,枋湖,4.9,单人日常生活妆,45,17
清颜坊,湖里区,万达广场,3.5,单人清痘护理3次,298,16
肌蜜皮肤管理美甲会所（湾悦城店）,湖里区,五缘湾乐都汇,5.0,韩国水光美肌管理,168,14
舒丽园美容美发中心,湖里区,万达广场,3.6,单人护理套餐,108,12
完美女人半永久纹绣,湖里区,湖里步行街,3.8,拔罐或刮痧2选1,9.9,12
颐享 泰式庭院芳疗spa中心,湖里区,湖里公园,4.5,单人泰式尊享SPA组合,298,11
木吒专业减肥（金尚店）,湖里区,金尚/祥店,3.5,单人背部经络一次,38,11
艾比艺术美学,湖里区,江头,5.0,单人韩式定制,688,11
雅兰朵·美容美体SPA中心,湖里区,金尚/祥店,3.7,单人高级护理系列套餐一次,198,11
伊心美容养生会所,湖里区,江头,3.5,单人拔罐,18,10
净生堂维之秀养生会所,湖里区,江头,4.7,单人净生堂按摩汗蒸套餐,48,10
兴海岸盲人推拿,湖里区,金尚/祥店,4.6,中式套餐二选一,45,9
微微美甲半永久,湖里区,金山/蔡塘,3.9,单人眉形设计1次,1,9
飞燕美容养生SPA会所,湖里区,江头,4.0,单人韩国维娜面部三层清洁水疗套餐,88,9
千百丽SPA养生会所,湖里区,湖里大道,4.4,单人美容A套餐,58,9
优姿美容SPA养生会所,湖里区,翔鹭,4.9,单人面部养护套餐,98,9
Renew time私人皮肤管理,湖里区,五缘湾乐都汇,3.5,单人韩式气泡毛孔SPA,98,9
我敏美容美体,湖里区,国际邮轮中心,3.5,单人脸部护理+背部肩颈疏通套餐,58,9
renee睿妮韩式彩妆美甲管理机构（湖里店）,湖里区,湖里步行街,4.5,单人眉形设计+修眉,1,8
莎莎美spa美容,湖里区,湖里区,4.5,肩颈和暖宫纯艾灸各1次,68,8
御君阁,湖里区,湖里公园,4.1,奢享398,398,8
纤姿丽美容美体（吕厝店）,湖里区,江头,3.5,健康团购套餐,78,8
艺施美丽生活馆(万达广场湖里店),湖里区,万达广场,4.0,单人肩颈化结,198,8
悦享颜美容塑体管理中心,湖里区,万达广场,4.7,AquaPeel超微小气泡管理,228,7
印奈儿美甲手足护理机构SM店,湖里区,SM城市广场,5.0,生活/晚宴美妆套餐,49,7
蓝锋纳米汗蒸推拿馆,湖里区,湖里公园,4.2,单人手法按摩套餐,50,7
贵族韩蒸美疗会所（湖滨北路店）,湖里区,国际邮轮中心,4.3,单人冬季调理套餐,48,6
鑫美佳美容汗蒸养生,湖里区,金尚/祥店,5.0,单人豪华养生经络开背套餐,98,6
颜如玉女子养生会所（祥店店）,湖里区,金尚/祥店,4.2,单人面部特色扫黄/深层补水1次+肩颈2次+汗蒸5次套餐,198,5
美会阁美容,湖里区,江头,3.5,单人美容套餐体验,88,5
优品悦美容,湖里区,塘边,3.5,单人面部水疗,19.9,5
颜如玉女子养生会所（后浦店）,湖里区,江头,3.5,单人面部特色扫黄/深层补水1次+肩颈2次+汗蒸5次套餐,198,5
馨宁苑,湖里区,金尚/祥店,3.5,单人八卦旋磁艾灸套餐,19.9,5
壹美美容美体,湖里区,湖里公园,4.9,单人面部瑜伽拔筋,48,5
阁美容spa养生馆,湖里区,江头,3.0,单人美容套餐体验,88,5
后宫美业私人会所,湖里区,江头,4.7,单人艾纳菲微乳乐拍套餐,88,5
善美堂,湖里区,万达广场,4.5,单人特色面部艺术护理,118,3
汉方本草专业祛痘,湖里区,万达广场,4.7,单人毛孔疏通祛黑头套餐,39,2
康白金养生减肥国际连锁,湖里区,江头,4.0,单人肩颈保养2次,88,2
兴康盲人推拿,湖里区,SM城市广场,3.5,单人盲人推拿,62,2
三月阳光瑜伽馆,湖里区,湖里区,3.5,单人刮痧+拔罐+艾炙 （三选一）,48,2
茜薇kiki韩菲诗专卖,湖里区,国际邮轮中心,4.5,韩菲诗 深层卸妆湿巾25片装 携带方便 快速卸妆,1,2
初见·闺蜜生活馆,湖里区,金尚/祥店,5.0,单人韩式眼线设计套餐,999,2
韩佳人国际美学中心,湖里区,蔡塘广场,5.0,单人单次小气泡面部清洁体验套餐,158,1
妙耳堂耳灸养生吧,湖里区,塘边,3.5,扶阳温灸+引火归元灸,19.9,1
艾丽美甲美睫,湖里区,金尚/祥店,5.0,新娘妆套餐,288,1
艺施香舍（万达广场湖里店）,湖里区,万达广场,4.8,单人气泡净肤,198,1
艺施香舍（SM店）,湖里区,SM城市广场,3.8,单人肩部护理,128,1
喜来登SPA会所（嘉禾路店）,湖里区,江头,3.5,单人中式草本SPA套餐,640,1
纤丽雅高端美容中心,湖里区,湖里区,4.7,芦荟灌肤,158,1
姿馨美容美体SPA馆,湖里区,金尚/祥店,3.5,单人面部美容套餐一次,68,1
茜茜公主美甲美睫半永久,湖里区,金尚/祥店,4.1,单人生活妆/夜场妆/职业妆3选1,20,1
至尊名媛,湖里区,江头,4.7,面部+肩颈+胸部+明眸超值护理套餐,298,1
wu.韩国皮肤管理,湖里区,万达广场,3.5,单人面部刮痧补水套餐,99,1
Jolin美睫半永久私人订制,湖里区,江头,4.0,腋下/唇毛净肤体验套餐,28,1
纹艺国际美妆学院,湖里区,江头,3.5,单人美丽睫线,1080,0
语菲韩式半永久化妆,湖里区,江头,3.5,单人脱腋下毛,128,0
华美美甲馆（万达店）,湖里区,万达广场,3.5,单人眉形设计,10,0
唯美养生馆,湖里区,湖里步行街,3.5,单人豪华肩颈调理,39.9,0
延之美美容养身馆（江头店）,湖里区,江头,3.0,环保甲单人套餐,29,0
尚品style美容SPA,湖里区,湖里区,3.0,单人肌肤水润课程,98,0
奈曲尔韩式半永久美颜公馆,湖里区,蔡塘广场,4.5,单人肩部美白护理套餐,368,0
雪琪美容美体,湖里区,塘边,3.5,单人精品美甲套餐,60,0
艺琳美妆美甲美睫纹绣工作室,湖里区,江头,4.7,单人opt腋下净肤套餐,390,0
艾美酒店-健身房（艾美店）,湖里区,国际邮轮中心,3.9,天梦水疗代金券,60,0
水月美容会所（滨北凤凰名都店）,湖里区,国际邮轮中心,4.0,单人奢享体验套餐,58,0
淓元美容养生spa会所,湖里区,湖里公园,3.5,单人姜疗1次,38,0
馨.悦SPA美容养生会所,湖里区,五缘湾乐都汇,3.5,闺蜜双人美容套餐,328,0
嘉仪美容养身会所,湖里区,翔鹭,4.6,单人面部保养,168,0
莱梦莎美容养生会所,湖里区,湖里区,3.5,莱梦莎贵宾体验卡,198,0
树一派女子护肤中心（国贸店）,湖里区,金尚/祥店,3.5,秋季美白养生单人套餐,128,0
心灵天籁养生美容会所,湖里区,江头,4.0,单人护理套餐,49,0
魅莎MS美甲工作室,湖里区,万达广场,5.0,单人手部护理套餐,38,0
瘦身传奇,湖里区,金尚/祥店,3.5,3次托玛琳玉石汗蒸+艾灸,68,0
美丽思半永久艺术美妆,湖里区,金尚/祥店,5.0,温补艾灸,38,0
魔发时尚理发,湖里区,金尚/祥店,3.5,美容SPA单人套餐,58,0
天芝中式减压中心,湖里区,江头,3.0,面部护理/太极肩颈SPA单人套餐,28,0
丰悦养生会馆,集美区,华大/理工,4.0,单人丰悦双钟套餐,178,1342
丽海蓝天养生会所,集美区,宁宝/杏东,5.0,单人足浴1次,98,1291
乐海堂（乐海路旗舰店）,集美区,石鼓路/集美学村,5.0,单人足浴汗蒸自助,98,943
汉灸坊艾灸中医理疗馆（杏林店）,集美区,宁宝/杏东,5.0,单人拔罐/刮痧二选一,25,941
洪庄SPA美肤庄园（灌口店）,集美区,灌口/凤泉广场,3.9,休闲护理套餐,59,925
洪庄SPA美肤庄园（杏林店）,集美区,宁宝/杏东,4.2,休闲护理套餐,59,925
永德康盲人保健按摩馆,集美区,石鼓路/集美学村,5.0,盲人推拿按摩套餐,59,697
星之康盲人按摩馆,集美区,孙厝/诚毅/集大,4.6,盲人推拿按摩套餐,59,697
慧妍雅集美容时尚会所（杏林店）,集美区,宁宝/杏东,4.7,单人高级面部护理5选1套餐,68,640
喜乐乐足浴养生馆,集美区,杏南/月美池公园,4.6,足浴,88,604
家富富侨（杏林店）,集美区,宁宝/杏东,4.2,单人茶香沐足套餐,128,584
安然纳米汗蒸（沐清怡集美店）,集美区,霞梧/北区,5.0,单人汗蒸,25,447
乐海堂足浴（凤林路店）,集美区,嘉庚体育馆/凤林,4.2,单人精致足浴套餐,78,409
蘭美甲美睫馆（万达店）,集美区,集美万达广场,5.0,单人刮痧拔罐2选1,29.9,341
北京坤元堂分会（厦门店）,集美区,消防/日东,4.6,单人贵宾足浴,78,321
祖慈肩颈（杏林店）,集美区,宁宝/杏东,3.5,单人祖慈六法调理服务套餐,198,156
顺则昌盲人按摩,集美区,石鼓路/集美学村,5.0,单人按摩足浴2选1,59,153
梦黛佳美容美体spa,集美区,宁宝/杏东,4.1,刮痧/拔罐二选一,9.9,124
郑远元专业修脚房（文达路店）,集美区,宁宝/杏东,4.0,郑远元单人舒克脚腾片,50,119
黛颜莉美容养生SPA会所（集美店）,集美区,石鼓路/集美学村,3.5,单人护理套餐,188,94
粉黛蔻丹.美甲.美睫.化妆.编发.半永久,集美区,集美万达广场,3.8,单人精致眉形设计,9.8,5
瑶芳清颜专业祛痘（集美旗舰店）,集美区,集美,4.7,单人补水保湿1次,38,5
晶灿美容纤体SPA会所,集美区,石鼓路/集美学村,4.4,单人皇牌项目六部传奇1次,98,4
康丽美容美体连锁机构,集美区,宁宝/杏东,3.0,单人背部养生,69,4
晶灿美容纤体SPA会所,集美区,宁宝/杏东,3.5,单人皇牌项目六部传奇1次,98,4
亚昕美容养生会所,集美区,杏滨路海边美食街,3.5,单人拔罐,28,2
雪绒花韩式半永久美容中心,集美区,宁宝/杏东,3.5,单人睫毛嫁接,98,1
Sophia形象管理专门店,集美区,集美万达广场,5.0,（美立方）单次水光护理套餐,980,0
好轻松盲人按摩,集美区,石鼓路/集美学村,3.5,单人按摩套餐,40,0
雪儿美甲美婕半永久,集美区,霞梧/北区,4.0,单人面部清痘护理,66,0
冬天阳光健康会所（冬天阳光）,同安区,汀溪,3.8,阳光足浴康乐套餐,95,724
郑远元专业修脚房（同安磐金店）,同安区,同安老城区/钟楼,5.0,郑远元专业修脚养生套餐,28,538
美痧汗蒸养生馆（禹州大学城店）,同安区,同安,5.0,单人刮痧+拔罐,45,302
颜之道汗蒸美容spa馆,同安区,同安,5.0,纳米汗蒸,18,151
美之缘美容美体,同安区,同安老城区/钟楼,4.5,单人美之缘美容美体套餐一次,68,102
苗老祖专业祛痘（同安店）,同安区,同安老城区/钟楼,4.0,单人面部清洁护理套餐,32,73
小脚丫足浴,同安区,汽车站/城南/第三医院,3.8,足浴+精油开背,128,31
公园纹绣中心,同安区,同安老城区/钟楼,5.0,单人面部护理,29.9,22
兰馨紫spa馆,同安区,乐海城市广场,4.9,单人兰馨紫任选4项一次,88,20
百莲凯spa养生会所,同安区,汽车站/城南/第三医院,4.7,单人身体护理,38,17
御指堂养生馆,同安区,汀溪,3.9,单人足浴＋推拿＋开背套餐,108,4
百年痧道美容养心会所,同安区,汽车站/城南/第三医院,4.4,单人豪华汗蒸1次,9.9,4
亿家仁美颜养生会所,同安区,汀溪,4.1,亿家仁肩颈疏通套餐,98,2
魅力汇养生会所,同安区,工业集中区/梧侣/康亭,3.9,单人美容护理一次,19.9,2
慧缘spa馆,同安区,同安老城区/钟楼,3.0,单人普通面部护理1次,20,1
颜格,同安区,城西/祥平街道,3.0,单人全身保养套餐,98,1
白猫足浴,鼓浪屿,鼓浪屿,4.6,单人鱼疗套餐,15,36
张家鱼疗,鼓浪屿,鼓浪屿,4.5,双人行鱼疗,36.8,14
也猫足道,鼓浪屿,鼓浪屿,4.1,双人鱼疗套餐,30,9
