﻿商家,区域,商圈,星级,服务,价格,销量
香港之春（南沙店）,龙华区,南沙路,5.0,单人港式沐足1次,69.9,62593
香港之春（北京大厦店）,龙华区,国贸大道,5.0,单人港式沐足1次,69.9,62593
香港之春（国贸店）,龙华区,美源商业广场,5.0,单人港式沐足1次,69.9,62593
富侨足浴,龙华区,京华城,5.0,单人经典足浴1次,88,27882
珈和源养生会馆（世贸店）,龙华区,金贸西路沿线,5.0,单人百草足浴一次,79,20613
珈和源养生会馆（国贸店）,龙华区,玉沙路,5.0,单人百草足浴一次,79,20613
安然纳米汗蒸养生馆（悠生海华民声店）,龙华区,海口湾,4.1,单人养生汗蒸1次,26.8,18437
安然纳米汗蒸（昌茂时代天骄店）,龙华区,龙昆南路,5.0,单人养生汗蒸1次,26.8,18437
安然纳米汗蒸养生馆（金海广场店）,龙华区,金龙路,4.8,单人养生汗蒸1次,26.8,18437
安然纳米汗蒸养生馆（滨涯店）,龙华区,金盘,5.0,单人养生汗蒸1次,26.8,18437
安然纳米汗蒸养生馆（现代花园店）,龙华区,南沙路,4.8,单人养生汗蒸1次,26.8,18437
御指仙境（尚轩国际国贸店）,龙华区,国贸大道,5.0,指压按摩单人套餐,199,15160
御指仙境（尚轩国际濠江店）,龙华区,海秀中路,4.4,指压按摩单人套餐,199,15160
御指仙境（侨中店）,龙华区,海秀中路,5.0,指压按摩单人套餐,199,15160
御指仙境（龙华店）,龙华区,解放西/泰龙城,4.9,指压按摩单人套餐,199,15160
御指仙境（尚轩国际豪苑店）,龙华区,南站/南海大道,4.0,指压按摩单人套餐,199,15160
美丽田园（世贸店）,龙华区,金山广场,5.0,单人美白/保养/紧致/保湿SPA套餐四选一,268,13597
德福专业推拿养生馆（京华城店）,龙华区,京华城,5.0,单人专业正骨推拿1次,68,7009
新天足（龙华路）,龙华区,龙华区,5.0,单人推拿套餐,98,4797
新天足（世贸店）,龙华区,金贸西路沿线,5.0,单人推拿套餐,98,4797
珈和源养生会馆,龙华区,南沙路,5.0,单人百草足浴1次,80,4459
世纪缘养生会馆（金宇路店）,龙华区,金宇路,5.0,单人特惠茗品足疗套餐,79,3862
大唐美容养生会馆（解放西精品店）,龙华区,解放西/泰龙城,5.0,单人足疗放松按摩/专业肩颈调理/面部护理/头部拨筋【4选1】,49,3273
家富富侨健康会所（龙昆南旗舰店）,龙华区,龙昆南路,5.0,单人经典御足,108,3167
欣奕除疤（龙华店）,龙华区,解放西/泰龙城,4.5,去黑头：深层清洁+除粉刺+收缩毛孔+补水保湿,58,3111
克丽缇娜（富豪大厦店）,龙华区,玉沙路,4.0,克丽缇娜水妍润泽单人焕美套餐,158,3092
河南丽康专业推拿（国贸店）,龙华区,玉沙路,5.0,单人中式按摩套餐（含拔罐+刮痧）,62,2820
按麽易（京华城店）,龙华区,京华城,5.0,单人全身按摩1次,39,2688
一指堂河南专业推拿,龙华区,龙华区,5.0,单人推拿刮痧拔罐套餐1份,59.8,2389
精诚专业颈腰椎推拿保健,龙华区,龙华区,5.0,单人专业颈或腰推拿体验1次,68,1985
伊人阁美容养生馆,龙华区,京华城,5.0,伊人阁美容养生馆美护套餐,32,1985
足道原理养生会馆,龙华区,金山广场,5.0,单人推拿按摩套餐1次,178,1961
喜悦温泉水会,龙华区,金山广场,5.0,单人净桑+搓背套餐1份,118,1929
刘氏华艺堂,龙华区,南站/南海大道,5.0,刮痧拔罐艾灸,28,1931
河南人专业推拿（金龙路店）,龙华区,金龙路,5.0,单人全身推拿套餐,68,1848
御都国际（国贸店）,龙华区,国贸大道,4.8,单人御都国际指压（原278指压限时抢购138）,188,1593
红洋坊美容（大同分店）,龙华区,解放西/泰龙城,5.0,雪肤护理,28,1539
红洋坊美容（国贸分店）,龙华区,京华城,4.3,雪肤护理,28,1539
红洋坊美容（金宇路分店）,龙华区,金牛岭公园周边,4.6,雪肤护理,28,1539
水颜舫美会（海德路店）,龙华区,海德路,4.3,单人水颜舫美会肩颈保养套餐一次,39.8,1291
盈丰健康修身中心,龙华区,龙华区,5.0,单人全身按摩套餐1次,58,1271
新标榜,龙华区,京华城,5.0,单人爽身背疗1次,108,1179
玉莲池足道养生会所,龙华区,坡博村,4.7,单人情感御指（精品指压）,188,1167
仙指圣堂港派足浴指压（国贸店）,龙华区,金龙路,5.0,单人足健1次,108,1131
郑远元专业修脚房（南沙店）,龙华区,南沙路,5.0,单人经济型修脚套餐,27,1126
郑远元专业修脚房（龙华二横路店）,龙华区,龙华区,3.9,单人经济型修脚套餐,27,1126
指尚传奇养生会所（海秀店）,龙华区,海秀中路,5.0,单人指尚足疗1次,108,1120
河南永康按摩,龙华区,大同路沿线,5.0,全身按摩,58,1020
春天宫港派另类指压养生会所,龙华区,海德路,5.0,精品指压,138,914
珈和源养生会馆（龙华店）,龙华区,龙华区,5.0,单人古法推拿1次,108,895
优优光学美肤连锁机构,龙华区,国贸大道,4.7,单人温和脱毛体验,28,821
天依阁足浴养生会所,龙华区,友谊广场,5.0,单人魅力3星指压（新店促销）,158,809
华健理脊推拿养生馆,龙华区,金贸西路沿线,5.0,单人专业颈椎/腰椎正骨推拿+颈椎牵引1次,59.8,769
唐宫御指养生会馆,龙华区,龙华区,5.0,唐宫精品指压,118,765
海天宫水会,龙华区,龙华区,4.7,海天宫水会足疗/中式2选1套餐,58,681
康安泰砭石按摩理疗中心,龙华区,金山广场,5.0,单人砭石拔罐/刮痧2选1,58,578
摩指印象,龙华区,海秀中路,5.0,单人足浴套餐,138,532
御泉摩指印象养生会馆,龙华区,玉沙路,5.0,足浴印象,158,527
大文静养生堂（东沙分店）,龙华区,南沙路,5.0,单人文静艾叶养生升级版套餐【新品上线】,139,510
国色罗兰佩蒂,龙华区,龙华区,5.0,背部护理套餐,18.9,161
苗医生专业祛痘,龙华区,龙昆北路,5.0,单人痘肌专业护理套餐,19,158
宝慧王后（帝国总监店）,龙华区,美源商业广场,3.7,单人背部净排疏通+手部护理,68,157
尚雅尊品,龙华区,龙昆北路,4.3,单人尚雅中式推拿套餐1次【开业促销】,148,149
欣奥雅女子美容纤体养生空间,龙华区,海德路,4.8,单人特惠面部V脸护理,39,144
鑫龙源养生堂,龙华区,滨涯路,5.0,单人推油泡浴套餐,228,144
依依美容,龙华区,海德路,4.0,依依注水注氧,18.8,142
化之俏化妆美甲,龙华区,龙昆南路,5.0,单人韩式妆面造型,35,136
静轩养生馆,龙华区,京华城,5.0,单人肩颈调理+拔罐,68,132
功夫养生堂（滨涯新村贰店）,龙华区,南站/南海大道,5.0,单人修脚/拔罐/走罐/刮痧4选1,19.9,124
美肌专业美容美白补水祛痘,龙华区,金贸西路沿线,4.5,单人美白补水护理套餐,128,120
健心养生馆,龙华区,龙昆南路,4.9,单人拔罐1次,29.8,118
还原健康养生会所,龙华区,金贸西路沿线,5.0,单人碧波庭体验1次,68,104
清妃美颜坊—纯中草药熏蒸祛痘祛斑（金山小区店）,龙华区,滨涯路,5.0,单人中草本药美白补水/祛痘印/淡斑/细致毛孔/晒后修护5选1,68,101
艾菲艾灸美容养生馆,龙华区,金贸西路沿线,4.7,美容,28,101
花仙子美容美发（金龙店）,龙华区,金龙路,4.5,单人洗剪吹,58,100
秀健康养生会所,龙华区,龙华区,5.0,单人部分按摩（肩颈/胸部/卵巢）+拔罐/刮痧/艾灸套餐,38,97
黄金露经络养身机构,龙华区,海德路,4.1,单人肩颈或背部经络疏通+熏灸套餐,39.9,96
福康缘经络养生调理中心,龙华区,坡博村,5.0,经络排湿排寒,68,91
优生源健康养生馆,龙华区,海口湾,3.9,单人刮痧/拔罐/艾灸3选1套餐1份,29.9,90
成南堂艾灸馆,龙华区,龙华区,5.0,古法艾灸对症调理套餐60分钟单人,88,89
涵曦时闰美颜瘦身养生馆,龙华区,金盘,5.0,单人经络疏通套餐,9.9,91
殷康丽人spa会所,龙华区,上邦百汇城,4.7,肩颈调理➕面部SPA套餐,58,85
艾康养生堂,龙华区,玉沙路,4.9,艾康单人刮痧（拔罐）1次,19.8,83
河南康家专业推拿按摩中心（大同1店）,龙华区,大同路沿线,4.1,单人康家推拿套餐1次,58,77
伊梦圆（万国店）,龙华区,大同路沿线,4.3,单人肩颈背部舒压、魅丽涵养胸部或素肌嫩白面部,158,69
真善美美容养生会馆,龙华区,金龙路,4.9,单人肩颈调理+艾灸套餐,39.9,69
蒂娅绘甲,龙华区,京华城,4.3,单人蛋白蚕丝睫毛,168,69
馨愿养生馆,龙华区,上邦百汇城,4.9,单人特惠拔罐/刮痧套餐1次,19.9,67
瑶芳专业祛痘（金垦路店）,龙华区,国贸大道,4.9,单人瑶芳祛黑头护理套餐,38,58
瑶芳专业祛痘（龙华店）,龙华区,友谊广场,4.9,单人瑶芳祛黑头护理套餐,38,58
铭尚养生会馆,龙华区,龙华区,4.6,单人铭尚沐足1次,59,61
德寿堂,龙华区,金贸西路沿线,5.0,单人把脉,1,53
群立辉美容美体中心,龙华区,海秀中路,4.1,单人面部美容护理套餐,68,50
泡泡海景会所,龙华区,海口湾,5.0,单人海景经络调理1份,158,49
巧敏美容养生会所,龙华区,玉沙路,4.2,单人巧敏美容养生会所面部拨筋+眼部、颈部护理,58,47
金粉丽人美容汗蒸养生会所,龙华区,金山广场,4.7,单人碧波庭美胸套餐2选1+汗蒸1份,48,46
莉指美甲坊,龙华区,海垦路,5.0,单人面部补水套餐,48,13
JM SKIN伊莱国际皮肤管理中心,龙华区,京华城,4.5,单人Aqua plus人气明星小气泡水氧清洁定制水光套餐,498,13
隽觅食疗皮肤管理中心,龙华区,滨涯路,5.0,单人肩颈护理+艾灸,39.9,12
艾莎美甲,龙华区,解放西/泰龙城,4.8,艾莎化妆美甲美妆,20,12
花漾美丽美容会所,龙华区,京华城,4.6,国际皮肤管理面部护理京华城,88,11
爱丽丝美容美体养生馆,龙华区,京华城,3.7,单人精油王肩颈磁疗套餐1份,58,11
梦妮幻美容会所（国贸路店）,龙华区,国贸大道,4.0,梦妮幻微乐养生房,18,10
春园专业美容养生馆,龙华区,友谊广场,4.0,单人背部养生面部护理套餐,60,10
芦荟养发吧,龙华区,海德路,5.0,冰爽一夏养发护发,58,9
海口可诺丹婷美颜美体（解放西分店）,龙华区,解放西/泰龙城,3.8,单人可诺丹婷亮肤净排套餐,68,9
五彩阳光养生会所,龙华区,海秀中路,4.1,单人盐疗1次,35,9
海口可诺丹婷美颜美体（京华店）,龙华区,京华城,4.0,单人可诺丹婷亮肤净排套餐,68,9
何氏正骨推拿按摩,龙华区,龙华区,3.5,单人刮痧/拔罐,15.8,9
女王美容美甲会所,龙华区,南沙路,4.0,女王美容,59.8,9
奢龄美容养生会所,龙华区,京华城,5.0,面部保湿护理,68,12
一手堂中医内科门诊,龙华区,海秀中路,5.0,单人针灸,99,9
海口可诺丹婷美颜美体（富豪店）,龙华区,玉沙路,4.1,单人可诺丹婷亮肤净排套餐,68,9
简爱美甲,龙华区,上邦百汇城,4.2,单人美容面部美白补水套餐,38,8
Sister. 颜值管理中心,龙华区,国贸大道,4.9,单人面部SPA护理,25.9,8
瑾花塑颜会所,龙华区,金贸西路沿线,5.0,胸部疏通+淋巴净排,68,8
YIDI皮肤管理中心,龙华区,京华城,5.0,【特惠体验】韩式保湿锁水管理,68,7
涵曦美容瘦身体验馆,龙华区,龙华区,5.0,面部冰颜补水保湿刮痧套餐,9.9,7
天贶丽人养生会所,龙华区,金龙路,4.2,单人肩颈疏通保养,79,7
淘礼甲天下,龙华区,解放西/泰龙城,5.0,单人面部护理套餐,38,6
朗怡美容经络会所,龙华区,京华城,4.6,单人拔罐/刮痧2选1,49.9,6
花崎皮肤管理中心,龙华区,京华城,5.0,冰点OPT,198,6
益康经络养生馆,龙华区,金山广场,4.6,单人拔罐/刮痧2选1,9.9,6
洁梦美容经络养生馆,龙华区,金盘,4.2,单人蜂博士肩颈经络疏通4次,298,6
娇颜美容养生馆,龙华区,海秀中路,3.5,单人头疗（经络疏通）1次,19.9,5
左一美容,龙华区,金龙路,4.6,面部补水,48,4
唐艺纹绣,龙华区,金山广场,4.6,面部提升/瘦脸/紧致/补水,80,4
俏夫人养颜馆,龙华区,龙华区,4.0,俏夫人精油开背面部精护全套,48,5
金尚足浴养生会所,龙华区,龙华区,4.5,金尚油压,199,4
尚美屋美容室,龙华区,大同路沿线,4.5,面部刮痧,29.9,3
美纶美甲,龙华区,上邦百汇城,4.3,单人美纶睫毛一次,138,3
河南专业推拿,龙华区,金牛岭公园周边,4.1,晋康专业推拿套餐,98,3
汉妮自然美美容养生会所,龙华区,海德路,4.7,女性身体健康调理疏通项目4选1套餐,108,2
形象Style发型定制,龙华区,龙华区,5.0,单人单次生活妆,58,2
馨颜美业（馨颜美业）,龙华区,解放西/泰龙城,3.9,单人美甲套餐,28,2
安然纳米汗蒸养生馆（和信广场店）,龙华区,龙昆南路,4.3,单人汗蒸+胸部护理套餐,68,2
佳妍养生美容馆,龙华区,海秀中路,4.3,背部舒缓 面部补水,48,2
海口赫本美学工作室（海口分店）,龙华区,京华城,4.6,单人韩式眉套餐丝雾,880,2
河南康福专业按摩,龙华区,大同路沿线,4.0,古典推拿+精油开背,108,2
聚美时尚养生会所,龙华区,海口湾,3.0,肩颈保养,38,1
海口观澜湖度假酒店,龙华区,龙华区,4.7,海口观澜湖度假酒店 1 间夜+双人自助早餐+单人60分钟SPA一次,980,1
名媛汇美甲,龙华区,解放西/泰龙城,5.0,面部护理,38,1
韩国金麦专业皮肤管理中心,龙华区,龙华区,4.1,单人皮肤水分管理套餐,99,1
雅尚美容美甲会所,龙华区,龙昆南路,3.7,雅尚面部护理,78.9,1
百草芳香（金贸西路店）,龙华区,金贸西路沿线,3.0,肌底水润,38,1
金爻元美容经络养生会所,龙华区,龙华区,4.4,单人面部深层净排水疗套餐,68,1
紫花国际瘦身养生连锁会所,龙华区,京华城,4.0,单人美疗设备3选1+肩颈保养套餐,138,0
拉微时尚美甲会所,龙华区,万国大都会,4.8,单人痘肌护理/毛孔疏通套餐,69.8,0
小木屋美甲,龙华区,上邦百汇城,5.0,单人美睫线,680,0
闺蜜美甲,龙华区,玉沙路,5.0,日韩式唯美浪漫晚宴盘发造型,58.8,0
SOR祛痘中心（富豪店）,龙华区,玉沙路,4.6,脐疗,138,0
1Q美甲美睫馆,龙华区,京华城,5.0,单人单次腋下卸毛套餐,500,0
小宋美容美甲汇,龙华区,南站/南海大道,4.7,面部细胞补水激活 提升,98,0
bobo美甲室,龙华区,上邦百汇城,4.2,乳腺保养+卵巢保养,99,0
change私人童颜管理会所,龙华区,金龙路,4.0,会呼吸的睫毛,480,0
艾维美容店纹绣美甲减肥,龙华区,金山广场,4.5,单人美睫眼线套餐,488,0
鑫秋时尚美甲,龙华区,龙华区,4.4,单人面部清洁护理,50,0
海南美媛整形医学美容,龙华区,玉沙路,3.3,眉型设计,68,0
青春工厂护肤造型,龙华区,龙华区,3.5,背部经络疏通套餐,128,0
丽媛汇,龙华区,金龙路,3.0,单人护理1次,99,0
美丽不打烊专业美甲纹绣工作室,龙华区,上邦百汇城,4.5,美丽不打烊生活妆,38,0
安然纳米汗蒸养生馆（椰林路店）,美兰区,美兰区,5.0,单人养生汗蒸1次,26.8,18437
御指仙境（尚轩国际蓝天店）,美兰区,蓝天路沿线,4.0,指压按摩单人套餐,199,15160
御指仙境（御尚尊品豪门店）,美兰区,海甸岛,4.4,指压按摩单人套餐,199,15160
美丽田园（海航店）,美兰区,蓝天路沿线,5.0,单人美白/保养/紧致/保湿SPA套餐四选一,268,13597
美丽田园（海甸店）,美兰区,海甸岛,5.0,单人美白/保养/紧致/保湿SPA套餐四选一,268,13597
茜贝休闲会所,美兰区,蓝天路沿线,5.0,单人沐足养生套餐,78,5707
新天足（五指山路店）,美兰区,美兰区,5.0,单人推拿套餐,98,4797
大唐养生会馆（五指山店）,美兰区,美兰区,5.0,泰式单人按摩一次,93,3212
世纪龙养生会馆,美兰区,文明路/和平南路,5.0,单人佳品足浴,89,2267
水上莲沐足休闲会所（白龙北店）,美兰区,白龙路沿线,4.9,单人养生沐足套餐1次,59,2143
精妙手足堂,美兰区,海甸岛,5.0,精妙手足堂正骨推拿套餐,58,2059
康好盲人按摩,美兰区,美兰区,5.0,康好盲人按摩单人保健按摩一次,50,2025
美华国尊会所,美兰区,白龙路沿线,4.4,美华养生休闲会所单人泡浴3合1套餐,158,2000
红洋坊美容（海府分店）,美兰区,海府路沿线,5.0,雪肤护理,28,1539
红洋坊美容（国瑞分店）,美兰区,美兰区,4.5,雪肤护理,28,1539
红洋坊美容（江畔分店）,美兰区,滨江路,4.7,雪肤护理,28,1539
红洋坊美容（海甸岛分店）,美兰区,海甸岛,4.1,雪肤护理,28,1539
金棕榈国际SPA（名门店）,美兰区,美兰区,3.6,美容护理单人套餐,68,425
金棕榈南亚店,美兰区,海府路沿线,3.7,美容护理单人套餐,68,425
艳瑞女子养生会所,美兰区,海甸岛,5.0,单人玛萨伊美人护理,39,401
艳瑞女子养生会所（名门店）,美兰区,蓝天路沿线,4.2,单人玛萨伊美人护理,39,401
海口苗颜坊祛痘连锁（望海国际店）,美兰区,美兰区,4.9,单人健康净痘无痕套餐,108,381
海口苗颜坊专业祛痘连锁（海南大学店）,美兰区,海甸岛,5.0,单人健康净痘无痕套餐,108,381
海口苗颜坊专业祛痘连锁（名门广场店）,美兰区,美兰区,5.0,单人健康净痘无痕套餐,108,381
专业瘦身,美兰区,海甸岛,5.0,单人背部按摩刮痧\拔罐,58,380
阿凡堂,美兰区,海甸岛,5.0,单人传统中式推拿套餐,65,330
美雅芙美容美体SPA养身馆（名门广场店）,美兰区,蓝天路沿线,3.9,单人美雅芙开背+冰波套餐,78,324
美雅芙美容养生馆,美兰区,名门广场,4.1,单人美雅芙开背+冰波套餐,78,324
黎乡源养发连锁国兴总店,美兰区,美兰区,4.2,单人姜泥头部养发按摩,388,308
顺指传奇,美兰区,白龙路沿线,5.0,单人顺指全身油压1次,169,296
古秀堂美容养生会所,美兰区,海甸岛,5.0,单人古秀堂养生美容会所韩式面部SPA 套组一份,48.9,274
南江健身养生馆,美兰区,美兰区,5.0,南江健身养生馆单人优惠套餐,48.8,264
红妆美容（国兴分院）,美兰区,美兰区,5.0,六选二超值护理套餐,98,258
斯佳莉SPA美疗养生会所,美兰区,国兴大润发,4.4,1人水嫩透白美疗,39.8,140
素颜美容馆,美兰区,海甸岛,5.0,面部护理套餐,48,122
名人美容养生会所,美兰区,亿圣和广,4.4,单人面部全息经络调理/背部疏通2选1,38,119
三衡瑜伽养生馆,美兰区,海甸岛,5.0,单人刮痧＋拔火罐套餐,49.8,111
婧妍美容养生馆,美兰区,海甸岛,4.3,美颜保湿补水护理套餐,48,96
有一手中草药+汗蒸养生会馆,美兰区,海甸岛,5.0,单人拔罐/艾灸1次,15,97
Beauty UP皮肤年轻工作站,美兰区,国兴大道,4.5,零点七mm深层洁颜,89,91
河南按摩,美兰区,海甸岛,4.4,单人河南按摩全身推拿套餐1份,65,89
飞扬美容养生会馆,美兰区,文明路/和平南路,4.5,飞扬护理套餐,28.8,82
千寻方养生康复中心,美兰区,海甸岛,5.0,单人后背刮痧/拔罐＋捏肌＋通经透骨液热敷套餐,68,78
伊梦圆（南亚店）,美兰区,海府路沿线,3.5,单人肩颈背部舒压、魅丽涵养胸部或素肌嫩白面部,158,69
乐利来筋骨养护瘦身养生馆,美兰区,望海国际广场,5.0,单人拔罐1次,29.9,68
红妆医学美容门诊部,美兰区,美兰区,5.0,单人IPL光子嫩肤,299,68
水上莲沐足休闲会所（和平南店）,美兰区,文明路/和平南路,4.8,单人养生沐足套餐1次,59,67
康贝轩养生馆,美兰区,名门广场,5.0,单人拔罐/刮痧（2选1）【限时优惠】,39,67
碧波庭养生馆,美兰区,美兰区,4.3,单人背部+拔罐/刮痧套餐1份,58,64
歌莉斯兰女子SPA美容美体（国兴店）,美兰区,国兴大道,4.1,单人面部活细胞原晶液调养,388,62
歌莉斯兰女子SPA美容美体（福隆店）,美兰区,美兰区,3.9,单人面部活细胞原晶液调养,388,62
歌莉斯兰女子SPA美容美体（海甸岛店）,美兰区,海甸岛,3.9,单人面部活细胞原晶液调养,388,62
天美颜美容养生会所,美兰区,蓝天路沿线,4.2,单人肩颈保养套餐,38,61
鑫美儿美容养生馆,美兰区,美兰区,3.7,1人艾灸,9.9,26
不二中医养生馆,美兰区,海甸岛,5.0,单人汗蒸+面膜+刮痧+拔罐,69.9,25
s·cp皮肤管理中心,美兰区,海甸岛,5.0,小气泡水养嫩肤,68,23
缘生泰古方减肥养生馆（和平南路店）,美兰区,文明路/和平南路,5.0,单人拔罐/刮痧套餐1次,39,22
资医堂清颜专业修护斑疤痘,美兰区,美兰区,5.0,单人专业黑头（鼻子）护理套餐,38,21
闺蜜生活馆,美兰区,美兰区,4.4,单人拔罐,19,21
寇氏神罐减肥连锁（海甸三东路旗舰店）,美兰区,海甸岛,4.3,单人塑型廋身套餐,99,20
爱美丽纳米汗蒸馆,美兰区,海甸岛,5.0,单人肩颈调理,68,19
金格格私人瘦身养生馆,美兰区,海甸岛,4.3,单人LATOJA局部瘦身纤体五选一套餐,29.9,17
Win 女子美容养生会所,美兰区,国兴大润发,4.7,三伏天艾灸局部调理,38,15
还原健康馆,美兰区,海府路沿线,4.4,单人中式推拿,98,14
梦妮幻整形美容形象设计中心,美兰区,海府路沿线,5.0,脱毛激光冰点脱毛（腋毛或唇毛）超值优惠活动,38,14
佳旺我足浴休闲中心,美兰区,美兰区,3.5,足疗按摩40分钟,38.4,14
晓燕涵曦综合瘦身养生体验店,美兰区,南亚广场,4.6,单人艾灸套餐,28.8,12
芳芳美妆店,美兰区,明珠广场,4.7,苗芳毛孔疏,38,12
回阳艾专业艾灸馆,美兰区,海甸岛,4.3,单人小儿调理灸1次,78,10
一品国际养生馆,美兰区,海甸岛,5.0,单人养生套餐【暑假大促】,218,10
海口可诺丹婷美颜美体（海府店）,美兰区,海府路沿线,3.6,单人可诺丹婷亮肤净排套餐,68,9
海口可诺丹婷美颜美体（鑫源店）,美兰区,美兰区,3.8,单人可诺丹婷亮肤净排套餐,68,9
玉颜阁美容馆,美兰区,白龙路沿线,4.7,火罐／刮痧（2选1养生护理）,58,9
金洋修脚堂,美兰区,蓝天路沿线,5.0,单人精品修脚1次（开业特惠）,38,7
修身堂国际瘦身纤体养生馆,美兰区,海甸岛,4.1,单人修身堂眼部气血疏通,38,6
朝霞香,美兰区,海甸岛,3.5,单人泰式按摩,55,5
珍容阁,美兰区,白龙路沿线,4.3,美容护理+眼部护理,29.9,6
天卓889美容养生会馆,美兰区,美兰区,4.6,面部水晶护理,28,5
佳霖玉娜运动养身中心,美兰区,海甸岛,4.4,单人全身五行经络瘦身体验1次,43.8,4
Linda美业,美兰区,海甸岛,5.0,面部护理,38,4
思妍美容养生会馆,美兰区,白龙路沿线,3.5,面部深度保湿护理套餐,68,3
海口美兰康盛头道汤头疗养发馆,美兰区,海府路沿线,4.8,蜂毒单人背部刮痧,19.9,3
爱尚美妆,美兰区,白龙路沿线,4.7,单人面部护理套餐,38,2
三木堂皮肤管理中心,美兰区,明珠广场,4.7,无针水光/小气泡,80,2
恒美妆容管理中心,美兰区,美兰区,4.0,黑头清洁+注氧活肤管理套装,158,2
好口碑皮肤科医生工作室,美兰区,海甸岛,4.8,特价美白保湿护理体验,9.9,1
涵曦琦幻美颜馆,美兰区,美兰区,4.7,涵曦绮幻美甲,32,1
润姿香薰馆,美兰区,美兰区,4.2,香薰美容美体套餐,58,1
骏园纤体养生馆,美兰区,美兰区,4.5,单人黄金美容SPA,188,1
伊蕊专业美容院,美兰区,美兰区,4.7,单次面部SPA,58,1
观澜湖华谊冯小刚电影公社,美兰区,观澜湖/冯小刚电影公社,4.4,海口观澜湖度假酒店 1 间夜+双人自助早餐+单人60分钟SPA一次,980,1
百莲凯美容美体养生会所,美兰区,海甸岛,3.5,盛夏优惠来袭,100,1
伊美美业,美兰区,蓝天路沿线,4.9,单人韩式小图案套餐,188,0
Li 果美甲馆,美兰区,明珠广场,4.5,美瞳,680,0
名媛美容养生会所,美兰区,名门广场,3.9,面部植丽素护肤,49,0
涵曦瘦身美容修复中心（美兰店）,美兰区,美兰区,5.0,净肤补水面护4次月卡,188,0
娜莎福缕漂浮馆【死海漂浮体验】,美兰区,海甸岛,5.0,单人零重力漂浮SPA+瘦身按摩体验套餐3次,699,0
香港之春（琼州店）,琼山区,琼山区,5.0,单人港式沐足1次,69.9,62594
御指仙境（尚轩国际凤翔店）,琼山区,琼山区,3.7,指压按摩单人套餐,199,15160
水上莲沐足休闲会所（总店）,琼山区,琼山区,4.6,单人欧式按摩套餐1次（可留宿）,179,4393
摩指天堂,琼山区,中山南路,4.0,单人尊享指压按摩,129,2434
水上莲休闲会所（高登东店）,琼山区,高登街,5.0,单人欧式按摩,139,2274
壹家养生俱乐部,琼山区,琼山区,5.0,缦指全身按摩(可升级),199,2240
乐豪沐足养生会所,琼山区,凤翔路,5.0,单人艾草养生足浴,65,2172
和正养生堂,琼山区,琼山区,5.0,单人全身推拿,68,1869
海城,琼山区,琼山区,4.6,单人洗剪吹（资深总监）,58,1488
足凤凰养生会所,琼山区,高登街,5.0,单人凤凰推拿,98,1251
艾菲芭女子美容美体SPA馆,琼山区,琼山区,4.0,单人A B C套餐3选1,38,625
苗方清颜（龙昆南店）,琼山区,琼山区,5.0,苗方清颜单人清痘体验套餐,38,460
初颜纯中药祛痘祛斑美容馆,琼山区,红城湖,5.0,单人开背按摩+拔罐+刮痧/眼部保养+脸部刮痧+面膜选1,48,455
大鼎盛养生会所,琼山区,琼山区,5.0,1人专业养生推拿  颈椎推拿+中频+灯,38,424
十全久美养生会馆（振民店）,琼山区,琼山区,4.1,单人背部经络走罐+拔罐1次,29.9,408
琉璃时尚美容会所,琼山区,忠介路,4.6,单人芳香推背+拔罐/刮痧2选1,58,351
琉璃时尚美容会所,琼山区,海南工商学院周边,4.1,单人芳香推背+拔罐/刮痧2选1,58,351
红妆美容（龙昆南分院）,琼山区,琼山区,5.0,六选二超值护理套餐,98,258
蝶变美容养生馆,琼山区,红城湖,4.2,面部套餐二选一,38,235
美芯化妆美甲店,琼山区,琼山区,5.0,单人美妆生活妆,20,38
爱你·爱美丽 美甲,琼山区,忠介路,5.0,单人面部深层清洁补水护理,48,37
王燕平基锦女子会所,琼山区,琼山区,4.7,单人汗蒸,7.3,27
苗芳科颜专业祛痘,琼山区,琼山区,5.0,单人皮肤检测,1,26
蒋夫人生活馆,琼山区,琼山区,4.5,刮痧或拔罐2选1套餐,38,25
洛蔓依美容会所,琼山区,高登街,4.2,单人全身淋巴疏通+艾灸+面部补水套餐,68,21
施美美容美发,琼山区,红城湖,4.3,单人面部保湿养生套餐,150,16
美颜美容院,琼山区,忠介路,5.0,活泉补水+清洁毛孔,38,16
晶桦殿女子美容中心,琼山区,琼山区,5.0,单人胸部护理,98,11
JCO美发沙龙,琼山区,琼山区,4.0,脸部护理+面部净排+泰式洗头+面膜+眼膜,79,10
名爵瘦身美容养生会所,琼山区,红城湖,4.6,【体验特惠单】单人腰部塑形1次,99,9
艾美阁SPA养生会所,琼山区,琼山区,3.4,艾美阁SAP养生会所单人肩颈保养套餐,98,6
西子说皮肤管理中心,琼山区,中山南路,4.9,单人全身瘦身体验1次,38,3
红妆PS皮肤管理,琼山区,日月广场,5.0,幼肤宝宝四选一,66,2
艾络菲名媛SPA美容养生会所,琼山区,中山南路,4.0,单人全身美容SPA,198,1
绣美人,琼山区,琼山区,3.5,深层清洁皮肤管理,58,0
美丽绣坊美甲,琼山区,忠介路,3.9,单人韩式素颜美妆眉毛,368,0
忠義按摩,定安县,定安县,4.8,1人忠義按摩全身按摩+刮痧/拔罐一次,48,208
御指仙境（琼海店）,琼海市,琼海,4.1,指压按摩单人套餐,199,15160
郑远元专业修脚房（琼海新民街店）,琼海市,琼海,4.5,单人经济型修脚套餐,27,1126
郑远元专业修脚房（琼海人民路店）,琼海市,爱华东路,4.9,单人经济型修脚套餐,27,1126
大文静养生堂（银海路店）,琼海市,银海路,5.0,单人文静艾叶养生升级版套餐【新品上线】,139,510
荣丽美容养生会所,琼海市,爱华东路,4.1,荣丽美容养生会所面部拨筋改善肤色暗黄提亮肤色,36.8,110
闺蜜坊美甲,琼海市,德海路,3.7,单人韩式仿真嫁接眼睫毛,39.9,57
