﻿商家,区域,商圈,星级,服务,价格,销量
世龙世家手足健康连锁（解放路店）,历下区,解放路,5.0,泡脚足浴+修脚护理单人套餐,9.9,26911
宏伟推拿中心（建鑫花园店）,历下区,山大南/北路,5.0,单人宏伟盲人推拿足疗中心按摩4选1,59,15029
宏伟推拿中心（佛山苑店）,历下区,佛山街,5.0,单人宏伟盲人推拿足疗中心按摩4选1,59,15029
宏伟推拿中心（高新万达店）,历下区,高新万达广场,5.0,单人宏伟盲人推拿足疗中心按摩4选1,59,15029
宏伟推拿中心（历山路店）,历下区,山大南/北路,4.1,单人宏伟盲人推拿足疗中心按摩4选1,59,15029
宏伟推拿中心（东关大街店）,历下区,山大南/北路,5.0,单人宏伟盲人推拿足疗中心按摩4选1,59,15029
宏伟推拿中心（浆水泉店）,历下区,燕山地区,5.0,单人宏伟盲人推拿足疗中心按摩4选1,59,15029
宏伟推拿中心（明湖东路店）,历下区,大明湖,4.4,单人宏伟盲人推拿足疗中心按摩4选1,59,15029
美丽田园（美莲广场店）,历下区,齐鲁软件园,4.5,单人美白/保养/紧致/保湿SPA套餐四选一,268,13578
美丽田园(恒隆广场店),历下区,恒隆广场,5.0,单人美白/保养/紧致/保湿SPA套餐四选一,268,13578
美丽田园（银座店）,历下区,玉函银座,4.6,单人美白/保养/紧致/保湿SPA套餐四选一,268,13578
北派修脚（济南二店）,历下区,山大南/北路,4.9,单人北派足部套餐,28,12527
北派修脚（济南三店）,历下区,大明湖,5.0,单人北派足部套餐,28,12527
华夏良子（济南铁院店）,历下区,解放路,5.0,生命之禅全天通用单人套餐,138,11901
华夏良子（济南东环店）,历下区,山大南/北路,5.0,生命之禅全天通用单人套餐,138,11901
华夏良子（济南奥体店）,历下区,奥体中心,5.0,代金券,75,11126
华夏良子（济南解放桥店）,历下区,解放路,5.0,代金券,75,11126
华夏良子（济南养灸堂店）,历下区,奥体中心,5.0,代金券,75,11126
圣梦亲体美肤生活馆（中润银座店）,历下区,窑头路,5.0,单人美容美体项目3选1套餐,58,10509
欣奕除疤（东关大街店）,历下区,大明湖,5.0,去黑头：深层清洁+除粉刺+收缩毛孔+补水保湿,58,3107
克丽缇娜（济南明湖店）,历下区,大明湖,3.5,克丽缇娜水妍润泽单人焕美套餐,158,3053
锦程纳米汗蒸推拿减肥中心,历下区,高新会展中心,5.0,安然纳米汗蒸（今日特价）,13.8,2658
奥体四季泉城（四季泉城酒店）,历下区,奥体中心,5.0,单人休闲套餐,188,2496
良子（文化东路店）,历下区,文化东/西路,5.0,单人良子特级头疗套餐,106,2475
良子（解放东路店）,历下区,解放东路,5.0,单人良子特级头疗套餐,106,2475
莎蔓莉莎美容会所（文西会所）,历下区,佛山街,4.6,单人莎蔓莉莎贵人经典标准护理套餐,29.9,2367
莎蔓莉莎美容会所（黄金九九会所）,历下区,历下区,5.0,单人莎蔓莉莎贵人经典标准护理套餐,29.9,2367
莎蔓莉莎美容会所（明湖湾会所）,历下区,大明湖,4.6,单人莎蔓莉莎贵人经典标准护理套餐,29.9,2367
莎蔓莉莎美容会所（保利芙蓉会所）,历下区,大明湖,3.9,单人莎蔓莉莎贵人经典标准护理套餐,29.9,2367
莎蔓莉莎美容会所（黄金会所）,历下区,齐鲁软件园,5.0,单人莎蔓莉莎贵人经典标准护理套餐,29.9,2367
莎蔓香妃美白养生（恒大会所）,历下区,文化东/西路,4.9,单人莎蔓莉莎贵人经典标准护理套餐,29.9,2367
海木养生（解放路店）,历下区,解放路,5.0,单人海木天然养生（黄金场）,149,2074
海木养生（赛博店）,历下区,解放路,5.0,单人海木天然养生（黄金场）,149,2074
妙手推拿（赛博店）,历下区,解放路,5.0,单人项目5选1,54.9,2049
益民推拿足疗中心,历下区,燕山地区,4.6,单人益民推拿套餐五选一,60,1813
倾城养生馆,历下区,齐鲁软件园,5.0,韩式松骨单人套餐,189,1574
润养斋汗蒸养生,历下区,高新万达广场,5.0,单人汗蒸体验一次,13.8,1468
芯肤科技专业美肤痘肌护理中心（济南诚基中心店）,历下区,解放路,5.0,单人毛孔深度疏通净排痘肌护理套餐（轻中度）,79,1110
康宣堂推拿中心（山师东路店）,历下区,山师东路,5.0,单人足疗养生套餐,73,1004
泰圣荷泰国草本美胸国际连锁机构（济南明湖店）,历下区,大明湖,5.0,【轻度】胸部疏通缓解胀痛3次体验套餐,98,935
泰圣荷泰国草本美胸国际连锁机构（济南中心店）,历下区,芙蓉街,4.8,【轻度】胸部疏通缓解胀痛3次体验套餐,98,935
柔婷（燕翔店）,历下区,解放路,3.0,单人美容专业护理套餐1次,38,910
颐和堂保健中心（棋盘街店）,历下区,文化东/西路,5.0,单人保健套餐3选1,69,909
泉印spa美容养生（泉城路店）,历下区,恒隆广场,5.0,泉印水疗结肠SPA护理套餐,88,884
米子萱spa会所,历下区,山师东路,4.3,单人吉米美甲手护烫睫毛三选一套餐,29.9,882
乐享驿站（世茂店）,历下区,解放路,5.0,单人宫廷足道,138,839
乐勤推拿足疗（高新牛旺分店）,历下区,历下区,5.0,单人全身推拿一小时套餐,49.9,836
痘博士专业祛痘连锁机构（济南店）,历下区,历下区,4.6,单人祛黑头套餐（请电话预约）,98,731
克丽缇娜（开元店）,历下区,燕山地区,3.5,单人身体SPA超值套餐,88,711
M-Y Dance舞蹈工作室,历下区,解放路,5.0,成人零基础舞蹈瘦身体验课9选2爵士/钢管,6.6,680
山东大厦东方益spa华夏良子旗舰店,历下区,玉函银座,5.0,足部全息白天场单人套餐,138,642
高手推拿中心,历下区,历下区,5.0,单人全身推拿一次,59,587
老大的幸福健康足疗（华兴大厦店）,历下区,文化东/西路,5.0,老大的幸福单人套餐,118,583
富侨足道（山大南路店）,历下区,山大南/北路,5.0,单人泰式保健套餐,158,556
尚足行天下（浆水泉店）,历下区,燕山地区,5.0,尚通宝单人养生套餐,139,546
医盛堂修脚足疗推拿（甸柳片区文东店）,历下区,文化东/西路,5.0,泡脚修脚单人套餐,21.9,495
博杏霖中医门诊部,历下区,解放路,5.0,杏霖传统推拿+艾灸,60,497
医盛堂修脚足疗推拿（泉城路店）,历下区,大明湖,5.0,泡脚修脚单人套餐,21.9,495
家和堂传统推拿理疗,历下区,窑头路,4.5,单人推拿调理套餐4选1,48.8,481
康韵堂康复推拿中心,历下区,高新会展中心,5.0,单人拔罐,9.9,456
初缘专业减肥养生（华龙路店）,历下区,历下区,5.0,单人单次艾灸驱寒排湿,1,449
初缘专业减肥（山大南路店）,历下区,山大南/北路,4.6,单人单次艾灸驱寒排湿,1,449
平安堂中医推拿（吉祥店）,历下区,解放路,4.1,局部推拿套餐,28,435
平安堂（友谊店）,历下区,窑头路,4.2,局部推拿套餐,28,435
永久健康推拿足疗中心（二店）,历下区,解放路,5.0,单人套餐,39,431
永久健康连锁推拿足疗（一店）,历下区,山师东路,4.9,单人套餐,39,431
苗方清颜（中润店）,历下区,窑头路,5.0,私人打造单人体验套餐A,39,424
苗方清颜专业祛痘（高新店）,历下区,高新会展中心,5.0,私人打造单人体验套餐A,39,424
思妍丽（银座商城店）,历下区,佛山街,3.7,原花香水润升级DR Bio多肽护理,288,390
灸中灸艾灸养生中心,历下区,燕山地区,4.3,养生套餐,79,360
兰汇祛痘瘦身连锁机构（中润店）,历下区,历下区,3.9,单人祛黑头套餐,16.8,350
兰汇祛痘瘦身连锁机构（解放桥店）,历下区,大明湖,4.3,单人祛黑头套餐,16.8,350
兰汇祛痘瘦身连锁机构（高新店）,历下区,高新会展中心,4.5,单人祛黑头套餐,16.8,350
兰汇祛痘瘦身连锁机构（浆水泉店）,历下区,历下区,4.5,单人祛黑头套餐,16.8,350
宏伟推拿中心（和平路店）,历下区,山师东路,4.6,单人推拿/足疗/刮痧拔罐/修脚4选1,56,345
九零推拿,历下区,大明湖,4.9,单人拔罐1次,14.9,342
敏康推拿工作室,历下区,文化东/西路,5.0,单人全身推拿1次,45,313
宏伟推拿中心（解放路总店）,历下区,解放路,5.0,全身推拿+足疗+刮痧拔罐,199,292
颐清堂国际美容养生连锁机构（泉城路店）,历下区,恒隆广场,5.0,单人颐清堂身体调理套餐一次+刮痧/拔罐,38.6,276
合顺堂推拿,历下区,历下区,5.0,全身推拿/足疗,50,250
樊先生,历下区,世茂国际广场,5.0,单人精致修眉+眉型设计,5.9,240
苗方净颜专业祛痘（济南店）,历下区,山师东路,5.0,单人祛黑头套餐,5.8,239
爱·璎珞美甲美睫（泉城广场店）,历下区,恒隆广场,4.0,单人韩式美瞳线1次,168,238
法国ENSO恩索国际美妆纹绣（沃尔玛总店）,历下区,恒隆广场,5.0,单人韩式美瞳线1次,168,238
法国ENSO恩索国际美妆纹绣（高新万达店）,历下区,高新会展中心,4.9,单人韩式美瞳线1次,168,238
法国ENSO恩索国际美妆纹绣（山师店）,历下区,山师东路,5.0,单人韩式美瞳线1次,168,238
扬州脚艺,历下区,解放东路,5.0,修脚单人套餐,19.9,229
老姜盲人推拿,历下区,历下区,5.0,单人推拿套餐,49,229
阿丘彩妆潮品造型,历下区,大明湖,3.8,9.8彩妆造型,9.8,218
李氏正骨推拿,历下区,山大南/北路,5.0,单人刮痧/拔罐一次,9.9,214
富侨足道（二环东路店）,历下区,山大南/北路,5.0,单人泰式养生+洗浴+托玛琳汗蒸套餐,168,212
乐享驿站（燕子山店）,历下区,燕山地区,4.6,宫廷足浴,138,207
国医筋骨堂,历下区,高新会展中心,4.9,单人拔罐刮痧,29.9,206
美尚美甲美睫,历下区,文化东/西路,5.0,单人古法绞脸套餐1次,4.9,204
金元堂推拿,历下区,窑头路,4.3,全身推拿套餐,59,190
金品苗方专业祛痘（和平路店）,历下区,山师东路,5.0,单人金品苗方黑头套餐,16,184
志山推拿,历下区,趵突泉,5.0,肩颈按摩+足疗套餐,48,179
美妆汇make up工作室,历下区,历下区,5.0,单人韩式精致美妆一次,39.9,173
手到推拿艾灸汗蒸调理中心,历下区,佛山街,5.0,单人汗蒸套餐,19.9,165
爱宝贝母婴spa生活馆,历下区,历下区,5.0,单人婴幼儿（0-8个月）小池游泳(泳前操+游泳＋洗澡＋抚触),49,148
好足道推拿足疗,历下区,大明湖,5.0,单人全身推拿套餐,49,144
扬州好劲道足疗推拿,历下区,历下区,5.0,中式足疗套餐,69.9,140
百草芳香国际瘦身,历下区,文化东/西路,5.0,单人魔罐除湿套餐,29,140
法丽赛尔皮肤健康管理中心,历下区,高新会展中心,5.0,单人面部深层清洁体验1次,9.9,133
精致女人瘦身美容院（名士豪庭店）,历下区,历下区,5.0,单人背部疏通+拔罐,15.8,125
唯思美（吉祥店）,历下区,文化东/西路,4.1,背部热石舒压护理套餐,98,123
唯思美（舜耕路店）,历下区,文化东/西路,4.6,背部热石舒压护理套餐,98,123
哎吖鱼疗养生会所,历下区,历下区,5.0,哎吖SPA套餐,48,119
刘式修脚堂（泉城广场店）,历下区,佛山街,3.6,济南刘氏修脚堂修脚套餐,6,118
泽益养生（女士店2店）,历下区,历下区,4.3,单人肩颈保养推拿套餐体验,68,111
泽益养生（新东方花园店）,历下区,高新会展中心,5.0,单人肩颈保养推拿套餐体验,68,111
泽益养生（男士店）,历下区,高新会展中心,5.0,单人肩颈保养推拿套餐体验,68,111
凤鸣堂养生保健中心,历下区,解放东路,5.0,单人传统项目2,39,108
月半奇迹美容养生会所,历下区,高新会展中心,5.0,单人面部水疗,1,108
源泉塑美（燕山店）,历下区,窑头路,4.2,单人美容美体项目套餐,68,108
肤盾专业祛痘全国连锁（文东山师总店）,历下区,山师东路,5.0,单人祛黑头套餐(2次),19.9,103
MY皮肤管理（济南店）,历下区,燕山地区,5.0,3D微气泡水氧,39.9,104
绿色健康理疗馆,历下区,大明湖,5.0,单人肩颈疏通体验,9.9,99
蒸美靓美容养生会所（文化西路店）,历下区,文化东/西路,4.1,单人蒸美靓美容养生会所汗蒸,9.9,98
iSpa 泰美好（专业泰式SPA）,历下区,恒隆广场,5.0,单人SPA护理A/B套餐2选1,398,97
艺指禅养生足道,历下区,文化东/西路,5.0,单人全身推拿超值套餐,70,95
F'SURE非奢光电科技美肤中心（济南店）,历下区,恒隆广场,5.0,单人双腋下\唇毛\发髻冰点脱净,68,92
杨雯丽肤,历下区,朝山街,5.0,净白焕氧活肤单次,38,92
魅力秀瘦身养生馆,历下区,文化东/西路,4.8,单人开背+拔罐+脂肪检测套餐1次,19.8,89
帛容堂皇家理疗中心,历下区,高新会展中心,5.0,单人肩颈调理按摩体验一次,29.9,89
豆豆博士专业祛痘连锁机构（历下区文化东路店）,历下区,文化东/西路,4.8,单人清洁肌肤套餐,18,88
维多利亚半永久定妆（世茂店）,历下区,世茂国际广场,5.0,单人净肤脱毛8选1套餐,58,87
逆转时光皮肤管理,历下区,世茂国际广场,5.0,单人韩国小气泡面部清洁单次,168,88
维多利亚半永久定妆（恒隆店）,历下区,恒隆广场,5.0,单人净肤脱毛8选1套餐,58,87
潘氏推拿,历下区,齐鲁软件园,3.9,拔罐套餐,20,85
瑞丽医疗美容医院,历下区,山师东路,5.0,单人双腋下/唇毛2选1（包年）,68,85
泉盈足浴,历下区,大明湖,4.1,单人泉盈足浴香薰按摩套餐,98,83
涵曦美容瘦身体验店（高新店）,历下区,高新会展中心,5.0,涵曦LATOJA专业局部瘦身4选1,28.8,80
B&M;皮肤管理中心,历下区,世茂国际广场,5.0,单人3D微气泡焕氧活肤1次,79.9,78
卿本佳人塑美空间（黄金山水郡店）,历下区,历下区,5.0,单人背部芳香spa套餐,58,76
福阳堂艾灸馆,历下区,齐鲁软件园,4.9,单人拔罐刮痧推背三选二套餐,48,76
adela韩式半永久工作室,历下区,历下区,5.0,单人美容套餐3选1,39.9,74
春然堂 艾灸养生,历下区,历下区,5.0,单人局部推拿1次,28,73
茹颐瘦身,历下区,解放路,4.5,单人全身瘦SPA套餐3次,16.9,72
霞光正推灸工作室,历下区,历下区,5.0,单人推拿或正骨或排瘀（单项）,50,71
IDo 美妆工作室,历下区,历下区,5.0,单人纳米汗蒸体验1次,12.8,71
天蕴美容会所,历下区,历下区,5.0,单人眼部拨筋3次,68.8,67
lucky半永久·皮肤管理中心,历下区,奥体中心,5.0,单人点痣套餐,10,67
菲亚纤姿美容美体（和平店）,历下区,解放路,5.0,单人面部舒活水润或光彩永驻2选1,19.9,66
周道中医推拿养生馆,历下区,齐鲁软件园,5.0,拔罐,15,63
Colour time 私人订制,历下区,世茂国际广场,5.0,单人无菌耳洞/温和淡斑淡痣二选择一,10,63
洛神主题养生会所,历下区,解放东路,4.9,单人洛神养生,178,61
宝海养生美容会所,历下区,历下区,5.0,传统老大夫拔火罐,9.9,59
蒂芙主题美甲,历下区,历下区,5.0,单人韩国进口水貂毛1对1自然款睫毛嫁接套餐,119,59
际江盲人推拿保健服务中心,历下区,山大南/北路,5.0,际江全身推拿,49,57
韩莱皮肤管理,历下区,解放路,5.0,单人E光嫩肤+胶原蛋白补水套餐,99,57
鲁源推拿中心（万豪国际店）,历下区,文化东/西路,4.1,单人推拿套餐,35,55
鲁源推拿中心（诚基中心店）,历下区,山师东路,4.1,单人推拿套餐,35,55
人面桃花美容体验店,历下区,齐鲁软件园,5.0,阿胶保湿补水护肤,9.9,57
瑾绣坊韩式半永久妆容管理,历下区,高新会展中心,5.0,单人温和点痣淡斑一次,10,55
窦氏婉媚,历下区,泉城广场,5.0,单人点痣套餐,1,54
U·美形象管理中心（净颜问题肌肤修复机构）,历下区,山师东路,4.8,单人韩国小气泡皮肤清洁套餐,88,53
欧蔓纤丝减肥美容（华龙路店）,历下区,山大南/北路,4.7,全息频谱体质调理（肩颈疼科技护理）3次,58,54
欧蔓纤丝减肥美容（三庆汇文轩店）,历下区,千佛山公园,5.0,全息频谱体质调理（肩颈疼科技护理）3次,58,54
皇家美容养生spa女士会所,历下区,奥体中心,5.0,单人芳香精油开背,19.8,53
华泽工作室,历下区,山师东路,5.0,华泽眉形设计+精修,1.98,53
欧蔓纤丝减肥美容（解放路店）,历下区,解放路,5.0,全息频谱体质调理（肩颈疼科技护理）3次,58,54
欧蔓纤丝减肥美容（高新店）,历下区,高新会展中心,5.0,全息频谱体质调理（肩颈疼科技护理）3次,58,54
真功夫足疗推拿,历下区,佛山街,4.5,单人足疗套餐,50,52
梦田芳香生活馆（黄金99店）,历下区,窑头路,4.6,单人肩颈气循环1次,88,52
润元推拿,历下区,历下区,5.0,单人经络推拿,49,51
兰桂坊足浴中心,历下区,解放路,4.2,单人尊贵按摩SPA,328,51
蝶美膜力小铺,历下区,文化东/西路,5.0,单人暖宫/肩颈调理/乳腺疏通/局部纤体4选2套餐,9.9,50
丽妍雅集(恒隆广场店),历下区,恒隆广场,5.0,单人精选面部护理,169,47
瑞媞美容减肥养生馆,历下区,历下区,5.0,单人面部保湿提升水疗精品体验一次,1,47
寇氏减肥（舜泰广场店）,历下区,齐鲁软件园,5.0,单人肩颈/腰部/头疗/胸部保养/卵巢保养/面部拨筋六选一,19,45
美尚俪人（山师东路）,历下区,山师东路,5.0,单人精修修眉+眉形设计,2,34
恩莫斯皮肤管理中心,历下区,历下区,5.0,瓷肌肤美白补水管理单人单次,128,34
草本堂中药养生会所（高新万达店）,历下区,高新会展中心,4.9,单人专业艾灸1次,9.9,33
采芙 in fu美容纤体工作室,历下区,历下区,5.0,经络疏通➕走罐➕拔罐,19.9,33
初缘专业减肥养生（和平路店）,历下区,山师东路,5.0,单人精油推背体验,29.9,33
丙磊盲人推拿,历下区,文化东/西路,4.8,单人推拿足疗体验套餐,39.9,32
沐风缘美容养生馆,历下区,高新会展中心,4.6,单人背部经络疏通1次,18.6,32
钰美人美容养生会所,历下区,文化东/西路,4.5,单人肩颈疏通体验,28.8,30
HOPE厚朴日式美甲美睫工作室,历下区,高新会展中心,5.0,日式眉形设计+精修单人单次,0.99,28
Miss寇高端形象定制,历下区,奥体中心,4.6,单人手护1次,39.9,29
38°C美甲美睫纹绣,历下区,窑头路,5.0,单人修眉,2.9,29
汇名媛瘦身养生会所,历下区,历下区,5.0,TBS单人面部调理/肩颈调理/背部气血三选一,39,27
经络疏导中心,历下区,文化东/西路,4.7,单人背腹养护套餐,368,27
纤韵瘦身美容养生馆,历下区,解放路,5.0,单人保健按摩体验+头颈肩护理,35,26
丽致美学机构,历下区,世茂国际广场,4.1,皮肤检测,1,26
慧兰瑜伽,历下区,高新会展中心,3.6,瑜伽月卡套餐,199,26
乐勤专业小儿推拿（康桥颐东店）,历下区,历下区,3.0,单人全身推拿,58,25
扬州真功夫足疗,历下区,山大南/北路,4.0,单人本草泡脚+肩疗+足部按摩套餐1次,25,25
颐然堂灸法养生连锁,历下区,历下区,3.5,新店开业60分钟体验套餐,19.8,25
秀奥韩式半永久·皮肤管理,历下区,文化东/西路,5.0,单人韩式水氧面部深层清洁/小脸面部重塑/温和水光3选1,69.9,25
美缇克斯美睫纹绣半永久工作室,历下区,泺源大街,4.2,单人修眉＋眉形设计套餐1次,1,19
英子足浴馆,历下区,大明湖,3.0,单人拔罐,8.8,18
英子养生馆,历下区,趵突泉,4.6,单人拔罐,8.8,18
瑞康推拿,历下区,历下区,4.6,全身推拿经络拔罐套餐,59,17
凯颜雅诗皮肤管理中心,历下区,恒隆广场,3.8,开业特惠高端养护套餐,128,17
小杜推拿,历下区,燕山地区,4.7,单人传统火罐,8.8,17
利康推拿,历下区,历下区,4.0,推拿（成年人）,38,16
发冉再现纹眉纹绣修眉,历下区,解放路,4.5,单人美睫线1次,480,16
张玲美容纹绣工作室,历下区,历下区,5.0,单人芳香开背/背部刮痧套餐二选一,28,16
伊容美·国际·美肤中心,历下区,泉城广场,4.2,单人玻尿酸补水套餐,68,16
爱丫丫闺蜜工作室,历下区,高新会展中心,5.0,单人韩式眉型设计/精致修眉2选1,1,16
绣雅形象设计有限公司,历下区,山师东路,4.0,祛斑美容,9.9,16
慧德缘推拿艾灸养生堂,历下区,燕山地区,4.9,单人肩颈腰调理/经络推拿2选1,88,16
米娜瘦身美颜会所,历下区,解放东路,5.0,单人光子嫩肤/黑脸娃娃套餐,88,15
丽.妍国际皮肤管理中心,历下区,高新会展中心,5.0,眉形设计+精修单人单次,1.99,15
长生久视足疗瑶浴,历下区,高新会展中心,4.7,单人美容瑶浴套餐,99,15
A LE 艾乐皮肤管理中心,历下区,世茂国际广场,5.0,单人气泡深度清洁补水套餐,198,15
甘美会保健按摩中心（燕山新居店）,历下区,解放东路,4.3,甘美会单人玫瑰精油SAP按摩,429,15
小孙盲人推拿,历下区,文化东/西路,3.5,单人推拿,49.9,14
上善名媛美容养生会所,历下区,奥体中心,4.5,单人有机芦荟灌肤护理套餐,39.9,14
自然美全方位美容美体中心（ccpark店）,历下区,文化东/西路,4.1,单人经典肩颈舒缓局部课程,58,14
墨缇偲高端美甲美睫半永久（济南店）,历下区,恒隆广场,5.0,单人黑脸美白娃娃嫩肤补水收缩毛孔套餐1次,98,14
赫拉美学,历下区,世茂国际广场,4.6,单人皮肤检测套餐,1,14
好身手艾灸推拿足疗修脚,历下区,燕山地区,4.5,单人肩颈推拿足疗或局部推拿二选一套餐,25,14
善颜·福瑞达肌肤管理中心,历下区,世茂国际广场,5.0,气泡水氧嫩肤面护套餐（单人）,79.9,14
天蕴美甲美容（燕山银座店）,历下区,窑头路,5.0,安然纳米汗蒸1次,9.9,13
纤姝3分钟瘦身养生馆,历下区,齐鲁软件园,4.7,草本拔罐套餐,38,13
丽泽瘦身塑形皮肤管理中心,历下区,山师东路,5.0,韵程瘦身塑形体验3次,99,13
廖氏松筋通络养生堂（窑头路店）,历下区,窑头路,4.3,推拿+松筋通络套餐,68,13
浅色墨染（世茂国际广场店）,历下区,世茂国际广场,5.0,单人韩国艺人皮肤管理全套,360,13
博杏霖中医馆（高新店）,历下区,高新会展中心,4.4,杏霖拔罐,9.9,13
云天然雕体瘦身美容会所,历下区,恒隆广场,5.0,单人韩国气泡皮肤清洁管理+水氧管理全脸+净肤水润,8.8,12
珂爱迩专业减肥（和平路店）,历下区,解放路,3.8,四维活磁魔力瘦体雕,9,12
皇子推拿足疗,历下区,高新会展中心,3.5,单人足疗推拿套餐,50,12
珂爱迩专业减肥（三箭吉祥苑店）,历下区,文化东/西路,3.8,四维活磁魔力瘦体雕,9,12
和一堂扶阳正脊生活馆,历下区,高新会展中心,4.9,单人头部肩颈天道寿调理套餐,158,11
菲田美学半永久纹绣培训机构（康虹路店）,历下区,高新会展中心,4.5,单人精致修眉1次,1,11
金六指修脚,历下区,解放路,4.1,单人修脚特价,20,11
洛伊美护工作室,历下区,高新会展中心,4.7,鲜芦荟深层补水套餐,48,12
菲比寻常美肤中心,历下区,解放路,4.8,OPT温和脱毛十选一,99,11
金六指修脚,历下区,佛山街,4.0,单人修脚特价,20,11
逸莲雅舍养生馆,历下区,高新会展中心,4.8,单人塑身体验套餐,68,11
贝黎诗PALAISPA专业护肤中心（贵和店）,历下区,芙蓉街,4.7,单人经典护理套餐1次,198,11
雪之雅美容瘦身养生,历下区,解放路,4.2,3D微塑青春焕颜方程组,168,10
瘦彩美容减肥纹绣,历下区,历下区,4.1,单人拔罐1次,15,10
福阳堂艾灸养生中心,历下区,窑头路,3.5,艾灸养生套餐,58,10
TOP FACE美学皮肤管理中心,历下区,世茂国际广场,4.7,韩国Aqua Peel小气泡面部深层清洁套餐,118,10
释然瑜伽,历下区,高新会展中心,5.0,单人韩式皮肤清洁+韩式水疗套餐1次,38,10
仁艾源艾灸,历下区,高新会展中心,4.2,单人拔罐刮痧推背三选二套餐,48,10
美空形象美学,历下区,历下区,5.0,单人精致修眉1次,1,10
昕美科技定妆美肤,历下区,高新会展中心,5.0,面部淋巴净排 经络疏通焕肤,9.9,10
丁豪经络养生,历下区,历下区,4.8,腿部经络,118,9
朋友皮肤管理中心（朝山街店）,历下区,朝山街,5.0,单人经典面护,99,9
月半奇迹美容养生会所,历下区,山东建筑大学,4.7,单人健康养生背部经络疏通1次,9.9,9
协美国际纹绣中心,历下区,高新会展中心,4.6,单人综合去黑头深层清洁体验1次,29.8,9
杏林推拿按摩中心,历下区,文化东/西路,4.8,单人颈肩背推拿,35,9
朋友皮肤管理中心,历下区,历下区,4.2,单人经典面护,99,9
康元养生堂（黄金时代小区店）,历下区,历下区,3.5,单人拔罐,15,9
名秀半永久定妆,历下区,山大南/北路,4.9,单人腋下冰点净肤,199,9
花漾美甲·美睫·韩式半永久（汇隆广场头彩店）,历下区,历下区,5.0,单人面部排铅套餐,29.9,6
悠梦维丝形象坊,历下区,高新会展中心,5.0,单人奥贝尼香薰手部套装,109,6
纤叶美容养生沙龙,历下区,文化东/西路,4.9,单人小气泡深层清洁1次,39.9,6
月半弯美容美体美甲工作室,历下区,恒隆广场,5.0,单人拔罐/艾灸2选1体验,9.9,6
善灸天艾灸养生（历下区荆山东路店）,历下区,历下区,4.5,太极扶阳灸,69,6
韩国婵之媛.STAR皮肤科,历下区,奥体中心,4.0,单人SATIA奢华护理套餐,98,6
扬州真功夫修脚足疗店,历下区,高新会展中心,4.1,单人特价推拿,24,5
兆年推拿,历下区,山大南/北路,3.0,刮痧+拔罐,25,5
娜然皮肤管理,历下区,山大南/北路,5.0,面部补水、紧致肌肤、提亮肤色,198,5
景珍堂艾灸馆,历下区,山大南/北路,4.8,单人肩颈调理,98,5
果劲专业祛斑祛痘全国连锁机构,历下区,历下区,4.4,单人修眉/清痘/袪痣/修甲4选1,1,5
曲姿减肥瘦身（佛山店）,历下区,文化东/西路,3.5,单人360度闪电瘦套餐3次,69,5
伊梵美睫美甲护肤,历下区,高新万达广场,5.0,单人腋下+口周净肤包干特惠套餐,299,5
My高端逆龄生活馆,历下区,解放路,5.0,My净毛嫩肤八选一,39.9,4
咿金指美甲工坊,历下区,世茂国际广场,5.0,单人华尔兹E光冰点脱唇毛,480,4
林氏保健按摩中心,历下区,解放路,4.5,药疗1次,60,4
馨懿苑·纤体养生沙龙,历下区,齐鲁软件园,4.0,单人面部SPA水疗超值体验套餐,9.9,4
SHINING STAR 美颜工作室,历下区,世茂国际广场,5.0,单人玻尿酸深层补水美白全脸肌肤护理,88,4
艾秀美业,历下区,文化东/西路,5.0,单人面部护理,49.9,4
倾城美甲,历下区,山师东路,5.0,单人修眉体验,4.9,4
海涛足道按摩,历下区,解放路,3.5,单人中式推拿1次,108,4
伊锘美学皮肤管理俱乐部,历下区,历下区,4.5,单人面部系统检测,1,4
君姿纤体美容中心,历下区,山师东路,4.2,单人深度清洁,19.9,3
MC韩国半永久皮肤管理中心,历下区,高新万达广场,5.0,单人超微气泡焕肤套餐,198,3
悦美丽城市SPA名媛会所,历下区,齐鲁软件园,3.9,慈元熏蒸,38,3
Baby Face童颜皮肤管理,历下区,文化东/西路,4.0,韩式Aqua Peel深层清洁管理,168,3
一世倾城美容养生,历下区,大明湖,3.0,躺躺瘦套餐3次可减3到5斤,39,3
闺蜜形象设计工作室,历下区,世茂国际广场,4.1,单人温和净肤1次,19.9,3
Adminskin形象管理中心,历下区,山师东路,4.5,Adminskin超微小汽泡管理,98,3
美麟美甲•美颜养生馆（泺源大街店）,历下区,泺源大街,5.0,水－光＋汽泡清洁,99,2
L·Z半永久美甲美睫定制,历下区,山师东路,5.0,单人无痛穿耳单次,15,2
36°N头领发艺（高新万达店）,历下区,高新会展中心,5.0,单人面部小V脸（赠送淡化眼袋或者眼角纹）,198,2
君悦来养生会所,历下区,解放路,4.0,经典养生单人套餐,288,2
鹊华堂中医养生馆（鹊华堂国医馆）,历下区,趵突泉,5.0,脾胃调理套餐,99,1
慕妍美学,历下区,历下区,5.0,单人经络养生1次,98,1
锦绣美韩式半永久私人订制,历下区,山师东路,4.7,锦绣美单人牙齿养护,9.9,1
韵贵人-逆龄抗衰机构,历下区,高新会展中心,4.5,单人单次草木薰仓体验7选1,58,1
Ada日式美甲（沃尔玛店）,历下区,大明湖,4.6,单人Ada家OPT冰点无痛腋下净毛1次,69.9,1
倾艾古典养生,历下区,历下区,3.5,单人经络艾灸,100,1
芬丝尼专业美睫美甲（舜华店）,历下区,高新会展中心,5.0,单人面部基础补水套餐,38,1
呀咪美甲,历下区,佛山街,4.3,单人呀咪美甲面部水疗护理,39.9,1
沐繁霞健康管理中心,历下区,历下区,4.1,单人男科调理三次套餐,68,1
艾伊·美斯美甲美睫专业连锁店（恒隆广场店）,历下区,恒隆广场,5.0,以色列高级花漾极光净肤护理,99,0
Miumiu Studio,历下区,文化东/西路,5.0,单人纹小图案套餐,199,0
泖公主形象设计工作室（力高国际店）,历下区,历下区,4.4,单人韩式水氧小气泡深层皮肤管理单次,88,0
s.y美学,历下区,历下区,4.1,单人双腋下冰点脱.毛,89,0
维笑美容（洪楼店）,历下区,山大南/北路,4.1,单人婴儿时代面部美颜护理,88,0
羽悦美容瘦身养生沙龙（名士豪庭店）,历下区,历下区,3.5,单人颈肩 背部气血调理1次,158,0
沫秋国际半永久美妆管理,历下区,文化东/西路,4.6,单人单次嫩肤/黑脸净肤二选一,1088,0
西康专业修脚,历下区,解放路,3.5,单人西康专业采耳+洗眼,59.9,0
AMY美甲·纹绣主题吧,历下区,山师东路,3.5,单人1次祛黑头嫩肤护理套餐,49,0
韩都汗蒸,历下区,历下区,3.5,单人局部推拿,60,0
天柕堂推拿馆,历下区,解放路,3.5,单人足疗,30,0
纤艺纹绣孕睫减肥店,历下区,高新会展中心,4.9,单人面部磁光淡斑3次,398,0
利维亚纹绣美容机构,历下区,泉城广场,4.3,颈部紫竹微排套餐,68,0
专业火罐减肥院,历下区,大明湖,4.1,单人奢华手部SPA,49.9,0
维笑美容（山大店）,历下区,文化东/西路,4.0,单人婴儿时代面部美颜护理,88,0
尚古造型（美莲广场店）,历下区,齐鲁软件园,5.0,单人有机原液水美人套餐1次,98,0
维笑美容（康虹店）,历下区,解放路,4.0,单人婴儿时代面部美颜护理,88,0
伊人坊.指甲殿,历下区,山师东路,4.1,单人韩式美瞳线1次,680,0
小筑美甲美睫,历下区,恒隆广场,5.0,单人6部位净肤体验套餐,59.9,0
un.素颜美汇,历下区,泉城广场,3.5,肩颈头痛管理,58,0
Miss·不二日式美甲美睫,历下区,高新会展中心,4.8,不二家深层补水护肤管理套餐,68,0
菲凡尚香养生馆,历下区,山大南/北路,4.3,单人项目3选1,68,0
月亮湾养生馆,历下区,佛山街,3.8,单人经络疏通,58,0
寇氏减肥（新生活家园店）,历下区,高新会展中心,5.0,单人温肾助阳灸/温养脾肾灸/暖宫止痛灸/背部驱寒灸4选1,39,0
饮马推拿院,历下区,芙蓉街,5.0,全身推拿•拔罐套餐,178,0
维笑美容（千佛山店）,历下区,千佛山公园,3.0,单人婴儿时代面部美颜护理,88,0
盛福足道,历下区,历下区,3.5,推拿套餐,58,0
李大军盲人推拿,历下区,大明湖,3.5,单人全身推拿1次,59.9,0
语晨美容美甲,历下区,千佛山公园,3.5,单人经典开背经络按摩+内分泌保养,59,0
海波盲人推拿,历下区,大明湖,3.5,单人足疗+肩部推拿1次,53.9,0
美羊羊美颜工作室,历下区,历下区,3.5,单人面部嫩肤体验,199,0
梵·恩定妆美容中心,历下区,文化东/西路,5.0,【皮肤管理】FINE BEAUTY韩式皮肤管理精华套餐,218,0
Seven Change半永久美颜工作室,历下区,佛山街,3.5,德国Dermaroller皮肤管理体验,300,0
cc park美甲,历下区,文化东/西路,5.0,单人面部护理体验,59.9,0
彩妆美甲吧,历下区,泉城广场,4.1,单人OPT冰点无痛脱-毛1次,99,0
慈惠仁养生,历下区,历下区,3.5,单人暖宫养生,168,0
恒隆广场innasion（伊耐森）美甲,历下区,恒隆广场,4.8,单人腋下净肤套餐1次,150,0
优朵拉美容美甲美体工作室,历下区,大明湖,4.2,丽人美容体验套餐,99,0
赫拉美甲美睫形象设计,历下区,历下区,3.5,单人Aqua Peel毛孔深层清洁套餐单次,198,0
唯笑塑身形象中心,历下区,恒隆广场,5.0,单人腋下或唇部净肤1次,78,0
TIGER1986美甲美睫皮肤管理中心,历下区,朝山街,4.0,韩方美人头皮SPA养疗管理,68,0
清瓦容妆阁,历下区,历下区,4.1,单人德国进口色料美睫线1次,580,0
海豚湾美甲美睫美容（万达广场高新店）,历下区,高新会展中心,5.0,魔磁瘦身塑形套餐3次,38,0
PFnail日式美甲美睫专门店,历下区,山师东路,5.0,单人眉型设计1次,398,0
艺指轩美甲美睫,历下区,文化东/西路,4.6,单人足部脚膜电动加热按摩1次,19.9,0
悦己美容纤颜科技会所,历下区,历下区,4.1,单人碧无暇活氧靓白面部SPA2次体验套餐,98,0
宏伟推拿中心（民生大街店）,市中区,济大/会展中心,4.4,单人宏伟盲人推拿足疗中心按摩4选1,59,15030
宏伟推拿中心（伟东新都店）,市中区,伟东新都,4.4,单人宏伟推拿足疗中心保健4选1,79,12950
华夏良子（济南五所店）,市中区,中华小吃城,5.0,生命之禅全天通用单人套餐,138,11901
华夏良子（济南贵宾楼店）,市中区,济大/会展中心,5.0,生命之禅全天通用单人套餐,138,11901
华夏良子（旅游路店）,市中区,伟东新都,5.0,生命之禅全天通用单人套餐,138,11901
圣梦亲体美肤生活馆（八一银座店）,市中区,八一银座,5.0,单人美容美体项目3选1套餐,58,10509
圣梦亲体美肤生活馆（马鞍山银座店）,市中区,中华小吃城,4.8,单人美容美体项目3选1套餐,58,10509
秀域古方减肥（舜城店）,市中区,伟东新都,4.0,单人夏日冰点净脱,88,7219
秀域古方减肥（伟东店）,市中区,伟东新都,4.0,单人夏日冰点净脱,88,7219
佐康专业祛痘（济南万达店）,市中区,万达广场,5.0,单人去黑头套餐（全国通用2次）,16.8,3573
扬州好享寿足疗推拿（五店）,市中区,大众广场,5.0,单人经典足疗套餐,49,3377
克丽缇娜（贵和店）,市中区,鲁能领秀城贵和,4.0,克丽缇娜水妍润泽单人焕美套餐,158,3054
雨辰盲人推拿足疗中心,市中区,中海环宇城,5.0,单人推拿A套餐,49.9,2771
莎蔓莉莎美容会所（泺源会所）,市中区,杆石桥,3.8,单人莎蔓莉莎贵人经典标准护理套餐,29.9,2367
夜雨足道,市中区,万达广场,5.0,生命之初单人套餐,78,2169
海木养生（八一店）,市中区,市中区,5.0,单人海木天然养生（黄金场）,149,2074
海木养生（贵宾楼）,市中区,济大/会展中心,5.0,单人海木天然养生（黄金场）,149,2074
本草保健（八一店）,市中区,八一银座,5.0,单人抗疲劳养生套餐,159,2047
本草保健（六里山店）,市中区,济大/会展中心,5.0,单人抗疲劳养生套餐,159,2047
养足堂足部保健中心,市中区,大观园,5.0,单人养生保健套餐,119,1876
水域年华足疗保健养生馆,市中区,大观园,5.0,单人养生保健套餐,119,1876
御足坊养生会所,市中区,八一银座,5.0,单人全身保健套餐,158,1571
扬州真功夫足疗,市中区,万达广场,5.0,单人推拿套餐,45,1524
益康堂盲人推拿足疗服务中心,市中区,大观园,4.6,单人中式推拿,59,1069
欣奕除疤（大观店）,市中区,大观园,5.0,去红血丝：抗过敏+消刺痛+消炎褪红+重建肌肤屏障,58,1014
康宣堂推拿中心（玉函路店）,市中区,济大/会展中心,5.0,单人足疗养生套餐,73,1004
康宣堂推拿中心（大观园店）,市中区,大观园,4.6,单人足疗养生套餐,73,1004
康宣堂推拿中心（阳光舜城店）,市中区,伟东新都,4.3,单人足疗养生套餐,73,1004
广益推拿足疗,市中区,万达广场,5.0,专业全身推拿,48.9,975
泰圣荷泰国草本美胸国际连锁机构（济南阳光店）,市中区,阳光新路,4.8,【轻度】胸部疏通缓解胀痛3次体验套餐,98,935
柔婷（省一店）,市中区,济大/会展中心,3.0,单人美容专业护理套餐1次,38,910
王喜龙推拿,市中区,济大/会展中心,5.0,单人全身推拿套餐,45.9,822
安然纳米汗蒸养生馆（省立医院店）,市中区,大观园,5.0,拔罐刮痧套餐,30,782
爱尚颜养生美容中心（阳光100店）,市中区,阳光新路,5.0,九阳全身通络套餐,28,618
太经堂中医养生中心（阳光新路店）,市中区,阳光新路,4.1,肩颈腰部调理地黄固本培元,128,594
国医堂推拿,市中区,青龙小区,5.0,单人颈肩推拿+拔罐,35,546
正源推拿养生连锁（一店）,市中区,鲁能领秀城贵和,4.8,单人泡脚+肩疗+足疗套餐,19,504
正源推拿养生连锁（三店）,市中区,中海环宇城,4.4,单人泡脚+肩疗+足疗套餐,19,504
医盛堂修脚足疗推拿（玉函片区舜玉店）,市中区,伟东新都,5.0,泡脚修脚单人套餐,21.9,495
仁爱推拿,市中区,大观园,5.0,仁爱推拿全身推拿套餐,49,495
初缘专业减肥养生（万达店）,市中区,万达广场,5.0,单人单次艾灸驱寒排湿,1,449
苗方清颜专业祛痘（大观园店）,市中区,大观园,5.0,私人打造单人体验套餐A,39,424
颐和堂保健中心（世纪佳园店）,市中区,阳光新路,5.0,单人拔罐一次,8.8,408
颐和堂保健中心（二七店）,市中区,八一银座,5.0,单人拔罐一次,8.8,408
香薇妮丝女子减肥院（山东济南经四路店）,市中区,万达广场,3.5,单人十四经络御养全身经络净排养生体验套餐,88,353
兰汇祛痘瘦身连锁机构（二七店）,市中区,济大/会展中心,4.3,单人祛黑头套餐,16.8,350
兰汇祛痘瘦身连锁机构（伟东店）,市中区,伟东新都,4.6,单人祛黑头套餐,16.8,350
兰汇祛痘瘦身连锁机构（万达店）,市中区,伟东新都,3.9,单人祛黑头套餐,16.8,350
一凡盲人推拿,市中区,中海环宇城,5.0,单人全身推拿,49.8,310
益康社区保健中心,市中区,伟东新都,5.0,单人推拿套餐,29.8,298
宝儿妈催乳满月发汗中心,市中区,市中区,4.4,高级无痛上门催乳（开奶回奶）,300,243
法国ENSO恩索国际美妆纹绣（经四路万达广场店）,市中区,万达广场,5.0,单人韩式美瞳线1次,168,238
过足瘾足浴（大众广场店）,市中区,大众广场,4.5,泰式松骨保健单人套餐,98,231
郑远元专业修脚房,市中区,济大/会展中心,4.7,特色修脚按摩单人套餐,43,207
齐兴推拿,市中区,中海环宇城,3.8,全身推拿单人套餐,59.9,192
华康盲人推拿店,市中区,大众广场,4.5,推拿单人套餐,45,174
清风养生馆,市中区,鲁能领秀城贵和,5.0,清风养生拔罐/刮痧2选1,18.8,169
逸龙湾养生spa（中海环宇城店）,市中区,中海环宇城,4.6,皇室养生套餐,299,161
韩国维娜专业护肤中心,市中区,中海环宇城,4.6,韩国维娜养生套餐,58,157
阿双美容美体,市中区,万达广场,5.0,单人面部淋巴疏通,38,139
唯思美（公信店）,市中区,中华小吃城,3.8,背部热石舒压护理套餐,98,123
安然纳米汗蒸理疗养生馆,市中区,大观园,5.0,单人经络按摩套餐,38,118
慕尚香薰会所,市中区,市中区,5.0,港式按摩保健足疗单人养生,405,114
康姿美减肥中心,市中区,阳光新路,4.6,单人肩颈调理,29.9,109
源泉塑美（杆石桥店）,市中区,杆石桥,4.1,单人美容美体项目套餐,68,108
源泉塑美（伟东店）,市中区,伟东新都,4.7,单人美容美体项目套餐,68,108
白云盲人推拿旗舰店,市中区,大观园,5.0,足疗/全身推拿,38,102
秀域古方减肥（伟东店）,市中区,杆石桥,4.0,高科技生活美容单次体验课程,129,103
韩式养生馆,市中区,大众广场,4.4,拔罐/刮痧,15.9,99
博雅堂盲人推拿,市中区,伟东新都,4.2,单人足疗推拿二选一,59.9,97
美睫饰甲,市中区,万达广场,5.0,单人腋下美体,15.9,97
左右手盲人推拿中心,市中区,中华小吃城,4.6,单人全身推拿套餐一次,55,87
琪琪工作室,市中区,市中区,5.0,专业眉型设计,1,76
滕氏正骨,市中区,阳光新路,3.9,滕氏局部推拿/经穴推拿2选1套餐,68,69
风华盲推,市中区,伟东新都,4.7,单人全身推拿,55,37
海德经络疏理推拿,市中区,伟东新都,4.7,单人全身推拿A套餐,30,37
妙石沙灸养生会所,市中区,万达广场,4.7,单人沙灸养生套餐,29.9,36
MIMO国际美业,市中区,市中区,4.1,单人面部拉皮单次,98,34
晓情主题足道,市中区,济大/会展中心,5.0,单人御足套餐,128,32
亿鑫工作室,市中区,市中区,5.0,单人古方熏蒸或拔罐刮痧二选一（送采耳或修脚）,29,30
米雅美胸养生会所,市中区,伟东新都,3.9,单人泰式手法乳腺疏通套餐,9.9,29
缔美瘦身美容中心,市中区,万达广场,5.0,单人艾灸祛湿驱寒1次,1,29
华康推拿,市中区,阳光新路,4.0,局部经络推拿 一人次,23.8,28
东方丽人美容养生会所,市中区,万达广场,5.0,单人面部护理SPA套餐,19.9,27
扬州正派修脚足道,市中区,市中区,4.2,单人经典推拿,49.9,26
天瑞盲人推拿保健中心,市中区,鲁能领秀城贵和,4.8,单人足疗套餐,55,26
白天鹅减肥理疗机构,市中区,鲁能领秀城贵和,4.0,特惠健康养生拔罐单次,1,26
舜心经络推拿按摩中心,市中区,伟东新都,3.9,全身推拿单人套餐,48,25
美尊美容养生会所,市中区,市中区,5.0,单人肩颈保养,29.9,23
闻雨健康理疗养生馆,市中区,济大/会展中心,4.8,经络疏通+淋巴净排7选1,29.9,23
韩国维娜皮肤管理（领秀店）,市中区,鲁能领秀城贵和,4.4,单人单次深层面部水疗套餐,20,22
初色高端美甲美睫韩式半永久,市中区,万达广场,5.0,单人面部补水防晒滋养护理1次,39.8,22
上医堂,市中区,中海环宇城,4.1,局部推拿单人套餐,29.9,21
伊莎贝儿养生馆,市中区,青龙小区,4.1,单人背部调理套餐,9.8,21
伊莎美容美发店,市中区,济大/会展中心,4.1,单人芦荟鲜汁护肤1次,29.9,19
推拿正骨（专业正骨理筋关节复位店）,市中区,八一银座,4.7,单人腰椎复位体验套餐,29.9,19
宗景推拿,市中区,青龙小区,4.5,单人足疗送拔罐,40,18
斐柔美容养生身材管理,市中区,伟东新都,4.7,脖子+腋下按摩,58,16
曼尼蔻美学私人订制工作室,市中区,万达广场,5.0,单人指甲基本护理,9.9,16
彩曼Charm美妆私人订制,市中区,万达广场,5.0,Chorm面部深层护理套餐,69,16
涵曦瘦身美颜工作室,市中区,中海环宇城,5.0,涵曦面部基础补水清洁,28.8,15
简秀养生美容,市中区,青龙小区,4.0,单人面部护理,9.9,15
佳颜伊美半永久定妆中心,市中区,万达广场,4.9,精致眉形设计+精修套餐,1,15
兰姿秀女子专业健康减肥中心,市中区,伟东新都,3.5,疏通经络养生瘦身 3次,9.9,14
华夏世纪足疗,市中区,市中区,4.0,单人盐浴经典足疗按摩套餐,89,14
宝儿妈催乳发汗小儿推拿（发祥巷店）,市中区,大观园,4.3,单人小儿推拿,37,15
静心轩推拿按摩中心,市中区,济大/会展中心,5.0,单人足疗+颈肩放松套餐,52.8,13
美人邦专业美容美体,市中区,市中区,3.5,单人面部补水护理套餐,39,13
珂爱迩专业减肥（二七店）,市中区,济大/会展中心,3.9,四维活磁魔力瘦体雕,9,12
明德爱灸堂,市中区,阳光新路,4.7,单人背部火力纯手工艾灸体验套餐,29.9,12
珂爱迩专业健康减肥养生馆,市中区,市中区,3.5,四维活磁魔力瘦体雕,9,12
紫伊美于氏专业减肥（玉函店）,市中区,伟东新都,5.0,单人拔罐一次,10,10
顺鑫足道,市中区,青龙小区,4.0,单人全身按摩套餐,38,9
豆域专业祛痘（万达广场店）,市中区,市中区,4.4,单人去黑鼻头T区毛孔深度清洁,29,9
纤丽瘦美容美体会所,市中区,鲁能领秀城贵和,4.6,单人艾灸1次,9.9,9
享瘦人生-菲丝曼尔,市中区,伟东新都,3.9,单人保湿套餐,98,7
韩国维娜皮肤清洁中心（建设路店）,市中区,市中区,3.0,维娜面部护理套餐,9.9,6
香榭迪尔光电美容护理中心,市中区,市中区,4.0,单人香迪光电细胞补水单次,38,6
钰熹泉养生堂,市中区,阳光新路,4.1,钰熹泉头疗单人套餐,60,6
lady韩式半永久化妆,市中区,市中区,5.0,单人面部护理套餐,98,6
寇氏减肥（舜城店）,市中区,青龙小区,4.0,单人拔罐套餐1次,69,6
至美容颜美甲美睫半永久工作室,市中区,万达广场,5.0,单人单色美甲+手部护理1次,99.9,6
玖利奇保健中心,市中区,伟东新都,4.0,全身推拿1次,55,6
美丽之约,市中区,万达广场,3.9,单人化妆发型,40,5
萱逸美容养生会所,市中区,阳光新路,4.8,单人痘肌护理面部清透套餐,89,5
名仕水韵,市中区,万达广场,4.5,超值按摩套餐,298,5
梓扬美甲美睫纹绣,市中区,万达广场,5.0,单人手部养生spa(甲护+经络）,29.9,5
润馨汇丽美,市中区,大观园,5.0,单人面部补水,9.9,5
星范医美,市中区,阳光新路,4.4,单人化蝶水氧肌肤保养1次,66,5
蕾蕾工作室,市中区,万达广场,4.9,精致眉形设计+修眉,8.8,5
纤姿瘦身定制中心,市中区,中华小吃城,5.0,单人面部水疗护理,9.9,5
可薇尔素颜定制,市中区,阳光新路,3.5,眉型设计+精修套餐,1,0
铭骏大医美美甲美睫半永久纹绣,市中区,伟东新都,4.3,单人水光皮肤管理体验,680,0
Pure Beauté至臻颜肌肤管理中心,市中区,鲁能领秀城贵和,4.6,单人巧克力焕肤体验,298,0
御颜持久定妆（御颜持久定妆）,市中区,青龙小区,3.5,单人黑色娃娃美白嫩肤体验,98,0
艾伊·美斯美甲美睫专业连锁店（玉函店）,市中区,体育中心,5.0,以色列高级花漾极光净肤护理,99,0
塑颜美容美体会馆,市中区,伟东新都,3.5,单人背部气血调理套餐,79,0
德临足道,市中区,大众广场,4.3,单人金指套餐,128,0
名古造型,市中区,中海环宇城,5.0,单人养生套餐4选1,9.9,0
维笑美容（如意店）,市中区,阳光新路,4.0,单人婴儿时代面部美颜护理,88,0
猫小姐美甲工作室,市中区,万达广场,5.0,单人冰点无痛净毛,69.9,0
KY Nail美甲,市中区,阳光新路,5.0,背部经络疏通,29.9,0
世龙世家手足健康连锁（历城区郭店店）,历城区,历城区,4.2,泡脚足浴+修脚护理单人套餐,9.9,26915
世龙世家手足健康连锁（历城区花园路店）,历城区,华龙路沿线,5.0,泡脚足浴+修脚护理单人套餐,9.9,26915
宏伟推拿中心（锦绣泉城店）,历城区,华龙路沿线,5.0,单人宏伟盲人推拿足疗中心按摩4选1,59,15030
重庆富侨足道（花园路店）,历城区,洪家楼,5.0,经典单人足道套餐,108,12416
圣梦亲体美肤生活馆（银座购物洪楼店）,历城区,洪家楼,5.0,单人美容美体项目3选1套餐,58,10509
名医盲人推拿足疗,历城区,华龙路沿线,5.0,名医盲人推拿[复制],40,7391
秀域古方减肥（华龙店）,历城区,华龙路沿线,4.0,单人夏日冰点净脱,88,7220
永康盲人推拿,历城区,祝甸,5.0,套餐4选1,45,3587
佐康专业祛痘（洪楼店）,历城区,洪家楼,5.0,单人去黑头套餐（全国通用2次）,16.8,3573
扬州泰享寿足疗推拿中心（六店）,历城区,华龙路沿线,5.0,单人经典足疗套餐,49,3377
茹意瘦身养生馆,历城区,洪家楼,5.0,茹意美容 刮痧/拔罐（2选1）,9.9,2491
水沐养生,历城区,二环东路,5.0,单人足疗套餐,78,1871
益民推拿足疗中心（舜奥华府店）,历城区,历城区,4.3,单人益民推拿套餐五选一,60,1813
康家盲人推拿中心（一店）,历城区,历城区,5.0,推拿足疗套餐,49.9,1395
康家盲人推拿中心（二店）,历城区,历城区,5.0,推拿足疗套餐,49.9,1395
济钢体育馆（济钢游泳馆）,历城区,历城区,4.6,单人济钢游泳馆游泳票2小时,18,1130
郁氏盲人推拿,历城区,历城区,5.0,单人推拿足疗2选1,39.9,1041
泰圣荷泰国草本美胸国际连锁机构（济南华龙店）,历城区,华龙路沿线,4.8,【轻度】胸部疏通缓解胀痛3次体验套餐,98,935
柔婷（将军店）,历城区,历城区,3.5,单人美容专业护理套餐1次,38,910
柔婷（济钢店）,历城区,历城区,3.0,单人美容专业护理套餐1次,38,910
老姜盲人推拿店,历城区,华龙路沿线,5.0,养生套餐,40,671
岐黄推拿（七里河店）,历城区,华龙路沿线,5.0,岐黄推拿按摩套餐,45,613
姜氏推拿按摩（将军路店）,历城区,历城区,4.4,姜氏推拿（局部）拔罐,9.9,534
正源推拿养生连锁（五店）,历城区,历城区,4.0,单人泡脚+肩疗+足疗套餐,19,504
MOXI茉西彩妆,历城区,洪家楼,5.0,时尚生活妆套餐,39.9,396
灸中灸艾灸养生中心（华能店）,历城区,华龙路沿线,4.2,养生套餐,79,360
兰汇祛痘瘦身连锁机构（洪楼店）,历城区,洪家楼,3.8,单人祛黑头套餐,16.8,350
兰汇祛痘瘦身连锁机构（华龙店）,历城区,华龙路沿线,4.7,单人祛黑头套餐,16.8,350
博爱推拿,历城区,历城区,4.4,单人博爱推拿成人套餐,25,321
官路林推拿足疗中心,历城区,洪家楼,4.3,单人推拿/足疗2选1,49,303
雅云轩·港派足浴指压（济南旗舰店）,历城区,二环东路,5.0,单人经典宫廷足浴,78,262
伶丽美容养生会所,历城区,洪家楼,5.0,经络疏通＋走罐＋拔罐套餐,19.9,251
珍惜汗蒸养生馆,历城区,二环东路,5.0,单人刮痧或拔罐套餐,6.6,242
法国ENSO恩索国际美妆纹绣（洪楼店）,历城区,洪家楼,5.0,单人韩式美瞳线1次,168,238
好友多艾灸堂健康养生会馆,历城区,山大路,5.0,单人全身推拿,59,228
纤瑞美容瘦身馆（洪家楼）,历城区,洪家楼,5.0,单人经络疏通 ＋走罐＋拔罐,29.9,209
栖塘泰式水床养生（二环东路店）,历城区,洪家楼,4.9,单人经典养生套餐,399,190
金品苗方专业祛痘（华龙路店）,历城区,华龙路沿线,5.0,单人金品苗方黑头套餐,16,184
好力道足疗,历城区,历城区,5.0,单人全身经络推拿艾灸套餐,69.9,54
欧蔓纤丝减肥美容（洪楼店）,历城区,洪家楼,5.0,全息频谱体质调理（肩颈疼科技护理）3次,58,54
梦田芳香生活馆（山大店）,历城区,山大路,5.0,单人肩颈气循环1次,88,52
倾城养生,历城区,历城区,4.0,倾城艺术经典SPA,188,49
水倾城美容养生会馆,历城区,洪家楼,4.3,单人纳米护肤养生汗蒸单次,9.9,48
连峰盲人推拿（一店）,历城区,历城区,4.5,连峰盲人推拿,45,45
尚柒沐足,历城区,二环东路,5.0,单人尚柒贵足套餐,88,43
依一美甲美睫工作室,历城区,洪家楼,5.0,单人面部清洁/美白/补水/控油套餐+头疗单次,39.9,41
芊慕美甲美睫半永久,历城区,洪家楼,5.0,单人专业韩式修眉＋画眉1次,1,35
艾灸缘健康管理中心,历城区,华龙路沿线,4.3,单人艾灸单次体验4选1套餐,19.9,33
雨轩酵素浴养生会所,历城区,华龙路沿线,4.8,单人超值体验套餐,38,33
苏西半永久美甲店,历城区,二环东路,5.0,单人修眉1次,1,29
馨诺雅半永久纹绣,历城区,山大路,5.0,单人修眉设计眉形,0.88,29
微美国际美业（综合店）,历城区,洪家楼,4.7,韩式小妖精面部深度清洁,98,26
悦源瑜伽汗蒸养生会所（洪楼店）,历城区,洪家楼,3.5,单人心灵瑜伽和纳米汗蒸套餐,29,24
阳光密码纹绣美甲减肥,历城区,洪家楼,5.0,回请妆/年会装/主持人精致妆容一次,78,24
扬州脚艺,历城区,历城区,4.1,单人拔罐,9.9,23
扬州脚艺（历城三中店）,历城区,洪家楼,4.3,单人拔罐,9.9,23
凯尚美容塑身工作室,历城区,祝甸,5.0,单人经络疏通+拔罐套餐,25.5,23
乐勤推拿保健中心（华信路店）,历城区,华龙路沿线,3.5,单人局部推拿,35,5
御足堂足疗按摩,历城区,历城区,4.5,御足70分钟套餐,128,5
喵小姐的美甲店,历城区,历城区,5.0,单人特色面部护肤套餐,29.9,5
香港瑶芳专业祛痘,历城区,华龙路沿线,4.3,单人净白鼻部祛黑头1次,38,5
自然生肌问题皮肤专业祛痘（洪楼店）,历城区,洪家楼,5.0,淡化痘坑橘皮套餐,198,4
珺主美甲美睫,历城区,华龙路沿线,5.0,单人简约生活妆1次,19.9,3
小狐狸美甲工作室,历城区,历城区,4.3,L-Fox精致眉形设计+精修,1,2
Monroe梦露美甲美睫半永久定妆,历城区,洪家楼,4.4,单人精致眉形设计+修眉3次,2.88,2
李琴经络养生（海蔚店）,历城区,洪家楼,4.4,单人1次调理套餐,35.9,2
新乐理疗中心,历城区,洪家楼,3.0,单人香薰SPA,98,2
中医泰美健康理疗中心,历城区,历城区,3.5,经络疏通,12.9,2
清妍美学院（洪楼店）,历城区,洪家楼,4.6,单人黑-脸娃娃或者光子嫩肤2选1,88,1
艾菲儿美容院,历城区,历城区,3.9,单人面部深层清洁排铅护理套餐,29.9,1
天灏美容瘦身养生会所,历城区,洪家楼,4.2,脸部SPA+头疗+耳护+肩颈+眼护套餐单人单次,35.8,0
檾推拿,历城区,华龙路沿线,3.5,小儿推拿,45,0
魔黛丝缇专业减肥养生中心（上海花园店）,历城区,祝甸,4.1,单人韩式美睫线套餐,800,0
资深推拿,历城区,历城区,4.3,单人局部推拿+组合罐,60,0
果果美甲美睫工作室,历城区,山大路,5.0,果果家定制韩式眉,588,0
菲凡尚香养生馆（化纤厂路店）,历城区,华龙路沿线,4.0,全身SPA养生,198,0
创艺美甲美睫纹绣,历城区,历城区,5.0,单人点痣单次,1,0
东岩身材管理工作室,历城区,洪家楼,3.0,单人泥灸+艾灸套餐,18,0
宏伟推拿中心（和谐广场店）,槐荫区,和谐广场,5.0,单人宏伟盲人推拿足疗中心按摩4选1,59,15030
北派修脚（济南一店）,槐荫区,和谐广场,4.4,单人北派足部套餐,28,12527
华夏良子（济南段店）,槐荫区,腊山立交桥,5.0,生命之禅全天通用单人套餐,138,11901
华夏良子（济南和谐店）,槐荫区,和谐广场,5.0,生命之禅全天通用单人套餐,138,11901
圣梦亲体美肤生活馆（嘉华店）,槐荫区,西市场,5.0,单人美容美体项目3选1套餐,58,10509
圣梦亲体美肤生活馆（德裕家园店）,槐荫区,张庄路/森林公园,4.5,单人美容美体项目3选1套餐,58,10509
佐康专业祛痘（五院店）,槐荫区,五院,4.8,单人去黑头套餐（全国通用2次）,16.8,3573
扬州好享寿足疗推拿（张庄路店）,槐荫区,张庄路/森林公园,5.0,单人经典足疗套餐,49,3377
山里娃养生足疗（槐荫店）,槐荫区,五院,5.0,单人中级足疗,148,3311
百草堂推拿,槐荫区,五院,5.0,单人推拿养生/足浴养生/艾灸养生3选1,58,2028
重庆富侨足道（经六路店）,槐荫区,五院,5.0,富侨足道,78,1575
小唐盲人推拿,槐荫区,和谐广场,5.0,全身推拿或足疗套餐二选一,49.9,1108
夜幕足道,槐荫区,西市场,5.0,生命之初单人套餐,78,1031
尚足行天下足道（张庄路店）,槐荫区,张庄路/森林公园,5.0,尚通宝单人养生套餐,139,546
李师傅推拿,槐荫区,五院,5.0,按摩套餐,50,526
初缘专业减肥养生（彩世界店）,槐荫区,张庄路/森林公园,5.0,单人单次艾灸驱寒排湿,1,451
初缘专业减肥养生（卢浮宫馆店）,槐荫区,和谐广场,5.0,单人单次艾灸驱寒排湿,1,451
初缘专业减肥养生（新世界阳光花园店）,槐荫区,五院,5.0,单人单次艾灸驱寒排湿,1,451
苗方专业祛痘（和谐广场店）,槐荫区,和谐广场,5.0,私人打造单人体验套餐A,39,424
瘦密码减脂连锁（和谐店）,槐荫区,和谐广场,5.0,单人美容美体套餐4选1,29.9,84
安然纳米汗蒸（明星小区店）,槐荫区,世购广场,4.9,超值套餐,19.9,79
沐然堂,槐荫区,槐荫区,5.0,单人拔罐一次,1,74
一凡推拿（德裕家园分店）,槐荫区,张庄路/森林公园,5.0,推拿按摩单人套餐,45,73
韩艺养生SPA,槐荫区,连城广场,5.0,单人泰式保健养生套餐,298,68
雅博美容,槐荫区,西市场,4.6,完美脉冲光净毛一人次,88,66
如家释压足疗推拿养生会所,槐荫区,阳光100,5.0,单人足疗套餐（含头部按摩+肩颈放松）,38,66
菲亚纤姿美容美体（阳光店）,槐荫区,阳光100,4.8,单人面部舒活水润或光彩永驻2选1,19.9,66
纤莹减肥美容院（恒大雅苑店）,槐荫区,济南客站,4.4,单人颈、肩、腰、背拔罐调理套餐1次,9.9,66
纤莹减肥美容院（绿地泉景园店）,槐荫区,槐荫区,4.7,单人颈、肩、腰、背拔罐调理套餐1次,9.9,66
纤莹减肥美容院（西市场店）,槐荫区,西市场,5.0,单人颈、肩、腰、背拔罐调理套餐1次,9.9,66
艾迪雅女子专业护肤中心（艾迪雅）,槐荫区,世购广场,4.9,单人特惠拔罐+面部护理3选1体验,18.8,65
娘子美学工作室（和谐广场店）,槐荫区,和谐广场,5.0,单人精致头疗单次,1,58
ANNE（安妮）国际美甲美睫,槐荫区,和谐广场,5.0,单人点痣套餐,1,58
养生小屋,槐荫区,五院,5.0,单人精油开背/艾灸2选1,48,57
纤惠美容养生会所,槐荫区,西市场,5.0,单人拔罐调理/刮痧疏通2选1,0.98,57
黄子盲人保健中心（七七店）,槐荫区,槐荫区,4.8,单人全身推拿套餐,60,55
黄子盲人保健中心（北辛店）,槐荫区,五院,4.3,单人全身推拿套餐,60,55
丹滋美颜美体会所,槐荫区,张庄路/森林公园,4.8,背部肩颈保健,49.8,53
济南雅朵化妆美容店（槐荫店）,槐荫区,张庄路/森林公园,3.6,单人面部减排套餐1次,19.9,27
浙南足疗保健中心,槐荫区,张庄路/森林公园,3.8,78套餐,78,26
新时代健康养生馆,槐荫区,西市场,4.3,局部推拿+拔罐 一人次,19.5,26
康民推拿,槐荫区,五院,5.0,单人拔罐套餐,9.9,25
丝特莱维半永久定妆,槐荫区,槐荫区,5.0,单人美容项目五项体验卡套餐,18,24
奕中推拿,槐荫区,济南客站,5.0,单人全身保健推拿,58,24
泉景推拿保健工作室,槐荫区,槐荫区,3.9,推拿套餐一人次,59.9,23
郭医堂推拿中心,槐荫区,腊山立交桥,4.3,单人小儿推拿,39.8,22
美缔可女子养生会所,槐荫区,张庄路/森林公园,4.6,单人面部护理体验,29.9,22
雨虹美容SPA养生馆,槐荫区,槐荫区,5.0,单人超值特惠体验套餐,1,22
闺蜜私人定制工作室,槐荫区,西市场,4.8,单人美容美体SPA套餐1次,68,21
尚颜美妆半永久定妆,槐荫区,和谐广场,5.0,精致修眉+眉型设计,5,20
四季养生,槐荫区,槐荫区,4.7,养生艾灸一人次,35,17
MZ皮肤管理,槐荫区,阳光100,4.1,单人韩式汗蒸套餐,9.9,17
子和美容减肥店,槐荫区,世购广场,4.0,单人五行拔罐1次,9.9,16
常一刀专业修脚,槐荫区,五院,4.0,单人泡脚+修脚+刮脚,20,16
倾城·美颜,槐荫区,和谐广场,5.0,单人单次局部瘦体验,29.9,15
扶元阁推拿养生馆,槐荫区,张庄路/森林公园,4.4,单人中式刮痧/拔罐二选一,9.9,15
舜和国际酒店养生足疗,槐荫区,腊山立交桥,5.0,奢华芳香养生SPA套餐,398,14
永君正骨推拿,槐荫区,阳光100,5.0,拔罐/刮痧/闪罐/走罐 四选一,9.9,13
珂爱迩专业减肥（桃花源店）,槐荫区,五院,3.9,四维活磁魔力瘦体雕,9,12
珂爱迩专业减肥（吴家堡店）,槐荫区,美里湖,3.8,四维活磁魔力瘦体雕,9,12
小草瘦身（西市场店）,槐荫区,西市场,4.4,单人胸部护理套餐1次,9.9,12
赵氏修脚,槐荫区,张庄路/森林公园,3.5,单人修脚套餐,30,12
染指坊美甲美睫工作室,槐荫区,西市场,5.0,生活妆一次,9.9,11
美娴火玫瑰美容纹绣名店（十年老店）（十年老店）,槐荫区,世购广场,4.3,面部高端保养护理,29.8,10
紫伊美于氏专业减肥（济南总店）,槐荫区,张庄路/森林公园,4.4,单人拔罐一次,10,10
馥泽美甲美睫皮肤管理,槐荫区,和谐广场,5.0,皮肤检测+清洁+软膜套餐,15,10
水芙蓉国际美容美体中心,槐荫区,张庄路/森林公园,4.9,养生祛湿健康拔罐单次,9.9,10
尚金源美容养生会所,槐荫区,腊山立交桥,4.5,单人超值全身护理套餐1次,68,9
涵曦美容瘦身（和谐专营店）,槐荫区,和谐广场,5.0,单人沙棘排湿排寒3次,128,9
易生堂推拿,槐荫区,五院,3.5,单人肩颈按摩+拔罐,40,8
靓慈纤体美学馆,槐荫区,济南客站,4.8,单人瘦身套餐1次,14.9,7
弘艾堂艾灸经络养生,槐荫区,张庄路/森林公园,4.4,艾灸一人次,25,7
张玉珊修身堂（和谐广场店）,槐荫区,和谐广场,4.3,单人美肌净肤（唇部、腋下2选1）套餐2次,199,6
美玉缘养生馆,槐荫区,张庄路/森林公园,4.0,经络疏通套餐,9.9,6
南瓜姑娘形象设计工作室,槐荫区,槐荫区,4.1,单人纯植物祛-痣1颗,1,6
正好看见形象管理中心,槐荫区,阳光100,5.0,单人精修眉型1次,5.9,6
斯卡维美容半永久,槐荫区,西市场,4.0,单人唇部净肤套餐,28.8,5
源之林五行经络养生减肥,槐荫区,西市场,4.0,单人背部通络调理(经络刷)套餐,9.9,5
曌鑫中医推拿,槐荫区,西市场,5.0,单人刮痧,26.8,5
今井惠 美甲美睫半永久,槐荫区,槐荫区,5.0,单人精致眉型设计+精修单次,5,5
S·羽塑美容美体中心,槐荫区,西市场,4.6,单人腹部塑形或暖宫调理套餐2选1,39.9,4
柏颜美甲美睫,槐荫区,西市场,4.6,面部护理套餐,19,4
孝义坊推拿足疗（二店）,槐荫区,阳光100,3.5,孝义坊单人足疗套餐,98,4
美美哒美甲美睫美容美体体验中心,槐荫区,和谐广场,4.5,单人精油开背套餐,19.9,4
聚和堂中医推拿,槐荫区,张庄路/森林公园,4.6,局部推拿+拔罐,59,3
丽瑞露臻美容中心,槐荫区,济南客站,5.0,单人芳香精油全身按摩,88,3
爱丽半永久定妆•美甲,槐荫区,阳光100,5.0,精致修眉+眉型设计套餐单次,0.9,3
德源足道,槐荫区,和谐广场,3.9,单人精品套餐,238,2
思美减肥,槐荫区,张庄路/森林公园,4.0,瘦身体验三次  免预约,10,2
莎娃美容美甲连锁,槐荫区,西市场,3.9,芳香开背按摩,29.9,2
颐萱SPA,槐荫区,济南客站,4.5,代金券,1,2
妃尚国际美容会所,槐荫区,张庄路/森林公园,4.2,单人肩颈疏通2次 肩颈排寒2次,38,1
青火足道养生会所,槐荫区,张庄路/森林公园,3.5,单人养生保健套餐,198,1
伊琇微美半永久美甲美睫连锁店（保利中心店）,槐荫区,西市场,5.0,小气泡皮肤管理清洁毛孔套餐,136,1
李师傅平价足疗店,槐荫区,世购广场,3.5,单人修脚套餐,48,1
康健中医推拿,槐荫区,美里湖,3.5,全身推拿一人次,49.9,1
丽妍美甲美睫,槐荫区,西市场,4.8,单人韩式美瞳线,380,1
紫彩金美容美发连锁机构（三店）,槐荫区,阳光100,4.6,单人水嫩肌肤双层补水护理2次,68,1
美绣颜值管理会所,槐荫区,西市场,4.4,精致眉形设计+精修,1,0
好一生推拿,槐荫区,槐荫区,4.4,经络,25,0
妍诗美·美学研究社,槐荫区,张庄路/森林公园,3.5,单人MTS驻颜粉底,198,0
秀伊美汇美睫美体工作室,槐荫区,连城广场,4.1,单人背部拔罐体验,9.9,0
玉之锦瑜伽会馆,槐荫区,五院,5.0,面部刮痧,29.9,0
秀甲一方,槐荫区,世购广场,5.0,冰点无痛快速手臂净肤,998,0
美思造型,槐荫区,槐荫区,4.7,背部疏通+拔罐体验3次,98,0
柔婷（四二店）,天桥区,天桥区,3.0,单人美容专业护理套餐1次,38,910
翡翠足道,天桥区,长途汽车总站,5.0,养生套餐1次,138,897
苗颜坊专业祛痘（无影山南路店）,天桥区,堤口路,3.5,单人面部补水+清理护理2次,29.9,728
爱尚颜养生美容中心（堤口路店）,天桥区,k88,4.6,九阳全身通络套餐,28,618
尚足行天下足浴中心（堤口路店）,天桥区,无影山,5.0,尚通宝单人养生套餐,139,546
姜氏推拿（联四路店）,天桥区,天桥区,4.6,姜氏推拿（局部）拔罐,9.9,534
医盛堂修脚足疗推拿（天桥店）,天桥区,天桥区,5.0,泡脚修脚单人套餐,21.9,495
医盛堂修脚足疗推拿（火车站西邻经纬嘉园店）,天桥区,天桥区,4.9,泡脚修脚单人套餐,21.9,495
豆豆养生,天桥区,天桥区,5.0,单人养生拔罐,4.9,470
御龙足疗,天桥区,泺口,4.4,单人本草足浴1次,78,453
初缘专业减肥养生（总店）,天桥区,长途汽车总站,5.0,单人单次艾灸驱寒排湿,1,451
立华真善美专业美容,天桥区,天桥区,5.0,点痣套餐,1,416
尊悦养生足疗会馆,天桥区,天桥区,3.8,推拿保健套餐,68,376
圣原健康养生,天桥区,无影山,5.0,单人中式肩颈或腰椎调理套餐,39.8,304
仁和中医推拿门诊（汽车厂东路店）,天桥区,长途汽车总站,4.4,保健按摩3选1,61,229
罗氏推拿,天桥区,火车站,4.4,单人推拿+拔罐/刮痧套餐,45,190
金品苗方专业祛痘（堤口路店）,天桥区,堤口路,5.0,单人金品苗方黑头套餐,16,184
金和足道养生会馆,天桥区,长途汽车总站,5.0,单人金和固本养生套餐,118,183
颐生养生康复中心,天桥区,天桥区,5.0,单人足疗+全身推拿+拔罐套餐,99,182
瓮式磁灸减肥连锁机构,天桥区,天桥区,5.0,单人经络拔罐套餐,6.6,35
闺蜜の家工作室,天桥区,堤口路,5.0,单人经络拔罐套餐,6.6,35
维密美容美甲养生会所,天桥区,无影山,5.0,单人拔罐+精油开背体验,49.8,33
唯美减肥美容中心,天桥区,天桥区,5.0,单人肩颈疏通,39.9,32
域美佳人美容美甲工作室,天桥区,缤纷五洲,5.0,单人经络拔罐/刮痧艾灸/刮痧泥灸3选1,29.9,32
王氏盲人推拿按摩中心,天桥区,泺口,5.0,全身保健单人套餐,48,29
劳仑丝私人订制美容养生会馆,天桥区,天桥区,4.8,单人负电位健康评估,1,29
丽宣美妆工作室,天桥区,无影山,5.0,精致面部妆容4选1,19.9,28
熙美半永久美甲美睫工作室,天桥区,天桥区,4.4,单人手部甲油胶或自然甲护理2选1套餐,39.9,28
挺雅专业美胸养胸健胸机构,天桥区,长途汽车总站,5.0,单人泰式手法乳腺疏通套餐,9.9,26
济南天使瘦身美容工作室,天桥区,天桥区,3.9,面部保养提升/肩颈护理套餐2选1,38,26
做足功夫,天桥区,天桥区,5.0,单人推拿套餐,48.8,25
东方新娘梳妆馆,天桥区,天桥区,5.0,零粉质明星减龄生活妆+发型,49,22
武才人（涵曦纤体美容美甲蜕变工作室）,天桥区,天桥区,4.9,单人涵曦LATOJA项瘦肚子/胳膊/小腿/大腿 4选1套餐,28.8,22
法丽赛尔纹饰韩式半永久,天桥区,北园大街,4.1,单人穴位拔罐 刮痧 2选1套餐,9.9,21
思美瘦身馆,天桥区,天桥区,5.0,单人拔罐加颈椎调理,29.9,21
黛妮美甲纹绣工作室,天桥区,堤口路,5.0,单人修眉+设计眉形1次,1,21
舜丰推拿,天桥区,泺口,3.8,单人全身推拿+拔罐套餐,53.3,10
逸美抗衰皮肤管理中心,天桥区,火车站,3.5,单人无创/无针全脸紧致提拉/美国超声刀/代金券,10,10
武才人温补堂,天桥区,天桥区,5.0,单人汗蒸+泥灸套餐（送背部拔罐）,29.9,9
尚美国际塑颜坊,天桥区,堤口路,4.7,单人经络拔罐一次,8.8,9
VIVIAN形象定制,天桥区,无影山,5.0,背部疏通+手法套餐,59.9,9
康馨堂推拿中心,天桥区,天桥区,4.1,单人全身推拿1次,50,9
伊莎女子养生会所,天桥区,长途汽车总站,3.9,面部护理套餐,38,8
美黛专业甲妆美睫纹绣工作室（世贸天城店）,天桥区,堤口路,5.0,单人祛黑头套餐,29.9,7
Helen海琳皮肤管理,天桥区,堤口路,4.2,单人修眉+眉型设计套餐,1,7
美甲大咖,天桥区,堤口路,5.0,单人小气泡皮肤清洁套餐,68,7
金品苗方美业,天桥区,无影山,4.9,单人精油开背/头部经络疏通/拔罐/刮痧四选1,9.9,7
婷美丽美容养生会所,天桥区,无影山,5.0,单人晒后护理面部补水套餐,19.9,7
庆熙素香美学,天桥区,泺口,4.7,OPT冰点无痛脱.毛一次,88.8,6
微服推拿理疗,天桥区,堤口路,4.6,单人中式按摩,108,5
芭比美妆造型,天桥区,火车站,4.1,单人涂抹式水光亮肤体验1次,59,4
爱尔莎美业·美甲美睫皮肤管理,天桥区,堤口路,4.6,单人时尚生活妆/约会妆2选1,19.9,4
魅惑美容工作室,天桥区,天桥区,4.7,面部基础补水,38,4
琪雅美容健康万店连锁,天桥区,天桥区,4.0,雪肌还原套餐,48,4
时光·美睫·美颜工作室,天桥区,k88,5.0,单人修眉+眉型设计套餐,6.8,3
麒麟美甲美睫美容工作室,天桥区,天桥区,5.0,单人去黑头体验套餐,9.9,3
天蕴美容美体,天桥区,泺口,4.0,天蕴美容美体,29.9,2
杏林推拿,天桥区,泺口,4.0,足疗,25,2
赵氏盲人推拿,天桥区,天桥区,3.5,单人刮痧/拔罐2选1,20,2
澜羽祛斑美容养生馆,天桥区,长途汽车总站,4.5,单人中式温经暖宫疚一次,9.9,1
Better韩式半永久 （家庭式）,天桥区,天桥区,4.9,单人德国Dermedics驻颜粉底,198,1
紫彩金美容美发连锁机构（四店）,天桥区,堤口路,5.0,单人水嫩肌肤双层补水护理2次,68,1
紫彩金美容美发连锁机构（一店）,天桥区,火车站,5.0,单人水嫩肌肤双层补水护理2次,68,1
月色养生,天桥区,天桥区,4.1,养生套餐,98,0
动感美容美发形象设计会所,天桥区,堤口路,5.0,面部气泡层清洁套餐,58,0
润滢美学形象设计,天桥区,天桥区,5.0,单人皮肤护理1次,39.9,0
寇氏减肥（盖佳花园店）,天桥区,天桥区,4.5,单人草本艾灸1次,39,0
BEAUTY丽人美丽休闲沙龙,天桥区,堤口路,4.9,单人法国OLEVE手部护理套餐,49.9,0
绝美印象,天桥区,缤纷五洲,3.9,绝美印象代金券,78,0
明睐美甲美睫工作室,天桥区,火车站,5.0,单人面部清洁补水套餐1次,48.8,0
克丽缇娜,天桥区,k88,3.5,美体套餐,68,0
苗方清颜专业祛痘,长清区,长清大学城,4.6,【超值特惠】单人祛痘体验套餐,38,486
刘氏推拿,长清区,长清城区,5.0,拔罐/刮痧2选1,9.9,324
瑞倪维儿美容旗舰店,长清区,长清大学城,5.0,单人韩式汗蒸体验套餐,15,182
逸丝魅阁足疗馆,长清区,长清城区,4.3,单人按摩套餐,128,58
豆域专业祛痘（长清店）,长清区,长清大学城,4.3,单人面部护理理套餐,9.9,58
江南浴场,长清区,长清城区,3.8,洗浴、泰式按摩套餐,168,38
vivi国际妆容管理连锁机构,长清区,长清大学城,4.3,单人美容养生套餐5选1,9.9,28
广缘按摩会所,长清区,长清城区,5.0,单人拔罐刮痧二选一,13,22
忆丝铭轩,长清区,长清大学城,3.5,保健按摩套餐,98,21
乙文果蔬美容减肥连锁机构,长清区,长清城区,4.1,单人果蔬美容3次,19.9,20
妙手推拿,长清区,长清城区,4.8,单人特色拔罐1次,9.9,20
任小姐の店（一店）,长清区,长清大学城,5.0,单人面部净排/面部精油补水2选1,29.8,19
芙曼美甲,长清区,长清大学城,4.7,单人面部精油排铅,26.9,10
美甲宫殿（蜜桃百货店）,长清区,长清大学城,5.0,单人绞脸美容术套餐1次,9.9,5
御玺堂养生会所（济南店）,长清区,长清城区,4.6,MR·香薰SPA,398,5
