﻿商家,区域,商圈,星级,服务,价格,销量
奈瑞儿塑身美颜（百花店）,禅城区,百花广场,5.0,面部保湿+肩颈放松双宠套餐,128,50722
银濠假日酒店沐足部,禅城区,恒福GO GO PARK,5.0,单人银濠沐足1次,68,14343
乐肤·科尔皮肤管理中心（佛山祖庙店）,禅城区,祖庙,5.0,单人控油补水面部套餐,30,9303
枫叶情沐足,禅城区,东方广场,5.0,单人全天沐足套餐,58,9232
咪咪专业脱毛连锁机构（百花广场店）,禅城区,百花广场,5.0,单人双腋下脱毛年卡+赠送比基尼上/侧/造型脱毛单次体验,99,8976
豪城沐足,禅城区,东方广场,5.0,单人金品沐足,55,5653
千足堂沐足城,禅城区,东方广场,5.0,单人养生保健沐足套餐,88,5289
足缘阁国际会所,禅城区,同济,3.6,时尚沐足套餐,59,4308
金御龙沐足,禅城区,石湾,4.3,单人专业足疗,50,4148
国汇沐足保健休闲会所,禅城区,季华园,5.0,单人养生沐足,58,4089
金城大酒店步云阁沐足中心,禅城区,祖庙,5.0,双人足浴套餐,110,4057
福生圆沐足休闲中心（季华五路店）,禅城区,同济,5.0,代金券,85,3307
芭顿美容美发spa,禅城区,东方广场,5.0,单人洗剪吹造型,39,2802
海怡阁休闲沐足中心,禅城区,祖庙,5.0,单人沐足套餐,88,2708
佛山 皇冠假日酒店康体中心,禅城区,祖庙,4.9,单人沐足80分钟,108,1861
奇效盲人按摩,禅城区,同济,5.0,中式筋络穴位推拿1小时单人套餐,62.9,1836
金御湾休闲（沐足城店）,禅城区,澜石,4.1,单人泰式沐足套餐,89,1737
瑶芳专业祛痘祛斑（佛山禅城店）,禅城区,东方广场,5.0,单人水光补水套餐2次,38,1623
阿华盲人按摩,禅城区,季华园,5.0,中式按摩＋拔罐／刮痧二选一单人套餐,53,1405
清颜堂专业祛痘祛斑（铂顿城店）,禅城区,百花广场,5.0,单人香港清颜堂面部去污毛孔洗澡净颜美容套餐2次,100,1390
清颜堂专业祛痘祛斑（季华店）,禅城区,同济,5.0,单人香港清颜堂面部去污毛孔洗澡净颜美容套餐2次,100,1390
清颜堂专业祛痘祛斑（东方店）,禅城区,东方广场,5.0,单人香港清颜堂面部去污毛孔洗澡净颜美容套餐2次,100,1390
火凤凰健康管理,禅城区,东建世纪广场,5.0,单人中式推拿,65,1350
专业修脚坊,禅城区,禅城区,5.0,单人草本泡脚+按摩+修脚,25,1251
专业修脚坊,禅城区,东方广场,5.0,单人草本泡脚+按摩+修脚,25,1251
东江沐足,禅城区,碧桂园,5.0,养生沐足单人套餐,59,1038
嘉源沐足中心,禅城区,张槎,4.3,单人实力沐足,59,1027
泰圣荷泰国草本美胸国际连锁机构（佛山普君店）,禅城区,普君新城,3.8,【轻度】胸部疏通缓解胀痛3次体验套餐,98,935
和顺元养生（东方广场店）,禅城区,东方广场,4.6,单人保健养生套餐,88,822
亚艺皇室休闲会,禅城区,季华六路/湖景路,4.1,亚艺单人沐足,88,792
梅花足浴城,禅城区,澜石,4.5,单人梅花足浴,65,769
康扬健康推拿,禅城区,季华园,5.0,单人中式推拿,53,674
香港纤盈堂（雅居乐店）,禅城区,季华六路/湖景路,3.8,卵巢／肩颈／面部护理3选2,88,662
香港纤盈堂（东方广场店）,禅城区,东方广场,3.5,卵巢／肩颈／面部护理3选2,88,662
香港纤盈堂美体（兆阳店）,禅城区,丽日玫瑰,4.9,卵巢／肩颈／面部护理3选2,88,662
香港纤盈堂（绿地中心总店）,禅城区,同济,3.5,卵巢／肩颈／面部护理3选2,88,662
健足苑休闲中心,禅城区,同济,3.8,单人保健养生套餐,59.9,600
何能保健按摩经营部,禅城区,禅城区,5.0,单人拔罐,9.9,556
完美地带美容美甲（禅城玫瑰园店）,禅城区,印象城,5.0,香薰精油全身经络放松,69,549
乐龙湾连锁沐足（季华维也纳店）,禅城区,禅城区,5.0,实力沐足单人套餐,59,543
和毅足道（佛山保利香槟总店）,禅城区,张槎,5.0,单人足浴（60分钟）全天适用,99,508
韩容宫美容SPA养生馆,禅城区,印象城,4.1,韩容宫护理套餐3选1 玫瑰园玫瑰大街,38,461
蒸美颜美容院,禅城区,祖庙,5.0,单人托玛琳石汗蒸套餐,16.8,448
健翔保健中心,禅城区,印象城,5.0,镇店之宝－健翔理筋推拿单人套餐,138,414
康旺盲人专业按摩,禅城区,季华园,4.9,单人中式按摩,55,389
42℃盐蒸美痧会所（乐安店）,禅城区,禅城区,4.5,汗蒸或盐蒸+面部除螨或面部刮痧套餐,88,378
金手指沐足中心,禅城区,张槎,3.9,单人桃花沐足1次,58,333
蔡李佛鸿胜堂（弼唐店）,禅城区,张槎,5.0,单人肩颈疏通推拿套餐,98,330
蔡李佛鸿胜堂（流前店）,禅城区,同济,5.0,单人肩颈疏通推拿套餐,98,330
兵精良足休闲会所,禅城区,季华园,3.5,泰式按摩1次,128,317
穴位按推调治馆,禅城区,祖庙,5.0,局部按推－肩颈调理单人套餐,29.9,316
福禄根源健康管理中心（原中康礼宾）,禅城区,季华园,5.0,单人推拿+拔罐,68,311
锦尚缘美容美体店,禅城区,百花广场,5.0,单人面部护理,28.8,291
中泰盲人按摩院,禅城区,同济,5.0,单人盲人按摩套餐,63,278
乐姿康美容养生SPA馆,禅城区,禅城区,4.2,单人美容护肤经典套餐,88,277
乐姿康美容养生SPA馆（金沙一街店）,禅城区,张槎,4.3,单人美容护肤经典套餐,88,277
茗妍芳黛美颜养生会所,禅城区,张槎,4.9,单人护理套餐,68,253
颜韵激光脱毛中心（岭南站店）,禅城区,祖庙,5.0,冰点温和脱毛7选1单次体验券,8.9,253
德福养生馆,禅城区,季华六路/湖景路,5.0,保健按摩60分钟单人套餐,78,243
自然堂国际美容连锁机构（百花广场店）,禅城区,祖庙,5.0,单人塑唇/眼线定妆/韩式半永久/绣眉纹眉纹绣/洗眉,880,243
Alma激光美容中心,禅城区,石湾,5.0,深层清洁小气泡+深度补水水氧,128,122
蛇王膏药铺,禅城区,同济,4.0,体验单人套餐,1,112
云顶天境,禅城区,季华园,4.3,养生足浴单人套餐,58,111
玲珑心美容会所,禅城区,兆阳广场,4.3,单人特惠套餐,98,110
香港修盈堂,禅城区,季华园,3.8,单人水润注氧面部护理,88,107
金铂锦酒店沐足,禅城区,张槎,4.1,实力沐足单人套餐,59,106
爱瑞丝专业美胸美颜会所,禅城区,兆阳广场,5.0,单人护理套餐4选2,58,101
瑞芙臣科技美肤馆（祖庙百花总汇店）,禅城区,祖庙,5.0,单人痘肌护理1次,38,88
K BEAUTY童颜皮肤管理,禅城区,祖庙,5.0,单人气泡深层清洁,158,86
冠品国际素颜定制（东方广场）,禅城区,东方广场,5.0,高级单人修眉1次,1,85
闺蜜之家,禅城区,东方广场,4.4,单人面部护理,38,82
伊秀美容养生,禅城区,普君新城,5.0,单人面部护理水+背部肩颈经络疏通+艾灸+拔罐等项目多选一套餐,58,82
格瑞斯美容spa养生会所,禅城区,同济,4.7,单人养生护理套餐,58,81
嘉有儿女小儿推拿（创产店）,禅城区,创意产业园,3.0,小儿推拿单人套餐,38,80
玉玄宫中医非药物疗法养生馆（卫国路店）,禅城区,同济,5.0,磁能肩颈拨筋单人套餐,68,79
铉圆中医理疗中心,禅城区,九鼎国际,4.7,肩、颈理疗单人套餐,58,78
佰花方（禅城店）,禅城区,百花广场,3.9,单人面部CT检测+面部抽色护理一次,58,75
闺蜜美容养生工作室,禅城区,东方广场,4.8,单人肩颈／肩周疏通1次,39,73
艾丽汇美容养生馆,禅城区,石湾,4.9,单人皇牌超值美容套餐4选2,88,70
天使之城（东方金山街店）,禅城区,东方广场,4.5,单人天使之城美甲美容化妆体验课3选1套餐,1,37
天使之城（东建世纪店）,禅城区,同济,5.0,单人天使之城美甲美容化妆体验课3选1套餐,1,37
天使之城（印象城店）,禅城区,印象城,4.9,单人天使之城美甲美容化妆体验课3选1套餐,1,37
天使之城（普君店）,禅城区,普君新城,4.7,单人天使之城美甲美容化妆体验课3选1套餐,1,37
天使之城（铂顿城店）,禅城区,祖庙,4.9,单人天使之城美甲美容化妆体验课3选1套餐,1,37
静缘养生会所,禅城区,朝安地铁站,4.9,单人淋巴静排,218,36
iSpa（佛山店）,禅城区,碧桂园,5.0,单人SPA护理6选1,598,36
奈&欧美甲spa中心,禅城区,东方广场,4.5,单人基础修手,9.9,32
雪依氏科技美肤馆,禅城区,张槎,4.8,单人水印象舒肩双宠套餐,98,31
黄飞龙膏药养生馆,禅城区,丽日玫瑰,4.5,单人艾灸调理体验套餐,9.9,29
行万里足道（海景蓝湾店）,禅城区,碧桂园,4.8,单人实力沐足,38,29
十里桃花美容美甲,禅城区,绿岛广场,4.8,单人面部深层美白补水护理套餐,38,30
安吉莉娜,禅城区,张槎,4.1,单人背部SPA经络疏通套餐,58,27
自然美spa生活馆,禅城区,季华园,3.8,单人特惠4项套餐,98,26
民族中式康复馆,禅城区,九鼎国际,5.0,单人中-医调理按摩,68,25
花之语美容养生馆（花之语•雅居乐店）,禅城区,季华六路/湖景路,3.5,单人淋巴净排按摩减压,48,24
斯嘉丽美容美体spa会所（（雅居乐总店））,禅城区,季华六路/湖景路,4.1,特惠单人美容套餐,99,23
荣心堂保健按摩馆,禅城区,禅城区,4.0,单人全身舒适按摩,121.5,23
28days美容养生会所,禅城区,九鼎国际,5.0,肩颈保养+调理深层通经净排,68,23
顺立康健康管理中心,禅城区,季华六路/湖景路,4.1,单人龙骨调理之颈肩头调理,98,22
爱秀·韩式半永久旗舰店,禅城区,东方广场,5.0,单人水光活氧原护理套餐,69,21
忠健盲人按摩中心,禅城区,文华公园,3.5,单人中式经络按摩,60,21
英树皮肤管理中心,禅城区,东方广场,5.0,单人皮肤检测体验,1,19
云尚·美妈,禅城区,祖庙,4.7,云尚美妈项目超值体验卡,98,19
首尔清潭洞T&ME;皮肤管理中心,禅城区,碧桂园,4.5,单人高级韩式皮肤管理,99,19
瑶芳专业祛痘（张槎店）,禅城区,张槎,3.6,单人香港瑶芳面部护理套餐,28,18
曼格锐丝SPA美容会所（白云店）,禅城区,季华六路/湖景路,3.5,单人曼格锐丝高端美容spa,299,18
木吒专业减肥（通济桥店）,禅城区,同济,4.3,单人全身按摩瘦身套餐5选2,298,18
曼格锐丝SPA会所（素馨花店）,禅城区,季华六路/湖景路,4.0,单人曼格锐丝高端美容spa,299,18
韩方科颜专业祛痘连锁机构,禅城区,祖庙,5.0,单人气泡肌肤护理2次,79,17
奈莉尔SPA养生会所,禅城区,碧桂园,4.1,单人面部身体项目4选2,88,17
紫竹美容美体中心,禅城区,季华六路/湖景路,3.5,美容套餐,68,16
苗医生专业祛痘,禅城区,祖庙,5.0,单人深层清洁黑头2次套餐,38,16
天杞园,禅城区,祖庙,4.6,单人艾草熏蒸体验,18.8,14
漂亮妈妈产后健康管理中心,禅城区,普君新城,5.0,全年--单人产后催乳套餐,680,14
焕彩美容spa,禅城区,普君新城,4.1,单人雅姿美颜深层补水,68,14
享瘦健康美容养生会馆,禅城区,石湾,4.5,刮痧拔罐单次,39.9,14
颐扬健发养颜（绿景路店）,禅城区,季华园,4.7,单人面部经络疏通,68,13
涵曦美容美体会所,禅城区,碧桂园,4.0,单人喜马拉雅盐蒸,38,13
荟草堂全国连锁专业祛痘（佛山禅城店）,禅城区,祖庙,5.0,单人韩国小气泡+炫彩再生美肤体验,68,13
颐扬健发养颜（雅居乐店）,禅城区,季华六路/湖景路,4.0,单人面部经络疏通,68,13
香港修身堂（岭南明珠体育馆店）,禅城区,岭南明珠,5.0,单人水研冰肌面部护理,98,12
颐和养生馆,禅城区,张槎,3.0,单人保健护理,68,12
隆祥健康养生馆,禅城区,东建世纪广场,3.5,单拔罐/刮痧 单人套餐,28,12
舒康盲人按摩,禅城区,季华六路/湖景路,3.5,单人盲人按摩,58,12
唐糖美容养生馆,禅城区,兆阳广场,5.0,肩颈保养,58,12
圣足堂,禅城区,印象城,4.0,单人沐足1次,60,11
诺菲丝蔓,禅城区,东方广场,4.0,单人面部水疗护理套餐,38,10
SAKURA樱花馆半永久美妆,禅城区,张槎,4.7,修眉＋眉形设计,1,10
唐靓坊美容美甲鱼疗,禅城区,普君新城,5.0,单人面部护理1次,38,9
艾迪雅养生馆,禅城区,碧桂园,3.5,肩颈调理单人体验,38,9
珂洛丽美甲形象连锁(铂顿城店),禅城区,祖庙,4.3,单人修眉+眉形设计,9.8,8
澳星商务酒店沐足中心（客房部）,禅城区,石湾,3.5,单人沐足,88,8
榕绣美容中心,禅城区,季华六路/湖景路,3.5,单人焕颜水光嫩肤套餐,58,8
小蛮腰瘦身（张槎二路店）,禅城区,张槎,3.8,定制美容项目单人体验价4选1,39,7
小蛮腰（南桂西店）,禅城区,禅城区,4.3,定制美容项目单人体验价4选1,39,7
桦莎小蛮腰（季华店）,禅城区,季华园,3.7,定制美容项目单人体验价4选1,39,7
梦梵茜·日式美甲·美㫸,禅城区,祖庙,5.0,韩国水氧气泡深层清洁护理,88,6
佛山唯美会美容养生抗衰中心,禅城区,印象城,4.3,单人乳腺疏通护理,38,6
亚之妍美容院,禅城区,印象城,3.5,单人背部护理套餐,38,6
安贝儿美甲店,禅城区,同济,4.8,女子暖宫养生艾灸超值体验套餐,9.9,6
一指康连锁沐足中心,禅城区,张槎,3.0,人气之选—玫瑰沐足单人套餐,109,5
佐登妮丝（丽日豪庭店）,禅城区,丽日玫瑰,3.9,108体验套餐,108,5
灏祺文化传播有限公司,禅城区,祖庙,3.5,灏祺韩式单人亮黑睫线,280,5
佐登妮丝（普君新城店）,禅城区,普君新城,3.9,108体验套餐,108,5
兴旺盲人按摩,禅城区,张槎,3.5,单人中式按摩,54,4
塑颜工作室,禅城区,东方广场,4.1,单人脸部净排套餐,58,4
宣业tattoo,禅城区,普君新城,4.6,字母长度15cm内或5cm x 5cm内黑白小图案,218,4
韩绣美半永久定妆纹绣纹眉纹眼线（佛山店）,禅城区,祖庙,4.5,单人高端私人定制 眉型设计,30,5
尚艺美容美发连锁机构（禅城松风店）,禅城区,东方广场,3.3,单人美容套餐,68,4
法国雅贝蔓休闲养生SPA会所,禅城区,季华六路/湖景路,4.3,背部三焦净排,78,4
so吧纤体美容会所,禅城区,东建世纪广场,3.5,单人背部放松护理,58.8,3
艾薇儿美甲,禅城区,禅城区,4.1,无痕睫毛嫁接,99,3
恋尚女皇美甲店（英皇时尚城）,禅城区,同济,4.8,单人（美肤）吸黑头护理,38,3
Beauty Station,禅城区,恒福GO GO PARK,3.5,单人肩颈深层舒压spa,88,3
约美国际美甲美容美体护肤,禅城区,东方广场,3.8,单人面部净美白护理,98,3
乐道和抗衰美颜中心,禅城区,季华六路/湖景路,3.5,缓解酸痛按摩,38,3
樱桃美甲美容,禅城区,文华公园,4.7,补水面部护理+背部精油开背,108,3
健雅汗蒸美容养生会所,禅城区,祖庙,4.8,宫廷暖宫单人套餐,98,2
素澄皮肤管理,禅城区,恒福GO GO PARK,3.5,嘴边温和脱毛,150,2
贝美玉,禅城区,同济,3.0,单人面部护理+淋巴排.毒,48,2
南粤香菲美容养生会所,禅城区,季华六路/湖景路,3.5,bobo胸部乳腺秘籍疏通单人套餐,58,2
凡希美容店（福贤路店）,禅城区,祖庙,4.7,面部护理套餐,38,2
贝美玉,禅城区,东方广场,3.5,单人面部护理+淋巴排.毒,48,2
傳奇美容会所,禅城区,九鼎国际,4.5,艾灸调理护理,88,0
伊始美,禅城区,东建世纪广场,3.8,胸部疏通单人套餐,58,0
YY美妆工作室,禅城区,禅城区,5.0,美瞳线单人套餐,980,0
尊懿化妆美甲纹绣小纹身（尊懿国际美学商学院）,禅城区,祖庙,4.5,半永久眉、眼、唇全科班课程学员,5980,0
窝居高端容貌定制,禅城区,普君新城,4.9,单人创意精美刺身小图案,98,0
漂亮天使美容美体养生馆,禅城区,东建世纪广场,3.5,面部SPA经络净排套餐,98,0
艾丽社美甲手足护理机构,禅城区,祖庙,4.7,单人韩式眉套餐,980,0
美如养生坊,禅城区,印象城,3.0,声波清黑头,38,0
妙圣堂,禅城区,禅城区,4.0,单人推拿热敷,99,0
欧尚美甲店,禅城区,同济,4.5,单人腋下温和脱毛套餐,680,0
奈瑞儿塑身美颜（嘉洲广场店）,南海区,嘉洲广场,5.0,面部保湿+肩颈放松双宠套餐,128,50729
裕达酒店客房沐足,南海区,平洲,5.0,单人王帝沐足,68,7538
裕杰酒店足疗部,南海区,平洲,5.0,单人无忧逍遥浴,68,5268
兄弟联盲人按摩,南海区,罗村,5.0,单人兄弟联盲人按摩套餐,55,4426
美肌工坊皮肤管理（佛山南海万科店）,南海区,南海万科广场,4.8,单人-超微气泡去螨虫去黑头深层清洁,49.8,4402
桃园商务酒店沐足,南海区,丹灶,4.9,单人金派沐足,65,4194
福生圆沐足休闲中心（桂城店）,南海区,南海区,5.0,福生圆沐足一次,72,3817
新天地足浴,南海区,南海区,5.0,单人实力沐足,59,3709
坤龙酒店沐足中心,南海区,狮山,4.1,单人香薰沐足,69,3683
平洲宾馆海天沐足,南海区,平洲,5.0,单人普通沐足,59,2299
御蒂龙沐足城,南海区,壹品广场,5.0,泰式沐足推拿单人套餐,89,2282
帝龙酒店沐足,南海区,南海区,5.0,单人实力沐足,78,2028
旺角新濠休闲会所,南海区,狮山,5.0,时尚沐足单人套餐,58,1848
御安堂推拿馆纳米汗蒸中医理疗养生,南海区,壹品广场,5.0,御安堂按摩+刮痧拔罐2选1,108,1448
清颜堂专业祛痘祛斑（南海店）,南海区,南海广场,5.0,单人香港清颜堂面部去污毛孔洗澡净颜美容套餐2次,100,1390
清颜堂专业祛痘祛斑（万科店）,南海区,南海万科广场,5.0,单人香港清颜堂面部去污毛孔洗澡净颜美容套餐2次,100,1390
清颜堂专业祛痘祛斑（嘉洲广场店),南海区,嘉洲广场,5.0,单人香港清颜堂面部去污毛孔洗澡净颜美容套餐2次,100,1390
西波湼美颜养生馆,南海区,狮山,4.5,单人润白补水面部护理,48,271
翌芙莱专业祛斑祛痘,南海区,城市广场/新天地,5.0,单人韩式冰肌光净肤体验一次（腋下/唇部2选1）,35,265
吟月阁美容SPA会所,南海区,官窑,5.0,单人活泉SPA面部护理,15.8,259
花享容美容美体中心,南海区,鸿大广场,4.4,单人养生套餐,58,249
皇都豪爵影院沐足（佛平店）,南海区,南海广场,3.8,单人沐足体验套餐,74,237
足乐宫保健按摩旗舰店（东二店）,南海区,壹品广场,5.0,单人中式按摩,88,232
铂豪沐足城,南海区,官窑,4.3,普通休闲沐足单人套餐,60,214
君宁盲人推拿,南海区,狮山,5.0,单人推拿,55,208
丝域养发馆（罗村店）,南海区,罗村,4.3,养发套餐  58,58,202
古媛国际瘦身(鹏瑞利季华广场店),南海区,鹏瑞利季华广场,3.8,单人古媛骨盘/乳腺+肩颈护理,68,200
古媛国际瘦身（万达广场店）,南海区,万达广场/金融城,4.3,单人古媛骨盘/乳腺+肩颈护理,68,200
香莉蔓脊椎调衡养生（体育路店）,南海区,南海区,5.0,肩颈脊椎套餐,78,187
雪依氏▪科技美肤spa会所,南海区,南海区,5.0,单人ABC套餐3选1,68,179
芙蓉坊美容美体连锁机构（丹灶店）,南海区,丹灶,4.4,胸部护理套系,39,165
芙蓉坊美容美体连锁机构（金色家园店）,南海区,城市广场/新天地,4.0,胸部护理套系,39,165
芙蓉坊美容美体连锁机构（黄岐店）,南海区,南海区,4.0,胸部护理套系,39,165
芙蓉坊丰胸纤体美容中心（丽雅苑店）,南海区,鸿大广场,3.9,胸部护理套系,39,165
芙蓉坊美容美体连锁机构（怡翠店）,南海区,南海区,3.8,胸部护理套系,39,165
芙蓉坊美容美体连锁机构（南海大道店）,南海区,城市广场/新天地,4.1,胸部护理套系,39,165
芳华美容养生中心,南海区,平洲,5.0,单人皇牌瘀滞通肩颈调理套餐,59,161
妙生堂盲人按摩馆,南海区,狮山,5.0,单人盲人按摩套餐,68,149
韵雅丽人美容养生馆,南海区,沙头,4.6,面部SPA水疗精致护理+眼部护理,39.9,147
兰桂芳休闲中心,南海区,狮山,4.2,经典沐足套餐,58,145
骨康堂中医理疗养生馆,南海区,鸿大广场,5.0,中式整骨推拿（赠送拨火罐）,58,142
御足城休闲中心,南海区,鸿大广场,3.4,单人全天实力沐足,63,140
壹拾捌沐足（丹灶金沙店）,南海区,南海区,4.6,单人金沙店格格沐足,69,137
富丽华美容养生馆,南海区,罗村,5.0,单人纳米活瓷净排养生缸+面部深层补水护理,48,137
LaSpa御美会(中海环宇城店),南海区,南海区,5.0,单人面部及背部Spa套餐护理,168,134
金庭大酒店沐足,南海区,宝盈广场,4.3,单人休闲沐足,75,132
竹芝雅美容养生会所,南海区,南海万科广场,5.0,单人面部护理,38,125
s诗蔓美容养生会所,南海区,黄岐步行街,5.0,单人肩颈五行养生1次,39.9,124
好气色肌肤保鲜连锁店（里水店）,南海区,里水,4.8,祛黑头毛孔收细单人护理体验,78,120
路易芬妮国际名媛SPA抗衰,南海区,千灯湖/保利水城,4.9,单人路易芬妮皇牌护理套餐,29.8,116
脊医馆养脊会所（南海万达广场店）,南海区,万达广场/金融城,5.0,单人中式推拿按摩,80,107
金叶泉休闲会所,南海区,南海区,3.5,单人沐足,46,111
铭莎美容会所,南海区,罗村,5.0,单人护理皇牌套餐三选二,88,105
阿玛仕(鹏瑞利季华广场店),南海区,鹏瑞利季华广场,5.0,单人美容套餐,68,103
大唐汗蒸美容养生会所（芳艺城）,南海区,狮山,5.0,十二经络全身排-毒,188,102
花颜高端皮肤管理,南海区,万达广场/金融城,5.0,单人超微水氧小气泡深层清洁护理3项套餐,98,99
清秀佳人,南海区,罗村,3.8,面部净排,38,95
依蓓濛美容养生连锁(南海万科广场店),南海区,南海万科广场,4.1,依蓓濛贵妃套餐,38,95
和顺敏家专卖店（佛山店）,南海区,南海区,4.4,单人中式草本原生态净排套餐,19.9,95
御康堂养生中心（罗村店）,南海区,罗村,4.7,单人按摩+背部推油+石热敷,68,94
林氏扶芫专业推拿（千灯湖院）,南海区,千灯湖/保利水城,5.0,单人拔罐1次,28,92
祈福仙湖酒店（沐足中心）,南海区,丹灶,4.0,单人舒缓减压套餐,138,90
龙光爱儿乐婴童SPA水育乐园,南海区,罗村,5.0,婴儿泳疗单人小池超值套餐,38,86
一号汗蒸,南海区,狮山,5.0,单人肩颈疏通,68,86
至宝堂养生馆,南海区,松岗,5.0,单人拔罐,25,85
大医传承中医养生连锁机构（罗村店）,南海区,罗村,4.3,单人艾灸1次,18,84
巧手扶元养生馆（巧手扶元）,南海区,鸿大广场,4.3,单人巧手扶元艾灸养生,68,83
凯蒂娜养生会所,南海区,黄岐步行街,4.1,单人美容净排套餐,48,81
雪依氏美容院（中海万锦东苑店）,南海区,紫金城,4.3,单人面部精致护理+肩颈护理,38.8,80
善恩·非一般美甲美容,南海区,南海广场,4.3,单人韩式电眼睫毛（芭比娃娃烫）,68,75
善恩·玛妮花美甲,南海区,南海区,3.4,单人韩式电眼睫毛（芭比娃娃烫）,68,75
状元养生汇,南海区,罗村,4.7,单人纳米汗蒸,28,74
丽致美筑&小岛忘忧SPA（金沙洲恒大店）,南海区,南海区,3.5,THALGO海洋魅力水分脸部精致护理两次,139,73
紫莹美颜养生馆,南海区,南海区,4.4,单人护理套系套餐,38,71
碧禾堂,南海区,千灯湖/保利水城,4.9,娇挺胸部疏通,88,69
薇镁抗衰（鹏瑞利店）,南海区,鹏瑞利季华广场,4.8,背部拔罐祛湿,9.9,31
美道心健康美丽管理中心,南海区,南海区,5.0,单人美颜精致女人4选2套餐,88,31
痘研专业祛痘中心（佛山店）,南海区,平洲,5.0,单人痘痘清理套餐,16,30
奈欧美甲SPA中心(鸿大广场店),南海区,鸿大广场,3.9,单人芭比胶（单色）送修眉1次,58,30
中华中医馆,南海区,千灯湖/保利水城,4.4,单人肩颈调理,98,29
慕白美容美甲SPA馆（平州店）,南海区,平洲,4.3,单人问题肌肤多效定制护理2次,128,29
妃莹美容养生会所,南海区,紫金城,4.3,单人泡浴／背部／艾灸3选2,68,30
碧波庭养生体验馆,南海区,南海区,4.3,单人面部护理,68,28
里水伊人堂美容美体会所（甘蕉店）,南海区,里水,4.9,豪华护理5选2（身体/面部各一次）,88,27
美姿行美容美甲中心,南海区,罗村,5.0,单人脸部护理套餐,38,27
安然纳米汗蒸馆（金沙店）,南海区,南海区,5.0,单人拔火罐,28,26
脉道经络养生会所,南海区,里水,4.9,单人女宾按摩套餐,118,25
奥林美容养生会所唯莎纹绣,南海区,官窑,4.4,单人DDS生物电先进疏通背部筋络,68,24
恒逸商务酒店（沐足部）,南海区,狮山,3.9,单人浪漫之约推拿,198,22
爱美丽形象工作室,南海区,南海区,4.3,单人淡痣（一颗）套餐,4.8,20
荟聚美养生spa店,南海区,平洲,3.9,单人悦榕莊美丽生活舍保养套餐,98,20
正宗乐康盲人推拿,南海区,越秀广场,4.3,单人盲人按摩（60分钟）,55,20
美丽久久（怡丰城店）,南海区,怡丰城,5.0,单人面部SPA美白补水护理,88,19
轻轻美容美体,南海区,罗村,4.6,单人安然纳米汗蒸,19.8,19
下一站天后,南海区,松岗,5.0,脸部护理套餐,29.9,19
爱尚四叶草美甲（百花时代店）,南海区,南海万科广场,3.6,39肩颈护理,39,19
海丝安琪养生会所,南海区,鸿大广场,4.0,意大利捷亚迪五步净肤,48,19
m绣·私人塑颜定制,南海区,鸿大广场,4.3,单人轻妆韩式眉,1180,18
香港伊美会,南海区,鹏瑞利季华广场,4.6,单人德国ANPC肩颈疏通＋皇家胸部护理分两次体验,68,18
曼格锐丝SPA会所（保利花园店）,南海区,千灯湖/保利水城,3.5,单人曼格锐丝高端美容spa,299,18
香港木吒专业减肥（俊雅名园店）,南海区,罗村,4.0,单人全身按摩瘦身套餐5选2,298,18
木吒专业减肥（康怡丽苑店）,南海区,平洲,4.6,单人全身按摩瘦身套餐5选2,298,18
Umi韩式半永久定妆造型机构,南海区,万达广场/金融城,4.2,单人韩式无痕美睫线套餐,399,18
木吒专业减肥（天佑六路店）,南海区,南海区,4.3,单人全身按摩瘦身套餐5选2,298,18
香港木吒专业减肥养生（时代明轩店）,南海区,鸿大广场,4.7,单人全身按摩瘦身套餐5选2,298,18
QUEEN FACE女皇皮肤管理中心,南海区,万达广场/金融城,4.6,单人高级气泡深层清洁套餐,99,17
达观养生Spa（季华店）,南海区,鹏瑞利季华广场,4.0,达观养生单人SPA面部护理套餐,68,16
紫晶名媛,南海区,鹏瑞利季华广场,3.5,单人3项目A套餐,58,16
Miss Mo Studio,南海区,万达广场/金融城,5.0,单人瓷肌娃娃面部护理,198,16
紫晶名媛,南海区,城市广场/新天地,3.5,单人3项目A套餐,58,16
美丽佳人,南海区,罗村,4.1,单人面部净排套餐,68,16
marber,南海区,罗村,4.0,面部护理套餐,9.9,13
Wonderful U.悦美工作室,南海区,南海万科广场,5.0,OPT无痛冰点脱毛单次体验,38,13
善瑞整脊养生馆,南海区,鸿大广场,4.9,单人碧波庭面部护理,20,12
尚丽养生美容会馆,南海区,凯德广场,3.7,单人水密码面部深层补水,49,12
宝和蕊（罗村分店）,南海区,罗村,4.2,美容美体B套餐,68,11
新拉玛泰养疗抗衰会所（黄岐分店）,南海区,南海区,3.5,单人哈尼草本浴+肩颈护理套餐,78,11
艾丽雅,南海区,鸿大广场,3.8,香薰SPA护理5选2单人套餐,272,11
美人邦,南海区,罗村,4.6,单人面部松筋套餐,48,12
克米赫拉皮肤管理中心,南海区,鹏瑞利季华广场,4.4,单人祛除黑头收缩毛孔,19.9,10
薄荷女人美容美体,南海区,鸿大广场,4.8,单人古方烫蛋护理,68,10
康泰美容推拿养生馆,南海区,中海环宇城,4.4,单人拔经疏通净排套餐,128,10
康道中医经络养生馆,南海区,官窑,4.5,单人背部经络疏通,98,9
丽佰氏皇家私房美容养生会所（丽雅苑店）,南海区,南海区,3.6,眼/脸部美容特惠套餐,68,9
皇莎美容养生会所（馨园店）,南海区,天安数码城,3.5,面部抗纹护理课程,136,9
碧水滋康休闲中心,南海区,平洲,3.6,单人按摩保健,74,2
楚楚动人美容院,南海区,罗村,4.1,29.9元祛湿排毒养生汗蒸,29.9,2
艾莉斯美容院,南海区,南海万科广场,3.5,单人舒适全身美容B套餐,68,1
丽肤堂汗蒸美容养生会所,南海区,南海区,5.0,背部推拿单人套餐,98,2
心足沐足,南海区,天安数码城,3.9,特价沐足,60,2
元盈美容院,南海区,南海区,4.3,卵巢／肩颈／面部护理3选2,128,1
魅可美甲美睫studio,南海区,万达广场/金融城,4.6,单人冰点opt（6选1）,88,1
龚氏瑶医堂,南海区,鸿大广场,3.0,单人扶芫艾灸,88,1
亦居养生馆,南海区,壹品广场,3.5,单人推拿套餐,100,1
KK.Studio,南海区,万达广场/金融城,5.0,韩式美睫毛线套餐,1280,0
曼妮形象设计,南海区,平洲,3.5,单人身体护理套餐,76,0
欧蔓尼美妆-延延美甲店（南海广场店）,南海区,南海广场,4.2,单人温和脱毛3选1,99,0
Kirinzai韩式半永久定妆,南海区,万达广场/金融城,5.0,单人口碑纳米微导护理套餐,1000,0
时光女神半永久美容美甲工作室,南海区,南海区,3.5,单人眉型设计,880,0
佳人美甲美学馆,南海区,南海区,5.0,单人MTS微晶水光,398,0
星空美甲,南海区,凯德广场,5.0,手部美白补水护理,49,0
奈瑞儿塑身美颜（大良店）,顺德区,大良,5.0,面部保湿+肩颈放松双宠套餐,128,50731
奈瑞儿塑身美颜（天佑城店）,顺德区,容桂,5.0,面部保湿+肩颈放松双宠套餐,128,50731
珈提岛水疗养生会所,顺德区,容桂,5.0,单人皇家健康沐足,58,3219
安然纳米汗蒸馆,顺德区,大良,5.0,单人安然纳米汗蒸套餐,16.8,3078
活力休闲俱乐部,顺德区,北滘,4.6,单人经典沐足套餐,50,2376
康正盲人按摩养生馆,顺德区,大良,5.0,中式按摩单人套餐,75,1651
康正盲人按摩养生馆（君御花园店）,顺德区,大良,5.0,中式按摩单人套餐,75,1651
俊王休闲会所,顺德区,容桂,4.4,魅力沐足,70,1641
水月湾休闲会所,顺德区,陈村,3.6,实力单人沐足套餐,58,1595
御景轩休闲会所,顺德区,乐从,4.4,单人休闲沐足1次,60,1403
清颜堂专业祛痘祛斑（龙江店）,顺德区,龙江,5.0,单人香港清颜堂面部去污毛孔洗澡净颜美容套餐2次,100,1390
清颜堂专业祛痘祛斑（陈村店）,顺德区,陈村,5.0,单人香港清颜堂面部去污毛孔洗澡净颜美容套餐2次,100,1390
清颜堂专业祛痘祛斑（大良店）,顺德区,大良,5.0,单人香港清颜堂面部去污毛孔洗澡净颜美容套餐2次,100,1390
清颜堂专业祛痘祛斑（容桂店）,顺德区,容桂,3.6,单人香港清颜堂面部去污毛孔洗澡净颜美容套餐2次,100,1390
清颜堂专业祛痘祛斑（北滘店）,顺德区,北滘,5.0,单人香港清颜堂面部去污毛孔洗澡净颜美容套餐2次,100,1390
清颜堂专业祛痘祛斑（乐从店）,顺德区,乐从,5.0,单人香港清颜堂面部去污毛孔洗澡净颜美容套餐2次,100,1390
碧云轩,顺德区,大良,4.0,单人养生沐足,63,1324
双龙保健按摩中心,顺德区,乐从,5.0,舒适经络穴位推拿1次,52,1108
固本堂养生,顺德区,陈村,5.0,单人拔罐1次,19.9,1007
茜茜美容养生SPA会所（均安店）,顺德区,均安,5.0,单人香薰肩颈调理套餐,98,982
财神酒店至尊桑拿,顺德区,乐从,4.3,单人专业沐足,78,918
尚城足御休闲会所,顺德区,大良,4.9,单人特价沐足,48,828
花都美容美发,顺德区,北滘,3.7,洗剪吹美发套餐,51,740
今逸湾休闲中心,顺德区,容桂,5.0,专业推油,168,739
正骨保健健康管理中心,顺德区,乐从,5.0,单人拔罐一次,16.8,709
香港纤盈堂（天佑城店）,顺德区,容桂,4.0,卵巢／肩颈／面部护理3选2,88,662
香港纤盈堂（大润发店）,顺德区,大良,3.0,卵巢／肩颈／面部护理3选2,88,662
香港纤盈堂（大良碧溪店）,顺德区,大良,3.5,卵巢／肩颈／面部护理3选2,88,662
香港纤盈堂,顺德区,伦教,3.5,卵巢／肩颈／面部护理3选2,88,662
香港纤盈堂（乐溪店）,顺德区,大良,3.8,卵巢／肩颈／面部护理3选2,88,662
香港纤盈堂（乐从奥园店）,顺德区,乐从,3.8,卵巢／肩颈／面部护理3选2,88,662
皇舒（顺德大良店）,顺德区,大良,4.1,益康国医刮痧拔罐单人套餐,59.9,658
姚氏经络推拿馆,顺德区,北滘,4.7,单人保健按摩套餐,60,581
知足常乐休闲会所,顺德区,大良,4.1,沐足中式按摩2选1,70,580
完美地带美容美甲（乐从奥园店）,顺德区,乐从,4.5,香薰精油全身经络放松,69,549
完美地带（北滘合诚市场店）,顺德区,北滘,4.2,香薰精油全身经络放松,69,549
完美地带美容美甲（乐从东区店）,顺德区,乐从,4.7,香薰精油全身经络放松,69,549
完美地带美容美甲（乐从佛奥湾会所店）,顺德区,乐从,4.5,香薰精油全身经络放松,69,549
完美地带美容美甲（龙江联星店）,顺德区,龙江,4.6,香薰精油全身经络放松,69,549
完美地带美容美甲（乐从德润花园店）,顺德区,乐从,3.8,香薰精油全身经络放松,69,549
完美地带美容美甲（乐从新世纪店）,顺德区,乐从,4.2,香薰精油全身经络放松,69,549
完美地带（龙江丰华北路店）,顺德区,龙江,5.0,香薰精油全身经络放松,69,549
完美地带（乐从金威名苑店）,顺德区,乐从,4.5,香薰精油全身经络放松,69,549
御艾坊美容养生馆,顺德区,容桂,5.0,单人按摩+汗蒸,68,527
御康理疗养生连锁（丹桂店）,顺德区,大良,5.0,单人刮痧拔罐40分钟,49.99,433
御康理疗养生连锁（碧溪店）,顺德区,大良,4.6,单人刮痧拔罐40分钟,49.99,433
韵秀美容鱼疗馆,顺德区,北滘,5.0,拔火罐/刮痧套餐,48,428
怡灵美容养生馆,顺德区,乐从,4.6,肩颈/背部/手臂经络疏通,68,402
顺德中药专业祛痘,顺德区,大良,5.0,单人痘肌护理,9.9,376
顺德中药专业祛痘,顺德区,容桂,5.0,单人痘肌护理,9.9,376
千家小良子,顺德区,大良,4.6,单人中式推拿,79.99,315
百莲凯美容养生SPA馆（佛山大良店）,顺德区,大良,4.9,单人面部三D护理,38,284
康安推拿馆,顺德区,北滘,5.0,单人专业推拿开背体验,68,245
纤姿曼美容养生SPA会所,顺德区,大良,4.1,单人肩颈疏通/美胸丰韵/温宫暖脐三选一,68,237
丰元堂,顺德区,大良,5.0,单人拔罐,38,220
花瓷肌美容养生会所（勒流店）,顺德区,勒流,5.0,祛黑头净化清爽养护 效果看得见,78,216
古雅美容养生会所,顺德区,北滘,4.9,水凝保湿护理,38,210
悦康盲人按摩,顺德区,容桂,5.0,单人肩颈腰背推拿,64.9,209
金百合美容纤体（乐从店）,顺德区,乐从,3.8,单人护理保养套餐,29.9,209
Elysee爱麗舍美容养生SPA馆,顺德区,大良,5.0,爱丽舍3选2,88,183
自然美护肤中心,顺德区,伦教,5.0,单人肩颈经络按摩,39,178
宝鑫娇子休闲会所,顺德区,容桂,5.0,单人养生沐足90分钟,78,175
蝶恋花美容养生馆,顺德区,乐从,5.0,面部深层护理,45,172
蝶恋花美容养生馆（水藤分店）,顺德区,乐从,5.0,面部深层护理,45,172
御星园休闲会,顺德区,乐从,5.0,御星园单人红牌沐足70分钟,55,168
倾城阁spa美容养生会所,顺德区,龙江,4.6,美容养生体验套餐,68,153
一鸣堂养生（北滘店）,顺德区,容桂,4.2,单人一鸣堂护理套餐,38.8,151
温氏一指禅,顺德区,大良,4.8,单人肩颈调理,39,145
女人世界,顺德区,容桂,4.9,单人皇牌尊享服务（5选1）,38,121
雪依氏,顺德区,陈村,5.0,单人雪依氏经络护理,68,120
正骨堂（宏骏广场店）,顺德区,容桂,4.1,单人健康调理套系,28,117
汇公馆美容护肤养生中心（陈村店）,顺德区,陈村,4.7,背部三脉通养,68,105
天姿国色科学美容spa会所,顺德区,容桂,4.6,单人面部保湿护理/颈腰椎护理套餐,58,93
新菲斯养生美容,顺德区,乐从,4.2,护理套餐，女士专用,38,92
碧波庭排毒养生,顺德区,北滘,4.9,碧波8选2套组,68,83
芙之秀祛斑生活馆,顺德区,陈村,4.4,面部护理套餐,38,81
指惑美妆（龙江店）,顺德区,龙江,4.7,单人面部护理（深层补水）,68,78
佰花方专业祛斑（乐从店）,顺德区,乐从,4.0,单人面部CT检测+面部抽色护理一次,58,75
善恩非一般,顺德区,容桂,4.4,单人韩式电眼睫毛（芭比娃娃烫）,68,75
静心莲美容养身SPA会所,顺德区,大良,4.9,背部舒缓减压套组,38,72
纯美国际（凤祥店）,顺德区,容桂,5.0,单人背部舒穴芳疗SPA六项套餐,88,66
纯美国际（雅居乐店）,顺德区,大良,4.5,单人背部舒穴芳疗SPA六项套餐,88,66
纯美国际（福基店）,顺德区,容桂,4.9,单人背部舒穴芳疗SPA六项套餐,88,66
纯美国际（富民店）,顺德区,大良,4.6,单人背部舒穴芳疗SPA六项套餐,88,66
纯美国际（大润发店）,顺德区,大良,4.9,单人背部舒穴芳疗SPA六项套餐,88,66
纯美国际（体育路店）,顺德区,容桂,5.0,单人背部舒穴芳疗SPA六项套餐,88,66
纯美国际（文华店）,顺德区,容桂,4.5,单人背部舒穴芳疗SPA六项套餐,88,66
纯美国际（容奇店）,顺德区,容桂,4.1,单人背部舒穴芳疗SPA六项套餐,88,66
纯美国际（新一城店）,顺德区,大良,5.0,单人背部舒穴芳疗SPA六项套餐,88,66
米博国际,顺德区,容桂,4.8,祛湿排寒香薰,65,66
纯美国际（伦教店）,顺德区,伦教,5.0,单人背部舒穴芳疗SPA六项套餐,88,66
完美女人专业美容spa,顺德区,容桂,4.9,单人深层清洁面部护理套餐,38,60
勒流沁美养生馆,顺德区,勒流,4.9,清爽冰凉面部SPA,79.9,58
古御方（千禧广场店）,顺德区,容桂,4.6,单人经络疏通+艾灸6选1,38,58
智丽佳人美容院（玫瑰苑店）,顺德区,大良,4.2,智丽佳人六部传奇,98,57
智丽佳人（东区店）,顺德区,大良,3.5,智丽佳人六部传奇,98,57
智丽佳人（沿江店）,顺德区,大良,4.0,智丽佳人六部传奇,98,57
华美达千凤美容院,顺德区,北滘,5.0,68 粉红传奇胸部疏通,48,52
健康缘中医经络养生馆,顺德区,容桂,5.0,单人肩部经络保健护理套餐,68,47
倾心spa美容生活馆,顺德区,乐从,5.0,拔火罐+面部补水+精油开背,128,47
天颐自然养生馆,顺德区,大良,4.6,肩背部经络疏通/中式推拿加刮痧/艾灸护理,88,46
爱琴海休闲会所,顺德区,大良,5.0,70分钟泰式按摩,80,47
尚赫美容养生馆（碧江店）,顺德区,北滘,4.5,尚赫美容养生馆脸部时光倒流术+淋巴净排+背部护理+归元五通能,68,45
钻-半永久纹绣（乐从店）,顺德区,乐从,4.6,单人腋下/唇部/手背/手指/脚背/脚趾净毛6选1体验套餐,9.9,41
一鸣堂养生（乐从店）,顺德区,乐从,4.9,单人三焦循环减压套餐,98.8,40
露斯养生SPA会所（兴乐一街店）,顺德区,乐从,3.9,拔罐、刮痧2选1,9.9,40
秀色养生美容会所,顺德区,北滘,4.3,单人芳香开背护理,58,36
钰美人,顺德区,大良,4.5,单人护理套餐,39,36
怡美美容美甲私人定制会所,顺德区,大良,5.0,修眉 眉形设计,1,36
栢草源健康美容生活馆,顺德区,勒流,4.4,单人人栢草源五选三套餐,198,35
梅梅美容养生馆,顺德区,北滘,3.8,深层美白补水套餐,38,35
天妍美容养生馆,顺德区,伦教,5.0,面部活肤补水精致护理,39,33
纤体美容,顺德区,乐从,4.1,单人面部净排,38,31
碧波庭,顺德区,伦教,3.5,单人拔罐/刮痧/艾灸三选一,9.9,31
班豆夫人,顺德区,大良,3.5,单人脸部深层补水,38,29
BOTRE栢草源体验店,顺德区,大良,4.2,面部针对性单人护理,38,29
碧波庭.国际,顺德区,大良,4.0,养胸保健体验套餐,29.8,26
新乐沐足休闲会所,顺德区,乐从,4.4,单人平疗沐足,89,26
素康盲人中医按摩,顺德区,勒流,4.5,盲人按摩单人套餐,63,25
伊丽健,顺德区,伦教,5.0,伊丽健肩颈护理,78,25
焦.娇美人连锁瘦身养生馆,顺德区,龙江,3.3,拔罐,16.9,24
新伊美纹绣化妆美容美甲培训学院,顺德区,顺德,5.0,生活自然妆,70,24
润足休闲会所,顺德区,北滘,3.0,保健推拿 单人套餐,138,22
妃临国际美容养生SPA会所（乐从店）,顺德区,乐从,4.3,妃临六部曲限购,198,19
pk美容养生馆（乐从店）,顺德区,乐从,3.9,护理套餐,38,19
木吒专业减肥（云良路店）,顺德区,大良,5.0,单人全身按摩瘦身套餐5选2,298,18
婕斯曼皮肤管理中心（北滘店）,顺德区,北滘,4.9,冰点腋下温和脱毛,35,18
康欣亚健康理疗馆,顺德区,大良,4.0,单人中式穴位推拿,58,18
新赏美容养生馆,顺德区,乐从,4.7,面部拨筋+补水,29.9,17
吕师中医推拿（金河岸分店）,顺德区,乐从,4.6,单人颈椎调理,88,17
尚汇沐足城（陈村店）,顺德区,陈村,4.7,双人形象沐足,128,15
纯阁坊商学院（容桂分校）,顺德区,容桂,3.5,美容、美妆、美甲2小时课程一节,9.9,15
纯阁坊化妆美甲培训学校,顺德区,伦教,3.5,美容、美妆、美甲2小时课程一节,9.9,15
惠妍纹绣（万象店）,顺德区,北滘,4.0,面部深层补水,38,15
八圣之道养治圣殿（景奥馆店）,顺德区,乐从,5.0,单人肩颈推拿,69.9,15
御草堂美容馆,顺德区,容桂,4.5,单人美容套餐刮痧/拔罐/眼部/脸部护理4选2,88,13
snail美甲造型,顺德区,大良,4.7,单人睫毛嫁接,188,13
金烩美养生馆,顺德区,乐从,3.9,单人神奇古法蛋疗,48,13
中康盲人健康按摩,顺德区,北滘,5.0,单人经络推油,88,13
森林雅舍香薰SPA生活馆,顺德区,大良,4.3,单人三伏艾灸套餐,19.9,12
倾城佳人养生馆,顺德区,容桂,4.3,单人私处净排（限量秒杀）,68,12
珀莱雅美容护肤中心,顺德区,容桂,4.4,单人汗蒸,16.8,11
魅力女皇站,顺德区,北滘,5.0,化妆加发型,38,11
盈蕊美容养生馆（北滘店）,顺德区,北滘,4.0,单人水润美颜护理1次,38,10
臻美国际美容养生休闲会所（臻美国际伦教店）,顺德区,伦教,4.3,单人优惠4选2美容套餐,88,10
伊美姿美容美体中心,顺德区,龙江,4.2,深层水润保湿护理1次,48,10
841美容养生会所,顺德区,北滘,3.5,减.肥养生3次体验个人套,98,10
富苑休闲会所,顺德区,大良,3.6,单人按摩养生套餐,159,4
碧波庭,顺德区,大良,4.0,碧波庭面部护理,38,3
DanDan美甲屋,顺德区,北滘,5.0,娃娃黑脸,98,3
德宁养生,顺德区,大良,3.5,单人肩颈护理套餐,98,3
指爱美甲,顺德区,勒流,4.3,38 化妆套组,38,2
VP美学皮肤管理中心（V·P）,顺德区,大良,3.5,总监级单人修眉,38,2
丽娜汇美容美甲店,顺德区,乐从,4.5,面部补水护理,98,2
美姿美容养生馆,顺德区,乐从,4.2,单人抜火罐/刮痧/姜疗/3选1,30,2
瘦佳人瘦身塑形美容,顺德区,乐从,5.0,脸部V雕,98,2
miya谜雅,顺德区,乐从,4.5,美睫,88,1
一鸣堂养生（万邦店）,顺德区,大良,5.0,单人松筋调脊套餐,398,1
瑶芳专业祛痘（容桂店）,顺德区,容桂,4.6,祛除黑头收缩毛孔,19.9,1
自然美,顺德区,大良,3.9,自然美国际肩颈瑜伽调理套餐,68,1
一鸣堂养生（奈悦尔店）,顺德区,大良,5.0,单人松筋调脊套餐,398,1
艾雅康养生馆,顺德区,伦教,4.6,单人古法艾灸,98,1
慕典名作美甲美睫会所,顺德区,大良,5.0,肩颈疏通按摩体验,38,1
落凤轩休闲会所,顺德区,大良,3.5,单人养生,118,1
Alin's Nail美甲舍,顺德区,大良,5.0,手部美白补水护理,68,1
一鸣堂养生（田妮店）,顺德区,大良,4.9,单人松筋调脊套餐,398,1
昕姿瘦身理疗美容,顺德区,乐从,5.0,汽泡深层清洁,98,1
一绣倾城,顺德区,大良,3.5,一绣倾城孕睫术（自身睫毛生长）,2500,0
臻晴国际美容连锁（女人话题店）,顺德区,大良,4.1,臻晴护理套餐,188,0
肤容阁,顺德区,北滘,3.0,眼部拔筋,28,0
魔力宝石美容spa养生馆,顺德区,伦教,3.9,Hip treatment,198,0
J&L; 简爱工作室,顺德区,容桂,5.0,背部气血调理,100,0
瑞美亚美容中心,顺德区,乐从,3.8,局部瘦身体验,38.8,0
雅翠谷中医药养生会所,顺德区,乐从,3.5,中.医名方肩颈调理单人次体验,68,0
丽苑养生美容,顺德区,北滘,4.0,VIP至.尊贵宾香薰套,188,0
七色美甲,顺德区,容桂,4.2,韩国高端私人订制定妆系,480,0
乐龙湾沐足休闲中心,高明区,荷城,3.6,单人实力沐足,58,729
友康盲人按摩,高明区,荷城,5.0,单人养生按摩,65,402
花莹美容养生会所（月明店）,高明区,荷城,4.3,背部淋巴净排,29.9,219
花莹美容养生会所（美意店）,高明区,荷城,5.0,背部淋巴净排,29.9,219
同缘堂养生馆,高明区,高明区,5.0,刮痧拔火罐2选1,35,190
乐足源休闲中心,高明区,荷城,3.6,单人保健推拿,149,186
足源推拿休闲中心,高明区,荷城,4.7,单人保健推拿,149,186
曼顿抗衰美容养生会所,高明区,荷城,4.6,全身香薰精油SPA养生项目（曼顿美容）,88,164
中国泥灸养颜养生馆（高明永安花园店）,高明区,荷城,5.0,单人2项美容养生套餐,88.8,125
天吻娇颜美容养生馆,高明区,荷城,5.0,面部美白补水注氧套餐,69.9,88
足之道养生堂,高明区,荷城,4.9,白天单人特惠沐足,40,57
瑶芳专业祛痘（高明瑶芳店）,高明区,荷城,5.0,单人祛黑头护理套餐,58,42
净颜堂专业痘肌管理（跃华路店）,高明区,荷城,5.0,单人透亮深层补水,28,40
仕贵族美容养生会所,高明区,荷城,5.0,特色温灸体验卡3次,168,38
美丽姑娘美容美体纹绣,高明区,荷城,3.6,单人面部护理套餐,48,31
聚美苑,高明区,荷城,4.1,四大项目体验单人套餐,98,30
蓝心悦美容养生馆,高明区,荷城,4.7,单人面部深层净排护理套餐,49.9,16
安安盲人理疗保健推拿,高明区,荷城,3.5,单人康泰养生按摩,55,11
小贵族美甲美容护理,高明区,荷城,4.5,深层美白保湿护理,68,6
伊人坊美容院,高明区,荷城,3.5,单人海洋之谜三重美白补水护理套餐1次,68,3
阿玛仕（高明店）,高明区,广播电视大学,5.0,背部护理体验,68,1
菲曼芝美容SPA会所,高明区,荷城,3.8,单人3选1套餐,168,1
清颜堂专业祛痘祛斑（南庄店）,南庄,南庄,5.0,单人香港清颜堂面部去污毛孔洗澡净颜美容套餐2次,100,1390
爱儿乐婴童spa水育乐园,南庄,南庄,5.0,婴儿游泳单人单次首次体验超值套餐,38,412
康缇美容养生会所,南庄,南庄,4.9,单人背部+艾炙套餐,68,53
爱德尔康美容中心,南庄,南庄,4.3,皇牌单人瘦身套餐,9.9,39
筋骨道养生馆（南庄店）,南庄,南庄,3.0,超值藏式薰蒸疗（蒸脚）单人体验套餐,1,24
湘湖婠美容美甲,南庄,南庄,5.0,湘湖婠美容美甲店湘湖婠美容美甲惊爆美容套餐,88,9
铭绣美容美甲（纹绣店）,南庄,南庄,4.5,单人修眉+眉型设计,1,9
鼎尚国际,南庄,南庄,4.8,单人碧波庭1次,38,5
金叶子美妆(吉利广场店),南庄,南庄,4.6,单人面部补水+祛黑头,68,4
韩国半永久湘湘工作室,南庄,南庄,4.7,面部洗脸补水套餐,38,2
颜美眉眼唇美妆,南庄,南庄,4.5,单人画眉设计1次,1,2
庆德堂养生中心,大沥,大沥,5.0,单人推拿,128,4729
清颜堂专业祛痘祛斑（大沥店）,大沥,兴沥雄,5.0,单人香港清颜堂面部去污毛孔洗澡净颜美容套餐2次,100,1390
爱儿乐婴童SPA水育乐园,大沥,兴沥雄,4.3,婴儿泳疗单人单次超值套餐首次体验,38,930
和顺元养生馆（大沥店）,大沥,新都会,5.0,单人保健养生套餐,88,822
香港御容堂（大沥店）,大沥,兴沥雄,3.9,单人香港御容堂春季美容系列套餐,69,685
香港纤盈堂（鸿德利广场店）,大沥,兴沥雄,3.4,卵巢／肩颈／面部护理3选2,88,662
在盈养身休闲会所,大沥,大沥,3.4,单人养生沐足,78,441
金言美智尚女子会所,大沥,兴沥雄,4.4,金言美智尚女子会所美容套餐,49,327
颐容堂美容养生馆,大沥,兴沥雄,4.7,单人颐容堂美容体验套餐,68,219
丝域养发馆（金雅轩店）,大沥,兴沥雄,4.3,养发套餐  58,58,202
英国弗兰圣黛美容spa养生会馆,大沥,新都会,4.2,单人面部净排套餐,58,176
郑孟专业修脚店,大沥,新都会,5.0,单人牛奶泡脚+按背+修脚+精油按脚,29.99,158
枫琴湾国际会所,大沥,大沥,5.0,单人K歌沐足,88,153
伊盈纤体美容,大沥,新都会,3.6,单人套餐,68,139
香港玥尚养生堂,大沥,巴黎春天,4.2,玥尚胸部护理保养,58,96
美妤养生馆,大沥,新都会,5.0,面部胸部卵巢三选一,58,85
尚语美容院,大沥,大沥,4.9,单人皇牌护理套餐（4选1）,19.8,84
金茂酒店自然堂养生汇,大沥,大沥,4.5,淋巴护理,168,27
金殿SPA美容,大沥,新都会,4.5,面部水立方滋润护理,59,26
克拉美妆,大沥,巴黎春天,5.0,单人面部护理,29.9,23
秀美丽养生馆（大沥店）,大沥,大沥,4.1,单人中草.药.油肩颈舒压套餐,128,18
juanjuan女士护肤,大沥,大沥,4.0,单人养生套餐,88,16
徐千惠韩式半永久定妆馆,大沥,大沥,5.0,单人冰点净毛体验套餐,88,11
仟娇梦美容院,大沥,新都会,4.5,单人面部精油拨筋净排,48,8
科氧科技美肤馆,大沥,兴沥雄,4.2,单人艾灸拔罐刮痧3选1护理,29.8,8
绘美美甲,大沥,兴沥雄,5.0,单人法国诗妮兰面部补水护理,38,8
圣颜世家美容连锁机构（大沥店）,大沥,巴黎春天,4.3,美容养生九项大礼包,98,4
大美人,大沥,巴黎春天,5.0,单人美睫线套餐,398,1
姿美汗蒸美容美体美甲美睫,大沥,新都会,4.6,面部基本护理体验套餐,58,1
善婷全方位皮肤修复中心,大沥,新都会,3.5,单人面部水疗套餐两次,168,0
