﻿商家,区域,商圈,星级,服务,价格,销量
朋朋修脚（东环家乐福店）,工业园区,娄葑镇,4.4,单人足部护理套餐,33.9,15628
苏沐堂足浴会所,工业园区,万科美好广场,5.0,单人 足浴/中式推拿 二选一,88,12577
富士康足浴休闲会所（天翔店）,工业园区,左岸商业街,5.0,单人足浴／按摩2选1,128,10531
富士康足浴休闲会所（苏绣路店）,工业园区,左岸商业街,5.0,单人足浴／按摩2选1,128,10531
富士康足浴休闲会所（乐活城店）,工业园区,邻瑞广场,5.0,单人足浴／按摩2选1,128,10531
富士康足浴休闲会所（翠园路店）,工业园区,圆融时代广场,5.0,单人足浴／按摩2选1,128,10531
韩医美-科技美容全国连锁（苏州园区天虹店）,工业园区,左岸商业街,5.0,单人韩国水氧深层清洁套餐,39,7707
秀域科技美容（沈浒店）,工业园区,玲珑湾,4.0,单人夏日冰点净脱,88,7221
秀域科技美容（通园店）,工业园区,娄葑镇,4.0,单人夏日冰点净脱,88,7221
吴韵宫坻养生会所（园区左岸店）,工业园区,左岸商业街,5.0,单人足浴套餐,72,4302
汉傧足道&spa;（园区分店）,工业园区,师惠坊,5.0,汉傧足浴按摩套餐,99,3227
克丽缇娜（星湖街店）,工业园区,邻瑞广场,3.6,克丽缇娜水妍润泽单人焕美套餐,158,3088
克丽缇娜美容spa（东沙湖邻里中心店）,工业园区,玲珑湾,3.9,克丽缇娜水妍润泽单人焕美套餐,158,3088
克丽缇娜（跨塘大丰收广场店）,工业园区,青剑湖跨塘,3.5,克丽缇娜水妍润泽单人焕美套餐,158,3088
克丽缇娜（东环路家乐福店）,工业园区,娄葑镇,4.0,克丽缇娜水妍润泽单人焕美套餐,158,3088
克丽缇娜（雅戈尔店）,工业园区,玲珑湾,4.4,克丽缇娜水妍润泽单人焕美套餐,158,3088
康福盲人推拿（胜浦店）,工业园区,胜浦,5.0,单人推拿或足浴2选1,65,2821
江南领秀桑拿SPA温泉,工业园区,娄葑镇,5.0,单人洗浴门票,25,2819
青松保健会馆（园区白领店）,工业园区,左岸商业街,4.0,单人 青松足浴套餐 1次,88,2604
华粹堂（苏州店）,工业园区,白塘公园,5.0,单人推拿/拔罐/艾灸/中式养生/肩颈（腰椎）调理套餐,138,736
金足阁足浴,工业园区,车坊,5.0,单人足浴套餐,98,684
仙丽舍中韩美容脱毛连锁机构（园区店）,工业园区,左岸商业街,5.0,单人冰点净毛1次,9.9,654
仙丽舍中韩美容脱毛连锁机构（湖东店）,工业园区,圆融时代广场,5.0,单人冰点净毛1次,9.9,654
清沐SPA生活馆（园区店）,工业园区,左岸商业街,4.4,单人香薰精油沐足/全身按摩2选1+艾草泡脚,108,647
珺媛养生会所,工业园区,圆融时代广场,5.0,单人拔罐特价(不接待男士),1,644
春会馆（唯亭店）,工业园区,唯亭,5.0,单人香薰精油全身推拿【送】足浴,178,626
妙洁盲人推拿,工业园区,联丰广场,5.0,盲人高级推拿,58,606
爱薇妮·皮肤管理中心（园区店）,工业园区,星海国际广场,5.0,单人脱毛套餐券,9.9,579
飓风保健•足浴SPA,工业园区,李公堤,5.0,菁芸足浴/中式推拿2选1,98,570
润元堂足浴保健会所,工业园区,娄葑镇,5.0,单人养生足浴,78,551
乐足轩足浴,工业园区,独墅湖高教区,5.0,足浴盐+保健按摩,118,533
唐三彩美妆（园区时尚舞台店）,工业园区,胜浦,3.5,单人唐三彩美妆体验大礼包套餐,9.9,534
Bling SPA健康管理,工业园区,圆融时代广场,5.0,单人单色甲油胶套餐,58,520
雅康推拿,工业园区,娄葑镇,5.0,单人拔罐,19.9,488
水韵温泉会所,工业园区,李公堤,3.8,单人浴资,120,476
佩佩养生馆（新胜路店）,工业园区,胜浦,5.0,拔罐或刮痧,9.9,464
健康盲人推拿,工业园区,联丰广场,5.0,盲人专业单人推拿/足浴二选一,58,459
水漾沐足,工业园区,娄葑镇,5.0,单人中式按摩套餐1份,108,396
华夏御足缘,工业园区,联丰广场,5.0,足浴/按摩套餐2选1,129,392
新加坡果蔬美容（园区店）,工业园区,左岸商业街,3.9,新加坡果蔬美容连锁机构护理项目4选2,28,386
泰秘·丽人会（园区店）,工业园区,星海国际广场,4.8,单人泰式养生护理套餐,50,373
苏宫·浅深spa,工业园区,青剑湖跨塘,5.0,单人 豪华浴资 1次,29,334
刀马旦养生中心（时代店）,工业园区,圆融时代广场,5.0,单人中式足浴/推拿2选1,88,338
兰苑美容养生,工业园区,青剑湖跨塘,4.8,单人面部补水护理+背部经络疏通套餐,108,332
兰苑美容美体,工业园区,青剑湖跨塘,4.8,单人面部补水护理+背部经络疏通套餐,108,332
香港美尔美乐专业减肥连锁（园区店）,工业园区,娄葑镇,5.0,单人美体套餐,88,332
乐活祛痘皮肤管理中心（园区中银惠龙店）,工业园区,星海国际广场,5.0,单人痘肌护理套餐,39,323
工业园区小权修脚店,工业园区,青剑湖跨塘,5.0,单人清水/香浴盐泡脚＋肩颈按摩＋修脚＋足疗,50,316
言先生专业脱毛连锁机构（园区店）,工业园区,工业园区,5.0,【深层清洁毛孔】水动力净肤+黑头清洁,98,300
康佳盲人推拿按摩,工业园区,车坊,5.0,新客专享单人盲人推拿,48,292
纳米汗蒸养颜SPA馆,工业园区,联丰广场,5.0,单人纳米汗蒸1次,24.9,288
健康盲人推拿（二店）,工业园区,车坊,5.0,新客专享盲人专业单人推拿,48,254
芬琦养生馆,工业园区,娄葑镇,5.0,单人艾灸体验套餐,29.9,250
国医推拿（九龙仓店）,工业园区,东沙湖邻里中心,3.9,单人经穴推拿套餐,128,245
GRACE歌瑞诗美容SPA养生会所（东环店）,工业园区,娄葑镇,4.0,单人面部SPA护理2次+精油开背2次套餐,58,240
薇兰国际专业绝毛连锁机构,工业园区,星海国际广场,5.0,单人比基尼上冰点永久无限次包脱净,68,239
疯狂减肥瘦身美容spa会所,工业园区,新城邻里中心,5.0,单人瘦身三次体验套餐（保底3~8斤）,9.9,237
木子足道,工业园区,胜浦,4.0,超值特价拔罐,18,218
纤手之恋美甲彩妆SPA会所,工业园区,娄葑镇,3.9,单人纤手之恋甲油胶套餐,49,208
小师傅推拿馆（海尚壹品店）,工业园区,圆融时代广场,4.9,单人中式推拿1次/60分钟,88,207
知乐保健SPA洗浴会所,工业园区,娄葑镇,5.0,单人知乐养生足道,88,200
衡顺堂养生会所,工业园区,邻瑞广场,4.3,单人奢华滋养SPA套餐,298,192
星晨足道,工业园区,青剑湖跨塘,5.0,精油SPA养生套餐,188,171
景城盲人推拿足浴,工业园区,白塘公园,5.0,单人高级师傅专业推拿,88,164
歌妮美容SPA（白领广场店）,工业园区,左岸商业街,3.5,单人美容美体套餐6选4,99,161
歌妮美容spa（雅姿店）,工业园区,师惠坊,3.5,单人美容美体套餐6选4,99,161
歌妮美容SPA（沈浒路店）,工业园区,玲珑湾,3.5,单人美容美体套餐6选4,99,161
【越来越美】 美容汗蒸养生馆,工业园区,东沙湖邻里中心,5.0,单人汗蒸1次,36,156
圆融盲人推拿,工业园区,李公堤,4.2,单人 盲人推拿拔罐套餐 1次,59,152
E-SALON造型养生SPA,工业园区,万科美好广场,4.6,单人首席设计师洗剪造型套餐,58,151
然子足浴,工业园区,胜浦,5.0,单人中式按摩,58,150
禅医推拿（新城分部）,工业园区,新城邻里中心,4.2,单人禅医推拿+禅医火灸（免费送-禅医罐疗1次）,88,148
禅医推拿（东沙分部）,工业园区,东沙湖邻里中心,4.0,单人禅医推拿+禅医火灸（免费送-禅医罐疗1次）,88,148
禅医推拿（玲珑分部）,工业园区,玲珑湾,4.0,单人禅医推拿+禅医火灸（免费送-禅医罐疗1次）,88,148
金足堂足浴,工业园区,唯亭,4.8,单人 拔罐／刮痧  1次,15,143
乐活祛痘皮肤管理中心（园区金匙望湖店）,工业园区,圆融时代广场,5.0,单人肌肤亮白晶透水氧1次+T区黑头调理1次,29,139
御苗坊专业祛痘,工业园区,圆融时代广场,4.8,单人御苗坊祛成人痘体验2次套餐,38,127
禅养生Zen massage,工业园区,白塘公园,5.0,单人高级师傅推拿,108,120
松谷足道,工业园区,左岸商业街,4.0,单人足浴套餐,88,114
丽缘美容养生,工业园区,车坊,5.0,单人精油开背一次,19.9,111
经道美颜养生馆,工业园区,青剑湖跨塘,5.0,单人拔罐+肩颈,48,105
阿苏吠陀保健会所,工业园区,玲珑湾,4.1,足疗、中式按摩（二选一）,78,101
康福养生会所,工业园区,邻瑞广场,4.0,单人温油spa,298,92
金典养生馆,工业园区,玲珑湾,4.8,单人油压套餐,333,89
钰凤轩足浴,工业园区,青剑湖跨塘,3.7,单人中式足浴,45,89
伊美娜国际美容连锁（园区天虹店）,工业园区,左岸商业街,5.0,单人伊式保养二选一套餐,38.8,86
舒雅美容养生,工业园区,独墅湖高教区,5.0,单人火罐,18,82
瘦身10日瘦（星海街店）,工业园区,星海国际广场,4.4,刮痧拔罐二选一,20,80
菩提会所（湖东旗舰店）,工业园区,圆融时代广场,5.0,单人 泰若悠然香薰spa 1次,448,75
善正堂中医经络疗养馆（金益店）,工业园区,娄葑镇,4.9,单人 精品套餐 1次,35,76
善正堂经络推拿按摩（夏家桥店）,工业园区,万科美好广场,5.0,单人 精品套餐 1次,35,76
法国赫兰美容连锁机构,工业园区,联丰广场,5.0,单人面部水润护理套餐,29.9,71
金莎美容SPA（三星店）,工业园区,万宝广场,5.0,单人发型师剪发套餐,28,71
丽妍雅集（久光店）,工业园区,圆融时代广场,4.5,单人3次奢华面部护理/身体护理套餐,590,68
鼎族怡华足浴养生休闲会所,工业园区,博览中心,5.0,单人油压养生套餐,198,67
易尔康盲人推拿,工业园区,万宝广场,4.1,全身推拿+拔罐 单人1次,69,69
莱雅·舒SPA,工业园区,星海国际广场,5.0,莱雅舒适体验套餐,68,66
自然美（海尚壹品店）,工业园区,玲珑湾,3.5,基础面部课程,128,66
奇境主题养生馆（苏州店）,工业园区,李公堤,4.8,暖身特调SPA120分钟套餐,598,65
臻荟美容养生馆,工业园区,青剑湖跨塘,5.0,单人肩颈保养1次,48,65
薇美美容养生馆,工业园区,联丰广场,5.0,单人精油开背套餐,50,64
和中堂足道（玲珑湾店）,工业园区,玲珑湾,4.2,单人精品足浴套餐,98,63
汉宫足道,工业园区,胜浦,3.7,单人汉宫套餐,108,62
一生缘spa养生会所,工业园区,师惠坊,4.1,单人舒缓spa套餐,258,62
和中堂足道（天域二期店）,工业园区,星海国际广场,4.8,单人薰衣草精油足浴套餐,98,62
手佳盲人按摩（（湖西店））,工业园区,印象城,5.0,经穴养生/普足+拔罐二选一,138,61
手佳盲人按摩（湖东店）,工业园区,邻瑞广场,4.7,经穴养生/普足+拔罐二选一,138,61
荷莲养生会所,工业园区,邻瑞广场,4.8,养生套餐,108,60
美丽心情（中海店）,工业园区,玲珑湾,3.9,单人五行养生护理2次,98,56
美丽心情（苏雅路店）,工业园区,左岸商业街,3.8,单人五行养生护理2次,98,56
德蔓诗-克丽缇娜（邻瑞店）,工业园区,邻瑞广场,5.0,克丽缇娜【面部补水系列】,88,55
德蔓诗-克丽缇娜（李公堤店）,工业园区,李公堤,3.5,克丽缇娜【面部补水系列】,88,55
德蔓诗-克丽缇娜（中天湖畔店）,工业园区,玲珑湾,3.5,克丽缇娜【面部补水系列】,88,55
德蔓诗-法蘭泥（金象城店）,工业园区,娄葑镇,4.0,克丽缇娜【面部补水系列】,88,55
小蔡按摩工作室,工业园区,娄葑镇,5.0,单人经典足浴,59,53
福园推拿汗蒸馆（青剑湖分店）,工业园区,青剑湖跨塘,4.7,单人中式推拿+热敷,88,52
飘飘足浴,工业园区,联丰广场,3.4,单人水晶套餐,115,50
江南丽人spa,工业园区,新城邻里中心,4.6,单人韩式水貂睫毛嫁接套餐,98,50
燕翔盲人按摩,工业园区,左岸商业街,5.0,（精油开背、单人推拿、中式足疗）3选1,68,50
菩提会所,工业园区,李公堤,4.5,单人  泰若悠然香薰spa 1次,423,47
芭俪伊人（贝缔可儿）,工业园区,星海国际广场,3.0,单人肩颈艾灸,48,48
澄明健康养生,工业园区,白塘公园,4.9,单人艾灸综合调理（问询／经络导引／艾灸）,129,47
上医推拿养生馆,工业园区,白塘公园,4.9,单人全身推拿套餐,160,47
思雅美容养生馆,工业园区,娄葑镇,4.6,单人颈间护理（10周年）套餐,38,45
罗氏祖传健骨,工业园区,李公堤,4.0,单人颈肩健骨体验,78,44
艾雅仕美容养生,工业园区,白塘公园,5.0,单人通用泥灸肩颈疏通保养SPA+免费茶水+点心+水果,68,43
香珂美容SPA生活馆（城邦店）,工业园区,李公堤,4.5,单人拔罐/艾灸/刮痧3选1套餐,9.9,42
金粉天御足道,工业园区,青剑湖跨塘,5.0,单人泰式推拿,118,41
脊柱梳理,工业园区,娄葑镇,3.8,单人颈椎/腰椎调理1次,69,40
园景足道·spa·棋牌·汗蒸,工业园区,娄葑镇,5.0,单人泰式足道+按摩套餐,118,36
威步足道,工业园区,东沙湖邻里中心,5.0,单人养生足浴套餐,108,35
小时代SPA护肤中心,工业园区,邻瑞广场,4.5,春季美容养生护理套餐,128,34
小时代韩式定妆术,工业园区,邻瑞广场,3.5,春季美容养生护理套餐,128,34
释梦阁,工业园区,青剑湖跨塘,3.9,单人拔罐套餐,38,33
集悦SPA（尼盛店）,工业园区,玲珑湾,4.1,单人美甲指定款式套餐一,38,33
俏玫瑰美容美甲脱毛中心,工业园区,邻瑞广场,4.1,单人面部水疗补水套餐,58,32
瑶芳祛痘祛斑皮肤管理中心,工业园区,圆融时代广场,5.0,单人痘肌护理体验套餐2次,38,32
长康盲人推拿,工业园区,独墅湖高教区,5.0,盲人推拿,48,32
搜搜米（sosomi）工作室,工业园区,车坊,4.5,单人拔罐+刮痧体验价,9.9,32
半夏美容养生,工业园区,左岸商业街,5.0,单人拔罐＋刮痧套餐,78,32
泰和足道,工业园区,玲珑湾,5.0,单人洋甘菊油压（含热石）套餐,178,32
怡安阁·健康理疗中心（您身边的健康理疗专家）,工业园区,左岸商业街,4.9,单人开背+排寒排湿套餐,158,31
金鸡湖夜游船,工业园区,博览中心,4.1,苏州金鸡湖凯宾斯基大酒店1晚+双早+双人普拉那晚餐＋双人SPA抵用券,1120,30
苏州金鸡湖凯宾斯基大酒店,工业园区,李公堤,4.7,苏州金鸡湖凯宾斯基大酒店1晚+双早+双人普拉那晚餐＋双人SPA抵用券,1120,30
苏州摩天轮乐园,工业园区,圆融时代广场,4.4,苏州金鸡湖凯宾斯基大酒店1晚+双早+双人普拉那晚餐＋双人SPA抵用券,1120,30
PPP国际护肤机构,工业园区,左岸商业街,5.0,单人镭射净肤护理套餐,58,29
阳澄湖澜廷度假酒店,工业园区,唯亭,4.7,"阳澄湖澜廷度假酒店+水之梦乐园, 可选双人晚餐/双早/SPA抵用券2张+足浴抵用券2张等",708,28
御美名妆,工业园区,联丰广场,4.5,单人面部护肤套餐,38,27
玉泽兰心美容养生会馆,工业园区,青剑湖跨塘,5.0,单人腋下/唇毛二选一脱净,58,26
美伊娜多伊人空间（恒润后街东环路金象城）,工业园区,娄葑镇,4.3,单人美容美体SPA套餐,128,25
香港臻雅姿减肥美容国际连锁机构,工业园区,万科美好广场,3.9,肩颈按摩调理,29.9,24
香草阁美容美体（东沙湖店）,工业园区,东沙湖邻里中心,5.0,单人面部护理套餐,48,24
菩羽抗衰健康管理中心（天虹店）,工业园区,左岸商业街,4.4,【激活筋膜】单人膜立通舒缓套餐,158,24
菩羽抗衰健康管理中心（湖东店）,工业园区,白塘公园,4.0,【激活筋膜】单人膜立通舒缓套餐,158,24
菩羽抗衰健康管理中心（星海店）,工业园区,星海国际广场,5.0,【激活筋膜】单人膜立通舒缓套餐,158,24
秀域（苏州沈浒店）,工业园区,玲珑湾,4.0,店庆酬宾专享全营养瘦身体验小课程,499,23
康美艾灸,工业园区,唯亭,3.5,全身灸套餐,79.2,23
贝安佳光学美肤管理中心,工业园区,白塘公园,3.5,单人韩式水氧净肤套餐,118,8
克丽缇娜（青剑湖店）,工业园区,青剑湖跨塘,3.5,美颜升级套餐,98,7
悦娇丽专业护肤抗衰中心（园区店）,工业园区,圆融时代广场,4.9,单人韩式祛黑头+360动力水氧清洁补水套餐,168,7
BD皮肤健康管理中心（月光码头店）,工业园区,博览中心,3.5,单人瓷美净肤护理,158,7
晓兰美容美体保健工作室（安琪SALOON）,工业园区,左岸商业街,3.9,美容养生组合套餐,128,7
顺脊康理疗馆,工业园区,娄葑镇,3.5,单人 拔罐 1次,10,7
悦生活国际皮肤管理机构,工业园区,左岸商业街,5.0,单人基础深层清洁补水管理,98,7
加城美容养生馆,工业园区,师惠坊,3.5,单人美容美体套餐（七选四）,88,7
爱美阁美容SPA养生馆,工业园区,左岸商业街,4.0,单人美人套餐,58,6
璞美容理疗养生工作室,工业园区,圆融时代广场,4.0,单人单次瘦身体验套餐,98,6
ASIA BEAUTE维美锶肌肤管理中心,工业园区,邻瑞广场,5.0,单人Pore Purifying  PP毛孔微晶净化,298,7
王氏正骨艾灸推拿馆,工业园区,左岸商业街,4.9,单人王氏艾灸套餐,89,6
臻美美容养生,工业园区,左岸商业街,3.5,单人肩颈背部疏通1次,68,6
指不理美甲（联丰广场店）,工业园区,联丰广场,5.0,单人韩式美妆眉,444,6
指不理美甲（铂金公寓店）,工业园区,左岸商业街,5.0,单人韩式美妆眉,444,6
美甲饰界,工业园区,唯亭,3.6,美甲饰界面部水疗,68,5
寇氏养生减肥（中央公园店）,工业园区,左岸商业街,4.5,单人瘦身及调理套餐,88,5
郑明明美容养生会所,工业园区,唯亭,4.0,带脉保养,88,6
简C素颜韩国皮肤管理,工业园区,左岸商业街,4.5,单人韩国高端小气泡水氧深层清洁补水套餐,198,5
荟Spa女子会所,工业园区,玲珑湾,4.0,单人美容护理套餐,318,5
vivi闺蜜私会坊,工业园区,左岸商业街,4.5,暖宫+卵巢保养+调理,28,4
纤指绣美甲美睫工作室,工业园区,娄葑镇,4.6,单人修眉体验套餐,1,4
Amanda,工业园区,圆融时代广场,4.6,拔罐,38,4
Jolin's 美容养生馆,工业园区,邻瑞广场,4.0,单人精油按摩套餐,98,4
露美美高端肌肤管理半永久纹绣,工业园区,圆融时代广场,4.4,单人双腋下/上唇脱净套餐,198,4
朵颜美甲美睫形象汇馆（金匙望湖店）,工业园区,圆融时代广场,5.0,「深层补水」面部护理体验,38,4
诗露丽涵美容抗衰机构（湖西店）,工业园区,左岸商业街,3.5,单人肩颈2次+全身排净套餐,88,4
悠庭保健会所（圆融店）,工业园区,圆融时代广场,5.0,香薰精油按摩（肩颈加强）+德国宝迪佳精油紧致护理,288,4
英英美容工作室,工业园区,白塘公园,4.5,单人茱莉蔻面部套餐,90,4
美珂MOCO轻奢美颜中心,工业园区,青剑湖跨塘,5.0,气泡毛孔唤醒深层清洁补水套餐,128,4
可文美甲美睫半永久工作室,工业园区,圆融时代广场,5.0,单人时尚PARTY妆套餐,168,4
澜庭养生,工业园区,圆融时代广场,4.0,单人肩颈养护套餐,98,3
人和家乐推拿按摩艾灸馆,工业园区,李公堤,4.6,单人全身拔罐,9.9,3
dejojoez精油生活馆(永旺梦乐城工业园店),工业园区,永旺梦乐城（园区）,3.5,单人精油开背套餐,98,3
旭元梵香&足疗SPA养生会馆,工业园区,新城邻里中心,4.5,单人 招牌中师足疗 1次,68,3
博通推拿整骨,工业园区,玲珑湾,4.0,单人博通推拿,121,3
贝正堂,工业园区,玲珑湾,4.0,双人头颈调理套餐,96,3
玥SPA专业皮肤管理,工业园区,圆融时代广场,4.0,单人水凝渗透保湿护理,98,3
香港修身堂（修身堂苏州星海店）,工业园区,星海国际广场,4.1,单人面部护理+肩颈保养套餐,48.8,3
盈满天浴室,工业园区,胜浦,4.3,单人中式按摩1次,138,3
VIVI美睫美甲.皮肤管理,工业园区,圆融时代广场,4.9,【深层清洁】超微小气泡套餐,198,3
都市指艺（唯华路）,工业园区,青剑湖跨塘,4.9,【深层清洁】超微小气泡套餐,198,3
克丽缇娜美容（皇冠国际店）,工业园区,湖滨新天地,4.0,单人护理SPA套餐,198,3
玉匠半永久纹眉绣眉专业馆（东环店）,工业园区,印象城,3.5,单人小气泡皮肤深层护理祛黑头白头+深层DNA补水套餐,198,3
XY国际美丽,工业园区,左岸商业街,5.0,单人AQUA PELLING 毛孔清洁管理套餐,398,3
CoCoa·日式美甲美睫,工业园区,车坊,5.0,单人眉形设计+修眉,1,3
ID韩国半永久&皮肤管理,工业园区,圆融时代广场,5.0,单人韩国小气泡深层清洁,398,2
Lemon studio柠檬工作室,工业园区,白塘公园,3.5,单人面部补水+青春定格体验套餐,48,2
寇氏拔罐减肥（园区联丰广场店）,工业园区,联丰广场,3.5,单人身体调理一次,58,2
A’VE爱非皮肤管家,工业园区,李公堤,5.0,triple peeling深层清洁,468,2
靓声推拿足疗馆,工业园区,师惠坊,4.2,单人脊椎调理＋正骨/热敷二选一,98,2
玖慕美播美容美发,工业园区,师惠坊,4.8,轻奢水氧护理套餐（面部护理,199,2
仙蓉 · Easpeer 专业皮肤管理（天虹店）,工业园区,左岸商业街,3.5,单人修眉一次,1,2
张玉珊修身堂（海尚壹品店）,工业园区,白塘公园,4.0,单人美胸疏通（60分钟）套餐,68,1
三梦定妆,工业园区,胜浦,5.0,深层表皮清洁水养,128,1
月光鱼美容SPA会所,工业园区,新城邻里中心,4.0,代金券,88,0
beauty雪颜坊,工业园区,白塘公园,4.0,单人净毛套餐,68,0
贺壹堂（水巷邻里店）,工业园区,欧尚购物中心,4.2,双人（拔罐经络＋拔罐\ 刮痧2选1套餐）,388,0
汇美阁美容美体,工业园区,唯亭,4.3,单人芳香开背套餐,68,0
千羽自然养生spa会所（皮肤管理中心）,工业园区,左岸商业街,3.5,单人单次局部纤体（面部、腹部、手臂、腿）,108,0
尚善若水（尼盛店）,工业园区,星海国际广场,3.5,单人免疫复苏体验套餐,59,0
溪源美容美体,工业园区,湖滨新天地,4.1,单人身体面部调理组合套餐,68,0
溪源美容美体,工业园区,湖滨新天地,4.1,单人身体面部调理组合套餐,68,0
安然纳米汗蒸馆,工业园区,青剑湖跨塘,3.5,双人汗蒸,50,0
樱花纳米汗蒸半永久美容院,工业园区,左岸商业街,4.0,单人眼线套餐,1200,0
紫伊美于氏专业减肥（苏州总店）,工业园区,万宝广场,3.5,单人塑形体验,68,0
为了遇见你 女性健康养生馆,工业园区,星海国际广场,4.0,招牌全然酵素+单人酵素浴,198,0
克丽缇娜（玲珑店）,工业园区,玲珑湾,4.0,单人水妍润泽套餐,190,0
J&H; Beauty Design 美甲美睫,工业园区,圆融时代广场,4.0,女神款粉黛设计（专业大师级）,2800,0
U—Face定妆·皮肤管理中心,工业园区,星海国际广场,3.0,单人全脸小气泡深层清洁+去黑头+太空水氧,128,0
明·美颜半永久定妆皮肤管理工作室,工业园区,左岸商业街,4.0,单人定制韩式魅力眼神韵,1960,0
安然纳米康蕊汗疗养生馆（胜浦店）,工业园区,胜浦,5.0,单人美容项目,88,0
YQ半永久定妆术美甲美睫工作室,工业园区,左岸商业街,4.5,单人基础深层清洁补水套餐,88,0
佳莉雅水疗中心,工业园区,湖滨新天地,3.5,单人肩颈背舒缓放松按摩套餐,498,0
TOP Love（剪爱）美容美发,工业园区,新城邻里中心,4.9,单人瘦身体验一次,98,0
指甲的新衣,工业园区,娄葑镇,4.1,单人腋下冰点净毛套餐,580,0
斓悦庭美颜纤体中心（园区店）,工业园区,圆融时代广场,3.5,皇牌瘦身护理体验套餐,128,0
Mirror Beauty米鹿日式美甲美睫半永久,工业园区,圆融时代广场,4.9,单人米鹿嫩肤,198,0
紫藤园美容SPA生活馆,工业园区,左岸商业街,3.9,单人艾灸养生套餐,158,0
艾米丽美容养生,工业园区,李公堤,3.5,代金券,99,0
HARNN SPA,工业园区,圆融时代广场,4.0,单人HARNN SPA 欧亚身体活力香氛按摩,799,0
佰草集养美空间（苏州店）,工业园区,万宝广场,4.0,佰草集面膜赠面部SPA,140,0
尚善若水（晋合店）,工业园区,圆融时代广场,3.5,单人免疫复苏体验套餐,59,0
BeautyColor綺麗 な 夢·皮肤管理中心,工业园区,玲珑湾,4.0,单人植物精油＋蛋白美容套餐,88,0
怡然养生坊,工业园区,玲珑湾,3.5,单人养生超值优惠体验卡,98,0
塑美堂,工业园区,青剑湖跨塘,3.5,面膜,10,0
T·Studio美甲美睫,工业园区,圆融时代广场,3.5,单人黑灰色小图5cm*5cm,99,0
在水一方美容养生SPA会所,工业园区,联丰广场,4.1,S完美曲线+能量温补疾疗+健康经络检测,46,0
顺然立体养生美容会所,工业园区,湖滨新天地,3.5,单人全身SPA套餐,188,0
情匯藥手,工业园区,圆融时代广场,4.0,单人定制皮肤管理,380,0
珂洛丽美甲形象连锁,工业园区,独墅湖高教区,4.1,皮肤深层清洁套餐,68,0
周周造型韩式半永久定妆,工业园区,李公堤,5.0,婚前面部皮肤管理,88,0
懿殿園日式美甲塔羅沙龍,工业园区,圆融时代广场,5.0,单人日式温和脱毛体验一次,99,0
佐登妮丝（左岸店）,工业园区,左岸商业街,4.0,单人SPA护理套餐1次,168,0
绘美甲.美睫沙龙（园区凤凰店）,工业园区,左岸商业街,4.5,韩国雪花新娘焕肤面部管理,428,0
素um颜美甲美睫皮肤管理,工业园区,万科美好广场,4.0,黑瓷炫光美肤,388,0
巴黎蔷薇工作室,工业园区,左岸商业街,4.5,单人韩式眼线套餐,1680,0
唐宫足浴,吴中区,木渎镇街区,5.0,浴足世家单人套餐,138,15777
韩医美-科技美容全国连锁（苏州越溪SM广场店）,吴中区,SM广场,5.0,单人韩国水氧深层清洁套餐,39,7707
凯富宫温泉足浴SPA休闲会所,吴中区,木渎国际影视城,5.0,单人凯富宫足浴＋刮痧,128,5752
千里足行足道养生会馆,吴中区,湖东邻里中心,5.0,单人足疗/按摩（2选1）,89,3044
康福盲人推拿（甪直总店）,吴中区,甪直古镇,5.0,单人推拿或足浴2选1,65,2821
康福盲人推拿（郭巷店）,吴中区,郭巷镇,4.0,单人推拿或足浴2选1,65,2821
康福盲人推拿（白云街店）,吴中区,吴中商城/石湖路,5.0,单人推拿或足浴2选1,65,2821
壹脉御足会所,吴中区,湖东邻里中心,5.0,单人足浴,98,2570
花香满境·足浴SPA指压,吴中区,苏苑/长桥街道,5.0,单人花香SPA,228,2477
汉宫足道会馆（吴中店）,吴中区,苏苑/长桥街道,5.0,单人汉宫特级足疗+洗浴套餐,169,2351
汉帝足浴会所,吴中区,木渎镇街区,4.9,单人足浴+ 泰式按摩套餐＋木桶洗澡,118,2307
忆江南足浴,吴中区,甪直古镇,5.0,单人草本泡脚1次,58,2193
今日主题SPA会所（吴中万达店）,吴中区,吴中万达,5.0,单人养生足道/中式推拿2选1,89,2085
天地涧足浴会所（金桥二店）,吴中区,木渎镇街区,4.9,单人澳门足浴,79,1871
玉华盲人推拿,吴中区,苏苑/长桥街道,5.0,单人盲人推拿1次,60,1776
梦安足,吴中区,木渎镇街区,4.7,单人尊享SPA套餐,268,1701
上善若水休闲会所,吴中区,木渎镇街区,4.7,单人尊享SPA套餐,268,1701
世家推拿（湖东店）,吴中区,湖东邻里中心,4.4,单人养生推拿加平衡罐疗套餐,59,1699
臻极丽人会（吴中店）,吴中区,苏苑/长桥街道,4.6,单人养生护理套餐二次,50,1607
佰富足浴,吴中区,木渎镇街区,4.7,单人实力足浴,88,339
顶剪造型美容SPA会所,吴中区,湖东邻里中心,5.0,单人泰式洗发套餐,49,310
帝宫足道（吴中店）,吴中区,吴中南,4.9,单人养身套餐,188,304
言先生专业美容连锁机构（吴中万达店）,吴中区,吴中区,5.0,【深层清洁毛孔】水动力净肤+黑头清洁,98,300
斜塘老街,吴中区,湖东邻里中心,4.0,单人纳米汗蒸1次,24.9,288
爱宝贝母婴spa生活馆（尹山湖店）,吴中区,郭巷镇,5.0,单人婴儿游泳洗澡抚触体验套餐,35,288
丽日江南SPA会所（石湖东路店）,吴中区,吴中商城/石湖路,4.8,花雨时节SPA,298,281
帝豪足疗会所,吴中区,木渎镇街区,3.9,单人皇家spa,288,277
国氏推拿馆,吴中区,吴中商城/石湖路,5.0,单人正骨推拿套餐,88,256
安源盲人推拿会所,吴中区,吴中区,5.0,单人推拿,50,249
国医推拿（方洲路店）,吴中区,湖东邻里中心,4.1,单人经穴推拿套餐,128,245
GRACE歌瑞诗美容SPA养生会所（木渎店）,吴中区,木渎国际影视城,5.0,单人面部SPA护理2次+精油开背2次套餐,58,240
GRACE歌瑞诗美容SPA养生会所（越溪店）,吴中区,SM广场,4.0,单人面部SPA护理2次+精油开背2次套餐,58,240
肤姿钰皮肤研究所（总店）,吴中区,木渎镇街区,5.0,单人专业痘肌护理体验,15.8,208
天御古典足道,吴中区,苏苑/长桥街道,4.6,单人全身spa套餐,185,207
金盛足浴,吴中区,胥口镇/穹窿山,4.9,金盛足浴套餐,49,201
十指堂推拿馆,吴中区,郭巷镇,4.4,单人拔罐/刮痧2选1,19.9,199
方臣湾洗浴足浴汗蒸会所,吴中区,吴中商城/石湖路,4.8,单人浴资＋足浴+中式按摩,108,195
神手推拿馆,吴中区,郭巷镇,4.9,单人中式推拿按摩护理套餐,68,174
梵疗公馆古印度养生SPA,吴中区,大运城/花样城,5.0,单人天竺养生SPA,488,168
富足一方（金山路店）,吴中区,木渎国际影视城,4.2,养生足道/中式推拿2选1,78,163
歌妮美容（湖东店）,吴中区,湖东邻里中心,3.5,单人美容美体套餐6选4,99,161
康欣足道,吴中区,SM广场,5.0,单人中式按摩套餐,78,160
时光盲人推拿,吴中区,SM广场,4.2,盲人推拿套餐,70,154
润之泉美容养生会所,吴中区,木渎镇街区,4.6,单人美容美体养生套餐,88,152
〔秋竺〕美容汗蒸养生馆,吴中区,郭巷镇,5.0,单人纳米汗蒸套餐 初次到店可用,8.8,144
小妙手推拿按摩馆,吴中区,湖东邻里中心,5.0,单人拔罐1次,19.9,141
许氏盲人推拿,吴中区,苏苑/长桥街道,5.0,单人全身经络推拿,39.9,134
朱氏盲人推拿,吴中区,苏苑/长桥街道,5.0,中式推拿单人1次,60,133
喜来康足浴,吴中区,吴中商城/石湖路,5.0,单人养元足浴,108,125
舒康中医推拿,吴中区,吴中南,5.0,单人中式推拿,68,122
M唯伊美容养生,吴中区,吴中万达,5.0,单人暖宫艾灸/腰部艾灸/刮痧/头疗/拔罐--5选1套餐,38,121
天地涧足浴,吴中区,甪直古镇,5.0,精油SPA,168,122
乐活祛痘皮肤管理中心（吴中万达店）,吴中区,吴中区,5.0,【痘痘急救】痘肌护理2次+黑头清洁,98,114
苏城1号休闲养生会所,吴中区,苏苑/长桥街道,4.4,单人洗浴＋搓背,49,114
黛博兰美容美甲会所,吴中区,吴中万达,5.0,芳香开背+刮痧+拔罐+艾灸（新店特惠）,69,113
庞龙云海养身SPA馆,吴中区,SM广场,3.7,天香足疗,88,106
靓蕾韩式半永久.美学,吴中区,SM广场,5.0,单人无痕点痣（小痣2颗）,19.8,99
艾灸推拿馆,吴中区,永旺梦乐城,5.0,拔罐,15,100
郭巷美人鱼足浴店,吴中区,郭巷镇,4.6,单人经典养生spa,118,96
尚伊美容养生馆,吴中区,湖东邻里中心,4.7,刮痧,40,95
青囊推拿足道,吴中区,湖东邻里中心,4.7,单人中式推拿/足疗2选1（体验）,78,93
魏氏正骨推拿,吴中区,吴中商城/石湖路,4.4,单人拔罐,20,91
御乾宫足浴SPA会所,吴中区,木渎镇街区,5.0,雨露花香 SPA,398,91
十指堂推拿（双湾花园店）,吴中区,郭巷镇,4.7,单人推拿,48,88
苏苑温泉会所,吴中区,苏苑/长桥街道,4.2,单人浴资搓背按摩全套套餐,78,88
聚逸私人影院 茗茶清吧,吴中区,木渎东区,5.0,周末、节假日2-4人2小时观影,138,85
丝琪兰美妆全国连锁,吴中区,木渎镇街区,5.0,单人面部美容SPA套餐,9.9,85
伊美娜国际美容连锁（木渎天虹店）,吴中区,木渎镇街区,4.2,单人伊式保养二选一套餐,38.8,86
筋骨养护,吴中区,SM广场,4.8,首次单人背部疏通+纳米汗蒸体验,128,82
春会馆足疗spa推拿棋牌汗蒸（木渎店）,吴中区,木渎镇街区,5.0,单人中式香薰精油【送】足道50分,198,80
慧妍丽人spa上门按摩服务会所,吴中区,湖东邻里中心,4.3,单人SPA高端套餐,398,78
育贝湾母婴spa馆,吴中区,郭巷镇,4.3,宝宝单人游泳沐浴抚触全套一次,39,77
康辉盲人推拿按摩,吴中区,甪直古镇,4.7,单人保健按摩,58,77
华夏康正美容养生馆（枫华紫园店）,吴中区,木渎东区,3.8,单人细胞浴（汗蒸）,9.9,75
金足堂足疗养生会所,吴中区,胥口镇/穹窿山,3.8,单人足浴1次,58,74
长生堂中医正骨推拿,吴中区,吴中区,4.6,单人局部推拿加拔罐套餐,118,65
林芝源减肥美容养生会所,吴中区,大运城/花样城,5.0,单人拔罐养生套餐,9.9,66
苏足会,吴中区,大运城/花样城,5.0,单人泰式经络腿疗,179,65
祐丽康汗蒸美容连锁,吴中区,SM广场,4.2,单人汗蒸体验1次,19.8,61
手佳盲人按摩（（湖西店））,吴中区,印象城,5.0,经穴养生/普足+拔罐二选一,138,61
一指禅养生馆,吴中区,苏苑/长桥街道,4.7,单人中式推拿1次,78,60
王强盲人按摩推拿,吴中区,苏苑/长桥街道,4.0,单人中式推拿+热敷护理套餐,61.8,58
美丽心情（木渎店）,吴中区,木渎镇街区,4.0,单人五行养生护理2次,98,56
中意堂,吴中区,湖东邻里中心,5.0,中式推拿拔罐单人套餐,68,56
美丽心情（海悦店）,吴中区,湖东邻里中心,4.5,单人五行养生护理2次,98,56
玖玖生活馆（吴中店）,吴中区,吴中区,3.5,拔罐+刮痧套餐,48,56
丽影国际美容美甲,吴中区,湖东邻里中心,4.8,单人肩颈疏通+拔罐净毒套餐,38,55
手足情盲人推拿,吴中区,湖东邻里中心,4.4,全身推拿,78,54
德蔓诗-克丽缇娜（澄湖路店）,吴中区,吴中商城/石湖路,4.3,克丽缇娜【面部补水系列】,88,55
范长伟灸草堂（苏州总店）,吴中区,吴中区,4.5,一级加强调养灸单人套餐,168,53
福园推拿馆（海悦花园店）,吴中区,湖东邻里中心,4.7,单人中式推拿+热敷,88,52
梦回芳养生馆,吴中区,木渎镇街区,5.0,单人刮痧/罐疗2选1套餐,20,48
涵养堂推拿馆,吴中区,湖东邻里中心,4.1,专家推拿,79,45
金禅足浴指压SPA会所,吴中区,苏苑/长桥街道,5.0,单人足浴+淋浴套餐,88,44
天外天SPA足浴休闲会所（水香街店）,吴中区,苏苑/长桥街道,5.0,单人精品足浴套餐,168,44
宝迪佳美容生活馆（独墅湖店）,吴中区,月亮湾,5.0,单人五行养生护理2次,98,43
嘉兰养生馆,吴中区,吴中商城/石湖路,4.0,单人红酒瑶池SPA,198,43
宝迪佳美容生活馆（方洲路店）,吴中区,湖东邻里中心,3.5,单人五行养生护理2次,98,43
纱琪SPA女子养生会所,吴中区,甪直古镇,5.0,单人项目6选3套餐,19.9,46
灵韵私人定制,吴中区,木渎东区,3.9,单人拔罐祛寒+悬灸保养,18,28
Z·A美容养生工作室,吴中区,吴中商城/石湖路,4.6,单人超值皮肤护理套餐,9.9,28
第一阁足浴养生会所,吴中区,SM广场,4.6,单人中式按摩,88,27
阿玛妮皮肤管理,吴中区,木渎东区,5.0,【肩颈疏通】帮助肩颈放松,39,27
天地涧足浴会所（木渎一店）,吴中区,木渎镇街区,4.9,澳门足疗＋中式推拿套餐,139,27
维肤佳半永久&皮肤管理中心,吴中区,吴中商城/石湖路,5.0,单人小部位净毛体验一次,1,26
诗露丽涵（宝带西路店）,吴中区,苏苑/长桥街道,4.4,单人肩颈+面部补水2次套餐,68,26
百莲凯美容院（双湖广场店）,吴中区,双湖广场,4.1,单人SPA护理套餐,98,26
兰馨美容美体养生馆,吴中区,木渎镇街区,5.0,面部深层补水+拨筋2次,68,25
美霖阁肌肤健康管理中心,吴中区,郭巷镇,4.3,单人拔罐刮痧2选1,9.9,25
紫罗兰足浴,吴中区,木渎镇街区,3.8,单人全身spa,258,25
兰娜古法艾灸养生会馆,吴中区,木渎东区,5.0,单人面部SPA和五行艾疗通气血,9.9,24
江南韵美容SPA（斜塘老街店）,吴中区,湖东邻里中心,4.1,lacowry激活新生面部护理2次体验,76,25
秀域科技美容（迎春路店）,吴中区,苏苑/长桥街道,4.0,店庆酬宾专享全营养瘦身体验小课程,499,23
秀域科技美容（金山店）,吴中区,木渎镇街区,3.6,店庆酬宾专享全营养瘦身体验小课程,499,23
朗诗绿郡养生会所,吴中区,吴中商城/石湖路,5.0,单人朗诗足浴+中式按摩套餐,150,26
妆点丽人美容美甲护肤SPA,吴中区,郭巷镇,5.0,单人环保胶纯色美甲套餐,9.9,21
韩国维娜美容美体,吴中区,吴中区,4.2,单人三层清洁护理,38,20
无限极（惠润金峰邻里中心店）,吴中区,木渎镇街区,4.0,面部深层水疗,68,19
天颐温泉,吴中区,临湖镇/横泾镇,4.4,"天颐温泉平日门票+中式按摩,请至少当天的13点前购买",258,19
MEET逆时光皮肤管理中心,吴中区,苏苑/长桥街道,5.0,单人OPT净肤体验,118,18
妆园美甲美睫化妆工作室,吴中区,湖东邻里中心,5.0,单人精致眉型修整套餐,1,18
克丽缇娜（澳韵花园店）,吴中区,湖东邻里中心,4.0,美容护理套餐,88,18
吉姆考拉婴幼儿水育SPA馆,吴中区,SM广场,3.5,宝宝单人游泳首次体验,58,18
徐大大Makeup Studio,吴中区,吴中万达,4.9,单人修眉画眉套餐,1,18
蘭SPA●美容养生馆,吴中区,木渎镇街区,4.6,纳米陶瓷拔罐1次,19.9,18
玉甲轩美甲美容会所,吴中区,木渎镇街区,5.0,维娜三层清洁,58,19
盛雅香美容SPA养生会所,吴中区,吴中南,4.8,单人新店特价刮痧/艾灸套餐,9.9,17
吴韵宫坻养生会所（丽丰购物中心店）,吴中区,苏苑/长桥街道,4.7,单人足浴套餐（足浴+推拿）,105,19
波斯猫俪人生活馆,吴中区,吴中商城/石湖路,5.0,单人活氧水密码深层面部护理,88,16
紫苏养生中心,吴中区,吴中万达,4.0,背部经络/腰腹塑型二选一,68,16
妆点.love美甲彩妆,吴中区,木渎东区,5.0,睫毛嫁接,108,16
美之然签约瘦身美容养生会所,吴中区,湖东邻里中心,4.5,《火热项目》健康懒人签约瘦身套餐,88,16
美伊美美甲化妆纹绣,吴中区,吴中南,5.0,单人艾灸养生调理,9.9,16
四季红汗蒸馆,吴中区,甪直古镇,5.0,单人熏蒸套餐,88,16
维多利亚美容医院,吴中区,苏苑/长桥街道,4.4,代金券,1,15
佐康苗方专业祛痘（吴中店）,吴中区,苏苑/长桥街道,3.5,单人深层护理套餐2选1,26.8,15
熊津美容美体养生馆,吴中区,苏苑/长桥街道,4.0,单人肩颈疏通,69,15
金梦缘足浴SPA指压,吴中区,苏苑/长桥街道,4.5,单人梦飞蝶舞SPA套餐（全新手法升级）,298,15
龙宫温泉汗蒸会馆,吴中区,吴中南,5.0,单人洗浴+足疗+中式按摩+绿茶+修指甲+过夜费+小吃一份,149,9
伊尚美容美发沙龙,吴中区,郭巷镇,4.6,单人美容体验套餐,168,9
海源足浴,吴中区,苏苑/长桥街道,4.3,单人老姜泡脚＋背部按摩＋修脚＋精油按摩＋脚底走罐套餐,52.8,9
邦豆专业祛痘,吴中区,吴中区,4.6,单人滋润润肤补水美容精护理,1,9
享SPA,吴中区,吴中区,4.5,单人全身经络养生套餐,108,9
威步足道（尹山湖店）,吴中区,郭巷镇,4.6,单人精选spa,158,10
丽伊美容养生会所,吴中区,苏苑/长桥街道,4.0,面部细胞护理,38,8
MikaNail美咖娜丽美甲工作室（园区店）,吴中区,吴中区,5.0,单人蚕丝蛋白美睫套餐,358,8
佰草集汉方SPA（苏悦广场店）,吴中区,吴中区,4.6,背部护理+盈润保湿+舒筋悦颜／通体舒调+汉方悬灸2选1,199,7
丽丝妍雅皇家美容养生会所（吴中店）,吴中区,苏苑/长桥街道,4.0,单人面部＋肩颈护理套餐,98,7
BD皮肤健康管理中心,吴中区,湖东邻里中心,4.5,单人瓷美净肤护理,158,7
美之然纯天然中草药美容,吴中区,木渎镇街区,4.9,滋养补水护肤,48,7
卡其造型（苏职大学园大厦店）,吴中区,SM广场,5.0,单人拔罐/刮痧/艾灸三选一套餐,9.9,7
r&t;皮肤管理中心,吴中区,湖东邻里中心,5.0,单人温罐套餐,10,7
源之林美容瘦身馆,吴中区,大运城/花样城,4.0,单人拔罐养生体验套餐,9.9,7
lisa.美颜定妆工作室,吴中区,木渎东区,5.0,个人生活妆体验,9.9,7
蓝岛足浴,吴中区,吴中南,3.8,单人拔罐,30,7
鑫媛美容造型,吴中区,苏苑/长桥街道,5.0,单人香港注氧水美人面部护理,68,7
永吉推拿（湖东店）,吴中区,湖东邻里中心,3.6,单人全身推拿套餐,79,7
法蘭泥美容养生园区（水墨店）,吴中区,湖东邻里中心,3.7,单人肩颈保养,68,7
煜灵阁品质养生,吴中区,湖东邻里中心,4.9,单人春季焕颜 洗脸吧,32.8,6
Jenny珍女人私人工作室（吴中万达店）,吴中区,苏苑/长桥街道,4.3,深层去黑头螨虫面部SPA+活肤注氧,98,6
Y&L;美容小屋,吴中区,苏苑/长桥街道,5.0,【美颜】韩国小气泡,128,6
瑞雪美容Spa工作室,吴中区,木渎东区,4.0,【工作室特惠】精油开背放松,68,6
足生堂（木渎翠坊南街店）,吴中区,木渎镇街区,4.4,单人宫廷泰式按摩,150,6
娇尚专业脱毛中心,吴中区,木渎镇街区,5.0,单人水氧清洁套餐,98,6
星辰彩妆,吴中区,吴中商城/石湖路,4.9,单人拍螨虫1次,35,6
水瑶汗蒸会所,吴中区,SM广场,3.5,单人汗蒸套餐,28,6
路易.芬尼,吴中区,吴中商城/石湖路,4.0,单人靓颜面部补水护理套餐,38,6
纤思韵美容养身调理中心,吴中区,吴中商城/石湖路,5.0,纤思韵产后满月发汗,98,6
悦容SPA 美容养生会所,吴中区,吴中区,4.0,单人经典养生三选一,8.8,6
美博士专业祛痘（郭巷店）,吴中区,郭巷镇,4.9,单人温和脱毛体验套餐,38,5
颐舍温泉,吴中区,临湖镇/横泾镇,4.6,"颐舍温泉门票+推拿（成人票）,入园前均可购买",300,5
美熙美容塑型馆,吴中区,郭巷镇,4.4,背部五行经络罐体验,1,5
歆妍皮肤管理中心,吴中区,苏苑/长桥街道,4.5,3D魔镜皮肤检测,9.9,5
盲人按摩所,吴中区,木渎镇街区,3.5,单人B套餐,116,5
御生堂中医馆,吴中区,苏苑/长桥街道,5.0,传统艾灸,150,5
魅丽周期护肤店（甪直店）,吴中区,甪直古镇,3.5,皮肤紧致美肤套餐,29.9,3
依仁阁生活馆,吴中区,大运城/花样城,4.0,单人美容养生SPA套餐,58,2
苏州逆时光美容瘦身养生体验馆（东湖林语分店）,吴中区,湖东邻里中心,4.0,面部清洁护理,88,2
肤姿钰专业祛斑祛痘修复中心,吴中区,吴中万达,4.7,全身大部位脱毛,168,2
80沐足（东苑路店）,吴中区,苏苑/长桥街道,4.0,单人足浴＋全身按摩＋精油＋盐,99,2
I Beauty 皮肤管理中心,吴中区,木渎镇街区,4.0,单人小气泡基础保湿管理,180,2
丽丝妍雅皇家美容养生会所（园区店）,吴中区,湖东邻里中心,3.5,单人特色肩颈调理+背部刮痧术,128,2
私人健康管家,吴中区,苏苑/长桥街道,4.0,单人颈肩、腰腿专项推拿,60,2
kiki甲艺,吴中区,郭巷镇,4.0,【面部清洁】面部毛孔疏通祛黑头,58,2
玄坤经络养生馆,吴中区,郭巷镇,3.5,单人颈椎调理刮痧,48,2
能尔瘦身美容,吴中区,湖东邻里中心,4.0,单人面部青春定格术套餐,28.8,2
凯悦养生会所,吴中区,木渎东区,3.5,单人尊享spa,298,2
涵曦瘦身美容体验馆,吴中区,吴中南,4.6,卵巢保养体验,38.8,2
Angle Beauty House,吴中区,湖东邻里中心,4.0,焕彩保湿面部靓目延彩眼部护理组合,58,2
纤悦美容养生会所（宝带西路店）,吴中区,苏苑/长桥街道,3.0,肩颈保养,108,2
锦豪足浴,吴中区,临湖镇/横泾镇,4.0,Spa特色理.疗,168,2
金手掌推拿,吴中区,苏苑/长桥街道,3.5,单人拔罐,9.9,1
五行经络养生馆,吴中区,甪直古镇,4.2,周天瑶浴+精油开背+面部水疗,298,1
雅朵工作室,吴中区,吴中区,4.6,单人韩式眉型设计,1,1
Queen Life 悦妍SPA,吴中区,吴中区,4.5,单人3次精选全套面颈部/身体护理套餐,398,1
薇娜形象工作室,吴中区,甪直古镇,4.3,单人睫毛增长术体验,398,1
木渎伊秀佳美容店,吴中区,木渎东区,4.9,胸部保养+腋下淋巴疏通套餐,68,1
Sofia索菲亚工作室,吴中区,吴中区,4.0,单人面部局部排螨,38,1
寇氏拔罐减肥（园区南施街伊顿花园店）,吴中区,湖东邻里中心,3.5,单人肩颈调理一次,38,1
妙逸艾灸美容养生馆,吴中区,苏苑/长桥街道,4.6,单人肩颈调理1次+艾灸1次,93,1
诗婷美容会所,吴中区,吴中南,4.2,单人面部三层清洁套餐,68,1
东妍堂女子专业美容会所（吴中西路店）,吴中区,苏苑/长桥街道,3.5,单人美容美体套餐,98,1
足来足往,吴中区,木渎镇街区,3.7,单人养生沐足+保健按摩套餐,118,1
珂洛丽美甲美睫形象国际连锁机构（华润万家店）,吴中区,木渎东区,4.6,「深层清洁」面部嫩肤补水护理,98,1
丁丁美甲,吴中区,吴中区,4.5,单人苗芳梓颜净痘/去黑头2选1,66,1
郭巷贵足堂,吴中区,郭巷镇,3.5,单人精油SPA,228,1
爱丽薇儿,吴中区,木渎东区,3.5,基础护理套餐,38,1
黄金水岸大酒店,吴中区,胥口镇/穹窿山,4.8,苏州黄金水岸大酒店1晚+双人挹翠轩中式下午茶/品茗券2选1+悦心阁SPA体验+体感游艺机WII畅玩1小时+双早,918,1
鼎盛美容养生瑜伽SPA会所,吴中区,甪直古镇,3.5,单人面部背部保养套餐,58,1
龙腾足浴,吴中区,吴中区,3.5,单人财富套餐,120,0
GAGA小薇半永久纹绣O2O精品店,吴中区,吴中区,3.5,单人GAGA半永久定妆(仅设计)套餐,20,0
NAMASPA,吴中区,湖东邻里中心,4.0,小清新面部+夏威夷SPA套餐,899,0
瑞士法尔曼护肤养生中心,吴中区,月亮湾,3.5,面部护理美容套餐,458,0
臻康婴儿游泳小儿推拿调理中心,吴中区,湖东邻里中心,4.1,臻康春季增高益智保健推拿体验,40,0
青云工作室,吴中区,SM广场,5.0,单人面部按摩,58,0
無極瑜伽,吴中区,苏苑/长桥街道,5.0,终南山香灸,158,0
誉肤堂,吴中区,苏苑/长桥街道,3.9,单人祛斑代金券,98,0
FOYA逆时光美容美体中心（领汇广场店）,吴中区,湖东邻里中心,3.5,单人360`水动力活氧SPA,128,0
ee美丽儿美容纤体,吴中区,吴中区,3.5,单人面部精致护理+眼部护理套餐,138,0
陈氏推拿养生,吴中区,胥口镇/穹窿山,3.5,单人半身按摩,48,0
VSAGE优姿肌肤管理连锁（湖东店）,吴中区,湖东邻里中心,3.5,【补水】翠竹水娃优氧补水舒敏面部护理,128,0
馨妍SPA,吴中区,苏苑/长桥街道,4.0,生物微电流,98,0
米兰时尚美容,吴中区,苏苑/长桥街道,3.5,单人美容体验卡1张,198,0
艾美丽美容spa,吴中区,郭巷镇,4.0,单人高级铂金护理体验套餐,198,0
天美中式推拿,吴中区,苏苑/长桥街道,3.5,单人中式调理,180,0
陕西修脚,吴中区,木渎镇街区,3.5,单人足浴2选1,50,0
肤姿钰专业祛斑祛痘美甲美睫,吴中区,吴中区,3.5,单人痘肌护理＋清黑头+皮肤深层清洁＋面膜护肤,28.8,0
Dora朵拉美颜馆,吴中区,吴中区,4.5,单人韩式MTS皮肤管理套餐,298,0
金河湾温泉酒店,吴中区,甪直古镇,3.8,"金河湾温泉酒店门票+足疗票+港式按摩（成人票）,入园前均可购买",158,0
以朵美坊,吴中区,SM广场,3.5,单人面部护理,38,0
金足堂足浴会所,吴中区,临湖镇/横泾镇,4.6,普通标间,98,0
瑞豪美甲连锁（吴中店）,吴中区,吴中商城/石湖路,5.0,单人韩式美睫线套餐,1160,0
艺人工作室,吴中区,木渎镇街区,4.5,单人面部美容SPA套餐,88.8,0
富士康足浴休闲会所（锦华苑店）,高新区,狮山地区,5.0,足浴/按摩2选1,106,23067
富士康足浴休闲会所（乐园店）,高新区,塔园路,5.0,足浴/按摩2选1,106,23067
富士康足浴休闲会所（竹园路店）,高新区,高新区,5.0,足浴/按摩2选1,106,23067
秀域科技美容（竹园店）,高新区,高新区,3.6,单人夏日冰点净脱,88,7221
大唐沐足CEO,高新区,高新区,5.0,单人中级技师足道套餐,79.9,3902
本意温泉会所,高新区,塔园路,5.0,单人巴厘岛spa芳疗,388,3092
克丽缇娜（浒关店）,高新区,浒关镇,4.0,克丽缇娜水妍润泽单人焕美套餐,158,3088
克丽缇娜（何山路店）,高新区,枫桥地区,3.6,克丽缇娜水妍润泽单人焕美套餐,158,3088
青松保健会馆（新区运河店）,高新区,永利广场,3.9,单人 青松足浴套餐 1次,88,2604
忆江南足道SPA会所,高新区,塔园路,5.0,单人养生足浴/中式按摩2选1,68,2259
百会中医推拿（百会盲人推拿）,高新区,枫桥地区,5.0,单人全身经络推拿白天特惠档,59,1201
百会中医推拿（何山路店）,高新区,绿宝广场,5.0,单人全身经络推拿白天特惠档,59,1201
芊源盲人推拿（何山路店）,高新区,枫桥地区,5.0,芊源足道盲人推拿二选一,56,1052
青柠檬LemonQ形象定制中心,高新区,港龙商城,5.0,苏州青柠檬Lemon Q个人形象定制,49.9,985
怡蘭亭足道spa会馆（新区店）,高新区,枫桥地区,5.0,单人古法足疗,69,981
惠康盲人按摩（优康科技园店）,高新区,塔园路,4.4,单人中式推拿套餐,68,926
惠康盲人按摩（吴甸园会所店）,高新区,高新区,4.4,单人中式推拿套餐,68,926
康之源盲人按摩,高新区,枫桥地区,5.0,单人 热敷推拿套餐 1次,79,843
帝宫足道（新区店）,高新区,枫桥地区,5.0,单人帝宫养生套餐,168,747
贝缔可儿（新区店）,高新区,枫桥地区,4.2,单人养生调理套餐,78,601
康源堂盲人推拿按摩馆（保利雅苑店）,高新区,高新区,5.0,单人 中式推拿／足疗 1次,68,592
爱薇妮·皮肤管理中心（新区店）,高新区,狮山地区,5.0,单人脱毛套餐券,9.9,579
百会盲人推拿（钻石广场店）,高新区,高新区,5.0,单人全身经络推拿/足疗 2选1,69,492
御夫人美容养生中心（浒关店）,高新区,浒关镇,4.6,单人汗蒸,18.8,437
康旭盲人按摩,高新区,狮山地区,5.0,单人推拿按摩,59,411
泰秘.丽人会（新区店）,高新区,狮山地区,4.4,单人泰式养生护理套餐,50,373
逸境养生,高新区,狮山地区,4.8,单人足浴,59.9,278
元气馆按摩中心,高新区,高新区,5.0,单人足疗/全身按摩2选1,69,276
金足道（金科大酒店店）,高新区,枫桥地区,4.7,单人传统足疗按摩,129,272
惠舒盲人推拿,高新区,浒关镇,5.0,单人全身经络推拿,56,259
浦氏盲人推拿,高新区,枫桥地区,5.0,单人套餐,56,253
千会足浴SPA会所,高新区,塔园路,5.0,单人按摩/足浴2选1,68,248
GRACE歌瑞诗美容SPA养生会所（新区店）,高新区,枫桥地区,4.5,单人面部SPA护理2次+精油开背2次套餐,58,240
GRACE歌瑞诗美容SPA养生会所（浒关店）,高新区,浒关镇,3.8,单人面部SPA护理2次+精油开背2次套餐,58,240
GRACE歌瑞诗美容SPA养生会所（润捷店）,高新区,枫桥地区,3.5,单人面部SPA护理2次+精油开背2次套餐,58,240
盛缘轩沐道（绿宝店）,高新区,绿宝广场,5.0,单人舒适足疗,98,218
尤内而外美容店,高新区,枫桥地区,5.0,刮痧拔罐套餐,18,196
江南红足浴,高新区,高新区,5.0,单人汗蒸1次,19.9,195
富足一方（玉山路店）,高新区,高新区,4.6,单人欧式精油套餐,158,188
减肥终点站（港龙城店）,高新区,港龙商城,4.6,单人拔罐1次,9.9,25
法兰泥养生会所,高新区,狮山地区,4.8,单人拔罐套餐,1,24
江南韵美容SPA（滨河路店）,高新区,狮山地区,4.0,lacowry激活新生面部护理2次体验,76,25
菩羽抗衰健康管理中心（新区店）,高新区,枫桥地区,5.0,【激活筋膜】单人膜立通舒缓套餐,158,24
美莎美容美甲养生SPA,高新区,高新区,4.5,单人养生护理,38,23
玺悦护肤,高新区,浒关镇,4.6,单人脸部护肤套餐,19.9,21
诗丽集美容养生,高新区,浒关镇,3.9,单人面部精致补水护理套餐,38,20
禅栖堂养生馆,高新区,高新区,4.5,单人中式推拿+草本热敷/拔罐/热灸,99,20
静美妍美容筋骨养护,高新区,高新区,4.8,单人满月发汗/产后发汗,108,20
植物医生,高新区,绿宝广场,3.6,单人面部护理spa套餐,9.9,20
金飞延美容养生spa馆,高新区,港龙商城,4.9,单人肩颈疏通/刮痧/艾灸,38,20
克丽缇娜（狮山名门店）,高新区,塔园路,4.5,美容护理套餐,88,18
粉妍国际美容会所,高新区,港龙商城,4.2,单人有机面部护理,68,18
Vina维娜形象皮肤管理中心（珠江路店）,高新区,高新区,4.0,夏季焕新颜-单人精致面部护理,68,17
muse韩艺半永久工作室,高新区,狮山地区,5.0,单人单次单颗淡痣体验,19.9,15
佐康苗方专业祛痘（苏州店）,高新区,塔园路,5.0,单人深层护理套餐2选1,26.8,15
筋骨养护,高新区,通安镇,4.6,单人中式推拿,45,15
秀域科技美容（玉山路店）,高新区,高新区,4.0,高科技生活美容单次体验课程,149,16
秀域科技美容（时代店）,高新区,塔园路,4.0,高科技生活美容单次体验课程,149,16
锦江南沐足,高新区,浒关镇,4.8,吉祥如意,138,14
研多萃奢华驻颜皮肤管理中心,高新区,狮山地区,4.6,单人退毛体验套餐,19.9,2
格格美甲,高新区,通安镇,4.4,面部深层补水护理,29.8,2
颐寧全息养生馆,高新区,港龙商城,3.5,单人面部基础护理套餐,9.9,2
安洛亚韩美甲美容皮肤管理中心,高新区,高新区,4.0,单人bio经络单部位套餐,98,1
怡灏芳香养生馆,高新区,塔园路,3.5,单人面部深层清洁净毒套餐,98,1
瘦之不捂瘦身美容会所,高新区,狮山地区,5.0,高端面部提拉体验套餐,9.9,1
悦芳庭女子形体管理中心,高新区,高新区,4.9,【粉丝带】女子美胸艾灸养护套餐,198,1
纤伊美纤体养生会馆,高新区,枫桥地区,4.0,养生艾灸1次,19.9,1
珂蘭雅美容美体会所,高新区,狮山地区,4.0,单人水妍润泽毛孔清洁套餐,88,1
可丽可心（长江路店）,高新区,苏州乐园,4.3,单人特色头疗套餐,88,1
适颜堂专业祛斑祛痘连锁机构,高新区,高新区,3.5,面部清洁保养套餐,19.9,1
爱情故事潮牌沙龙,高新区,汇金新地,5.0,修眉体验,1,0
尤内而外美容养生馆,高新区,高新区,5.0,单人肩颈与清黑头二选一,48,0
绘美甲.美睫沙龙（金鹰店）,高新区,苏州乐园,4.9,韩国雪花新娘焕肤面部管理,428,0
伊诺半永久美妆美学,高新区,狮山地区,4.0,单人新娘跟妆套餐,1280,0
MOMO美睫半永久定妆彩妆造型,高新区,绿宝广场,5.0,单人韩式MTS皮肤管理套餐,288,0
路易芬尼国际名媛SPA会所（浒关店）,高新区,浒关镇,4.0,丝特沃染发套餐,128,0
清莲私人瑜伽舍,高新区,高新区,3.5,终南山香灸,158,0
欧格兰顿养生会所,高新区,枫桥地区,3.5,单人脸部+胸部+肩颈套餐,78,0
美夏林医疗美容皮肤管理中心,高新区,塔园路,4.5,高级眼部SPA,198,0
飒韵足浴spa会所,高新区,枫桥地区,3.5,单人足疗＋健身体验套餐,108,0
Barbie CP nailsCLUB,高新区,高新区,4.0,单人面部护理体验一次,88,0
绘美甲·美睫沙龙（星花田新区塔园店）,高新区,塔园路,5.0,韩国雪花新娘焕肤面部管理,428,0
克丽缇娜（蓬朗店）,昆山市,昆山,3.8,克丽缇娜水妍润泽单人焕美套餐,158,3090
华雄美容美发造型SPA（金威购物广场店）,昆山市,昆山,4.0,高级设计师单人洗剪吹1次,29.8,1051
华雄美容美发造型SPA（萧林路店）,昆山市,昆山,3.8,高级设计师单人洗剪吹1次,29.8,1051
华雄美容美发造型SPA（世茂店）,昆山市,昆山,3.5,高级设计师单人洗剪吹1次,29.8,1051
雅蔓上门保健按摩会所（昆山店）,昆山市,昆山,5.0,单人经典spa套餐,298,848
邦妮按摩保健会所（昆山店）,昆山市,昆山,5.0,单人养生spa套餐,298,618
贝缔可儿（花园店）,昆山市,昆山,4.9,单人养生调理套餐,78,601
香港修身堂（珠江路店）,昆山市,昆山,4.9,单人五行经络艾灸套餐,48,371
泽十字专业祛痘连锁机构（嵩山路店）,昆山市,中华园,5.0,单人冰点温和脱毛套餐,58,174
路易·芬尼（新纬路店）,昆山市,昆山,4.8,单人刮痧/拔罐2选1套餐,9.9,79
石牌济州岛美容养生馆,昆山市,昆山,4.6,济州岛美容养生馆拔罐,10,56
铭株美容养生,昆山市,昆山,3.9,单人美容SPA套餐,58,54
香妃美容养生馆,昆山市,昆山,5.0,单人面部护理套餐,28,40
槿妍美肌皮肤管理中心,昆山市,昆山,5.0,【局部】脱毛温和净肤（单次）,98,17
佐登妮丝美容SPA生活馆（昆山总店）,昆山市,昆山,5.0,单人经典纯色美甲套餐,68,15
风华美容减肥理疗馆,昆山市,昆山,4.4,单人拔罐,19.9,14
Beauty Lady美妆馆,昆山市,昆山,5.0,beautylady美妆馆新春超值婚礼季新娘跟妆套餐,598,7
鉑金美容养身造型会所,昆山市,昆山,4.4,鉑金美容养身造型会所拔罐　,68,4
玩美国际美甲美睫,昆山市,昆山,4.7,单人眉型设计套餐,2380,0
贝缔可儿（吴江店）,吴江区,吴江,3.7,单人养生调理套餐,78,601
一品足轩,吴江区,平望,5.0,单人足浴,58,533
合缘,吴江区,盛泽,5.0,单人汉方推拿+拔罐,55,479
泰秘·丽人会（吴江店）,吴江区,吴江,5.0,单人泰式养生护理套餐,50,373
老陈盲人推拿,吴江区,吴江,5.0,单人 走罐／刮痧（2选1）＋拔罐 1次,38,371
灵活盲人推拿店,吴江区,吴江,5.0,单人全身推拿/颈腰连推1次,57,367
法国普丽缇莎国际连锁美容汗蒸养生会所,吴江区,吴江,4.8,法国普丽缇莎国际连锁美容汗蒸养生会所纳米汗蒸,15,337
友志专业修脚房,吴江区,吴江,5.0,单人泡脚+足部按摩+修脚,27,324
美尔美乐专业减肥连锁（盛泽店）,吴江区,盛泽,5.0,美体套餐,88,278
帝宫足道（吴江店）,吴江区,吴江,5.0,全身按摩+足浴,158,249
歌妮美容SPA（吴江店）,吴江区,盛泽,3.5,单人美容美体套餐6选4,99,161
康复盲人推拿,吴江区,永康路商业步行街,4.2,火罐/牵引/护理3选1,20,156
帝中海足浴桑拿（盛泽店）,吴江区,盛泽,4.5,帝中海足浴单人套餐,86,134
巴斯漫韩式汗蒸馆,吴江区,吴江,5.0,浴资＋泰式按摩,199,120
芸芸足浴,吴江区,盛泽,5.0,单人中式按摩,50,112
完美玛丽艳美容护肤（大润发店）,吴江区,盛泽,4.1,单人面部排螨套餐,48,111
明灯推拿,吴江区,震泽,4.7,中医推拿,29,95
汉泰堂足浴养生会所,吴江区,吴江,4.4,单人木桶SPA限时特惠套餐,268,91
华佗养生堂,吴江区,盛泽,5.0,拔火罐+刮痧,58,90
伊尚美薇时尚美甲潮流馆（盛泽店）,吴江区,盛泽,5.0,单人面部美白莹润／水份保湿护理二选一＋背部芳香舒压套餐,98,72
自然美（衡悦广场店）,吴江区,盛泽,4.0,基础面部课程,128,66
沈氏推拿,吴江区,芦墟/汾湖,4.5,中式推拿+艾灸（艾艾贴）,88,59
集悦美容（莱亚店）,吴江区,莱亚国际购物中心,4.1,单人五行经络spa套餐,38,52
轩雅欣足浴,吴江区,吴江,3.8,单人洗脚/中式按摩2选1,50,51
印度神油 梵医会馆,吴江区,盛泽,4.4,七轮,298,48
韩氏推拿,吴江区,城南花苑商圈,3.8,单人拔罐+走罐套餐,40,48
芭俪伊人（贝缔可儿）,吴江区,吴江,3.5,单人肩颈艾灸,48,48
山湖足浴,吴江区,吴江,4.1,单人皇家宝贝套餐,99,39
俐姿美容养生,吴江区,永康路商业步行街,4.9,单人拔罐体验,9.9,29
爱卓玛理容（爱卓玛理容）,吴江区,芦墟/汾湖,4.4,单人时尚白领美发热烫、拉直、柔顺、任选1项,168,29
艾美阁养生馆,吴江区,同里,5.0,单人艾美阁美容SPA体验,28,29
缘源堂中医养生馆,吴江区,吴江,4.4,单人推拿,78,29
丽源千金养生馆,吴江区,同里,4.1,单人丽源养生体验套餐,98,25
泽十字平疤祛痘祛斑（盛泽店）,吴江区,盛泽,4.1,泽十字专业蛻毛,59,24
香港修身堂（中南世纪城）,吴江区,万宝财富商业广场,4.1,单人面部刮痧体验一次,18,24
陈氏推拿馆,吴江区,吴江,4.9,单人 足疗 1次,58,21
集悦SPA,吴江区,吴江,4.1,单人甲油胶单色渐变  / 法式 / 跳色,59,20
丝域养发馆（高新路店）,吴江区,吴江,3.8,单人健康洗头1次,38,18
流行美容貌管理中心,吴江区,芦墟/汾湖,5.0,单人美睫体验套餐,59,18
爱车SPA馆汽车美容养护中心,吴江区,吴江,5.0,汽车打蜡,66.6,15
美怡轩美容养生馆,吴江区,嘉鸿广场,3.0,拔罐,35,15
小蛮腰就是好（衡悦广场店）,吴江区,盛泽,3.7,小蛮腰单人塑极美雕套餐,58,15
康体盲人推拿（吴江店）,吴江区,吴江,5.0,单人 刮痧／走罐＋拔罐 1次,35,14
宜肤园美容纹绣生活馆,吴江区,运东商业中心,4.2,单人美容套餐,49,10
金妍美容,吴江区,震泽,4.0,单人美丽一身期待卡,198,8
女王韩式半永久美颜定制中心,吴江区,吴江,4.0,单人美睫线套餐,880,6
美博士专业祛痘,吴江区,盛泽,5.0,单人温和脱毛体验套餐,38,5
爱可登健康调理,吴江区,盛泽,4.2,单人肩周炎疼痛调理,48,5
蓝天绿地洗浴足道,吴江区,盛泽,4.2,木桶浴套餐,68,5
雅都丽人,吴江区,震泽,3.5,美丽一身期待卡,198,4
康丽美容养生馆,吴江区,吴江,4.0,专业护理套餐,98,4
题康科学推拿鍼灸所,吴江区,盛泽,3.5,单人脏腑调理,100,3
苏州湾王焰温泉,吴江区,吴江,4.8,"王焰温泉门票+SPA艾灸理疗成人票）,请至少当天的21点前购买",568,0
沐姿美甲会所,吴江区,吴江,4.3,单人流星眉套餐,880,0
吴江皇后queen,吴江区,吴江,4.8,单人韩式梓粉眉套餐,1880,0
SUMMER NAIL,吴江区,永康路商业步行街,5.0,单人线条眉设计套餐,980,0
世龙世家手足健康连锁（珠江路店）,常熟市,世茂,5.0,泡脚足浴+修脚护理单人套餐,9.9,26963
帝德伟足浴休闲养生会所,常熟市,常熟,5.0,单人足浴+洗浴韩式汗蒸套餐,108,8352
天铭樱花足道,常熟市,常熟,5.0,单人 樱花养身足浴套餐 1次,88,8165
云顶天境（珠江东路店）,常熟市,世茂,5.0,云顶足浴,118,4739
克丽缇娜（李闸路店）,常熟市,常熟,4.0,克丽缇娜水妍润泽单人焕美套餐,158,3090
克丽缇娜（精致美容院店）,常熟市,佳和广场/老欧尚,4.0,克丽缇娜水妍润泽单人焕美套餐,158,3090
新绿摇篮CEO足道会馆（一店）,常熟市,常熟,4.3,单人中级调理足疗/推拿二选一,149,976
妙手盲人推拿,常熟市,佳和广场/老欧尚,5.0,单人推拿1次,55,764
江南仙境,常熟市,东南开发区,5.0,开业特惠单人江南经典足浴,88,679
润发盲人推拿（大润发店）,常熟市,大润发,4.1,单人盲人保健推拿1次/60分钟,62,631
贝缔可儿（城中店）,常熟市,方塔街,5.0,单人养生调理套餐,78,601
景云阁足浴,常熟市,常熟,4.7,足浴单人套餐,68,226
赤仙台足浴养生会所,常熟市,方塔街,5.0,单人 水韵花式SPA 1次,398,173
水清堂美容养生馆,常熟市,虞景文华,4.8,单人韩式面部清洁护理,29.9,112
云霄盲人推拿,常熟市,捞品城,4.0,单人盲人推拿/中式推拿2选1,78,107
长林盲人推拿,常熟市,常熟,5.0,单人拔罐＋刮痧,65,83
玛丽经典美容养生（长江路店）,常熟市,世茂,4.0,单人美容养生体验套餐,28,58
美丽心情（嘉业店）,常熟市,常熟,4.0,单人五行养生护理2次,98,56
舒新盲人按摩,常熟市,常熟,4.6,单人盲人按摩,65,37
金拇指足道养生会所,常熟市,世茂,4.6,单人泰式按摩,138,33
雅飞美容美甲,常熟市,方塔街,5.0,单人刮痧拔罐,20,32
京都薇薇美容院,常熟市,佳和广场/老欧尚,3.5,单人美胸美体护理套餐,1,31
重庆富侨足道,常熟市,美城广场,5.0,单人尊享SPA套餐,329,20
韩国维娜美容美体中心（藕渠店）,常熟市,东南开发区,3.5,维娜韩式三层清洁,9.9,15
圣高汗蒸养生会所,常熟市,常熟,4.1,圣高单人中华养生套餐,236,12
迪奥美容院,常熟市,常熟,4.8,单人SPA身体项目三选一套餐,79,9
馨源堂小儿推拿,常熟市,常熟,3.5,单人暖宫养血艾灸,88,5
御康足道,常熟市,常熟,3.6,单人沐足＋按摩＋汗蒸,118,4
克丽缇娜（雨晨美容店）,常熟市,世茂,4.0,单人护理SPA套餐,198,3
金美秀减肥（元和路店）,常熟市,常熟,3.0,单人脸部补水美容套餐,99,1
爱丽缇美容养生私人会所,常熟市,常熟,3.5,代金券,1,1
金美秀减肥（白雪路店）,常熟市,常熟,3.7,单人脸部补水美容套餐,99,1
金美秀（琴湖佳和水岸店）,常熟市,常熟,3.0,单人脸部补水美容套餐,99,1
金美秀减肥（海虞南路店）,常熟市,方塔街,3.0,单人脸部补水美容套餐,99,1
金美秀（招商城店）,常熟市,招商城,3.7,单人脸部补水美容套餐,99,1
金美秀（衡山路店）,常熟市,常熟,3.5,单人脸部补水美容套餐,99,1
韩氏健康养生,常熟市,佳和广场/老欧尚,4.0,单人肩周炎调理,55,1
金美秀减肥（新颜路）,常熟市,大润发,3.0,单人脸部补水美容套餐,99,1
金美秀减肥（东胜街店）,常熟市,常熟,3.0,单人脸部补水美容套餐,99,1
重庆富侨足浴,常熟市,常熟,5.0,单人 欧式SPA 1次,399,0
世龙世家手足健康连锁（杨舍镇店）,张家港市,杨舍镇,5.0,泡脚足浴+修脚护理单人套餐,9.9,26963
世龙世家手足健康连锁（长安中路店）,张家港市,城北,4.3,泡脚足浴+修脚护理单人套餐,9.9,26963
玛尔大夫（纯美湾店）,张家港市,步行街,5.0,美容护肤/经络养生/纤体（三选一）,98,6302
宝格丽spa造型会所,张家港市,杨舍镇,5.0,设计师洗剪吹,24.8,5342
克丽缇娜（龙谭店）,张家港市,城北,3.5,克丽缇娜水妍润泽单人焕美套餐,158,3090
克丽缇娜（张家港帝景豪园店）,张家港市,杨舍镇,3.5,克丽缇娜水妍润泽单人焕美套餐,158,3090
克丽缇娜（旗舰店）,张家港市,杨舍镇,3.5,克丽缇娜水妍润泽单人焕美套餐,158,3090
克丽缇娜（馨苑路店）,张家港市,杨舍镇,3.5,克丽缇娜水妍润泽单人焕美套餐,158,3090
重庆富侨足浴,张家港市,凤凰镇,5.0,高级足浴,128,1545
富侨足浴（暨阳路店）,张家港市,杨舍镇,5.0,普师足浴,109,1508
兄弟盲人推拿中心,张家港市,杨舍镇,5.0,单人推拿/足疗2选1,50,1451
足谊堂,张家港市,杨舍镇,5.0,单人推拿按摩3选1,99,1336
渝富桥（黄泗浦路店）,张家港市,金港镇,4.0,单人牛奶足浴套餐,98,1329
维尔康盲人按摩苑,张家港市,杨舍镇,5.0,单人中式推拿/足疗1次,49.9,1046
御指天堂（杨舍店）,张家港市,杨舍镇,4.2,单人皇廷足浴套餐,138,548
芳芳盲人按摩,张家港市,金港镇,5.0,单人传统推拿/足疗1次,50,452
苗方清颜,张家港市,杨舍镇,4.6,单人面部痘肌护理/去黑头3次二选一套餐,19.9,225
舒薇美容美体会馆,张家港市,杨舍镇,5.0,单人舒薇美容美体会馆花精部络肩颈疏通保养,9.9,218
知足常乐足疗休闲会所,张家港市,金港镇,3.8,足浴3选1,49,155
恩晴女子美容养生SPA,张家港市,杨舍镇,4.8,单人面部瑜伽,14,146
沙沙美容养身工作室,张家港市,杨舍镇,4.7,单人肩颈疏通保养1次,38.8,139
明焱推拿养生,张家港市,杨舍镇,4.6,推拿+拔罐,55.8,112
雅诗妮美容养生馆,张家港市,杨舍镇,4.6,单人雅诗妮美容养生套餐,68,89
金麒麟足道,张家港市,杨舍镇,5.0,单人专享护理SPA,269,74
路易香浓,张家港市,塘桥镇,4.3,单人拔罐套餐,19.9,56
佐康专业祛痘,张家港市,杨舍镇,3.9,深层毛孔清洁单人,29.9,45
舒心盲人推拿,张家港市,杨舍老街,4.2,单人推拿/足疗（2选1）,49.9,41
艾美阁艾灸美容养生会所,张家港市,杨舍镇,4.2,肩颈理.疗,38,30
智盈人生健康管理服务站,张家港市,杨舍镇,4.2,单人全身艾灸1次,38,26
御品足道,张家港市,杨舍镇,4.2,普师足浴,98,26
名姿国际,张家港市,金港镇,4.1,单人E光任一部位褪毛体验1次,58,18
孙氏美容美体会所,张家港市,金港镇,3.9,肩颈调理,29.9,15
天泉艾香谷-经络艾灸养生馆,张家港市,杨舍镇,5.0,单人任选5个不同项目,198,12
足宝堂专业修脚,张家港市,塘桥镇,4.2,单人拔罐＋走罐,15,10
完美彩妆美甲店,张家港市,锦丰镇,4.3,美容,38,5
懿萱美甲,张家港市,杨舍镇,4.5,单人韩绣之家品牌美妆眉美眸线二选一,298,5
祁氏艾灸养生馆,张家港市,杨舍镇,3.5,艾灸+疏通肩颈,50,5
新京华足道休闲会所,张家港市,杨舍镇,4.3,单人皇庭足浴,128,0
春田花花美甲美睫皮肤管理,张家港市,杨舍镇,4.7,单人韩国koe美睫套餐,199,0
初美专业祛痘专业祛斑,张家港市,西门,4.0,单人抗过敏护理2次,58,0
指尖芭蕾,张家港市,杨舍镇,3.5,单人韩式眉,980,0
世龙世家手足健康连锁（金阊区三香路店）,姑苏区,三香路沿线,5.0,泡脚足浴+修脚护理单人套餐,9.9,26963
世龙世家手足健康护理连锁（姑苏区十梓街店）,姑苏区,十全街/凤凰街,4.0,泡脚足浴+修脚护理单人套餐,9.9,26963
世龙世家手足健康护理连锁（姑苏区金门路店）,姑苏区,三香路沿线,3.5,泡脚足浴+修脚护理单人套餐,9.9,26963
朋朋修脚（迎春路店）,姑苏区,姑苏区,4.0,单人足部护理套餐,33.9,15629
大唐足韵,姑苏区,观前街地区,5.0,大唐足韵足道精品套餐,109,12667
杭州水知情足浴Spa（苏州店）,姑苏区,姑苏区,5.0,单人足浴按摩+足底走罐,98,9490
陆琴脚艺（苏州演艺中心店）,姑苏区,景德路沿线,4.8,单人原生态足浴套餐,118,8857
韩医美-科技美容全国连锁（苏州石路店）,姑苏区,石路地区,5.0,单人韩国水氧深层清洁套餐,39,7708
秀域科技美容（石路店）,姑苏区,三香路沿线,4.4,单人夏日冰点净脱,88,7222
秀域科技美容（凤凰店）,姑苏区,十全街/凤凰街,4.0,单人夏日冰点净脱,88,7222
英煌足道&SPA;养生会馆,姑苏区,南门,5.0,单人养生足浴套餐,72,6945
月宫足道,姑苏区,观前街地区,5.0,月宫养生足浴,60,6607
玛尔大夫（协和大厦店）,姑苏区,石路地区,5.0,美容护肤/经络养生/纤体（三选一）,98,6302
健豪泰足道,姑苏区,观前街地区,5.0,单人足浴套餐,98,5256
世茂温泉水疗会馆,姑苏区,亿象城/世茂,5.0,单人浴资,25,5070
水缘休闲浴场,姑苏区,苏纶场/吴门印象,5.0,单人浴资,19.8,4123
咪咪专业脱毛连锁机构（观前街店）,姑苏区,十全街/凤凰街,5.0,韩国冰肌光脱毛6选1,9.9,3644
日本银座Calla专业脱毛连锁机构（观前街店）,姑苏区,观前街地区,4.5,单人双腋下/比基尼下单人脫毛套餐2选1,68,3349
汉傧足道spa国际养生会所（泰式）,姑苏区,观前街地区,5.0,汉傧足浴按摩套餐,99,3227
欣奕除疤（凤凰街店）,姑苏区,十全街/凤凰街,4.8,去黑头：深层清洁+除粉刺+收缩毛孔+补水保湿,58,3111
德蔓诗—克丽缇娜（新城汇邻店）,姑苏区,姑苏区,4.0,克丽缇娜水妍润泽单人焕美套餐,158,3090
养足堂（人民路店）,姑苏区,景德路沿线,5.0,古典足浴套餐,78,2513
北纬37°spa会所（京城左岸养育巷店）,姑苏区,景德路沿线,5.0,单人精油SPA放松套餐,168,1977
苏锦堂足浴会所,姑苏区,观前街地区,5.0,单人苏锦足道按摩二选一,68,1907
汉宫品地足道会馆（友新店）,姑苏区,亿象城/世茂,5.0,单人高级技师足浴+中式推拿套餐,150,1811
吴韵宫坻养生会所（世茂店）,姑苏区,亿象城/世茂,5.0,单人足浴套餐（足浴+推拿 免费汗蒸）,138,1812
大众专业修脚坊（八年老店）,姑苏区,拙政园,5.0,单人泡脚+按摩+修脚,28,1612
大众专业修脚坊（分店）,姑苏区,景德路沿线,4.7,单人泡脚+按摩+修脚,28,1612
大众专业修脚坊（吴趋坊店）,姑苏区,景德路沿线,4.5,单人泡脚+按摩+修脚,28,1612
臻极丽人养生会所（平江店）,姑苏区,江星商业广场,3.6,单人养生护理套餐二次,50,1607
重庆富侨保健（苏州店）,姑苏区,来客茂生活广场,4.9,单人 经络养生 1次,175,1587
同仁盲人推拿（桐泾南路店）,姑苏区,三香路沿线,4.4,单人全身 经络推拿/养生足疗2选1,57,1479
同仁盲人推拿（阊胥路店）,姑苏区,阊胥路沿线,5.0,单人全身 经络推拿/养生足疗2选1,57,1479
苏园汗蒸足道馆&SPA;养生馆,姑苏区,火车站,5.0,单人浴资票,68,1470
韩医美-科技美容全国连锁（观前街店）,姑苏区,观前街地区,5.0,单人黑炭美白娃娃套餐,69,1415
江南沐足SPA会所,姑苏区,观前街地区,5.0,单人养生足疗,95,1224
栖康源盲人按摩（平江店）,姑苏区,观前街地区,4.2,单人 专业足道/盲人按摩套餐 2选1,65,1072
乐享驿站（苏州领秀江南店）,姑苏区,南门,5.0,单人泰国SPA,228,930
柔婷（石路店）,姑苏区,石路地区,3.5,单人美容专业护理套餐1次,38,908
汇妍专业脱毛连锁机构（石路店）,姑苏区,石路地区,5.0,单人双腋净肤套餐,59,862
雅蔓保健按摩服务中心（苏州店）,姑苏区,江星商业广场,4.0,单人经典spa套餐,298,848
福寿宫沐足保健,姑苏区,石路地区,4.7,沐足单人套餐,68,786
志成足浴,姑苏区,石路地区,5.0,单人足底按摩,38,771
痘博士专业祛痘连锁机构（姑苏店）,姑苏区,盘门,4.9,单人祛黑头套餐（请电话预约）,98,734
仙丽舍中韩美容连锁机构（石路店）,姑苏区,石路地区,5.0,单人冰点净毛1次,9.9,654
中经堂（南门店）,姑苏区,盘门,4.6,单人颈肩调理（推拿／按摩／艾灸／拔罐）套餐,228,637
邦妮上门按摩服务中心（姑苏店）,姑苏区,观前街地区,5.0,单人养生spa套餐,298,618
世道SPA养生会所,姑苏区,亿象城/世茂,5.0,单人沐足套餐,88,614
足清和足浴会所,姑苏区,来客茂生活广场,5.0,单人中式足浴/中式按摩套餐2选1,88,601
贝缔可儿（石路店）,姑苏区,观前街地区,4.2,单人养生调理套餐,78,601
沧浪之水足道休闲馆,姑苏区,亿象城/世茂,4.2,养生足疗/中式按摩2选1,98,601
言先生专业脱毛连锁机构（石路店）（脱毛季特惠啦）,姑苏区,石路地区,5.0,【唇/腋下】唇/腋下脱毛,198,589
爱薇妮·皮肤管理中心（石路店）,姑苏区,石路地区,5.0,单人脱毛套餐券,9.9,579
爱薇妮·皮肤管理中心（观前店）,姑苏区,姑苏区,5.0,单人脱毛套餐券,9.9,579
手佳盲人按摩（东大街店）,姑苏区,盘门,4.5,单人经穴/足底按摩(普足)套餐2选1,98,578
手佳盲人按摩（体育中心店）,姑苏区,三香路沿线,5.0,单人经穴/足底按摩(普足)套餐2选1,98,578
艾禧堂手工艾灸养生,姑苏区,观前街地区,5.0,按摩调理套餐（单人）,59,574
曹氏盲人按摩,姑苏区,虎丘景区,5.0,单人全身经络推拿按摩,56,556
清沐SPA生活馆（观前街店）,姑苏区,观前街地区,4.7,单人香薰精油沐足/全身按摩2选1,108,544
唐三彩美妆（平江万达店）,姑苏区,万达广场,4.0,单人唐三彩美妆体验大礼包套餐,9.9,534
四季晶华盲人按摩中心,姑苏区,姑苏区,4.9,推拿套餐,68,504
新一佳推拿,姑苏区,十全街/凤凰街,5.0,单人推拿体验一次,39.9,404
新加坡果蔬美容（石路店）,姑苏区,石路地区,3.8,新加坡果蔬美容连锁机构护理项目4选2,28,386
泰秘·丽人会（干将店）,姑苏区,阊胥路沿线,5.0,单人泰式养生护理套餐,50,374
灵峰盲人按摩（一店）,姑苏区,江星商业广场,5.0,单人按摩套餐,55,372
丰乐宫洗浴中心,姑苏区,盘门,3.8,单人浴资＋擦背套餐,32,372
足义轩,姑苏区,三香路沿线,5.0,义轩经典套餐(100分钟),138,333
香港美尔美乐专业减肥连锁（石路店）,姑苏区,姑苏区,5.0,单人美体套餐,88,332
苏州市风云按摩有限公司（风云盲人推拿）,姑苏区,南门,5.0,单人盲人推拿套餐,66,320
敏敏足道,姑苏区,盘门,5.0,单人足疗背部按摩川式采耳套餐,99,309
百合SPA保健按摩服务部（苏州店）,姑苏区,景德路沿线,4.8,单人芳香满镜spa套餐,398,295
GRACE歌瑞诗美容SPA养生会所（学士街店）,姑苏区,盘门,4.0,单人面部SPA护理2次+精油开背2次套餐,58,240
GRACE歌瑞诗美容SPA养生会所（南门店）,姑苏区,南门,4.0,单人面部SPA护理2次+精油开背2次套餐,58,240
GRACE歌瑞诗美容SPA养生会所（平江万达）,姑苏区,万达广场,4.3,单人面部SPA护理2次+精油开背2次套餐,58,240
GRACE歌瑞诗美容SPA养生会所（华亭店）,姑苏区,阊胥路沿线,4.0,单人面部SPA护理2次+精油开背2次套餐,58,240
薇兰国际专业脱毛（苏州石路店）,姑苏区,石路地区,5.0,单人比基尼上冰点永久无限次包脱净,68,239
韵驰护肤造型SPA,姑苏区,观前街地区,5.0,【美发限时秒杀】高级设计师洗剪吹,9.9,217
东环按摩店,姑苏区,娄门,5.0,单人寻经拔罐/刮痧2选1,26,210
何和盲人推拿,姑苏区,娄门,4.9,单人推拿1次,32,207
锦尚足疗,姑苏区,观前街地区,5.0,锦尚足浴,58,200
固元堂足浴（临顿路店）,姑苏区,观前街地区,4.2,中式足浴套餐,58,192
悦雲足道&SPA;养生会馆,姑苏区,三香路沿线,5.0,北派推拿1次,229,184
同福足道SPA会所,姑苏区,桃花坞,5.0,同福经典足浴,68,171
聚缘足浴养生会馆,姑苏区,虎丘景区,5.0,单人聚缘A套餐+汗蒸/拔罐+黄金热模,118,168
速康正骨推拿,姑苏区,三香路沿线,5.0,单人正骨推拿套餐,98,167
歌妮美容SPA（养育巷店）,姑苏区,盘门,3.0,单人美容美体套餐6选4,99,161
GRACE歌瑞诗美容SPA养生会所（观前粤海广场店）,姑苏区,观前街地区,4.0,单人面部SPA护理1次+背部温络调理1次,38,151
芙莱美U梦江南皮肤管理中心,姑苏区,石路地区,5.0,韩国水氧小气泡套餐,9.9,133
倍磅康复中心,姑苏区,三香路沿线,4.7,单人拔火罐,19.9,125
梵医会馆,姑苏区,亿象城/世茂,5.0,单人天竺王朝SPA套餐,498,124
纤手之恋美甲美睫纹绣(汇邻广场店),姑苏区,南门,4.9,单人高端美甲套餐,68,118
聚義堂,姑苏区,石路地区,4.7,单人欧式全身推油套餐,198,104
颜清堂中药美容连锁,姑苏区,石路地区,5.0,单人颜清堂美容连锁背部经络疏通拔罐,38,103
御足轩养生会所,姑苏区,姑苏区,4.7,单人御宫足疗,78,100
益足康足浴店,姑苏区,苏纶场/吴门印象,4.3,单人刮痧/拔罐2选1,20,93
天辰汗蒸瘦身养生会所,姑苏区,姑苏区,5.0,单人汗蒸体验套餐,19.9,93
梦里水乡浴业,姑苏区,亿象城/世茂,4.4,单人足浴套餐,75,88
艾丽莎美甲美睫,姑苏区,观前街地区,4.6,单人眉型设计,1,87
顺康盲人推拿,姑苏区,桐泾公园,5.0,单人全身经穴推拿,59,83
扬州脚艺（刘师傅足疗东花桥店）,姑苏区,平江路,4.5,单人清水/草本足疗+颈肩按摩+脚摩+修脚,29,81
扬州脚艺（刘师傅足疗西环店）,姑苏区,西环路沿线,4.1,单人清水/草本足疗+颈肩按摩+脚摩+修脚,29,81
富韩沐浴汗蒸,姑苏区,苏纶场/吴门印象,5.0,单人泰式按摩套餐,199,76
百岁足浴,姑苏区,虎丘景区,5.0,百岁足浴单人套餐1份,238,73
五行经络养生馆,姑苏区,亿象城/世茂,4.2,单人鼻头清洁,29,72
重庆采耳修脚,姑苏区,景德路沿线,4.9,单人重庆传统采耳,40,69
丽妍雅集（美罗店）,姑苏区,观前街地区,5.0,单人3次奢华面部护理/身体护理套餐,590,68
自然美（南门路店）,姑苏区,苏纶场/吴门印象,4.0,基础面部课程,128,66
自然美（天辰花园店）,姑苏区,姑苏区,4.0,基础面部课程,128,66
自然美（西美巷店）,姑苏区,盘门,4.0,基础面部课程,128,66
薇兰美甲（石路店）,姑苏区,石路地区,5.0,单人净毒拔罐体验套餐,8.6,65
乐活祛痘·皮肤管理中心（姑苏店）,姑苏区,十全街/凤凰街,4.5,【痘肌护理】痘肌护理+去黑头套餐,39,66
新鲜女王专属皮肤管理工作室,姑苏区,南门,5.0,肩颈+腰肾经络排清护理+刮痧+拔罐,28.8,62
君悦荣阁,姑苏区,桐泾公园,4.4,单人香薰spa,358,61
ViMEi 薇.美私人定制,姑苏区,万达广场,5.0,单人精油开背+刮痧+拔罐套餐,68,62
伊藤美甲美睫（金门路店）,姑苏区,石路地区,5.0,单人双腋下/上唇5次套餐,58,61
华平推拿（观前街西王天井店）,姑苏区,景德路沿线,4.4,全身推拿套餐,70,60
枫悦SPA养生会所,姑苏区,万达广场,4.0,单人豪华足浴套餐,78,56
美丽心情（西园店）,姑苏区,来客茂生活广场,3.6,单人五行养生护理2次,98,56
J－AI 简爱专业冰点无痛脱毛,姑苏区,阊胥路沿线,4.6,单人半腿/半臂蓝宝石脱净,88,33
美伊莲五行经络瘦身终点站,姑苏区,阊胥路沿线,5.0,背部调理（单一拔罐、刮痧任选其一）,9.9,33
足享足浴（平河路店）,姑苏区,江星商业广场,3.6,单人足享四合一套餐,148,33
天韵温泉休闲会所,姑苏区,姑苏区,5.0,夏季超值按摩套餐,138,32
苏州艾草堂艾灸体验馆,姑苏区,虎丘景区,4.4,单人拔罐+艾灸一次,38,31
纤姿国际,姑苏区,江星商业广场,4.2,单人汗蒸,19.8,30
梦之恋养生馆,姑苏区,桐泾公园,3.6,单人尊享木桶浴按摩spa,398,30
兰花指半永久美甲,姑苏区,观前街地区,5.0,单人眉型设计+修眉套餐,5,29
姑苏区万媛女子美容美体养生馆,姑苏区,万达广场,3.0,单人特惠美容套餐,68,28
诗露丽涵（金门路店）,姑苏区,石路地区,3.6,单人肩颈+面部补水2次套餐,68,26
雅艺轩美容养生馆,姑苏区,石路地区,4.7,单人头部筋络liao法+肩颈护理套餐,58,26
露华阁美容会所,姑苏区,观前街地区,4.9,单人奢华面部套餐,48,25
香港臻雅姿减肥美容国际连锁机构,姑苏区,阊胥路沿线,3.9,肩颈按摩调理,29.9,24
怡人缘中医养生会所（石路店）,姑苏区,姑苏区,4.0,单人颈椎通络按摩,28,24
秀域科技美容（天辰店）,姑苏区,姑苏区,4.0,店庆酬宾专享全营养瘦身体验小课程,499,23
爱尚减肥终点站,姑苏区,亿象城/世茂,5.0,单人拔罐／暖宫保养／刮痧3选1,19.9,23
秀域科技美容（大观名园店）,姑苏区,江星商业广场,4.0,店庆酬宾专享全营养瘦身体验小课程,499,23
乐足轩足浴（新店）,姑苏区,火车站,4.5,单人足浴盐+保健按摩,108,23
秀域科技美容（劳动店）,姑苏区,三香路沿线,4.0,店庆酬宾专享全营养瘦身体验小课程,499,23
伊雅SPA生活馆,姑苏区,苏州大学/相门后庄,3.9,面部护理,18.8,21
伊米莉亚美容养生馆,姑苏区,江星商业广场,3.9,美容套餐,38,21
璐璐美容美体生活馆,姑苏区,桐泾公园,4.8,单人美容体验套餐,18.8,20
1+2足浴,姑苏区,姑苏区,5.0,足浴,68,20
艺美妆半永久,姑苏区,石路地区,5.0,单人化妆体验价8块免费送朋友化一次,8,20
蔓蒂儿美容SPA中心,姑苏区,亿象城/世茂,5.0,法国纯进口欧丽芙单人面部护理套餐,108,20
LG丽宫私人定制会馆（友新店）,姑苏区,亿象城/世茂,5.0,【spa护理】单人一见钟情spa护理,68,19
芮娜皇宫健康管理中心,姑苏区,姑苏区,5.0,【限时秒杀】面部水分检测+面部皮肤检测+面部清洁／去黑头,1,19
麦吉半永久·皮肤管理中心,姑苏区,姑苏区,5.0,单人韩式深层清洁套餐,288,19
南湾足浴,姑苏区,盘门,3.4,单人传统足浴＋中式按摩套餐,98,18
Vina维娜形象皮肤管理中心,姑苏区,桐泾公园,5.0,夏季焕新颜-单人精致面部护理,68,17
AmiKo.艾米珂.美甲美睫半永久,姑苏区,石路地区,5.0,韩国深层皮肤清洁+黑头+面部深层补水+收缩毛孔+皮肤修护管理,69,17
苗教授祛斑祛痘皮肤修复中心,姑苏区,三香路沿线,5.0,单人面部深层清洁补水套餐,39,16
丹霞瘦身美容（南园店）,姑苏区,南门,4.0,单人动态静态面部SPA水疗+面部刮痧套餐,39,16
秀域科技美容（东大街店）,姑苏区,盘门,3.6,高科技生活美容单次体验课程,149,16
秀域科技美容（娄江店）,姑苏区,娄门,4.0,高科技生活美容单次体验课程,149,16
秀域科技美容（桂花公园店）,姑苏区,南门,4.0,高科技生活美容单次体验课程,149,16
Beauty Women 韩式定妆 皮肤管理,姑苏区,石路地区,4.6,单人超微水氧小气泡净肤护理+PDT光疗嫩肤,188,15
秀域科技美容（干将店）,姑苏区,盘门,4.6,高科技生活美容单次体验课程,149,16
秀域科技美容（观前东店）,姑苏区,拙政园,4.0,高科技生活美容单次体验课程,149,16
情人谷养生SPA,姑苏区,虎丘景区,4.5,单人 情人谷龙女花式推拿按摩＋浴资 1次,138,15
小蛮腰就是好（石路店）,姑苏区,石路地区,4.0,小蛮腰单人塑极美雕套餐,58,16
沐溪奇吧美容瘦身连锁机构（石路店）,姑苏区,石路地区,4.4,单人拔罐套餐,8.8,14
五行经络汗蒸美容养生馆,姑苏区,姑苏区,3.5,单人五行经络养生汗蒸,19,14
尤内而外（胥江店）,姑苏区,桐泾公园,3.9,美腰+美胸+美臀,68,13
伊人美容养生spa馆,姑苏区,亿象城/世茂,4.0,单人面部护理套餐,78,13
皇轩国际足浴,姑苏区,景德路沿线,3.0,新店开业特价单人精油香薰spa套餐,178,11
非凡美容,姑苏区,观前街地区,3.7,单人韩式三层清洁套餐,49.9,11
小赵盲人推拿,姑苏区,阊胥路沿线,4.0,盲人推拿足疗二选一,58,11
神手推拿馆,姑苏区,南门,4.6,单人经典推拿体验,55,10
英子美甲美睫美容工作室,姑苏区,阊胥路沿线,4.6,【汗蒸】单人汗蒸体验,9.9,12
御秀颜美容美发（干将店）,姑苏区,景德路沿线,3.8,面部特色护理套餐,29,9
阿斌推拿,姑苏区,南门,4.0,单人拔罐,20,9
苏州小南推拿诊所,姑苏区,姑苏区,3.5,单人盲人按摩＋拔罐套餐,68,9
Yogis瑜伽私教会馆,姑苏区,葑门,4.5,单人瑜伽小班课体验卡,69,9
二宝推拿,姑苏区,南门,4.0,单人单次推拿30分钟,40,9
御秀颜美容养生馆,姑苏区,葑门,4.0,面部特色护理套餐,29,9
小狐狸日式美甲美睫沙龙,姑苏区,观前街地区,5.0,单人日式眉形设计,1,9
SOR祛痘中心,姑苏区,观前街地区,4.9,单人PHMS痘肌护理一次,9.9,8
指不理美甲（大润发世茂广场店）,姑苏区,亿象城/世茂,5.0,单人韩式美妆眉,444,6
沐湾足道会所（盘景苑店）,姑苏区,盘门,4.6,沐湾足浴/按摩二选一,58,6
玛丽艳美容养生馆,姑苏区,娄门,4.0,护理套餐。,58,5
尚雅足道,姑苏区,三香路沿线,4.2,单人单次中式按摩,79,5
靓度女子美容美体养生馆,姑苏区,景德路沿线,4.0,精选2次套餐美容美体体验,49,4
中伊美国际美甲美睫半永久,姑苏区,亿象城/世茂,5.0,【美颜】水氧净肤,68,4
艾美面部管理中心,姑苏区,石路地区,3.5,修眉,1,4
肤姿钰专业祛斑祛痘美甲（石路店）,姑苏区,西城永捷/艾美,4.6,单人黑头清理一次,78,4
美芙莱美容,姑苏区,南门,4.7,卵巢/肩颈/乳房/背部疏通保养,78,4
康乃馨足浴,姑苏区,姑苏区,3.0,拔罐,30,4
友诚专业接发,姑苏区,石路地区,5.0,单人艾灸/气罐/火罐三选一套餐,18,4
泡泡堂婴童spa馆,姑苏区,亿象城/世茂,4.0,单人婴幼儿宝宝池游泳,30,4
JM春田花花韩式皮肤管理中心,姑苏区,观前街地区,4.0,【补水亮白】韩国气泡深层清洁+VC精华导入,138,4
尤内而外（十梓街店）,姑苏区,十全街/凤凰街,3.8,单人超值面部护理+开背套餐,38,4
韩尚美学,姑苏区,石路地区,5.0,面部玻尿酸护理一次,98,4
苏家盲人推拿,姑苏区,来客茂生活广场,3.5,新客专享推拿60分套餐,49,4
足泰健康休闲馆,姑苏区,三香路沿线,3.8,足浴/中式按摩套餐2选1),72,3
百合春天美容SPA会所（胥江府店）,姑苏区,桐泾公园,5.0,清凉一夏--冰点脱毛,99,3
卡莱悠澜美容抗衰会所（南园宾馆店）,姑苏区,十全街/凤凰街,4.0,胸部／卵巢保养,98,3
罗蜜雅伦美容养生,姑苏区,盘门,4.1,芳香精油SPA套餐+头部理*,48,3
赫拉皇后造型半永久美容养生,姑苏区,姑苏区,5.0,单人日式纤长水貂睫毛嫁接,168,3
娅郦娜美容养生连锁（桐泾公园店）,姑苏区,桐泾公园,3.6,嫩肤套餐,98.8,3
A&B;皮肤管理中心,姑苏区,石路地区,5.0,【新店开业】单人ALL KILL气泡清透管理,168,3
紫阳足浴（西中市店）,姑苏区,桃花坞,4.0,单人 拔罐 1次,20,3
抗衰美颜会馆,姑苏区,万达广场,4.0,单人身体保养套餐,98,3
80美学韩式冰点脱毛工作室,姑苏区,南门,3.5,单人全身任一部位冰点无痛净毛体验1次,9.9,3
瑟儿彩妆造型馆,姑苏区,景德路沿线,3.5,单人面部护理套餐,49.9,3
卡莱悠澜美容抗衰会所,姑苏区,三香路沿线,3.0,胸部／卵巢保养,98,3
玉怡莲养生调理工作室,姑苏区,姑苏区,3.5,单人养生调理套餐,28,3
芯羽古法养生会馆,姑苏区,万达广场,3.5,水疗面护SPA,19.9,3
玉匠半永久纹绣专业馆（万达店）,姑苏区,万达广场,5.0,单人小气泡皮肤深层护理祛黑头白头+深层DNA补水套餐,198,3
娜塔莎韩式半永久工作室,姑苏区,石路地区,4.0,韩式眉眼唇预约金,50,2
伊人堂美容养生馆,姑苏区,阊胥路沿线,3.5,伊人堂美容养生会所,29.8,2
美丽至尚护肤造型（新郭路店）,姑苏区,亿象城/世茂,4.8,单人面部护理体验（单次）,88,2
Goddess Dream女神皮肤管理中心（十全街店）,姑苏区,十全街/凤凰街,4.7,【深层清洁】水动力清洁管理,188,2
春雨美容,姑苏区,虎丘景区,4.1,单人面部+背部护理套餐,98,2
纤悦美容养生会所（干将西路店）,姑苏区,三香路沿线,4.0,肩颈保养,108,2
香港超妍（石路店）,姑苏区,景德路沿线,3.5,单人日本SDX深层活细胞美肤套餐,298,1
民生祛痘中心,姑苏区,三香路沿线,4.6,单人痘肌护理/淡印护理2选1套餐,39,1
香港超妍（旗舰店）,姑苏区,姑苏区,4.5,单人日本SDX深层活细胞美肤套餐,298,1
桂花足疗,姑苏区,南门,3.5,单人养生足浴/中式推拿2选1套餐,65,1
千指百态美甲美睫,姑苏区,观前街地区,5.0,单人面部深层补水体验套餐,68,1
瑾瑗三分钟减肥,姑苏区,三香路沿线,4.2,单人肩颈体验,48,1
才华足道,姑苏区,观前街地区,3.5,单人专业修脚,25,1
文妍形象美甲美睫半永久,姑苏区,苏州大学/相门后庄,5.0,精油开背,68,1
change life美容美甲美睫馆,姑苏区,西环路沿线,3.5,单人冰点美肤脱.毛套餐,9.9,1
纤韵&花蜜美容日式美甲美睫沙龙（十全街店）,姑苏区,十全街/凤凰街,4.0,单人CND专业手部护理豪华套餐,78,1
康家盲人按摩,姑苏区,盘门,3.5,单人中式推拿,70,1
丽彩善婷美甲美睫,姑苏区,石路地区,4.6,精致修眉体验,1,1
破晓天堂美容工作室,姑苏区,桐泾公园,4.0,单人美容美体套餐,128,1
熙·蕾日式美甲美睫半永久工作室,姑苏区,南门,4.4,滴水雪肌焕肤体验,99,1
名座护肤造型Spa,姑苏区,西环路沿线,4.0,【洗护】单人干洗造型护理套餐,88,0
满儿国际美胸,姑苏区,观前街地区,3.5,单人丰.胸套餐,258,0
薇安美甲美睫皮肤管理,姑苏区,桃花坞,5.0,钻石补水焕肤管理,218,0
Clover甲艺.美甲美睫.韩式半永久（观前店）,姑苏区,观前街地区,4.5,【日式】单人雷射温和净特惠体验,98,0
焕颜形象设计工作室,姑苏区,虎丘景区,4.1,单人精油开背套餐,78,0
v美·半永久纹眉绣眉定妆,姑苏区,亿象城/世茂,4.1,单人新娘跟妆,888,0
GAGA小薇半永久纹绣O2O精品店,姑苏区,南门,3.5,单人GAGA半永久定妆(仅设计)套餐,20,0
AI-LIN （艾琳） 美甲护肤,姑苏区,亿象城/世茂,5.0,单人皮肤深层补水套餐月卡（四次）,388,0
欧丽薇美容会所（凤凰店）,姑苏区,十全街/凤凰街,4.0,美健胸,298,0
蕾丽美容养生会所,姑苏区,观前街地区,3.6,美容美体套餐,39,0
薇薇雅私人订制,姑苏区,亿象城/世茂,3.5,MTS脸部护理,260,0
苏西彩妆造型（苏州店）,姑苏区,苏纶场/吴门印象,3.7,单人柔力裸唇套餐,2980,0
红缘足浴,姑苏区,万达广场,3.5,单人休闲足浴1次,88,0
Ada美睫美甲工作室,姑苏区,观前街地区,4.0,单人小图案套餐,130,0
绘美甲·美睫沙龙（淑妮沧浪区十全店）,姑苏区,十全街/凤凰街,4.5,韩国雪花新娘焕肤面部管理,428,0
GAGA小薇半永久纹绣O2O精品店,姑苏区,景德路沿线,3.5,单人GAGA半永久定妆(仅设计)套餐,20,0
克丽缇娜,姑苏区,景德路沿线,4.0,单人护理套餐,98,0
千倩瘦身美容SPA连锁机构（凤凰街店）,姑苏区,十全街/凤凰街,3.5,单人减肥终身卡1张,1000,0
Vera维拉韩式半永久·美甲美睫沙龙,姑苏区,桐泾公园,5.0,单人韩国皮肤管理单次体验,298,0
北塔盲人推拿,姑苏区,拙政园,3.5,全身艾灸,70,0
July夏·彩妆半永久工作室,姑苏区,石路地区,3.5,单人新娘跟妆套餐,1280,0
LG丽宫私人定制会馆（临顿路店）,姑苏区,姑苏区,4.4,美发经理设计剪发套餐,88,0
风时形象,姑苏区,石路地区,4.5,单人单次净毛体验,280,0
玲指缘美甲,姑苏区,观前街地区,5.0,打耳洞,28,0
GOGO NAIL 果果美甲美睫纹绣,姑苏区,十全街/凤凰街,4.5,单人孕睫术,980,0
恩熙半永久纹眉脱毛工作室,姑苏区,观前街地区,3.5,单人美瞳套餐,598,0
奥利薇美妆工作室,姑苏区,观前街地区,3.5,单人面部深层清洁A套餐,88,0
晶莱美美甲美睫,姑苏区,石路地区,4.2,单人皮肤管理深层清洁+面膜+眼部护理,68,0
K-BEAUTY NAIL&EYELASH; STUDIO（观前店）,姑苏区,观前街地区,5.0,单人纯植物进口色乳韩式眉,1980,0
忆岚秀 国际半永久定妆,姑苏区,姑苏区,4.5,皮肤管理,98,0
娜娜美甲,姑苏区,来客茂生活广场,4.0,韩式蚕丝嫁接睫毛,88,0
颐兰庭生活馆（和基广场店）,姑苏区,观前街地区,3.5,胸部疏通净排,298,0
Miss creative.创意小姐,姑苏区,桐泾公园,5.0,单人MTS皮肤管理,380,0
颜清堂美容连锁,姑苏区,石路地区,4.7,单人专业中式穴位拔罐,39.8,0
比优舍美甲美睫,姑苏区,盘门,4.0,单人面部护理套餐,88,0
