﻿商家,区域,商圈,星级,服务,价格,销量
苗医生专业祛痘机构（台东店）,市北区,台东步行街商圈,5.0,钜惠尊享单人黑头清洁2次,58,179
芳子美容（科技街店）,市北区,科技街,3.5,单人脊椎保养单次体验一次,176,175
芳子美容（威海路店）,市北区,台东步行街商圈,3.5,单人脊椎保养单次体验一次,176,175
芳子美容（利津路店）,市北区,台东步行街商圈,3.5,单人脊椎保养单次体验一次,176,175
芳子美容（合肥路店）,市北区,市北区,3.5,单人脊椎保养单次体验一次,176,175
芳子美容（湖光山色店）,市北区,浮山后,3.5,单人脊椎保养单次体验一次,176,175
芳子美容（宁夏路店）,市北区,万达CBD,4.0,单人脊椎保养单次体验一次,176,175
芳子美容（台东步行街店）,市北区,台东步行街商圈,3.6,单人脊椎保养单次体验一次,176,175
芳子美容（延安二路店）,市北区,台东步行街商圈,3.6,单人脊椎保养单次体验一次,176,175
芳子美容（新业广场店）,市北区,新业广场,3.5,单人脊椎保养单次体验一次,176,175
康美会纤体美容中心（市北店）,市北区,市北家乐福,5.0,单人肩颈背部疏通／春季疏肝利胆套餐2选1套餐,68,168
海乐游母婴spa生活馆（重庆南路店）,市北区,凯德广场,4.3,单人单次游泳体验,46,160
亮姿美（历城路店）,市北区,台东步行街商圈,4.6,美容养生套餐,88,156
依云小镇（台东店）,市北区,台东步行街商圈,4.1,特惠美容套餐,68,125
依云小镇美容SPA（福州北路店）,市北区,浮山后,4.4,特惠美容套餐,68,125
美舒源健康养生所,市北区,浮山后,5.0,健康经络养生馆单人经络疏通外加艾灸排泄湿,68,118
爱美世家,市北区,万达CBD,5.0,单人芳香开背肩颈疏通＋拔罐／刮痧2选1,88,114
俊逸轩男士spa养生机构,市北区,万达CBD,5.0,单人全身芳香精油按摩,158,109
韩影宫美容美体（威海路店）,市北区,台东步行街商圈,3.8,韩影宫美容养生护理单人超值组合套餐,198,105
秀域古方减肥（福州店）,市北区,凯德广场,4.0,高科技生活美容单次体验课程,129,103
岛城真功夫（哈尔滨路店）,市北区,新业广场,3.6,单人全身推拿（50分钟）+拔罐,55,89
瘦吧减肥专门店（同乐路店）,市北区,浮山后,4.5,单人草本热敷3次套餐,19.9,90
瘦吧减肥专门店（富源广场店）,市北区,浮山后,5.0,单人草本热敷3次套餐,19.9,90
康来舒保健按摩苑,市北区,浮山后,4.8,单人中式推拿调理套餐,48,89
黄大夫推拿所错埠岭店,市北区,新业广场,4.2,单人局部推拿拔罐,38,75
清籁 足疗·养身·spa,市北区,凯德广场,5.0,足部轻风,118,68
御足道足疗保健馆,市北区,海云庵,5.0,单人按摩+刮痧+拔罐,40,64
原宿·古法推拿馆,市北区,市北区,4.7,单人古法全身推拿,98,59
桐楠阁足道,市北区,浮山后,5.0,单人修脚,32.8,55
润葆媖姿,市北区,海琴广场,4.7,单人五行经络背疗+扶阳艾灸,59.9,52
IRIS美颜馆,市北区,万达CBD,5.0,【净痣告别脸上黑点】单人面部无感净痣色素单个体验,9.9,51
世纪康按摩院,市北区,台东步行街商圈,5.0,草本足疗,35,48
佐康专业祛痘（青岛总店）,市北区,台东步行街商圈,5.0,单人祛黑头套餐,38.8,48
悦女子SPA,市北区,台东步行街商圈,5.0,单人芳香背部疏通,38,43
伊美娜女子会所（延吉路店）,市北区,万达CBD,3.7,单人芳香清腹/有氧净排/半身淋巴净排项目3选2套餐,28,41
伊美娜女子会所（辽阳路店）,市北区,新业广场,3.9,单人芳香清腹/有氧净排/半身淋巴净排项目3选2套餐,28,41
爱沐空间美容,市北区,海琴广场,4.2,单人面部精油刮痧／水疗spa,19.9,40
金铭轩大兴推拿养生工作室,市北区,海琴广场,5.0,单人拔罐/刮痧（2选1）,15,39
及时雨推拿院（台东店）,市北区,台东步行街商圈,4.5,单人尊享套餐,119,39
JM.鑫佳人定妆连锁（万达店）,市北区,万达CBD,5.0,韩式美瞳线/润唇/仿真眉设计,10,38
JM.鑫佳人定妆连锁（海泊桥店）,市北区,海云庵,4.7,韩式美瞳线/润唇/仿真眉设计,10,38
JM.鑫佳人定妆连锁（台东店）,市北区,小村庄,4.5,韩式美瞳线/润唇/仿真眉设计,10,38
小飞盲人按摩,市北区,浮山后,4.5,单人局部推拿,45,36
荷悦艾灸,市北区,市北家乐福,4.0,单人艾灸调理套餐,69,35
海福康真功夫足疗,市北区,台东步行街商圈,5.0,单人拔罐,19.9,33
青岛木吒专业减肥（南京路店）,市北区,南京路北段,5.0,单人腹部按摩,39.9,31
爱沐空间,市北区,台东步行街商圈,4.3,单人美甲定制套餐,28,31
木吒专业减肥（浮山后店）,市北区,浮山后,4.2,单人腹部按摩,39.9,31
富荣真功夫足疗,市北区,海云庵,4.7,单人全身经络推拿60分钟,59.9,30
尚恩美甲形象设计中心,市北区,万达CBD,5.0,单人艾灸套餐,37,30
亿叶琏美容连锁（易初莲花店）,市北区,浮山后,4.0,单人美容SPA,23.4,27
亿叶琏美容连锁（丽人坊店）,市北区,浮山后,4.0,单人美容SPA,23.4,27
亿叶琏美容连锁（新业广场店）,市北区,新业广场,4.0,单人美容SPA,23.4,27
亿叶琏美容连锁（台东三路店）,市北区,台东步行街商圈,4.0,单人美容SPA,23.4,27
亿叶琏美容连锁（青岛四方利群店）,市北区,小村庄,4.0,单人美容SPA,23.4,27
大众专业修脚,市北区,台东步行街商圈,3.5,单人生姜热理超值套餐,34,26
恩美国际美吧足吧（万达店）,市北区,万达CBD,4.3,单人背疏调理,18,25
清悦庭保健会所,市北区,台东步行街商圈,3.9,单人养生SPA,99,23
颜靓体靓（台东店）,市北区,台东步行街商圈,4.3,单人韩式背部经络管理,68,23
王氏果菜美容院（长春路店）,市北区,市北区,3.5,单人惊喜体验套餐,49,23
恒佳上瑶池养生会所,市北区,市北家乐福,4.7,单人精油开背1次,88,21
妙晔晔美容养生汀,市北区,台东步行街商圈,5.0,单人DDS生物开背➕颈椎➕肩周护理（45分钟）,39.9,21
柏菲缇妮女子美肤会所（CBD中心店）,市北区,万达CBD,4.6,单人面部深度清洁,69,21
法丽尔美容,市北区,凯德广场,4.0,体脂管理瘦身30天套餐,30,21
华人康专业祛痘,市北区,万达CBD,4.1,单人肌痘护理,9.9,20
美丽摇篮美容美体会馆,市北区,科技街,4.1,单人美容美体套餐,38,20
艾美减肥馆,市北区,万达CBD,3.5,单人泡浴体验卡+精油开给全身疏通经络+拔罐一次,68,20
欧巴美发美容spa养生（四季店）,市北区,市北区,4.1,单人欧巴造型美发套餐,158,20
艾美减肥馆,市北区,台东步行街商圈,4.3,单人泡浴体验卡+精油开给全身疏通经络+拔罐一次,68,20
妙手李按摩馆,市北区,浮山后,4.0,单人成人推拿,55,19
婉嫃美容养生中心,市北区,万达CBD,4.8,单人养生拔罐,9.9,17
伊莎美尔美容会所（台东店）,市北区,台东步行街商圈,5.0,单人美颜泡泡深层清洁套餐,98,18
洛可儿spa美疗会所,市北区,海云庵,4.0,单人瘦身3次,29.9,17
皙泉美容养生馆,市北区,南京路北段,4.1,单人美颜皙泉面部经典护肤,38,16
朱氏推拿,市北区,小村庄,3.8,单人全身推拿,55,16
sl尚丽美学韩国皮肤管理,市北区,万达CBD,4.9,焕白冰点美肤单人体验,198,16
新生活美容美体（四流南路店）,市北区,市北区,3.7,单人面部深层清洁+韩式面部护理,18,13
荣凯盲人推拿足疗（台东五路店）,市北区,台东步行街商圈,4.5,单人全身推拿30分钟,34,12
美尚护肤品&美容护理工作室,市北区,海琴广场,5.0,刮痧拔罐二选一,9.9,12
香妃美容养生会所,市北区,万达CBD,3.5,单人背部拔罐,25,11
鼎御科技美容馆,市北区,浮山后,5.0,单人经典推广深层清洁补水,28.8,11
女神制造者（Goddess Maker）美甲彩妆会所,市北区,市北区,4.3,单人日常／生活／晚宴／职业妆,120,10
韩国魔镜美容会所（CBD店）,市北区,万达CBD,3.6,单人面部护理套餐,29,10
元智堂养颜养生会所,市北区,市北家乐福,4.0,单人背部护理,168,10
雪曼婷SPA养生会所,市北区,海琴广场,3.7,单人面部精致护理,9.9,10
雅姿名媛美容美体养生馆,市北区,新业广场,4.3,美容美体艾炙,39,10
艾尚美学韩式皮肤管理,市北区,万达CBD,5.0,单人欧式纯净美肌皮肤护理,68,9
百莲达专业女子连锁美容院（台东会所）,市北区,台东步行街商圈,3.5,艾灸,38,9
荟草堂专业肌痘护理会馆（青岛院）,市北区,市北家乐福,3.9,单人荟草堂肌痘护理消敏套餐2选1,49.9,9
小清新美甲,市北区,台东步行街商圈,5.0,单人化妆面试妆/甜美淡妆,35,9
Honey国际皮肤管理中心,市北区,新业广场,4.5,超微AQ气泡三重深层清洁+眼部,168,8
倾城美人•美甲美睫会馆,市北区,台东步行街商圈,5.0,单人面部净痣美肤,5,8
Tao小鑫.美人坊持久定妆,市北区,台东步行街商圈,4.5,眉形设计、眼线设计、唇形设计3选1,1,8
Eva韩式半永久美颜工作室,市北区,万达CBD,5.0,单人黄金V脸颈部淋巴护理（面部护理）,88,8
颜美丝-家用美容电器,市北区,万达CBD,4.0,单人（50分钟）蓝红光净颜／抚平皱纹紧致提拉2选1,9.9,7
蝶美妆美睫,市北区,万达CBD,5.0,单人艾灸一次,19.9,7
千淳真功夫足道（乐陵路店）,市北区,科技街,5.0,代金券,95,5
漾颜健康生活馆,市北区,大港/小港,4.0,单人五行养生火罐/暖宫泥灸二选一,9.9,4
邦豆辽阳西路祛痘连锁店,市北区,浮山后,3.5,单人鼻部去黑头深层净化护理套餐,19.9,4
瑶芳养生美容会所,市北区,市北家乐福,3.5,单人瑶浴套餐,68,4
唯诺尚品·国际皮肤管理中心,市北区,凯德广场,5.0,单人Triple peeling毛孔深层清洁管理,268,4
京城左岸男士美容spa尊尚会所,市北区,市北家乐福,3.5,单人左岸功能SPA调理,198,4
香水百合唯美俱乐部,市北区,浮山后,3.5,单人面部经络疏通,58,4
艾妮香妃,市北区,新业广场,4.7,单人清洁补水套餐,28.8,4
香港瑶芳专业祛痘（山东路店）,市北区,万达CBD,3.6,单人瑶浴套餐,68,4
Meeyan皮肤管理,市北区,万达CBD,4.1,皮肤清洁补水管理,68,4
浪漫香榭丽美容减肥养生连锁机构（市北店）,市北区,台东步行街商圈,3.5,单人VIP全包卡套餐,99,4
香水百合,市北区,海琴广场,3.5,单人面部经络疏通,58,4
美真国际皮肤管理中心,市北区,万达CBD,5.0,单人电离子美白／补水／痘肌护理3选1,258,3
颜靓体靓万达CBD商圈旗舰店,市北区,万达CBD,4.0,单人韩式背部经络管理,68,3
颐尊美发,市北区,万达CBD,4.0,单人首席设计洗剪吹护理套餐,88,3
jennifer颖养生会所（台东分店）,市北区,台东步行街商圈,4.5,单人精油开背,38,3
御颜堂皮肤管理,市北区,台东步行街商圈,4.0,单人净斑调肤套餐,10,3
和玺源养生会馆,市北区,市北区,3.5,单人冬季养生套餐,198,1
圣缔美形色美妆工作室,市北区,大港/小港,3.5,单人超值精修眉型,1,1
城市田园（清江路店）,市北区,新业广场,3.5,单人毛发去除套餐,19.8,1
芙莱莉瘦身SPA美容,市北区,台东步行街商圈,3.5,单人肩颈／肝胆护理2选1,39.9,1
梦姿轩养颜馆,市北区,万达CBD,3.5,单人瑶浴套餐,38,1
炫丽天使,市北区,万达CBD,3.5,单人全身SPA调理,68,1
圣美爱美容SPA私家会馆,市北区,市北区,3.5,单人V脸塑造套餐,198,1
LIMI丽米半永久皮肤管理中心培训学院,市北区,万达CBD,3.5,单人E光净颜祛斑单次,99,1
辣妈会,市北区,万达CBD,5.0,西班牙THUYA巴拿芬手部护理,98,1
伊佳秀美容瘦身养生馆,市北区,凯德广场,3.5,单人面部TBS微雕颈部眼部,58,1
润色润美美容,市北区,万达CBD,4.0,单人面护1次,68,1
圣美爱美容SPA私家会馆,市北区,台东步行街商圈,3.5,单人V脸塑造套餐,198,1
源SPA水疗中心,市北区,万达CBD,3.0,源spa万元充值卡+万达艾美健身年卡,13800,0
CJ美甲美睫工作室,市北区,万达CBD,5.0,韩式半永久雾眉,880,0
The Face皮肤管理中心,市北区,万达CBD,5.0,春季清洁补水焕肤,128,0
玛丽艳美容美体（四方四店）,市北区,市北区,3.5,单人刮痧／拔罐／电烤3选1,9.9,0
易骨堂（长春路店）,市北区,市北区,3.5,单人面部神经松懈,80,0
百莲凯女子美容养生会所,市北区,浮山后,4.0,香薰全身SPA,360,0
k-ella艾拉韩国半永久定妆会所,市北区,凯德广场,4.5,单人韩式美睫眼线,580,0
雅丽思美容养生会所,市北区,台东步行街商圈,3.8,单人肩颈疏通,28,0
瓮吸奇效减肥,市北区,浮山后,3.5,单人拔罐套餐,9.9,0
美容瘦身馆,市北区,新业广场,3.5,单人拔罐1次,9.8,0
指尖芭蕾美容美甲会所,市北区,台东步行街商圈,4.6,经络养生护理 刮痧,19.8,0
艾妮儿健康管理美丽定制会所,市北区,市北区,3.5,单人OPT冰点部位净肤3选1,48,0
芭比匠· 国际皮肤管理中心,市北区,市北家乐福,5.0,单人Aqua peel mini小气泡深层清洁管理,199,0
素颜-Sweet Look院线皮肤管理中心,市北区,凯德广场,4.5,痘肌净透管理套餐,198,0
丽人苑,市北区,浮山后,3.5,韩式深层清洁套餐,38,0
Miss Gao私人订制,市北区,万达CBD,3.5,单人唇部/腋下净毛2选1,18,0
P&D;美甲手足会馆,市北区,台东步行街商圈,5.0,单人无痛绝毛5选1,48,0
俏佳人美甲瘦身馆,市北区,台东步行街商圈,5.0,单人冰点净毛,380,0
指尖SHOW时尚美甲,市北区,台东步行街商圈,3.7,单人OPT无感去除体毛套餐,68,0
伊美国际瘦身美容连锁机构,市北区,台东步行街商圈,3.5,丽人超值套餐,39.9,0
7.Korea（7.Korea素颜馆）,市北区,万达CBD,4.0,单人MTS皮肤管理/微驻颜粉底单次体验,277,0
道和堂美容养生会所,市北区,浮山后,3.5,单人美塑注氧面部保养,68,0
英利达美颜会所,市北区,台东步行街商圈,3.9,单人黑炭美白嫩肤套餐,99,0
典娜美甲,市北区,万达CBD,3.5,单人面部清颜套餐,38,0
女主角美发会所,市北区,台东步行街商圈,5.0,单人皮肤护理套餐,178,0
摩西彩妆工作室,市北区,市北区,3.5,摩西彩妆美甲工作室新娘跟妆,888,0
富侨足道（总店）,市南区,市南区,5.0,单人足疗+全身按摩套餐,118,1878
扬州足尚足艺,市南区,浮山所,5.0,单人经典足疗+背部套餐,69,1069
天秦光学美容（青岛店）,市南区,闽江路,5.0,单人面部OPT综合健康美肤,68,994
宅舍 | HOUSE 推拿院（闽江一路店）,市南区,闽江路,5.0,单人中式全身推拿,98,776
五指生（福州南路店）,市南区,香港中路沿线,5.0,单人足疗+局部推拿套餐,158,743
克丽缇娜（银川西路店）,市南区,闽江路,3.7,单人身体SPA超值套餐,88,711
老中医化妆品（佳世客店）,市南区,香港中路沿线,4.3,单人美白护理化妆品,19.8,691
尚足堂,市南区,云霄路,5.0,单人全身按摩+精油开背,128,682
悦SPA（滨海豪庭店）,市南区,香港中路沿线,5.0,单人泰式古法舒背,88,650
予爱美容私家会所,市南区,中联广场,4.4,单人储值卡一张,39.8,603
紫琪尔国际丰胸美胸机构（万象城店）,市南区,万象城,5.0,单人胸部养护套餐,398.8,570
奥函科技美容会所,市南区,五四广场商圈,5.0,单人肩颈疏通+面部娃娃+清肺护理+头部精油护理套餐,28,413
思妍丽（青岛中心店）,市南区,万象城,4.0,原花香水润升级DR Bio多肽护理,288,390
青竹园养生足道,市南区,闽江路,5.0,单人中式全身推拿,62,358
苗老祖专业祛痘（市南店）,市南区,麦凯乐,4.9,单人专业痘肌护理套餐,38,317
盈润·SPA,市南区,万象城,5.0,单人润SPA,268,233
伦子足浴,市南区,火车站/团岛,5.0,足疗+肩颈按摩+里疗,38,228
尚道养生会馆,市南区,火车站/团岛,4.7,尚道单人刮痧拔罐套餐,29.9,227
佐康专业祛痘（市南区店）,市南区,浮山所,5.0,单人肌痘护理体验套餐1次,9.9,221
纳日足道（银川西路）,市南区,大润发,5.0,专业修脚套餐1次,25.8,211
富侨足道（旗舰店）,市南区,云霄路,5.0,单人九阳神功,168,196
好兄弟足道（市南店）,市南区,香港中路沿线,5.0,单人修脚,28,188
丰子泰式按摩馆,市南区,远洋广场,5.0,全身经络放松按摩,98,187
养正轩中医推拿,市南区,大润发,5.0,单人全身调理套餐,77,184
朱大夫按摩所,市南区,火车站/团岛,4.8,单人推拿按摩套餐,59.9,177
芳子美容（东海西路店）,市南区,市南区,4.1,单人脊椎保养单次体验一次,176,175
芳子美容（香港花园店）,市南区,麦凯乐,3.5,单人脊椎保养单次体验一次,176,175
芳子美容（八大峡店）,市南区,火车站/团岛,3.5,单人脊椎保养单次体验一次,176,175
芳子美容（金都花园店）,市南区,五四广场商圈,4.0,单人脊椎保养单次体验一次,176,175
芳子美容（逍遥花园店）,市南区,麦凯乐,4.0,单人脊椎保养单次体验一次,176,175
芳子美容（湛山店）,市南区,湛山/太平角,4.0,单人脊椎保养单次体验一次,176,175
芳子美容（东海中路店）,市南区,市南区,4.0,单人脊椎保养单次体验一次,176,175
芳子美容（云霄路店）,市南区,云霄路,3.7,单人脊椎保养单次体验一次,176,175
芳子美容（闽江路店）,市南区,云霄路,4.0,单人脊椎保养单次体验一次,176,175
芳子美容（闽江路店）,市南区,浮山所,3.5,单人脊椎保养单次体验一次,176,175
芳子美容（广电大厦店）,市南区,大润发,3.6,单人脊椎保养单次体验一次,176,175
芳子美容（漳州路店）,市南区,闽江路,3.5,单人脊椎保养单次体验一次,176,175
康美会纤体美容中心（市南店）,市南区,市南区,5.0,单人肩颈背部疏通／春季疏肝利胆套餐2选1套餐,68,168
谦和国际韩国美容管理中心,市南区,万象城,5.0,单人三重深层清洁,158,166
异境足道,市南区,市南区,5.0,单人刮痧/拔罐2选1,19.9,37
和记福康盲人按摩院,市南区,市南区,4.5,单人按摩60分钟+拔罐,58,35
金贵推拿会馆,市南区,五四广场商圈,4.4,单人养生经典套餐,59,35
盈足堂保健会所海门路店,市南区,万象城,5.0,单人全身按摩海门路店,138,34
黑唇彩高端彩妆私人订制,市南区,麦凯乐,4.7,单人生活妆（风雅俏佳人）,58,33
苗方清颜专业祛痘连锁机构（市南店）,市南区,市南区,4.7,苗方清颜清颜套餐,98,32
苗方清颜专业祛痘连锁机构（市北店）,市南区,镇宁桥,4.7,苗方清颜清颜套餐,98,32
佐登妮丝美容SPA生活馆（滨海店）,市南区,五四广场商圈,4.4,背部有机深层舒压SPA,78,31
佐登妮丝美容SPA生活馆（府新店）,市南区,浮山所,3.9,背部有机深层舒压SPA,78,31
佐登妮丝美容SPA生活馆（宏鑫店）,市南区,闽江路,4.3,背部有机深层舒压SPA,78,31
晓艾堂养生馆,市南区,麦凯乐,4.0,单人拔罐/刮痧2选1套餐,9.9,30
美贵女人（闽江四路店）,市南区,闽江路,4.1,单人身体项目4选1,28,29
美贵女人,市南区,闽江路,4.2,单人身体项目4选1,28,29
妍真美甲美睫品牌馆（青岛店）,市南区,火车站/团岛,5.0,单人双腋下去除体毛包干+比基尼上/侧/造型单次体验套餐,99,27
亿叶琏美容连锁（大润发店）,市南区,大润发,3.0,单人美容SPA,23.4,27
安芙兰（台东万达店）,市南区,大润发,4.7,安芙兰 单人精油护理刮痧10次,158,26
伯爵夫人皮肤管理连锁机构（浮山所店）,市南区,市南区,4.1,伯爵夫人大养生B套餐,128,25
伯爵夫人皮肤管理连锁机构（泛海名人店）,市南区,闽江路,3.5,伯爵夫人大养生B套餐,128,25
伯爵夫人皮肤管理连锁机构（湛山店）,市南区,湛山/太平角,3.5,伯爵夫人大养生B套餐,128,25
锦容养颜养生馆,市南区,世贸中心,4.8,单人面部注氧补水,88,24
圣度私人定制推拿馆,市南区,闽江路,5.0,单人全身推拿,98,13
美华美庄科技美容中心,市南区,万象城,5.0,单人opt皮肤美容保养,198,12
琳婉美容半永久,市南区,香港中路沿线,4.7,深层补水面部护理单次,19.9,11
正元堂经络理疗,市南区,市南区,4.0,单人腿部熏蒸3次套餐,28,10
倾城女王·铭会所,市南区,火车站/团岛,3.0,日式睫毛嫁接套餐,58,10
芮莉蜜堂美容养生中心,市南区,湛山/太平角,4.3,单人三重补水一次套餐,19.9,10
逸飞美容美体养生馆,市南区,浮山所,4.1,单人养生拔罐一次,9.9,10
晓港美容减肥中心,市南区,火车站/团岛,4.6,单人瘦身体验,19.8,10
紫霖持久妆容管理,市南区,香港中路沿线,4.0,单人精致设计眉形,9.9,10
百莲达专业女子连锁美容院（华清园院）,市南区,市南区,3.5,艾灸,38,9
百莲达专业女子连锁美容院（泛海名人广场店）,市南区,闽江路,3.5,艾灸,38,9
百莲达专业女子美容院（济南路店）,市南区,火车站/团岛,3.5,艾灸,38,9
派尔pair国际皮肤管理中心,市南区,麦凯乐,4.6,单人Triple Peeling毛孔深层清洁管理,138,9
Y.More 悦+ 皮肤焕彩管理中心,市南区,香港中路沿线,4.6,单人2次韩式气泡深层清洁皮肤管理套餐,198,9
美丽妈妈产后恢复管理中心,市南区,远洋广场,4.0,单人乳腺疏通1次,69,9
良医堂推拿养生,市南区,市南区,4.0,单人全身推拿套餐,65,8
馨珺科技美容养生会所,市南区,万象城,4.5,单人补水活肤+肩颈舒缓护理套餐,138,8
燃瑜伽,市南区,湛山/太平角,4.0,瑜伽周卡,19,8
梵蒂瑜伽汗蒸,市南区,麦凯乐,3.0,单人汗蒸体验3次,8.8,8
ZM美妍.瑞士光电美肤,市南区,香港中路沿线,4.0,瑞士八倍水净肤漩涡2次,198,8
向群创美（纤体瘦身店）,市南区,闽江路,3.5,颈肩疏通单人三次体验,98,7
韩国新生活休闲会所,市南区,浮山所,3.5,单人毛孔深层清洁1次,29,7
宏超古方推拿馆,市南区,万象城,4.5,单人推拿（头颈腰背肩）1次,98,7
向群创美塑身美颜,市南区,闽江路,5.0,颈肩疏通单人三次体验,98,7
艳容专业美容养生馆,市南区,大润发,4.6,肩颈疏通+背部疏通+玉石刮痧套餐,16.8,8
金爵士足疗养生馆,市南区,云霄路,3.8,单人足疗+保健按摩套餐,168,7
爱韵东方产后恢复中心（闽江路店）,市南区,浮山所,4.5,单人乳房护理,298,6
善艾缘.艾灸调养中心,市南区,闽江路,5.0,单人专属整体艾灸体验,159,6
雅丽馨养生美容,市南区,镇宁桥,3.9,艾灸,9.9,6
东堂纹绣美容机构,市南区,百丽广场,4.5,购深度皮肤护理赠专业级眉型设计和皮肤检测,198,6
瓮吸奇效活水减肥,市南区,镇宁桥,3.5,单人拔罐套餐,9.9,6
京都薇薇（闽江路店）,市南区,浮山所,3.5,京都薇薇国际美胸美容美体连锁机构经络美胸套餐,78,6
爱韵东方产后修复中心（台东旗舰店）,市南区,镇宁桥,4.0,单人乳房护理,298,6
特莱维美容会所（徐州路店）,市南区,中联广场,5.0,单人品质女神卡,38,6
韩丹美形象设计中心,市南区,万象城,4.9,单人大气泡深层清洁皮肤管理,198,5
欧泉国际美容养生会所,市南区,远洋广场,4.2,单人欧泉妮丝面部深层补水护理,19.9,5
素年锦时瑜伽会馆,市南区,闽江路,3.5,单人教师专享瑜伽体验周卡,9.9,5
女王来了美甲美睫salon（万象城店）,市南区,万象城,4.0,单人女王高端定制美容初体验券,10,5
欣妍妆美容瘦身会所,市南区,香港中路沿线,4.5,单人腺体淋巴排护（有赠送）,68,5
千佰妤减肥塑身中心,市南区,麦凯乐,3.5,单人身材管理套餐,38.8,5
婵韵绣尊尚会所,市南区,市南区,3.5,哈尼植物浴,19.9,5
女王来了美甲美睫salon（青岛万象城店）,市南区,万象城,5.0,单人女王高端定制美容初体验券,10,5
伊锦绣坊,市南区,市南区,3.9,单人面护+乳腺疏通真情体验套餐,39.8,5
碧海少女联盟spa,市南区,市南区,4.0,单人经典舒心spa,199,4
依芙悦美容美甲养生会所,市南区,五四广场商圈,4.1,单人刮痧/拔罐/艾灸,19.9,4
婕妤轩,市南区,五四广场商圈,3.5,单人砭石汗蒸+开背+拔罐1次,38,4
樱井雅惠spa美容会所,市南区,市南区,5.0,单人MATIS妍展青春补水抗氧化单次体验,150,4
东田半永久美妆·光电中心,市南区,香港中路沿线,4.6,温和脱毛,9.9,4
菩丽贝尔美容养生会所,市南区,市南区,4.5,单人刮痧拔罐2选1套餐,9.9,4
先师斐格丝半永久美甲美睫,市南区,闽江路,5.0,单人去黑头体验一次,68,4
韩子美容减肥会所,市南区,麦凯乐,4.3,单人经络调理疏通,28,4
科痘专业祛痘连锁机构（科痘旗舰店）,市南区,市南区,3.5,单人深层净肤,38,4
九玉美容养生会所,市南区,闽江路,4.0,单人身体调养套餐,33,4
水之露美容瘦身会所,市南区,浮山所,4.0,单人六部位疏通护理各1次,88,3
苏黛（苏婷）科技美容瘦身连锁（福州南路店）,市南区,闽江路,4.5,单人养生背部调理餐,49.9,3
素妍纤姿科技美容纤体连锁机构（市南店）,市南区,闽江路,5.0,单人黑脸柔肤体验,98,3
YooMee优美韩式半永久定妆,市南区,闽江路,5.0,单人韩式蚕丝蛋白美睫套餐,338,3
辉煌养生会所,市南区,远洋广场,5.0,单人足疗+肩颈按摩,78,3
朵慕美业,市南区,火车站/团岛,5.0,单人祛湿调理艾灸1次,58,3
长风3S美塑（香港中路店）,市南区,远洋广场,3.5,单人肩颈按摩/水路排脂套餐,38,2
长风3S美塑（闽江路店）,市南区,浮山所,3.5,代金券,158,2
悦己半永久定妆,市南区,市南区,3.5,单人修眉／眉形设计,6.9,2
名媛美荟美容美体会所,市南区,浮山所,4.5,单人痘肌镇静护理套餐,298,2
顺康盲人按摩,市南区,大润发,3.5,单人按摩+拔罐,30,2
江南名佳皮肤管理中心,市南区,闽江路,4.0,深层清洁皮肤管理,198,2
品·印象造型护肤,市南区,麦凯乐,5.0,单人养生禅洗,38,2
乐活概念专业祛痘祛斑连锁机构（青岛香港中路店）,市南区,麦凯乐,4.7,单人纯古方美白祛斑1次,9.9,2
维罗妮卡美妆造型馆,市南区,市南区,4.0,单人聚会party／活动主持／年会妆,168,2
传承美私人定制管理中心,市南区,万象城,4.5,单人碧波庭调理／肩颈调理／刷刷瘦3选1,168,2
青岛铭医整形医院,市南区,浮山所,4.6,单人净毛体验,99,2
国姿堂美容美体,市南区,火车站/团岛,3.9,国姿堂美容美体SPA,28,2
传承养生瘦身会所,市南区,万象城,3.5,单人碧波庭调理／肩颈调理／刷刷瘦3选1,168,2
Q美皮肤管理,市南区,麦凯乐,5.0,单人胸/腹/背部手法经络疏通套餐,68,2
小草瘦身（宁夏路店）,市南区,中联广场,4.1,单人全身淋巴排护2次,198,1
圣美爱美容SPA私家会馆,市南区,市南区,4.0,单人V脸塑造套餐,198,1
尊雅spa美容美体,市南区,五四广场商圈,3.5,背部疏穴通络,28,1
奕婉风尚,市南区,麦凯乐,4.5,单人半导体脱大部位8选1体验1次,58,1
潇洒名派（南京路总店）,市南区,云霄路,4.6,无痛净毛单人体验套餐,58,1
小草瘦身（泛海名人店）,市南区,闽江路,4.0,单人全身淋巴排护2次,198,1
依颜堂名媛会所,市南区,市南区,3.0,面部基础护理+背舒+瑶浴,78,1
苗颜坊（市南婕妤轩店）,市南区,五四广场商圈,3.5,面部经络套餐,29.9,1
杨杨工作室,市南区,麦凯乐,4.5,单人刮痧疏通,9.9,1
艾丽尔美容会所,市南区,麦凯乐,4.0,单人美胸健胸套餐,58,1
城市田园美容养生会所,市南区,中联广场,3.5,单人毛发去除套餐,19.8,1
豆域专业祛痘连锁机构（市北台东店）,市南区,镇宁桥,4.1,豆域 单人面部净排疏通,45,1
康玉子足道（鑫达店）,市南区,火车站/团岛,4.6,单人养生保健套餐（送采耳+拔罐）,138,1
芙莱莉瘦身SPA美容（海航万邦）,市南区,市南区,3.5,单人肩颈／肝胆护理2选1,39.9,1
江南国际抗衰美肤中心,市南区,云霄路,5.0,大气泡水漾深层美肌清透管理,177,1
熙妍丽皮肤管理中心,市南区,市南区,4.0,单人温和脱毛体验,99,1
盈欣安婕妤,市南区,世贸中心,3.5,单人韩式水光清洁美肤,118,1
花屿海养生会所,市南区,五四广场商圈,4.0,胶原蛋白面护面部提升紧致套餐,98,1
善若水中医美容院,市南区,远洋广场,4.6,单人瑶族洗浴1次,38,1
天姿丽人科技美容,市南区,市南区,5.0,活肤注氧单人套餐,298,1
漂亮宝贝化妆美甲,市南区,浮山所,4.0,单人蛋白纤维丝绒仿真睫毛嫁接,188,1
小凯蒂皮肤管理中心,市南区,市南区,5.0,单人超微小气泡清洁两次,188,1
小祈刺青美甲,市南区,麦凯乐,3.5,单人化妆套餐3选1,38,1
越美半永久培训国际纹绣学院（韩式定妆）,市南区,火车站/团岛,4.0,单人唇部净毛6次套餐,198,1
Moki皮肤管理中心,市南区,市南区,5.0,单人都市丽人管理套餐,168,1
Queen 美妍美甲美睫半永久（市南店）,市南区,闽江路,5.0,单人面部深层清洁补水＋提升紧致,98,1
艾美spa舒压会所,市南区,麦凯乐,4.3,魅力美瞳线,298,0
妙手坊盲人按摩中心,市南区,镇宁桥,3.5,单人拔罐,18,0
艾美医学美容,市南区,奥帆中心商圈,4.0,高蛋白补水,280,0
TIMEKEEPER皮肤管理中心美睫美甲,市南区,五四广场商圈,4.0,单人艾灸护理养生,29,0
康美乐美容养生馆,市南区,远洋广场,4.4,单人韩式明眸眼线,398,0
Liz童颜高端女子会所,市南区,市南区,5.0,单人瘦身身材管理套餐,3800,0
艾美医学韩式持久妆（海尔洲际店）,市南区,奥帆中心商圈,4.0,美国BCL有机手足护理SPA套餐,269,0
臻美美会,市南区,五四广场商圈,3.5,单人精致美容美体套餐,38,0
颐康源经络养生,市南区,银海大世界,4.0,单人精油开背,78,0
福人会所（时尚女子会所店）,市南区,五四广场商圈,4.0,单人背部减压套餐,149,0
海哥真功夫,市南区,市南区,3.5,单人按摩套餐D,209,0
仕名皇剪美容美发,市南区,中联广场,3.0,单人面部美白紧致提升,120,0
娟姿秀美容养生spa会所,市南区,浮山所,4.3,单人背部有机深层舒压,69,0
小丹美睫salon,市南区,香港中路沿线,5.0,单人韩式水疗排满,298,0
cici美甲美妆,市南区,市南区,5.0,单人韩式明眸眼线,790,0
Do well 美容美甲护理中心,市南区,百丽广场,5.0,单人大气泡深层清洁一次,360,0
唯思美（山东路店）,市南区,万象城,4.1,单人背部热石舒压护理2选1套餐,98,0
雪鸣养生美颜馆,市南区,镇宁桥,4.1,单人精油疏通,38,0
秀之惠美容美体会所,市南区,香港中路沿线,3.5,经络身体保养,180,0
闪美科技美肤,市南区,市南区,4.0,单人皮秒净肤全脸,5000,0
合身美健康养生中心,市南区,市南区,4.0,背部超音波仪器经络疏通,128,0
傅军造型（海门路店）,市南区,万象城,4.8,单人彩妆一次,240,0
三把刀康复中心（台东二店）,市南区,火车站/团岛,3.7,单人艾灸40分钟,49,0
LISHE皮肤管理中心,市南区,世贸中心,4.0,单人韩式皮肤深层清洁管理,98,0
美颜堂美容,市南区,香港中路沿线,4.0,单人台湾筋膜排酸体验,98,0
韩国新悦皮肤管理中心,市南区,五四广场商圈,5.0,单人声波渗透管理,308,0
李姐美甲美睫（二店）,市南区,麦凯乐,3.7,单人净毛4选1,198,0
似水年华美容养生会馆,市南区,远洋广场,3.5,单人韩式电气石汗蒸,19.8,0
巴黎拉斐派瑞美发沙龙（海景花园店）,市南区,银海大世界,5.0,单人肌肤携氧皮肤管理体验,198,0
Early Summer美甲美睫私人订制,市南区,市南区,4.0,单人精致修眉海藻型,299,0
娜娜彩妆工作室,市南区,香港中路沿线,3.5,单人新娘跟妆,1680,0
青岛碧波庭健康调理中心,市南区,麦凯乐,4.2,单人超值美容套餐,18,0
易骨堂（中山路店）,市南区,火车站/团岛,3.5,全身按摩,120,0
银海温泉SPA水疗,市南区,银海大世界,3.5,单人温泉门票,148,0
CC+美甲美姿瘦身工作室,市南区,五四广场商圈,4.0,单人韩式（眉妆/唇妆）设计套餐二选一,1880,0
珂颜美学,市南区,五四广场商圈,3.5,单人定妆美睫线,880,0
睫毛弯弯工作室,市南区,五四广场商圈,5.0,单人美睫师培训课程,4950,0
香港中路社区推拿中心,市南区,浮山所,3.5,单人头疗,9.9,0
Me&Me;半永久皮肤管理中心,市南区,万象城,3.0,单人雪花焕肤套餐,298,0
Missyuan 体验会所,市南区,市南区,3.5,单人女神定制10选5,910,0
芙蓉康美国际减肥塑身（漳州一路店）,市南区,闽江路,4.0,单人局部瘦围度专业瘦腿10次卡,598,0
玉端庄健康管理有限公司,市南区,闽江路,3.5,单人贵宾体验卡,58,0
凯祥中医针灸,市南区,闽江路,3.5,单人拔罐套餐,18,0
蔷薇美尔美容馆,市南区,湛山/太平角,3.5,单人手部护理套餐,15,0
于晓宁美妆季,市南区,麦凯乐,5.0,单人新娘跟妆套餐,777,0
城市田园（滨海花园店）,市南区,五四广场商圈,3.0,城市田园美容美体套餐,99,0
NA QUEEN 娜女王美甲美睫 半永久定妆,市南区,市南区,4.0,单人深层补水／美白嫩肤2选1,38,0
眯眯眼健康管理（苏宁大厦店）,李沧区,维客广场,5.0,单人全息颈疗,9.9,564
眯眯眼健康管理（精品店）,李沧区,维客广场,4.9,单人全息颈疗,9.9,564
眯眯眼健康管理（福至心灵店）,李沧区,维客广场,4.0,单人全息颈疗,9.9,564
丽方盲人推拿按摩,李沧区,李沧商圈,5.0,单人推拿1小时,49.8,508
伊曼莎国际美容养生会所,李沧区,维客广场,5.0,单人熏蒸瓮,19.9,417
乖乖鸟健康管理（百通店）,李沧区,维客广场,5.0,单人五行拔罐,9.9,363
乖乖鸟健康管理（夏庄路店）,李沧区,李村公园商圈,5.0,单人五行拔罐,9.9,363
乖乖鸟健康管理（指点店）,李沧区,维客广场,5.0,单人五行拔罐,9.9,363
乖乖鸟健康管理（金岭路店）,李沧区,维客广场,5.0,单人五行拔罐,9.9,363
好手功夫足疗,李沧区,维客广场,5.0,单人颈肩部推拿+腰套餐,28.8,351
苗老祖祛痘连锁机构（李村店）,李沧区,李沧宝龙,4.5,单人专业痘肌护理套餐,38,317
新R.ui科技美容（李沧店）,李沧区,维客广场,5.0,单人焕肤小气泡,9.9,190
苗医生专业祛痘机构（李村店）,李沧区,维客广场,4.7,钜惠尊享单人黑头清洁2次,58,179
芳子美容（绿城店）,李沧区,九水东路,3.5,单人脊椎保养单次体验一次,176,175
芳子美容（伟东幸福之城）,李沧区,李沧区,4.0,单人脊椎保养单次体验一次,176,175
芳子美容（乐客城夏庄路店）,李沧区,维客广场,4.0,单人脊椎保养单次体验一次,176,175
若安养生调理,李沧区,万年泉路,5.0,单人办公室精英升级调养,86,168
时尚佳人美容美体养生国际连锁,李沧区,维客广场,5.0,韩式汗蒸/艾灸单次体验2选1,13.9,165
霜羽健康管理,李沧区,维客广场,5.0,单人刮痧/拔罐2选1,9.9,161
懿美堂专业美肤连锁机构,李沧区,维客广场,5.0,单人单次拔罐套餐,9.9,133
素颜馆,李沧区,维客广场,3.9,单人拔罐体验,15,119
韩秀抗衰美容会所,李沧区,维客广场,5.0,韩式半永久眉毛,1,111
韩影宫美容美体中心（李村店）,李沧区,维客广场,3.9,韩影宫美容养生护理单人超值组合套餐,198,105
源顺康推拿按摩中心,李沧区,维客广场,5.0,单人全身推拿,54,103
纤思韵专业产后修复中心,李沧区,李沧区,5.0,单人满月发汗,128,97
美颜坊美容汗蒸养生会所,李沧区,维客广场,5.0,面部护理补水,49.9,95
苗钦祖专业祛痘连锁机构（李村店）,李沧区,维客广场,4.1,单人水氧护肤套餐,28,94
苗钦祖科技美容连锁（李村银座会所店）,李沧区,维客广场,4.1,单人水氧护肤套餐,28,94
海乐游母婴spa生活馆（春和景明店）,李沧区,李沧区,4.5,单人婴幼儿游泳,19.9,94
天然靓姿美容美体会所,李沧区,李沧区,3.6,养护套餐2选1,28.8,89
瘦吧减肥专门店（伟东幸福之城店）,李沧区,李沧区,4.0,单人草本热敷3次套餐,19.9,90
纽安美专业脱毛连锁机构（李村店）,李沧区,维客广场,5.0,单人全息面部/胸部/颈部/腋下/颈椎/淋巴疏通护理套餐,59.9,87
伊上美发韩式会所,李沧区,维客广场,5.0,背部经络疏通+刮痧,28,83
青岛禾瑜伽生活馆,李沧区,维客广场,5.0,单人体验卡,1,82
徐姐专业减肥,李沧区,李沧区,5.0,单人后背保健体验,9.9,78
中雪养生,李沧区,李沧区,5.0,中雪足浴,55,78
婷美美容汗蒸纹绣馆,李沧区,维客广场,4.3,单人美容汗蒸套餐（限时）,1,64
及时雨推拿院（夏庄路店）,李沧区,李沧区,5.0,单人全身推拿,49,58
可可&张一站式私人定制,李沧区,维客广场,4.5,单人化妆5选1,69.9,56
涵康推拿,李沧区,李沧区,4.5,单人拔罐,9.9,53
十指健康管理,李沧区,维客广场,4.6,单人刮痧/拔罐2选1,9.9,50
女子美容,李沧区,万年泉路,4.4,单人芳香开背拔罐,17.9,49
柠檬树美丽生活馆,李沧区,维客广场,5.0,柠檬树生活馆 单人拔罐／刮痧,1,48
郑一生专业祛痘祛斑,李沧区,维客广场,5.0,单人去黑头美容套餐,9.8,48
香港瑶芳专业祛痘祛斑（李沧店）,李沧区,维客广场,3.3,单人清颜套餐,38,45
益元灸美容保健养生会所,李沧区,维客广场,4.1,单人益元灸美容养生会所保健套餐 书院路,26,44
明尚御足,李沧区,万达广场,5.0,单人中式保健,108,41
伊美娜女子会所（沧口店）,李沧区,李沧商圈,4.0,单人芳香清腹/有氧净排/半身淋巴净排项目3选2套餐,28,41
恋SPA养生养颜会所（乐客城夏庄路店）,李沧区,维客广场,5.0,面部深层补水护肤,39.9,38
特莱维美容,李沧区,九水东路,4.1,特莱雅单人蓝宝石冰点祛毛,298,33
苗方清颜专业祛痘连锁机构（乐客城夏庄路店）,李沧区,李村公园商圈,5.0,苗方清颜清颜套餐,98,32
秀韵雅姿抗衰纤体美颜中心,李沧区,维客广场,4.0,单人美容养生套餐,68,32
佐登妮丝美容（幸福城店）,李沧区,李沧区,4.6,背部有机深层舒压SPA,78,31
雅仕泰足浴,李沧区,维客广场,4.4,单人港式按摩,59,31
董氏推拿,李沧区,李沧商圈,4.1,颈部推拿,30,30
I Me美甲美颜妆容形象定制,李沧区,维客广场,5.0,单人眉型设计+精修眉毛套餐,1,30
雪琳娜国际美容美体,李沧区,维客广场,5.0,单人艾灸一次,19.9,27
亿叶琏美容连锁（李沧德克士店）,李沧区,维客广场,4.0,单人美容SPA,23.4,27
亿叶琏美容连锁（俱乐部店）,李沧区,维客广场,4.0,单人美容SPA,23.4,27
卓蕙养生会所（青峰路店）,李沧区,维客广场,3.7,蕙养生会所单人调理套餐,19.8,26
金尚名媛（万达店）,李沧区,万达广场,4.1,单人瑶浴＋全身经络疏通套餐,98,26
邦豆-痘友小站,李沧区,维客广场,4.1,单人健康肌痘护理体验套餐,9.9,26
泰和足疗,李沧区,万达广场,3.0,单人养生SPA,99,23
虹欣瘦身养生,李沧区,李沧商圈,5.0,单人面部细胞减压水润护理,1,23
王氏果菜美容（李村公园店）,李沧区,李村公园商圈,3.5,单人惊喜体验套餐,49,23
昭旭推拿,李沧区,维客广场,4.0,单人小儿推拿,40,21
兰菲儿,李沧区,维客广场,4.3,单人修眉一次,1,21
欧泉国际美容养生会所,李沧区,李沧区,5.0,艾灸养生,1,20
沐和美容养生馆,李沧区,维客广场,4.2,单人面部拨筋,48,18
伊莎美尔美容会所（李村店）,李沧区,维客广场,4.5,单人美颜泡泡深层清洁套餐,98,18
花之语足浴,李沧区,维客广场,4.8,单人花之语尊贵套餐,119,16
希莱雅美容养生会所,李沧区,李沧区,3.5,单人任意手法项目一次,29.9,16
艾益生艾灸美容会所,李沧区,东李鞋城,4.4,单人科技艾灸体验,10,15
颐健堂小儿推拿（宝龙店）,李沧区,李沧宝龙,4.0,单人单次艾灸,100,14
润源润色美容养生会所,李沧区,万达广场,4.6,单人面部深层清洁补水,46.9,14
肤泉佳美理疗养生馆,李沧区,维客广场,4.1,单人中式推拿,19.9,13
韩国新生活,李沧区,李沧商圈,4.0,单人护理体验卡,9.9,13
美都丽人,李沧区,万达广场,5.0,单人背部疏通/脐部保养二选一套餐,98,13
潇洒名派（李村二店）,李沧区,维客广场,5.0,单人眉型设计与精修套餐,1,13
永乐功夫足疗,李沧区,李沧区,4.4,单人拔罐,18.9,13
鑫雅美容养生会所,李沧区,维客广场,4.6,单人面部补水护肤,19.9,13
普丽缇莎,李沧区,李沧商圈,4.0,单人肩颈调理套餐,88,12
金水缘足道,李沧区,李沧区,3.5,单人韩式保健（洗面+全身按摩）,118,11
爱莉梵瑜伽,李沧区,万年泉路,4.7,单人艾灸体验三次,29.9,11
明锦贵族美容养生,李沧区,李沧区,3.5,单人肩颈护理1次,9.9,11
千姿秀,李沧区,万年泉路,4.4,单人面部深层补水,28,11
绿康园经络养生馆,李沧区,维客广场,4.6,按摩/推油/艾灸单人套餐3选1,46.6,11
瑜悦减肥纤体馆,李沧区,李村公园商圈,4.5,单人背部气血调理,36,11
悦儿湾 儿童SPA水育乐园,李沧区,维客广场,4.1,首次婴童游泳超值体验,58,11
鸿福佳人减肥馆,李沧区,维客广场,4.9,背部通经络去湿去火拔罐单人体验,29.9,10
罗兰佩蒂,李沧区,李沧宝龙,4.0,单人背部经络疏通护理,29,10
伊美丽美甲美睫半永久定妆,李沧区,维客广场,5.0,单人面部护理补水,68,10
靳公子专业修脚,李沧区,万年泉路,4.4,单人修脚,25,10
V丽人美胸美体养生会所,李沧区,维客广场,4.7,局部瘦身塑形体验+肩颈调理+美背瘦背排护3选1,19.9,9
百莲达专业女子连锁美容院（李村分院）,李沧区,维客广场,3.5,艾灸,38,9
纤丝鸟减肥美容院,李沧区,君峰路沿线,4.2,明星项目,9.9,9
蓓丽娇,李沧区,维客广场,3.5,单人超值拔罐套餐,1,8
N匠半永久美妆皮肤管理,李沧区,维客广场,4.0,单人N匠修眉年卡,1,7
冰清玉杰美容美甲会所,李沧区,万达广场,4.0,单人花式容顏水光补水,19.9,7
蓝丝带产后恢复中心（宝龙店）,李沧区,李沧宝龙,4.2,单人产后妈妈护理十项选一,68,7
Y·M燕美国际美甲纹绣工作室,李沧区,李沧区,5.0,单人修眉一次,0.1,7
爱韵东方产后恢复中心（李村店）,李沧区,维客广场,3.5,单人乳房护理,298,6
丽皙颜专业祛斑祛痘（乐客城夏庄路店）,李沧区,维客广场,5.0,单人疏通经络瘦身体验套餐,19.9,6
一览芳华 YI LAN FANG HUA,李沧区,维客广场,5.0,【新客体验专享】单人沙棘排湿排寒体验套餐（含2次）,78,6
郭氏国际美业连锁机构（李村店）,李沧区,维客广场,3.5,双人五行背部通宝梳理,19.8,6
特莱维美容会所（嘉佰娜）,李沧区,李沧区,4.5,单人品质女神卡,38,6
蘭悦者·韩式半永久皮肤管理中心,李沧区,李沧区,5.0,单人韩式肌肤深层护理套餐,199,5
君悦足疗,李沧区,维客广场,3.0,单人全身按摩,50,5
LISA丽莎 · 美甲美妆（韩式定妆）,李沧区,维客广场,5.0,仪器深层补水美白套餐,128,5
木槿花美容美体（金液泉路店）,李沧区,东李鞋城,4.0,背部经络疏通+刮痧+拔罐套餐,68,5
M&Y;韩式持久定妆工作室,李沧区,维客广场,4.0,E光亮白嫩肤首次单人体验3选1,29.9,5
小美美甲美容,李沧区,维客广场,5.0,单人焕肤小气泡,9.9,5
大美人国际美妆定制,李沧区,万年泉路,5.0,单人包脱,98,5
MC日系美发沙龙,李沧区,维客广场,5.0,MC 轻奢沙龙美容套餐,19.8,4
麦西美韩式半永久,李沧区,万达广场,4.1,单人OPT E光净毛（腋下/唇部）,49.9,4
如艺国际形象定制,李沧区,维客广场,4.6,单人生活妆,29.9,4
唯吾知足真功夫足疗店,李沧区,君峰路沿线,4.5,单人拔罐,18,4
苗老祖祛痘美容,李沧区,李村公园商圈,5.0,单人背部淋巴疏通刮痧拔罐穴位艾,48,4
香水百合唯美俱乐部,李沧区,李沧商圈,3.5,单人面部经络疏通,58,4
赛琳娜瘦身半永久定妆,李沧区,维客广场,4.1,单人美甲套餐,19.9,4
帝尊良子足道,李沧区,李沧区,4.7,专业spa,268,3
和医堂养生（李沧店）,李沧区,李沧商圈,4.0,单人拔罐,15,3
伊美秀美容会所（伊美美业）,李沧区,李沧区,3.6,单人冰点除体毛,129,3
翁吸活水减肥美容理疗养生会所（经络减肥美容理疗会所）,李沧区,维客广场,3.5,单人艾灸体验,9.9,2
玉颜堂美容,李沧区,万年泉路,4.0,单人面部补水美白月卡四次,88,2
花样年华@MJ轻奢美容美发沙龙,李沧区,维客广场,5.0,单人艾灸,9.9,2
尚妆靓甲（李沧区利客来店）,李沧区,维客广场,5.0,单人五行经络代谢瘦身3次,88.8,2
俏佳人美容瘦身养生馆,李沧区,书院路,3.5,单人面颈疏通1次,19.9,2
澜魅尔养生会馆,李沧区,九水东路,3.5,澜魅尔肩颈、乳腺2选1,12.8,2
懿姿美容,李沧区,维客广场,5.0,青春痘护理单人套餐,99,2
英利达绿色减肥中心－徐境,李沧区,李沧区,5.0,单人美白补水面部提升套餐,168,2
玉颜堂美容养生会所,李沧区,君峰路沿线,3.5,单人面部补水美白月卡四次,88,2
蜜翱谦和国际皮肤美疗中心,李沧区,万达广场,4.0,单人三重深层清洁,158,2
Pink Nail日式美甲美睫,李沧区,维客广场,4.8,OPT无感E光脱毛单部位体验,9.9,2
悦美轻奢形象管理中心,李沧区,维客广场,5.0,单人肩颈疏通单次体验,18.8,1
夏颜堂美容,李沧区,李村公园商圈,3.5,天然水氧面部护理,38,1
Emily韩式半永久美甲美睫（爱美丽）,李沧区,维客广场,5.0,单人私人订制日式真水貂毛嫁接,99,1
尚秀美容美发,李沧区,李沧区,5.0,单人芳香开背拔罐套餐,38,1
盛世容颜,李沧区,李沧区,3.5,拔罐体验,9.9,1
研熙国际,李沧区,维客广场,4.0,单人发际线,19.8,1
Queen 美妍美甲美睫半永久（李村店）,李沧区,维客广场,5.0,单人面部深层清洁补水＋提升紧致,98,1
jin·x美颜私人订制,李沧区,维客广场,3.5,【女神款】超人气部位无感脱毛,99,1
韩妹儿美甲美睫（崂山百货店）,李沧区,维客广场,4.6,植物色素芭比眼线,380,1
青岛百莲凯美容美体养生会所,李沧区,维客广场,4.1,单人肩颈双优舒穴护理,39.9,1
活力美人科技美容会馆,李沧区,万达广场,4.1,单人睫毛嫁接1次,158,1
香榭丽舍经络养生会馆,李沧区,维客广场,3.5,保健按摩单人套餐,45,0
鑫雅美甲纹绣,李沧区,维客广场,4.9,单人眉型设计,580,0
甲子岁月,李沧区,维客广场,4.4,单人印度手绘（中）,28,0
泰和丰裕养生会所,李沧区,万达广场,4.0,单人面部补水保湿,39.9,0
红瑞雨国际私人定制,李沧区,维客广场,4.0,单人全身艾灸体验套餐,38,0
誉肤堂,李沧区,维客广场,3.5,单人面部美白补水+面部刮痧套餐,29.9,0
名果记,李沧区,维客广场,4.7,面部补水按摩SPA,39.9,0
尚美雅美容养生会所,李沧区,九水东路,3.5,单人全身推油,48,0
魅丝养生spa,李沧区,万年泉路,3.5,代金券,95,0
love美甲,李沧区,维客广场,5.0,单人韩式美眉设计,680,0
韩国新生活（乐客城东门店）,李沧区,维客广场,3.9,单人身体调理五选一,28,0
倾城美容美发会馆,李沧区,九水东路,5.0,头疗专属单人体验,38,0
Amy美甲美睫,李沧区,维客广场,4.3,单人MTS皮肤管理,388,0
三梦美汇（乐客城店）,李沧区,维客广场,5.0,单人美妆体验,36.9,0
贵族养生馆,李沧区,万达广场,3.5,单人艾灸卡,40.9,0
美时美刻韩式半永久定妆工作室（乐客城夏庄路店）,李沧区,维客广场,4.6,美瞳线（体验活动）,380,0
怪小姐美甲美睫（乐客城夏庄路店）,李沧区,维客广场,3.5,裸妆的秘密-韩妆订制眼睫线,680,0
芙蓉康美国际减肥塑身（李沧店）,李沧区,维客广场,3.5,单人局部瘦围度专业瘦腿10次卡,598,0
普丽缇莎,李沧区,李沧商圈,3.5,腋下除体毛,98,0
岩岩专业瘦身美甲美睫,李沧区,李沧商圈,3.8,拔罐瘦身体验3次,58,0
指佳儿美甲店（乐客城夏庄路店）,李沧区,维客广场,5.0,美体(dds背部经络疏通),58,0
伊蔓云上会美业,李沧区,维客广场,4.7,单人芳香开背,38,0
美姿瘦减肥美容,李沧区,维客广场,3.5,单人经络美容套餐,58,0
美丽田园（崂山丽达店）,崂山区,丽达购物广场,5.0,单人美白/保养/紧致/保湿SPA套餐四选一,268,13578
美丽田园（证大大拇指店）,崂山区,大拇指广场,4.6,单人美白/保养/紧致/保湿SPA套餐四选一,268,13578
华夏良子（青岛蓝海店）,崂山区,丽达购物广场,5.0,代金券,75,11126
良子健身（香港东路店）,崂山区,崂山区,4.6,单人足部保健套餐,148,8411
秀域科技美容（丽达店）,崂山区,丽达购物广场,4.0,单人夏日冰点净脱,88,7219
秀域科技美容（凯旋店）,崂山区,青岛大学麦岛,4.0,单人夏日冰点净脱,88,7219
克丽缇娜（丽海花园店）,崂山区,丽达购物广场,3.7,克丽缇娜水妍润泽单人焕美套餐,158,3052
克丽缇娜（凯旋山庄店）,崂山区,青岛大学麦岛,3.7,克丽缇娜水妍润泽单人焕美套餐,158,3052
CHLITINA 克丽缇娜（麦岛路店）,崂山区,麦岛,3.7,克丽缇娜水妍润泽单人焕美套餐,158,3052
莎蔓莉莎美容会所（麦岛会所）,崂山区,麦岛,4.4,单人莎蔓莉莎贵人经典标准护理套餐,29.9,2368
cici纤美（金狮店）,崂山区,香港东路沿线,4.5,单人A6+蓝精灵靶向水氧活肤套餐,98,1448
紫荆花王健康管理（张村店）,崂山区,崂山区,5.0,单人刮痧或拔罐2选1,9.9,1444
紫荆花王健康管理（郑张店）,崂山区,崂山区,5.0,单人刮痧或拔罐2选1,9.9,1444
清源足道,崂山区,国信体育中心,5.0,单人足疗按摩套餐,159,806
富桥足道（渝富桥休闲会馆）,崂山区,丽达购物广场,5.0,精油足疗+全身保健按摩套餐,178,780
予·爱美容私家会所,崂山区,大拇指广场,4.8,单人储值卡一张,39.8,603
菩海按摩康复中心,崂山区,香港东路沿线,5.0,推拿套餐,49,500
艾生活养生馆,崂山区,大拇指广场,5.0,单人颈肩调理1次,58.8,454
上河真功夫（麦岛路店）,崂山区,麦岛,5.0,单人养生保健套餐,78,419
尚缘轩美容养生苑,崂山区,大拇指广场,5.0,单人推拿拔罐套餐,59.8,334
松伯按摩养生馆,崂山区,国信体育中心,5.0,单人全身按摩（限时特惠）,119,66
美丽等你美容中心,崂山区,国信体育中心,5.0,单人面部补水套餐,38,64
足春堂,崂山区,崂山区,4.7,白天特惠：单人超值体验足疗（11：30-18：00）,59,59
芙罗兰,崂山区,国信体育中心,4.3,单人眼部2选一,9.99,56
峰涛大自然养生足道,崂山区,丽达购物广场,5.0,腰部养生,189,54
颜容堂美容养生会所（菩提岛会所）,崂山区,青岛大学麦岛,3.5,单人瘦身美体套餐,600,52
颜容堂美容养生会所,崂山区,香港东路沿线,3.5,单人瘦身美体套餐,600,52
海乐游母婴spa生活馆（麦岛店）,崂山区,麦岛,5.0,六一特惠体验券,39.9,49
子午门推拿,崂山区,崂山区,5.0,单人足疗+推拿+拔罐/刮痧二选一,120,47
康美新美容养生会所,崂山区,崂山区,4.1,艾灸养生套餐,18,44
康美新美容养生会所,崂山区,大拇指广场,3.5,艾灸养生套餐,18,44
华妆造型（丽达商场店）,崂山区,丽达购物广场,3.9,单人美睫（烫睫毛）套餐,58,42
青荟减肥美容连锁,崂山区,大拇指广场,3.6,单人肩颈疏通,68,38
靓润LR-皮肤身体管理,崂山区,崂山区,4.1,单人肩背腰艾灸360°SPA6选2套餐,158,35
苗方清颜专业祛痘连锁机构（崂山区店）,崂山区,香港东路沿线,4.5,苗方清颜清颜套餐,98,32
佐登妮丝美容SPA生活馆（麦岛店）,崂山区,麦岛,3.7,背部有机深层舒压SPA,78,31
佐登妮丝美容SPA生活馆（骏景店）,崂山区,香港东路沿线,4.0,背部有机深层舒压SPA,78,31
瑞美国际抗衰中心,崂山区,丽达购物广场,4.1,单人护理套餐A,98,30
慧丽都美容美体,崂山区,丽达购物广场,4.6,单人护理超值套餐1次,39,28
海悦瑜伽会所（海悦瑜伽麦岛店）,崂山区,麦岛,4.1,单人常温瑜伽5选1,1,27
金尚名媛（鲁信长春店）,崂山区,国信体育中心,3.5,单人瑶浴＋全身经络疏通套餐,98,26
皮肤管理连锁店（青大店）,崂山区,麦岛,3.5,伯爵夫人大养生B套餐,128,25
伯爵夫人美甲（青大店）,崂山区,崂山区,4.9,伯爵夫人大养生B套餐,128,25
Miss Jolin国际抗衰皮肤管理中心,崂山区,国信体育中心,4.5,单人超微AQUACLEAN深层清洁三部曲,158,23
queen酷恩韩国皮肤管理中心,崂山区,丽达购物广场,5.0,大气泡三重毛孔深层清洁管理,198,23
女王驾到健康美容工作室,崂山区,丽达购物广场,4.0,单人皮肤深层清洁护理（两次）,98,23
法国普丽缇莎国际美容连锁,崂山区,丽达购物广场,4.2,单人皮肤清洁+面部美容保养限时套餐,39.9,20
御泉推拿（崂山店）,崂山区,青岛大学麦岛,4.0,单人颈肩推拿套餐,30,19
韩国美泊门抗衰老美肤光电中心（麦岛店）,崂山区,青岛大学麦岛,4.0,单人皮肤深层清洁体验,18,17
伊莎美尔美容会所（丽达店）,崂山区,丽达购物广场,4.0,单人美颜泡泡深层清洁套餐,98,18
金尚蒂美美容美体,崂山区,崂山区,4.2,单人面部刮痧保养1次,8.8,16
秀芙阁皮肤健康管理有限公司,崂山区,丽达购物广场,4.0,单人拔罐,29.8,14
名媛美容减肥理疗养生会馆,崂山区,国信体育中心,3.5,单人玻妃面部5D提升去皱1次,15,14
怡人绣养生堂,崂山区,香港东路沿线,3.5,单人女性泥灸、拔、刮套餐,29.9,12
美华美庄科技美容中心（崂山店）,崂山区,香港东路沿线,5.0,单人opt皮肤美容保养,198,12
龙泽韵达门诊部,崂山区,崂山区,4.1,单人满月发汗,198,11
YooHoo美甲美颜养生,崂山区,大拇指广场,5.0,面部清洁/痘肌护理二选一,29.9,10
淌SPA健康会所,崂山区,崂山区,4.0,单人面部深度清洁+面部美白刮痧2次,48,10
足艺堂功夫足道,崂山区,崂山风景区,3.5,单人经典套餐,58,10
倾城女王·兰会所,崂山区,崂山区,4.2,日式睫毛嫁接套餐,58,10
倾城女王·晴会所,崂山区,麦岛,3.5,日式睫毛嫁接套餐,58,10
MiKA日式美甲美睫（海尔路天宝国际店）,崂山区,香港东路沿线,4.9,单人日本无菌貂毛睫毛嫁接套餐,228,9
苹果丽人美容养生会所,崂山区,丽达购物广场,4.6,韩式面部深层清洁套餐,8,8
爱丽康专业祛痘,崂山区,丽达购物广场,4.6,单人痘肌护理套餐,9.9,8
养元通古法艾灸康复中心,崂山区,石老人海水浴场商圈,4.0,温通经脉艾灸,88,8
新生活美容美体（合肥路店）,崂山区,崂山区,3.5,单人面部深层清洁+韩式面部护理,48,8
蚨康瑞按摩,崂山区,丽达购物广场,4.1,单人全身推拿,75,8
韩国颜靓体靓美容会所（凯旋店）,崂山区,青岛大学麦岛,4.1,韩式背部经络管理,68,7
恒博科技美容抗衰老会所,崂山区,香港东路沿线,3.5,童颜水光套餐,380,7
爱韵东方产后恢复中心（崂山店）,崂山区,丽达购物广场,3.5,单人乳房护理,298,6
爱韵东方产后恢复中心（世园店）,崂山区,崂山风景区,3.5,单人乳房护理,298,6
J悦美甲睫概念工作室,崂山区,崂山区,5.0,单人艾灸,9.9,6
爱韵东方月子中心,崂山区,崂山区,3.5,单人乳房护理,298,6
京都薇薇（香港东路店）,崂山区,青岛大学麦岛,3.5,京都薇薇国际美胸美容美体连锁机构经络美胸套餐,78,6
韩国颜靓体靓美容会所（崂山丽达店）,崂山区,丽达购物广场,4.0,韩国皮肤深层清洁保湿套餐,68,5
昼颜美舍,崂山区,大拇指广场,4.9,单人面部清洁排补套餐,19.8,5
格格美业,崂山区,青岛大学麦岛,4.5,无感耳洞,9.9,5
晶鑫雅美容养生会所,崂山区,崂山区,3.5,单人肩颈调理1次,30,5
六技堂,崂山区,崂山区,4.0,单人经络调理套餐（新店开业钜惠）,58,2
上品女人美甲美睫会所（崂山店）,崂山区,丽达购物广场,4.6,三合一美瞳线,880,2
雅涛世家（青岛店）,崂山区,崂山区,4.5,美白嫩肤/肩颈调理/腰酸腿沉,68,2
香草山经络丰胸美容美体,崂山区,青岛大学麦岛,3.5,单人美胸/美容/美体套餐3选1,28,2
紫桐国际光电私密会馆,崂山区,石老人海水浴场商圈,3.5,单人水光深层补水,380,2
心海国际美容健康俱乐部,崂山区,崂山区,3.5,单人逆转时空面部美白补水1次,9.9,1
苗颜坊（崂山苏菲儿店）,崂山区,崂山区,3.9,面部经络套餐,29.9,1
姿美堂美容养生会所,崂山区,崂山区,3.5,全身艾灸套餐,78,1
尚善瑜伽（香港东路芳疗店）,崂山区,青岛大学麦岛,3.5,单人腰椎调理1次,38,1
健康美吧美容养生会所,崂山区,国信体育中心,3.5,单人美容养生套餐,38,1
益康盛推拿馆,崂山区,麦岛,3.5,单人经络精油通关保养,78,1
澄颜美塑养生会所,崂山区,青岛大学麦岛,3.5,单人肩颈淋巴排废 +艾灸,38,1
速美妍光电美容（丽达店）,崂山区,丽达购物广场,5.0,面部毛孔深层清洁套餐,98,1
素雅美颜工作室,崂山区,大拇指广场,3.5,单人韩式皮肤深层清洁套餐,99,1
圣美爱美容SPA私家会馆,崂山区,丽达购物广场,3.5,单人V脸塑造套餐,198,1
上上嘉品头部SPA馆（大拇指广场店）,崂山区,大拇指广场,4.0,单人肩颈艾灸调理套餐1次,99,1
贝黎诗专业美容护肤中心（青岛崂山湾酒店）,崂山区,丽达购物广场,4.2,贝黎诗SPA透明质酸骨胶原深层补水美肤SPA套餐,288,1
HANYA  韓亞半永久高级美肤中心,崂山区,香港东路沿线,5.0,单人注氧无痛水光,298,1
东城国际美容美甲美睫中心,崂山区,崂山区,4.8,单人深层清洁皮肤管理套餐,58,1
梵谷瑜伽,崂山区,大拇指广场,4.5,单人艾灸体验,9.9,1
晓君艾灸,崂山区,崂山区,3.5,单人特色艾灸床体验1次,29.8,1
rexi芮熙皮肤管理中心,崂山区,丽达购物广场,4.0,超微小气泡水分焕肤,168,1
圣蒂美学半永久,崂山区,丽达购物广场,4.0,单人圣蒂灵动美睫线体验套餐,680,1
永缘韩美,崂山区,香港东路沿线,5.0,单人水光嫩肤套餐1次,999,0
蓝硕男士spa养生会所,崂山区,崂山区,3.5,单人皇家SPA套餐,198,0
斯黛勒国际护肤中心,崂山区,国信体育中心,4.0,单人肩颈放松护理,158,0
帝顔至尊养生馆,崂山区,石老人海水浴场商圈,3.5,单人十二经络艾灸1次,29,0
菩云素心养生会所,崂山区,丽达购物广场,3.5,单人面部细胞深层补水3次,68,0
JoJo 绣甲,崂山区,崂山区,4.1,单人纹发际线,798,0
孝艾堂|wonderful艾灸推拿院,崂山区,麦岛,4.0,孝艾堂艾灸推拿综合调理套餐,98,0
福人会所（美甲业明星品牌店）,崂山区,丽达购物广场,3.0,单人背部减压套餐,149,0
金皇后名媛会所,崂山区,国信体育中心,4.4,单人经络拔罐瘦身,9.9,0
SaSa纤绣美阁,崂山区,崂山区,4.1,单人皮肤护理套餐1次,120,0
青岛时光形象管理,崂山区,石老人啤酒城商圈,3.7,单人富贵之唇1次,1999,0
艾人如己养生馆,崂山区,香港东路沿线,3.5,单人艾灸一次（活动限时）,9.8,0
唯思美（崂山店）,崂山区,香港东路沿线,4.4,单人背部热石舒压护理2选1套餐,98,0
上上嘉品头部SPA馆（石老人店）,崂山区,石老人海水浴场商圈,4.0,头部SPA原液养发套餐六部曲,69,0
天姿美容院,崂山区,国信体育中心,3.5,单人水润面部护理1次,18,0
童博士BABY SPA,崂山区,崂山区,3.0,单人婴幼儿游泳、抚触、沐浴体验,68,0
中益现代精油理疗（温哥华店）,崂山区,崂山区,4.0,奥比虹紧致补水面护,69.9,0
千寻美甲（东城国际店）,崂山区,崂山区,4.5,单人雅姿兰足部皮肤护理,78,0
唯美佳形象设计中心,崂山区,香港东路沿线,3.5,单人法国ZIANTIG胶原液套餐,98,0
巴黎拉斐派瑞美发沙龙（金狮百盛店）,崂山区,香港东路沿线,4.3,单人肌肤携氧皮肤管理体验,198,0
格林凝纤美容养生,崂山区,大拇指广场,3.5,单人美容美体套餐,98,0
千寻美甲（金岭花园店）,崂山区,丽达购物广场,5.0,单人雅姿兰足部皮肤护理,78,0
荣港壹号韩式温泉SPA洗浴,黄岛区,黄岛,5.0,单人荣港壹号浴资,38,79366
华夏良子（胶南琅琊台店）,黄岛区,珠海路,5.0,代金券,75,11126
华夏良子（胶南人民路店）,黄岛区,人民路,5.0,代金券,75,11126
华夏良子（黄岛桂冠店）,黄岛区,长江路沿线,5.0,代金券,75,11126
华夏良子（傲海星城店）,黄岛区,家佳源佳世客,5.0,代金券,75,11126
良子健身（黄岛分店）,黄岛区,官厅,5.0,单人足部保健,108,3618
克丽缇娜（长江路店）,黄岛区,黄岛,3.5,克丽缇娜水妍润泽单人焕美套餐,158,3051
良子健身（珠海东路店）,黄岛区,珠海路,4.5,养生保健套餐,108,1726
良子健身（珠海路店）（良子健身）,黄岛区,珠海路,4.7,养生保健套餐,108,1726
衡健轩养调（旗舰店）,黄岛区,宏程新天地,5.0,局部推拿+刮痧拔罐（2选1）,48,1711
衡健轩养调（胶南一店）,黄岛区,珠海路,5.0,局部推拿+刮痧拔罐（2选1）,48,1711
意境推拿养生,黄岛区,家佳源佳世客,5.0,刮痧➕火罐,19.8,1370
家富富侨足疗,黄岛区,家佳源佳世客,5.0,单人高级浴足,138,910
足间道浴足,黄岛区,人民路,5.0,单人颈锥平衡套餐,172,791
克丽缇娜,黄岛区,海王路,3.7,单人身体SPA超值套餐,88,711
臻顺享美容养生会所,黄岛区,黄岛,5.0,单人通经络拔罐,19.9,480
丽康盲人推拿,黄岛区,铁山路,4.9,单人2选1按摩套餐,50,480
五行中式推拿馆,黄岛区,马濠公园,4.8,单人拔罐,19.9,472
洛阳孚若堂盲人推拿,黄岛区,钱塘江路,5.0,单人推拿套餐,59,469
欧丝迪娜美容会所（开发区店）,黄岛区,马濠公园,4.5,瑶浴,58,423
欧丝迪娜连锁美容（国贸豪庭店）,黄岛区,长江路沿线,4.7,瑶浴,58,423
男士SPA健康养生会馆,黄岛区,上流汇,5.0,单人全身SPA经络,298,310
文君按摩所,黄岛区,黄岛,5.0,单人刮痧/拔罐二选一,15.8,265
文君按摩旗舰店,黄岛区,黄岛,3.9,单人刮痧/拔罐二选一,15.8,265
文君尚古理疗中心（千智广场店）,黄岛区,马濠公园,5.0,单人拔罐1次,15.9,236
文君尚古推拿院（利群店）,黄岛区,香江路,5.0,单人拔罐1次,15.9,236
手尚功夫足浴店,黄岛区,马濠公园,5.0,单人全身推拿,55,215
路易芬尼国际名媛SPA会馆,黄岛区,家佳源佳世客,5.0,单人路易芬尼特色养生套餐5选3,29.9,187
金色港湾养生会所,黄岛区,黄岛,5.0,单人中式足疗,49,145
NS整体形象设计,黄岛区,长江路沿线,5.0,单人NS男神女神彩妆造型化妆造型洗发,49.8,141
康宁推拿养生中心,黄岛区,胶南,5.0,单人背部拔罐,9.9,129
爱人美容养生会所,黄岛区,家佳源佳世客,5.0,拔罐/刮痧一次,9.9,123
花想容美容会馆,黄岛区,家佳源佳世客,4.2,单人百草芳香美容会所体验套餐5选1,9.9,109
韩影宫美容美体中心（黄岛店）,黄岛区,香江路,3.6,韩影宫美容养生护理单人超值组合套餐,198,105
悦spa健康养生会馆,黄岛区,香江路,4.7,单人背部疏通+ 肾部保养或卵巢保养2选1,188,102
富豪足浴养生会所,黄岛区,上流汇,3.9,香薰浴足套餐,98,99
邦豆专业祛痘,黄岛区,马濠公园,5.0,邦豆精品祛黑头单人套餐,23.8,94
菲凡尚香（钱塘江店）,黄岛区,太行山路,5.0,芳香开背刮莎1次,38,90
祛痘纯中药美容养生馆（滨海学院店）,黄岛区,香江路,5.0,面部保养,24.9,64
安娜贝儿美容养生会所,黄岛区,庐山路,3.8,单人美容+肩颈疏通,28,62
避风港足道,黄岛区,黄岛,4.9,代金券,75,61
玻妃-私人美容养生减肥生活馆,黄岛区,上流汇,5.0,单人美容脸部提升护理,15.8,58
馨姿美容美发spa高级会所,黄岛区,黄岛,5.0,单人设计师精剪,15.8,57
华康推拿（庐山路店）,黄岛区,庐山路,4.5,单人全身推拿+刮痧,107,54
康美汇漂亮女人生活馆,黄岛区,黄岛,4.6,单人胸部调理1次,9.9,54
华康推拿（紫金山路店）,黄岛区,紫金山路,3.9,单人全身推拿+刮痧,107,54
金施美美容会所（天泰店）,黄岛区,庐山路,3.9,单人超值贵宾套餐,38.8,51
金施美美容会所（珠山文苑店）,黄岛区,黄海学院,5.0,单人超值贵宾套餐,38.8,51
海蓝朵女子养生会所,黄岛区,黄岛,4.4,单人毛孔清透护理套餐两次,59.8,47
港湾养生会所,黄岛区,长江路沿线,4.4,单人修脚,15,43
玫琳凯美容护肤店,黄岛区,胶南,5.0,面部调理+美白补水护肤套餐,38,42
清爽纳米汗蒸养生会所,黄岛区,保税区,5.0,单人拔罐/刮痧二选一,22.9,40
萨罗米皮肤管理工作室,黄岛区,马濠公园,5.0,单人皮肤管理项目深层清洁小气泡,98,38
仁康堂小儿推拿,黄岛区,黄岛,4.9,单人拔罐/刮痧二选一,9.9,37
韩医生专业祛痘连锁机构（开发区店）,黄岛区,长江路沿线,5.0,单人黑头护理套系2次,68,37
硕千魅美容养生会所,黄岛区,保税区,4.9,单人超值美容套餐,9.9,36
至尊红颜女子美容养生会所,黄岛区,石油大学,4.7,单人保健套餐,39.8,33
百莲凯国际美容美体spa养生会所,黄岛区,黄岛,5.0,单人瘦身体验三次卡套餐,38.8,33
苗方清颜专业祛痘连锁机构（黄岛店）,黄岛区,家佳源佳世客,4.4,苗方清颜清颜套餐,98,32
贵肤堂美容会所,黄岛区,珠海路,4.6,单人面部补水,39.9,32
男士SPA健康养生会馆（武当山路店）,黄岛区,黄岛,4.7,单人全身SPA经络疏通（送足疗）,328,32
ID皮肤管理中心,黄岛区,长江路沿线,5.0,小气泡深层清洁皮肤管理,58,32
佐登妮丝美容SPA生活馆（井冈山路店）,黄岛区,黄岛,4.1,背部有机深层舒压SPA,78,31
百莲凯美容美体国际连锁机构,黄岛区,黄海学院,4.4,单人背部舒经活络+面部护理,68,31
道和汗蒸养生馆,黄岛区,紫金山路,4.1,单人韩式汗蒸+中式拔罐,19.8,31
力道中式推拿养生馆,黄岛区,胶南,5.0,优惠推拿,38.9,29
敬珉推拿,黄岛区,石油大学,5.0,单人按摩套餐,39,30
色色美容工作室,黄岛区,香江路,5.0,单人优美国际形象身体护理套餐,29.9,27
悦·享指间皮肤管理中心,黄岛区,黄岛,5.0,单人韩式超微小气泡全脸毛孔清洁焕肤,118,26
雅倩美容美体养生馆,黄岛区,长江路沿线,4.3,单人背部淋巴疏通,28.8,26
青岛特莱维美容院,黄岛区,老黄岛,4.3,单人面部冲浪一次,9.9,25
丽姿美容养生坊,黄岛区,珠海路,4.3,刮痧美容套餐,48,24
舒康足道馆,黄岛区,宏程新天地,4.6,单人刮痧、拔罐二选一,19.8,24
赢源康盲人按摩,黄岛区,紫金山路,4.7,单人局部推拿,37,22
茶马足道,黄岛区,海王路,4.0,单人养生保健套餐二,178,22
康缘一生保健中心,黄岛区,长江路沿线,5.0,单人刮痧/拔罐二选一,15,18
伊莎美尔美容会所（开发区井冈山路店）,黄岛区,黄岛,4.6,单人美颜泡泡深层清洁套餐,98,18
赛特美容塑形,黄岛区,黄岛,5.0,单人韩国深层清洁,68,16
海源旺足浴,黄岛区,马濠公园,4.3,单人足浴4选1,48,16
宏美佳人减肥中心,黄岛区,马濠公园,5.0,瘦身包套餐体验（活动）,58,14
智美荟（东方银座店）,黄岛区,紫金山路,5.0,单人法国Oise有机SPA1次,19.9,12
鑫琦美丽定制,黄岛区,黄岛,4.2,单人约会美妆定制,68,11
零码s科技美颜,黄岛区,黄岛,4.5,单人背部疏通,28.8,11
邦安妮美容养生会所,黄岛区,黄岛,4.0,单人面部补水,68,10
元素美容按摩院,黄岛区,金沙滩风景区,4.0,背部肩颈调理,108,10
漂亮宝贝美容会所,黄岛区,珠海路,4.1,面部体验,9.9,10
百莲凯美容美体养生会所,黄岛区,黄岛,3.6,芳香开背,68,10
同仁堂女子会所,黄岛区,黄岛,3.9,单人调理经络（月经妇科）,28,10
逸美雅都美容养生会所,黄岛区,黄岛,3.5,单人特色瑶浴体验5选1（针对型/保健型）,98,9
聚能堂人体4S店,黄岛区,家佳源佳世客,4.8,单人颈椎+肩周调理套餐,49.9,9
Jasmine Queen茉莉皇后美甲美睫,黄岛区,长江路沿线,5.0,单人生活妆,19.9,9
经络养生堂,黄岛区,胶南,4.1,经络养生馆套餐,14.9,9
雅梦瘦身美颜馆,黄岛区,黄岛,4.1,单人面部拨筋1次,28,8
赛文健康生活馆,黄岛区,黄岛,3.5,单人面部护理套餐,38.8,8
甲妆可爱,黄岛区,香江路,4.4,造型彩妆套餐,19.9,8
指尖诱惑美甲美睫（香江一店）,黄岛区,香江路,5.0,单人祛黑头套餐,29.9,8
爱美甲,黄岛区,香江路,4.3,造型彩妆套餐,19.9,8
卡罗琳手足SPA,黄岛区,宏程新天地,4.0,卡罗琳手足SPA品牌*甲油胶,29.8,8
容颜清专业祛痘祛斑中心,黄岛区,黄岛,5.0,单人冰点褪毛1次,39.9,7
芊秀社区生活馆,黄岛区,铁山路,4.7,养发套餐29.9,68,7
丽姿面部身体管理中心,黄岛区,长江路沿线,4.1,颈椎／腰椎调理+火罐,38,7
美亿佳养生会馆,黄岛区,金沙滩风景区,4.0,单人深层排铅汞套餐,21.8,6
AM国际美颜会馆,黄岛区,黄岛,5.0,韩国进口深层清洁+嫩肤补水,58,5
ISK国际抗衰皮肤管理中心,黄岛区,黄岛,4.6,单人韩国Aqua Plus超微小气泡深层清洁管理,88,7
富足人生,黄岛区,胶南,4.6,单人中式足疗+全身按摩,148,5
方圆推拿,黄岛区,长江路沿线,4.0,单人全身按摩1次,70,5
玉指倾城,黄岛区,香江路,4.0,单人蚕丝蛋白睫毛嫁接套餐,88,4
黛颜减肥理疗养生会所,黄岛区,黄海学院,4.6,单人背部拔火罐一次,15,4
美珂纹绣美甲美睫,黄岛区,长江路沿线,4.7,单人精致KM纯植物甲油胶,49.9,4
苗方清颜祛痘（胶南店）,黄岛区,胶南,3.8,单人祛黑头细致毛孔套餐,19.9,4
玛丽艳美容养生馆总店,黄岛区,石油大学,4.1,单人背部刮痧套餐,19.9,4
安琪香港国际优瘦身专业瘦身店,黄岛区,马濠公园,4.1,单人纯绿色瘦身,298,4
创美专业祛痘祛斑,黄岛区,科技大学,4.7,单人皮肤护理A套餐,29.9,3
女王驾到时尚体验馆,黄岛区,宏程新天地,5.0,女王驾到专业美甲美睫彩妆生活妆套餐,29.8,3
W·美甲,黄岛区,人民路,5.0,单人浓密款进口水貂毛睫毛嫁接,178,3
特莱维美容美甲健康会所,黄岛区,钱塘江路,4.3,单人疏通经络拔罐套餐,9.9,2
古月小儿推拿,黄岛区,珠海路,3.5,单次小儿风寒风热推拿调理套餐,54,2
金施美美疗馆（黄浦江路店）,黄岛区,黄岛,4.0,单人芳香开背+拔罐套餐,38,2
迪兰朵国际产后修复机构,黄岛区,滨海学院,4.3,单人产后特色项目,188,1
澜皙国际美容spa会所,黄岛区,香江路,4.1,单人全身美容套餐,38,1
暖心阁减肥养生会所,黄岛区,长江路沿线,5.0,单人暖心阁养生大礼包（泡浴+艾灸+拔罐）,98.8,1
指上芭蕾美甲（1店）,黄岛区,香江路,5.0,单人无感去除体毛套餐,99,1
Max形象设计工作室,黄岛区,长江路沿线,4.9,单人品牌化妆品宴会妆,88,1
指上芭蕾（井冈山路店）,黄岛区,家佳源佳世客,5.0,单人无感去除体毛套餐,99,1
金施美美容美体,黄岛区,保税区,4.0,单人保养套餐,38.8,1
英子美容养生会所（庐山路店）,黄岛区,庐山路,3.5,单人夏日背部经络疏通+皮肤护理面部拔筋/面部三温暖,138,1
英子美容养生会所,黄岛区,黄岛,4.1,单人夏日背部经络疏通+皮肤护理面部拔筋/面部三温暖,138,1
金凯苑美甲,黄岛区,铁山路,4.1,单人VIP体验卡,68,1
伊仁绣微美业美容,黄岛区,家佳源佳世客,3.5,单人单次温和脱毛,99,1
菲凡尚香养生会所（唐岛湾店）,黄岛区,金沙滩风景区,3.5,单人面部经络疏通 一次,38,1
迪艾塔纤姝3分钟减肥,黄岛区,紫金山路,3.5,单人面部护理,88,0
米莱养生馆,黄岛区,黄岛,4.5,养生足浴一次,9.9,0
娇雅养生馆,黄岛区,隐珠,4.1,单人汗蒸1次,18.8,0
玛丽艳立体养生会所,黄岛区,长江路沿线,4.4,单人美容护肤套餐,99,0
dream妮美颜工作室,黄岛区,长江路沿线,4.7,单人化妆5选1套餐,78,0
妙吉祥养生馆,黄岛区,石油大学,4.1,单人推拿+刮痧/拔罐,98,0
玛丽艳美容中心,黄岛区,老黄岛,4.1,单人美容护肤套餐,99,0
爱灸堂,黄岛区,庐山路,4.0,单人颈肩腰背调理灸/脾胃调理灸二选一,98,0
完美指艺,黄岛区,上流汇,4.4,单人单次无感冰点腋下净毛,88,0
心绘齐颜美甲美妆店,黄岛区,马濠公园,5.0,单人修眉套餐,688,0
颐尊发艺,黄岛区,黄岛,3.5,烫染二选一,188,0
荟萃发型设计,黄岛区,香江路,4.2,专业祛斑一个,9.9,0
世龙世家手足健康护理连锁（城阳区泰城路店）,城阳区,青特上豪/家佳源,4.6,泡脚足浴+修脚护理单人套餐,9.9,26910
华夏良子（青岛城阳店）,城阳区,鲁邦国际风情街,5.0,代金券,75,11126
秀域古方减肥（青岛城阳店）,城阳区,城阳,4.0,单人夏日冰点净脱,88,7219
芭莎郎足道,城阳区,水悦城,5.0,单人全身足疗,108,6118
胡氏推拿按摩中心（中城路店）,城阳区,中城路,5.0,全身推拿套餐,63.8,5450
胡氏推拿按摩中心（康城路店）,城阳区,城阳,5.0,全身推拿套餐,63.8,5450
胡氏推拿按摩中心（崇阳路店）,城阳区,青特上豪/家佳源,5.0,全身推拿套餐,63.8,5450
云水谣足道,城阳区,农业大学,5.0,单人足部护理1次,118,3123
大唐养生（中城路店）,城阳区,中城路,5.0,单人全身泰式保健套餐,198,2792
衡健轩养调（城阳一店）,城阳区,东方城,5.0,局部推拿+刮痧拔罐（2选1）,48,1711
大唐养生（景园假日店）,城阳区,世纪公园,5.0,单人全身泰式保健1次,198,1492
太古足道,城阳区,青特上豪/家佳源,5.0,单人尊贵足浴1次,158,1304
重庆富侨足疗,城阳区,时代中心,5.0,单人 特级技师 足疗+全身中式按摩+姜贴+足底走罐,198,1299
良子健身（城阳店）,城阳区,宝龙城市广场,5.0,单人足部保健1次,128,1008
韩医美科技美容连锁（城阳家佳源店）,城阳区,青特上豪/家佳源,5.0,单人超人气部位无限次OPT温和脱毛,99,897
韩医美科技美容连锁（流亭1店）,城阳区,流亭机场/重庆北路,5.0,单人超人气部位无限次OPT温和脱毛,99,897
韩医美科技美容连锁（流亭2店）,城阳区,流亭机场/重庆北路,5.0,单人超人气部位无限次OPT温和脱毛,99,897
韩医美-科技美容连锁（国货店）,城阳区,国货,5.0,单人超人气部位无限次OPT温和脱毛,99,897
好兄弟足道,城阳区,青特上豪/家佳源,5.0,单人全身精油SPA,258,815
海乐游母婴spa生活馆（城阳店）,城阳区,城阳,5.0,单人婴儿游泳体验,28,97
艾丽素健康养颜馆,城阳区,农业大学,3.9,面部护理套餐,9.9,96
梦颜堂国际美容会所,城阳区,青特上豪/家佳源,4.7,藏密奢华面部护理,29.8,96
俏佳林足道,城阳区,国货,5.0,单人印度油疗套餐,109,92
秀经典美容院,城阳区,城阳,5.0,单人精修眉型1次,1,86
韩.悦SPA美容会所,城阳区,时代中心,5.0,单人opt冰点褪毛,19.9,82
大唐养生（青特上豪店）,城阳区,青特上豪/家佳源,5.0,单人全身泰式保健套餐,198,75
惠城堂 | 推拿院,城阳区,青特上豪/家佳源,5.0,单人拔罐,9.9,67
印想瑜伽（城阳店）,城阳区,城阳,4.8,单人瑜伽体验三次,39.9,64
尚铭国际美容养生会所,城阳区,城阳,5.0,肩颈腰椎轻松调理,29,64
豪门贵足（崇阳路店）,城阳区,青特上豪/家佳源,5.0,单人豪门足疗按摩,159,61
豪门贵足（兴阳路店）,城阳区,世纪公园,5.0,单人豪门足疗按摩,159,61
雅蝶尔美容彩妆会所,城阳区,青特上豪/家佳源,4.5,原液美容套餐,29.8,61
于氏减肥,城阳区,世纪公园,5.0,于氏瘦腿,168,54
清吖馆,城阳区,宝龙城市广场,4.3,足疗+普通局部按摩一次,54,54
鑫潞美甲吧,城阳区,鲁邦国际风情街,5.0,单人足部甲油胶套餐,68,55
康荣轩推拿,城阳区,城阳,4.9,盲人推拿,55,53
唯美经络养生,城阳区,惜福镇,4.7,保养疏通体验1次,19.9,52
慧美持久美妆,城阳区,东方城,5.0,单人精修眉形+眉型眼线设计,1,51
雅芳护肤中心,城阳区,东方城,5.0,单人面部深层清洁+补水,36.8,50
荣华足疗会所（第二分店）,城阳区,城阳,5.0,单人全身推拿,65.8,47
益欣足康,城阳区,流亭机场/重庆北路,4.9,单人修脚套餐,20,46
尚美妍美容店,城阳区,城中城,4.5,单人经络疏通瘦身3次卡,9.9,45
香港瑶芳专业祛痘祛斑（城阳店）,城阳区,国货,3.3,单人清颜套餐,38,45
丽人美容养生馆,城阳区,青特上豪/家佳源,5.0,单人背部刮痧或拔罐2选1,9.9,41
宋氏针灸推拿康复中心,城阳区,宝龙城市广场,5.0,单人拔罐/刮痧2选1,9.9,41
毓绣丽人,城阳区,青特上豪/家佳源,4.7,超值肩颈疏通单人套餐,1,37
韩国米拉克尔皮肤护理中心,城阳区,世纪公园,5.0,AQUAPEELING小气泡,149,36
太经堂,城阳区,城阳,5.0,经穴推拿套餐,58,33
北京同仁堂古方瘦身养生（茵悦小城店）,城阳区,城阳,4.0,5年陈艾养生灸 单穴,1,32
北京同仁堂古方养生瘦身东方城店,城阳区,东方城,5.0,5年陈艾养生灸 单穴,1,32
苗谣青颜专业祛痘（一店）,城阳区,时代中心,4.5,单人水氧清颜套餐,18.8,32
佐登妮丝美容SPA生活馆（城阳店）,城阳区,青特上豪/家佳源,3.9,背部有机深层舒压SPA,78,31
SOHO BEAUTY MAKE-UP 美妆工作室,城阳区,鲁邦国际风情街,5.0,化妆套餐,38.8,30
汇美泉美容美体中心,城阳区,时代中心,4.1,背穴经络护理,28,30
宝鑫美睫美甲纹绣,城阳区,青特上豪/家佳源,5.0,单人无感耳洞,9.9,30
锦枫苑足道,城阳区,春阳路,4.4,单人精油开背+保健按摩,78,30
荣华足疗会所,城阳区,城阳,5.0,单人精品保健,85.8,28
纽安美专业脱毛连锁机构（城阳店）,城阳区,青特上豪/家佳源,5.0,单人单次氧气美人/去黑头保湿补水套餐,69.9,27
亿叶琏美容连锁（城阳国贸店）,城阳区,国货,4.0,单人美容SPA,23.4,27
卓蕙养生会所（江城路店）,城阳区,宝龙城市广场,3.8,蕙养生会所单人调理套餐,19.8,26
Lady Korea皮肤管理中心（青岛店）,城阳区,水悦城,4.6,单人清洁焕肤体验1次,258,27
富侨足道（长城路农大店）,城阳区,农业大学,5.0,单人中式按摩,109,23
juju韩式半永久,城阳区,青特上豪/家佳源,4.9,单人韩式眉型设计,1,22
悦己卉瘦身养生会所,城阳区,青特上豪/家佳源,5.0,单人火罐全身瘦,68.8,21
贝莎芳馨美容SPA会所（正阳路店）,城阳区,国货,4.1,面部皮脂修复,28,21
QUEEN SHOW小彤美妆,城阳区,青特上豪/家佳源,5.0,晚宴妆/PARTY妆/舞台妆3选1套餐,59.9,20
天玉养生健康脂肪管理中心（国货店）,城阳区,国货,3.9,单人养生调理2选1,29.9,20
凤仪轩美容养生会所,城阳区,青特上豪/家佳源,5.0,皇家艾灸,18.8,20
苗方净颜（青岛店）,城阳区,中城路,5.0,单人“58”元套餐,58,19
美丽闺园 美容 美甲 V雕 连锁机构,城阳区,城阳,4.4,单人面部高端美容,38,18
妍色美容美体,城阳区,农业大学,4.9,单人精雕小v 脸套餐,69.9,18
伊莎美尔美容会所（城阳店）,城阳区,城阳,4.0,单人美颜泡泡深层清洁套餐,98,18
手善堂盲人推拿,城阳区,青特上豪/家佳源,4.7,单人推拿加拔罐套餐,60,17
如意阁养生半永久纹绣连锁机构,城阳区,中城路,4.7,单人面部平痣单个体验,1,16
寻美美容养生会所,城阳区,宝龙城市广场,4.0,单人白发转黑套餐,68,15
璀璨美甲,城阳区,青特上豪/家佳源,5.0,单人璀璨美甲嫁接睫毛,88.8,13
翌芙莱专业祛斑祛痘,城阳区,城阳,4.0,美白补水套餐,12.9,13
肥友汇瑜伽,城阳区,中城路,3.5,五行磁罐套餐,1,13
路易香浓（惜福镇店）,城阳区,惜福镇,4.0,金牌足疗套餐,38,12
雅致女人工作室,城阳区,时代中心,5.0,温灸养生单人（按部位）体验,39.9,12
蔓莉美容美甲会所,城阳区,青特上豪/家佳源,4.1,单人拔罐,9.9,12
魅颜达美容养生会所,城阳区,世纪公园,4.9,单人无针水光基础护理,128,12
曼秀美发美容SPA会所,城阳区,时代中心,3.9,单人剪发一次,30,11
佳腾美容,城阳区,鲁邦国际风情街,4.4,单人抬头纹去除,99,11
香如佳中医养生美颜瘦身馆,城阳区,世纪公园,4.2,单人拔罐刮痧套餐一份,8.8,10
曼姿纤体养生减肥,城阳区,农业大学,4.1,美容体验套餐,19,10
若熙美甲,城阳区,青特上豪/家佳源,4.4,单人甲油胶,38.8,10
天下女人名流会馆,城阳区,城阳,4.1,单人经络拨筋气血再送 颈背按摩,78,10
福生堂健康管理养生会馆,城阳区,流亭机场/重庆北路,4.4,拔罐,19.9,9
阿玛尼造型,城阳区,鲁邦国际风情街,4.4,单人开背套餐,88,8
幽雅瑜伽普拉提塑身会馆,城阳区,城阳,4.8,单人常温单次体验卡,1,8
尚泉足道养生会所,城阳区,时代中心,4.4,单人尚泉泰式,138,8
曼姿纤体,城阳区,农业大学,3.0,单人甲油胶套餐,19,4
辟谷养生减肥（中城路店）,城阳区,中城路,3.5,减肥体验2次,5,3
唯美度美容养生spa会所,城阳区,时代中心,3.5,美容套餐四次,98,3
流行美《艾可鑫》美甲美睫,城阳区,青特上豪/家佳源,5.0,单人FAMISOO【法米索】眼线,380,3
韩国自然N皮肤管理中心,城阳区,世纪公园,4.0,单人韩国小气泡深层清洁皮肤管理,198,1
米拉美容养生会所,城阳区,青特上豪/家佳源,4.2,单人美容美体套餐三次,188,1
悦颜美容美体馆,城阳区,春阳路,4.0,单人美容养生套餐,98,1
瑾上添花专业女子会所,城阳区,城阳,3.6,背部经络舒缓按摩1次,9.9,1
美颜堂美容美甲会所,城阳区,世纪公园,4.7,肩颈按摩护理,39.9,1
薇恩美甲美睫美妆会所,城阳区,鲁邦国际风情街,4.6,单人韩式眼线,380,1
芊慕美甲,城阳区,青特上豪/家佳源,5.0,单人艾灸按摩水疗组合套,18.8,1
喜来吉美发美甲,城阳区,青特上豪/家佳源,5.0,单人面部点斑,8.8,1
新生活化妆品,城阳区,城阳,3.5,单人韩式深层清洁面部1次,9.9,1
伊时光皮肤管理半永久工作室,城阳区,世纪公园,3.5,单人部位8选1健康脱套餐,18.8,0
丽贵人养生馆,城阳区,东方城,4.6,单人艾灸3次,28,0
安琪养生会所,城阳区,青特上豪/家佳源,3.8,三选一套餐,298,0
U&M;美甲美睫半永久工作室（水悦城店）,城阳区,水悦城,5.0,单人修眉套餐,3,0
韩国召香半永久（青岛店）,城阳区,青特上豪/家佳源,3.5,单人基本眼线套餐,899,0
公主驾到美甲美睫半永久,城阳区,国货,4.2,单人法国进口纯植物眼线套餐,680,0
花吉美甲美睫,城阳区,城阳,5.0,单人美容面部清洁,78.8,0
韩家子发研社,城阳区,华城路,5.0,单人韩式眼线,380,0
锦绣美甲工作室,城阳区,鲁邦国际风情街,5.0,单人暖宫艾灸套餐,58.8,0
NICE国际美学培训中心,城阳区,时代中心,5.0,清新德系眉型设计,1280,0
魅力女人馆,城阳区,世纪公园,4.2,眉形设计,398,0
指爱美甲（鲁邦国际风情店）,城阳区,鲁邦国际风情街,4.4,单人韩式眼睫线,880,0
慧娜养生馆,城阳区,青特上豪/家佳源,3.5,慧恩臧药泡脚,25.9,0
艾妮美甲,城阳区,城阳,4.7,单人韩式眉型设计,399,0
华夏良子（即墨文化路店）,即墨市,文化路,5.0,代金券,75,11126
华夏良子（即墨鹤山路店）,即墨市,正发利群,5.0,代金券,75,11126
乐肤科尔皮肤管理中心（青岛店）,即墨市,即墨,5.0,单人控油补水面部套餐,30,9303
克丽缇娜（嵩山二路店）,即墨市,即墨,3.7,克丽缇娜水妍润泽单人焕美套餐,158,3053
良子健身（即墨店）,即墨市,环秀街道,5.0,单人足部保健1次,105,1726
鸿祥盲人按摩中心,即墨市,即墨,5.0,鸿祥盲人按摩中心推拿,60,1306
良子健身（鹤山路店）,即墨市,即墨,5.0,单人足部保健套餐,139,961
老中医化妆品（佳乐家店）,即墨市,佳乐家,5.0,单人美白护理化妆品,19.8,691
茗润堂盲人按摩,即墨市,开发区,5.0,单人全身按摩/足疗2选1,58,535
品足论道健康会所,即墨市,即墨,5.0,单人足浴套餐（送足底走罐）,68,368
百松盲人按摩院,即墨市,开发区,5.0,推拿60分钟,59.9,267
青青美妆（宝龙店）,即墨市,宝龙城市广场,3.9,单人护肤体验,38,241
红墙月嫂满月发汗,即墨市,即墨,5.0,单人红墙月嫂180分钟专业产后发汗护理套餐（满月发汗）,298,213
邦道足疗,即墨市,即墨,4.5,单人涌泉按摩1次,99,185
亮姿美（大润发店）,即墨市,即墨,4.4,美容养生套餐,88,156
亮姿美（国美电器店）,即墨市,即墨,4.1,美容养生套餐,88,156
利华化妆品,即墨市,宝龙城市广场,5.0,单人刮痧（精油）,29.9,96
恒悦堂推拿,即墨市,环秀街道,5.0,单人局部推拿/小儿推拿2选1,35,92
舒心足疗,即墨市,即墨,4.7,精品拔罐,16,54
潘朵拉美甲美睫,即墨市,即墨,5.0,单人面部毛孔疏通祛黑头spa体验套餐,58,48
水之露熏蒸spa时尚生活馆,即墨市,即墨,4.2,背部疏通拔罐/刮痧套餐/胸部疏通套餐,88.8,45
中港足道养生中心,即墨市,即墨,5.0,单人经典养生套餐,168,37
苗方清颜专业祛痘连锁机构（即墨店）,即墨市,宝龙城市广场,4.2,苗方清颜清颜套餐,98,32
彩霞满天之温馨小屋,即墨市,即墨,5.0,面部清洁美容套餐,9.9,32
佐康专业祛痘（新兴路店）,即墨市,即墨,4.6,单人专业祛黑头套餐,19.9,31
金港足道,即墨市,即墨,4.6,单人经典足浴+全身按摩,108,21
蜜纱美甲,即墨市,即墨,5.0,单人化妆套餐,58,18
百草芳香国际瘦身,即墨市,宝龙城市广场,4.4,单人芳香开背,38,16
玟妍美学皮肤管理中心,即墨市,宝龙城市广场,4.9,单人韩式水光活肤水氧清洁套餐,98,14
独享美体养生馆,即墨市,即墨,5.0,单人肩颈护理,98,13
梦颜堂,即墨市,即墨,3.5,单人面部皮肤检测面部定制护理,18,13
重庆富侨（即墨店）,即墨市,即墨,4.4,单人精油养生SPA,208,12
足康堂,即墨市,即墨,4.2,单人尚SPA套餐,148,9
金熙美-高端纹绣美甲美睫,即墨市,宝龙城市广场,5.0,单人养生艾灸宫寒体寒套餐,9.9,6
丽人美容院,即墨市,服装市场,3.5,面部护理,9.9,5
恒鑫美甲美睫纹绣,即墨市,宝龙城市广场,5.0,单人颈肩疏通,49.9,1
伊美娜女子spa会所（即墨店）,即墨市,文化路,4.1,伊式有氧减排24次卡,999,0
荟草堂专业祛痘中心,平度市,利群/尚街,3.8,单人水养嫩肤体验,28.8,20
刘美丽 美甲美睫,平度市,维客/百货商圈,5.0,韩式透明裸妆,29,18
经络奇罐专业绿色养生中心,平度市,维客/百货商圈,4.7,全身通经络火罐,39.8,18
水之露美容养生会馆,平度市,利群/尚街,5.0,单人面部全息经络养颜,38,17
伊美美容美体,平度市,大润发,5.0,面部护理套餐,16.9,17
雅美特女子养生会所,平度市,利群/尚街,4.7,面部SPA,9.9,13
蒙妮坦中医美容,平度市,利群/尚街,4.7,单人美丽眼部护理套餐,28,9
春蓉女子SPA会馆,平度市,维客/百货商圈,4.7,单人冰点脱体毛1次,128,8
法国蓓兰国际柏宁养生（法国柏宁）,平度市,平度,4.3,深层洁面玫瑰补水,39.9,7
佐康专业祛痘（平度店）,平度市,利群/尚街,5.0,单人水氧嫩肤套餐,28.8,7
天下女人美容美体养生会所,平度市,利群/尚街,3.9,单人背部护理套餐,29.9,7
青苹果养生馆,平度市,平度,4.2,青苹果养生馆刮痧,9.9,7
蓝色妖姬养生会所,平度市,利群/尚街,4.5,单人艾灸养生（局部）,35,6
美玉妆spa会所,平度市,利群/尚街,4.1,单人局部艾灸,8,6
修真堂健康养生会馆,平度市,利群/尚街,3.5,修真深度冥想护肤,98,6
雅美芳园,平度市,利群/尚街,4.0,美容4选1,29.9,2
奢莲美容美体养生会所,平度市,平度,3.5,单人美容套餐,99,0
苗方清颜专业祛痘连锁机构（平度店）,平度市,大润发,4.0,单人全身艾灸一次,29.9,0
