﻿商家,区域,商圈,星级,服务,价格,销量
梵+女子养生会所,赛罕区,赛罕区,4.6,梵+女子养生会所美容美体AB套餐二选一,69.9,997
东方贵足（金桥店）,赛罕区,金桥,5.0,秦淮素手按摩120分钟,195,970
品味足道,赛罕区,长乐宫,4.2,足疗按摩套餐,78,857
泽宁修脚足疗按摩（桥靠店）,赛罕区,赛罕区,5.0,单人足疗按摩套餐,36.8,833
元康盲人按摩,赛罕区,赛罕区,4.9,全身按摩,75,754
艾浓美容SPA养生会所（金桥店）,赛罕区,金桥,4.5,汗蒸套餐,39,597
艾浓美容SPA养生会所（敕勒川大道店）,赛罕区,赛罕区,4.2,汗蒸套餐,39,597
益寿康按摩院,赛罕区,长乐宫,4.6,单人套餐,68,593
福原堂健康中心,赛罕区,仕奇公园,4.8,按摩套餐,38,568
优优修脚,赛罕区,内大,5.0,修脚足部护理套餐1次,29.8,498
王子特色足疗,赛罕区,赛罕区,4.1,王子足疗按摩套餐,98,457
小杨盲人按摩,赛罕区,长乐宫,5.0,单人套餐,55,445
盲人按摩（大学西街店）,赛罕区,内大,5.0,医莱康按摩套餐,66,443
华都君悦足道养生SPA会所,赛罕区,桥华,4.9,单人养生足道套餐,108,377
和煦轩推拿按摩中心,赛罕区,赛罕区,5.0,单人30分按摩＋刮痧或拔罐二选一,38.8,361
美加乐婴童SPA水育乐园,赛罕区,仕奇公园,5.0,单人婴儿游泳首次体验套餐,45,361
苗方清颜,赛罕区,师大,4.3,洁面套系,32,354
丝域养发馆（世华店）,赛罕区,桥华,4.8,丝域玫瑰水润spa,69,345
博善堂盲人按摩,赛罕区,赛罕区,5.0,按摩足疗AB2选1,59.8,344
una精灵化妆工作室,赛罕区,摩尔城,4.9,生活妆,49.9,342
杏林一家盲人按摩,赛罕区,嘉茂,4.1,按摩足疗刮痧精油4选1,69,336
艾灸养生馆,赛罕区,桥华,4.4,艾灸养生馆48元（A/B/C）套餐三选一,48,336
内蒙古呼和浩特艾灸经络养生（兴安南路店）,赛罕区,桥华,4.1,艾灸养生馆48元（A/B/C）套餐三选一,48,336
名家国技养生馆,赛罕区,桥华,4.3,单人足疗按摩套餐,88,334
优肤王氏专业祛痘祛斑,赛罕区,乌兰察布东街,5.0,美容套餐,19.9,329
崔大夫美容美体（电力店）,赛罕区,嘉茂,5.0,水氧嫩肤  水嫩肌肤 收缩毛孔 清除黑头等面部细小问题,99,281
崔大夫美容美体（金宇店）,赛罕区,金宇文苑,5.0,水氧嫩肤  水嫩肌肤 收缩毛孔 清除黑头等面部细小问题,99,281
崔大夫美容美体（长安店）,赛罕区,长乐宫,5.0,水氧嫩肤  水嫩肌肤 收缩毛孔 清除黑头等面部细小问题,99,281
逸天云璟,赛罕区,长乐宫,5.0,单人沐足套餐,98,276
优恋芭比美甲美容纹绣学院,赛罕区,摩尔城,5.0,韩国超微小气泡（皮肤深层清洁、去黑头油脂、补水） 韩式去角质,88,268
香儿足道养生会所,赛罕区,赛罕区,5.0,足部养生套餐,128,266
茜曼国际美容养生会馆（如意店）,赛罕区,赛罕区,3.9,AB套餐二选一,69.9,265
茜曼国际美容养生会馆（大学路店）,赛罕区,内大,4.6,AB套餐二选一,69.9,265
远康盲人推拿按摩院,赛罕区,嘉茂,5.0,单人全身筋络按摩、足浴、精油开背3选1套餐,65,264
伊蓝缇娜,赛罕区,长乐宫,4.1,伊蓝缇美容套餐 新华东街,26.8,259
德荟堂全息经络无痛刮痧（学府花园店）,赛罕区,师大,4.6,拔罐套餐2选1,38,257
百岁堂艾灸养生堂,赛罕区,乌兰察布东街,4.6,艾灸体验1次,64,245
淑雅养生馆,赛罕区,桥华,4.8,气血循环按摩套餐,28,238
蕾特恩专业祛痘（国际）连锁（金岁店）,赛罕区,发展小区,5.0,单人法式面部肌肤美白/法式面部深层补水2选1,69,208
蕾特恩专业祛痘国际连锁（金地商城店）,赛罕区,师大,5.0,单人法式面部肌肤美白/法式面部深层补水2选1,69,208
欧美雅洁果蔬美容SPA馆（师大店）,赛罕区,内大,4.8,58果蔬美容套餐,58,187
欧美雅洁果蔬美容（电力家园店）,赛罕区,嘉茂,4.2,58果蔬美容套餐,58,187
欧美雅洁果蔬美容spa馆（万达店）,赛罕区,赛罕区,3.9,58果蔬美容套餐,58,187
欧美雅洁果蔬美容SPA馆（金桥店）,赛罕区,金桥,4.7,58果蔬美容套餐,58,187
欧美雅洁果蔬美容SPA馆（巨海城店）,赛罕区,金隅时代城,4.6,58果蔬美容套餐,58,187
蒸艾康汗蒸艾灸,赛罕区,师大,5.0,单人汗蒸养生7选2套餐,49,172
怡炫通络养生堂,赛罕区,嘉茂,4.9,怡炫通络养生堂按摩套餐,98,167
华医国技养生会所,赛罕区,长乐宫,3.7,单人泥灸+按摩套餐,49.8,157
勇利盲人按摩院,赛罕区,长乐宫,4.3,单人全身按摩套餐,48,157
惠中美业VIP会所,赛罕区,长乐宫,5.0,肩颈     气循环调理套餐2次,58,151
东升温灸汗蒸养生馆,赛罕区,赛罕区,5.0,艾灸养生套餐,39,146
懒媚子（盈嘉国际体验店）,赛罕区,赛罕区,5.0,单人花香水润面部眼部基础护理套餐,79,138
星美国际韩式皮肤管理半永久定妆,赛罕区,乌兰察布东街,5.0,单人毛孔清洁＋深度补水,168,132
尚美美容美发（丰州路店）,赛罕区,发展小区,5.0,面部深层补水套餐+美发套餐 女士专享,28,126
水为姿美容养身减肥中心（公务员小区东门店）,赛罕区,金桥,5.0,宝康美体套餐A,9.9,122
金泽宏美容养生院,赛罕区,赛罕区,5.0,108B套餐,108,116
鑫悦足道,赛罕区,赛罕区,5.0,单人泰式按摩+港式按摩+松骨踩背,118,98
康友盲人按摩,赛罕区,金隅时代城,4.1,足疗保健套餐,85,95
德荟堂康健理疗会所,赛罕区,嘉茂,4.4,【德荟堂康健理疗会所】拔罐套餐2选1,38,94
香阁丽斯美颜养生会所,赛罕区,金桥,4.3,单人面部定制护肤,58,88
专业祛痘,赛罕区,内大,4.3,面部美容套餐二选一,28,88
RU美妆造型,赛罕区,摩尔城,5.0,单人生活妆套餐限时抢购,49,89
韩妆汗蒸美容美体,赛罕区,长乐宫,4.8,单人汗蒸+刮痧+拔罐,48,84
韩式专业美容,赛罕区,摩尔城,5.0,单人拔罐1次,8.8,83
活力健康管理,赛罕区,长乐宫,4.7,健康养生调理推广中心-百全毫米波,0.9,91
XIYUAN 中式护肤品护肤体验馆,赛罕区,摩尔城,5.0,单人面部古方烫蛋产品护理,69.9,79
XIYUAN中式护肤品护肤体验馆（海亮店）,赛罕区,赛罕区,5.0,单人面部古方烫蛋产品护理,69.9,79
克丽缇娜（摩尔城奈伦国际店）,赛罕区,摩尔城,4.4,单人精致护理,98,76
媛媛家庭美容,赛罕区,长乐宫,4.4,美容SPA套餐,45,75
极束美瘦身美学体验馆,赛罕区,赛罕区,5.0,单人瓮蒸净排瘦身套餐两次,22,73
金品苗方专业祛痘全国连锁机构（呼和浩特店）,赛罕区,赛罕区,4.3,单人水氧套餐1次,28.8,75
康复佳盲人按摩院（巨海店）,赛罕区,赛罕区,5.0,康复佳盲人按摩店 全身按摩套餐,65,72
人丽美容院（包头大街店）,赛罕区,金桥,4.3,人丽美容院脸部护理套餐59元,59,70
1+1经络spa养生会所,赛罕区,赛罕区,4.3,单人全身经络油压,148,68
艺媛美容瘦身瑜伽化妆会馆,赛罕区,师大,4.7,面部易罐套餐护理,48,68
王氏推拿按摩康复中心,赛罕区,长乐宫,4.4,保健按摩套餐,68,66
dds经络养生,赛罕区,内大,5.0,经络疏通,9.9,66
指依美甲（大学东路店）,赛罕区,桥华,4.2,单人奢华睫毛嫁接套餐,199,65
指依美甲（新希望家园）,赛罕区,师大,4.0,单人奢华睫毛嫁接套餐,199,65
志刚盲人按摩,赛罕区,赛罕区,3.9,40元按摩套餐,40,64
克丽缇娜（中海锦绣城店）,赛罕区,赛罕区,4.0,奢享体验套餐,98,57
后·专业美睫机构,赛罕区,摩尔城,4.7,后·专业美睫机构睫毛3D嫁接加密仿真超舒适,268,57
水为姿美容美体养生会馆（金隅丽港城店）,赛罕区,赛罕区,5.0,水为姿瘦身养身一次,1,54
伊若尔安然纳米汗蒸养生馆,赛罕区,赛罕区,4.2,单人汗蒸一次,19.8,53
梦思国际美容机构,赛罕区,桥华,5.0,深层清洁补水美白小气泡,88,49
s美馆瘦身会所（长安金座店）,赛罕区,摩尔城,5.0,单人超值走罐，五行能-量罐,7.8,48
佐登妮丝美容美体spa生活馆（金隅店）,赛罕区,金隅时代城,4.3,佐登妮丝特惠体验3选1,68,48
千想舒心养颜馆,赛罕区,桥华,4.0,千想舒心养颜馆,58,46
爱慕造型美容养身会所,赛罕区,嘉茂,4.3,爱慕造型美容养身会所,88,45
克丽缇娜美容院,赛罕区,赛罕区,4.1,美容美体套餐,158,44
舒苑盲人按摩,赛罕区,嘉茂,5.0,单人颈肩头·腰背腿按摩套餐二选一,45,43
韵尚美容瘦身养生馆,赛罕区,摩尔城,4.7,单人拔罐刮痧2选1,9.9,42
翠海足道宾馆,赛罕区,摩尔城,3.9,保健套餐,58,42
寻觅足道,赛罕区,赛罕区,4.0,双人情侣私享套餐,186,42
慕诗勒芬美容养生馆,赛罕区,摩尔城,4.2,肩颈疏通按摩+面部水哇哇,39.8,42
爱益诚沙灸减脂馆,赛罕区,赛罕区,4.4,单人沙灸＋泥灸,38,42
张扬盲人按摩,赛罕区,师大,3.5,中医保健康复按摩套餐,58,41
柏榕养生馆,赛罕区,嘉茂,4.2,美容美甲套餐 女士专享,58,21
US蒂美容私人会所,赛罕区,赛罕区,5.0,眼部护理乳腺疏通二选一,98,21
董大夫祛痘,赛罕区,赛罕区,4.0,董大夫祖传单人血液循环,68,21
长安足道,赛罕区,长乐宫,3.8,单人鱼疗+茶水+果盘套餐,38,20
女主角美甲.美睫·美容.美体·,赛罕区,赛罕区,4.1,补水美白去皱套餐,19.9,20
尚慕分龄美容工作室,赛罕区,金宇文苑,5.0,单人黄金水光面膜,45,20
克丽缇娜美容院（中海御龙湾店）,赛罕区,赛罕区,4.6,单人面部保湿舒敏护理,98,19
方冠杨氏净白丽颜阁,赛罕区,嘉茂,4.7,单人肩颈调养经络疏通套餐,29.9,19
A Plus韩国半永久纹绣皮肤管理,赛罕区,赛罕区,5.0,单人皮肤深层清洁祛黑头套餐,38,18
李氏美业（三分店）,赛罕区,桥华,3.9,李氏美容美体48元AB套餐二选一,48,17
凝颜韩式皮肤管理,赛罕区,师大,5.0,超值单人艾灸,12.8,17
微乐脊柱养生会所,赛罕区,赛罕区,5.0,单人肩颈调理2次,28.8,17
禅谷瑜伽养生会馆,赛罕区,摩尔城,4.5,单人高端美容体验一次,28,16
生物电美容养生会所,赛罕区,赛罕区,5.0,单人净排养生泡脚 免预约,18.8,16
百笑灸（山丹街店）,赛罕区,师大,4.1,保健套餐,48,16
秀域古方减肥（乌兰店）,赛罕区,乌兰察布东街,4.0,高科技生活美容单次体验课程,129,15
七柒seven美睫容貌管理,赛罕区,乌兰察布东街,5.0,单次冰肌水氧护肤,18.8,15
圣奥兰美容养生spa会所,赛罕区,赛罕区,4.1,单人保养美容套餐,58,14
千俪藏秘竹罐瘦身养生会馆,赛罕区,金桥,4.3,单人拔罐+调理,25.8,14
小熊座生活体验馆,赛罕区,内大,5.0,小熊肩颈舒缓+拔罐+刮痧,45,13
子誉容妆管理机构,赛罕区,赛罕区,4.7,面部斑\痘\印美肌护理套餐(三选一),29.8,13
艺家美甲店（艺家美容店）,赛罕区,发展小区,4.5,B套餐,29.8,12
柏思飞.i女人自助养生馆,赛罕区,金桥,3.5,美白补水套餐A/B二选一,23.8,12
佰滋颜健康生活馆,赛罕区,桥华,4.0,套餐,68,12
佳倩美容养生会所,赛罕区,赛罕区,4.6,单人高端芳香开背+深层面部补水套餐,38,11
恋妆恋甲,赛罕区,金桥,4.7,化妆套餐,80,10
善道至美养生会所,赛罕区,桥华,4.6,单人拔罐+汗蒸,19.9,10
梵形象美容养生馆,赛罕区,赛罕区,3.5,身体滋养单人套餐,68,12
芣苡美甲美睫工作室,赛罕区,金桥,4.5,春节美甲预约,90,9
春雷盲人按摩,赛罕区,嘉茂,4.1,单人经络按摩套餐,68,9
MyQueen养身会所,赛罕区,赛罕区,3.9,TBS淋巴净排脸部护理,78,9
LOVE 妍 养生馆,赛罕区,金宇文苑,4.4,单人肩颈按摩,98,9
妙玉美容美体生活馆,赛罕区,赛罕区,4.6,单人肌肤黑头毛孔收缩,9.9,9
潺铭堂（学府花园店）,赛罕区,师大,4.6,经络瘦身3次体验,100,9
慕瑜伽汗蒸馆,赛罕区,赛罕区,4.7,单人汗蒸,9.9,2
丽瀛连锁spa会馆,赛罕区,长乐宫,4.2,玉颜V雕美容套餐,68,2
雷子理.疗瑜舍,赛罕区,发展小区,4.4,单人拔罐/走罐/刮痧,15,2
郑一生国际•专业祛痘祛斑连锁机构,赛罕区,摩尔城,5.0,单人美白补水护理套餐,98,2
鸿运瑜伽美颜养生会馆,赛罕区,金桥,5.0,单人点痣,5,2
香柏安美亦养生会所,赛罕区,桥华,4.1,CT透析美颜套餐,88,1
果果美甲美睫定妆店,赛罕区,赛罕区,5.0,果果单人138日式进口樱花嫁接,138,1
珂洛丽美容美甲养生会所（珂洛丽）,赛罕区,发展小区,4.1,玻尿酸组合  时光梭,268,1
百年吴越专业祛痘国际连锁机构（长乐宫店）,赛罕区,赛罕区,4.7,单人脸部观察提出方案,8,0
贝黎诗（内蒙古呼和浩特店）,赛罕区,师大,4.0,单人海洋洁净面部护理A,258,0
纤雅美容美发会所,赛罕区,桥华,4.2,美容套餐,68,0
圣兰蒂造型,赛罕区,乌兰察布东街,4.5,单人美容一次套餐,2198,0
至尚沙龙,赛罕区,金桥,5.0,单人时尚美甲套餐,38,0
欧赛斯国际美发会所,赛罕区,金桥,3.9,面部水疗,29,0
崇尚造型,赛罕区,仕奇公园,3.9,崇尚美容整骨生物电养生98元,98,0
only you 美甲美睫工作室,赛罕区,嘉茂,4.4,单人奢华手部护理套餐,29.8,1
家家无忧,赛罕区,赛罕区,5.0,单人小儿推拿套餐,1400,0
三枝熊美甲美睫美容瘦身会所,赛罕区,赛罕区,4.6,单人 背部拔罐,19,0
兰琪丽尊,赛罕区,赛罕区,4.1,五行精油开背,58,0
舒曼工作室,赛罕区,赛罕区,4.2,单人面膜体验护理,36,0
百年吴越专业祛痘国际连锁机构（嘉茂店）,赛罕区,赛罕区,5.0,单人脸部观察提出方案,8,0
魔法小屋美甲美睫纹绣店,赛罕区,赛罕区,4.2,韩式美妆羽眉,880,0
玄義养生堂,赛罕区,桥华,3.5,单人基础开背套餐,69,0
百慕美容养生会所（新希望店）,赛罕区,仕奇公园,4.4,美体养生单人套餐,88,0
摩尔美甲美睫纹绣（圣妮阁二分店）,赛罕区,摩尔城,5.0,单人肩颈护理身体塑形面部水疗套餐,88,0
璀璨美睫沙龙（呼和浩特旗舰店）,赛罕区,赛罕区,5.0,深层皮肤清洁水漾补水套餐,168,0
HOME SPA美容,新城区,万达,4.9,HOME  SPA美容经典脸部护理/背部舒压护理2选1,79,210
痘缘坊专业祛痘,新城区,万达,5.0,超值单人清洁套餐,28,202
圣火专业足疗保健,新城区,内蒙古图书馆,4.0,单人足浴套餐,38,202
海静盲人中医推拿,新城区,鼓楼,4.6,海静盲人按摩58元,58,192
欧美雅洁果蔬美容SPA馆（党委店）,新城区,鼓楼,3.9,58果蔬美容套餐,58,187
欧美雅洁果蔬（旗舰店）,新城区,润宇,4.8,58果蔬美容套餐,58,187
華妍阁,新城区,鼓楼,4.1,美容套餐,68,187
福康盲人按摩,新城区,新城区,5.0,单人按摩套餐,68,187
欧美雅洁果蔬美容spa会馆（青橙部落店）,新城区,阿尔泰,4.4,58果蔬美容套餐,58,187
元正推拿中心,新城区,鼓楼,5.0,元正推拿中心全身按摩套餐,59.9,176
小包足道,新城区,鼓楼,5.0,精油开背刮痧拔罐套餐,48,177
丹蕊儿养生馆,新城区,新城区,4.5,丹蕊儿 拔罐刮痧,28.9,164
医源汗蒸理疗康复中心,新城区,鼓楼,4.6,台湾全身经络按摩套餐,68,157
海恒祥推拿馆,新城区,八一,5.0,单人全身按摩+拔罐套餐,69.9,137
德升源商务休闲养身会所,新城区,阳光诺卡,5.0,单人SPA套餐,298,117
思妍丽,新城区,鼓楼,4.7,经典香薰面部护理,98,115
微美工作室,新城区,万达,5.0,单人面部清黑头护理+细化毛孔面膜,28,109
旭尧足疗修脚,新城区,新城区,5.0,经典足疗修脚按摩套餐,35.8,112
丁大夫按摩院,新城区,鼓楼,4.6,58元足疗/按摩套餐,58,104
健丽颜美容,新城区,新城区,4.1,美容,19.8,33
舒益康盲人按摩院,新城区,八一,4.4,舒益康盲人按摩（气象局店）全身按摩/精油开背2选1,39.9,31
韩国颜靓体靓皮肤管理会所,新城区,阳光诺卡,3.5,颜靓体靓59元套餐,59,31
Miss‘Q韩式半永久定妆,新城区,万达,4.9,单人韩式小气泡清洁肌肤,98,30
中易盲人按摩,新城区,新城区,4.1,按摩套餐,69,26
媚芙堂斑疤痘美容修复中心,新城区,新城区,5.0,媚芙堂斑疤痘护理中心芳香背部舒缓SPA,19.8,26
咏俪美容汗蒸养生会所,新城区,万达,4.8,单人安然纳米套餐,9.9,25
云水阁瘦身美容养生会所·,新城区,内蒙古图书馆,5.0,单人养生体验套餐,38,25
舒心推拿会所,新城区,鼓楼,4.1,单人刮痧+拔罐套餐,29.9,21
牵手养生美容店,新城区,呼和佳地,5.0,单人肩颈调理2次,28.8,17
李氏美业（二分店）,新城区,八一,3.9,李氏美容美体48元AB套餐二选一,48,17
足迹养生足道馆,新城区,万达,4.4,单人拔罐1次,19,16
兰妮国际美容养生会所,新城区,新城区,3.9,单人净排拔罐/背部走罐2选1,9.9,15
舒雅丽人养生会馆,新城区,呼和佳地,4.0,舒雅丽人养生会馆超值浴艾灸瓮套餐,198,15
秀域古方减肥（军招店）,新城区,八一,4.0,高科技生活美容单次体验课程,129,15
幸福空间养生足道,新城区,万达,5.0,单人保健按摩,58,15
秀域古方减肥（万达店）,新城区,万达,4.0,高科技生活美容单次体验课程,129,15
逸 美容养生会所,新城区,润宇,4.4,单人润颜美肌护理,59,14
郭一刀修脚店,新城区,鼓楼,4.1,单人修脚+拔罐套餐,40,14
熙梦堂工作室,新城区,万达,5.0,单人养生拔罐套餐,9.9,12
别致的美丽新娘化妆美甲美睫店（美甲美睫店）,新城区,万达,4.2,别致的美丽新娘化妆美甲美睫店自然生活妆,49.9,12
荷普美颜抗衰纤体养生机构（新华东街店）,新城区,新城区,4.6,单人水感源动力,2,11
紫凤阁养生足道,新城区,火车站,4.0,经络油压单人体验,198,10
克丽缇娜（蒙鑫国际店）,新城区,新城区,4.0,"克丽缇娜奢华单人体验套餐，女士专享,免预约",98,10
名蕾女子会馆,新城区,鼓楼,3.8,名蕾女子会馆美容套餐,38,9
黛丽尔美容生活馆,新城区,万达,4.5,单人拔罐刮痧2选1,9.9,9
伊轩美容,新城区,万达,4.6,伊轩美容养生馆 面部有氧净排套餐,68,9
含香美容馆,新城区,呼和佳地,5.0,单人肩颈疏通+肠胃调理,68,8
依然美美容,新城区,润宇,4.1,美容套餐,39,8
田螺姑娘半永久肌肤管理工作室,新城区,新城区,5.0,单人韩国小气泡,128,7
v&u;分龄护肤体验中心（东影南路店）,新城区,新城区,3.5,轻熟肌单人护理套餐,48,7
呼吸瑜伽,新城区,鼓楼,5.0,单人瑜伽健身六周年店庆月卡,624,6
天后阁,新城区,新城区,4.2,首席设计师,328,6
晴天美妆美甲证件照专门店,新城区,鼓楼,5.0,单人修眉套餐,8,6
德真养生会所,新城区,阿尔泰,4.1,德真清调补养生,48,6
聚友轩足道,新城区,火车站,4.0,单人背部油压,68,5
法国玖玖精油生活馆,新城区,鼓楼,4.2,单人面部精油护理,29.9,5
燎荣理容养生馆,新城区,新城区,3.5,9 9艾灸体验套餐,15.9,5
s瘦经络减肥养生馆,新城区,新城区,4.7,单人单次颈肩护理,25.8,5
丽娜美睫.美甲,新城区,新城区,4.8,单人手部护理套餐,38,4
芙琳妮美容养生会所,新城区,润宇,3.9,面部,38,4
雅黛美容城,新城区,鼓楼,4.0,岩盘浴养生房,38,3
伊林汗蒸减肥塑形养生会所,新城区,呼和佳地,4.5,单人拔罐+走罐套餐,28,3
慧研阁美容生活馆,新城区,内蒙古图书馆,4.4,美容护理套餐,68,3
桢美一生兰大夫专业祛痘,新城区,新城区,4.2,单人奢华水氧私人订制面部护理套餐,88,3
茱丽叶化妆美甲店,新城区,新城区,3.9,茱丽叶化妆美甲店超值新娘化妆造型,158,2
涵曦瘦身馆,新城区,鼓楼,4.6,单人面部水疗1次,38,2
悦己美甲美睫专门店,新城区,万达,3.9,水氧活肤单人套餐,180,2
新城区蓝熙美容纹绣生活馆,新城区,新城区,4.4,单人保养美容套餐,68,2
梦颜堂美容瘦身养生会所,新城区,新城区,4.0,单人98肩颈通经络套餐,98,1
爱黛健康养生会馆,新城区,万达,5.0,单人头疗1次,99,1
多多美甲美睫纹绣工作室,新城区,万达,5.0,单人面部v雕提升套餐,88,1
信思思美甲店,新城区,润宇,4.0,单人单色美甲,9.9,1
坤韵美甲美睫美容管理,新城区,新城区,4.0,单人韩式脸部SPA套餐,46.8,1
润轩美容养生会馆,新城区,万达,4.6,保健调理,48,1
指尖芭蕾,新城区,鼓楼,4.5,单人头部刮痧1次,39,0
奶疗养生会所,新城区,新城区,3.7,代金券,88,0
Barbie princess芭比公主美甲美睫,新城区,鼓楼,4.9,单人光（冷）美白牙齿SPA,358,0
唯美美甲美睫,新城区,万达,4.7,萌娟美业——美妆六选一,68,0
韩国辣妈国际瘦身会所,新城区,万达,3.5,单人精油推拿2选1,68,0
南方美甲（总店）,新城区,火车站,4.5,单人韩式美妆羽眉套餐,398,0
鱼之吻鱼疗吧,回民区,海亮,5.0,单人休闲鱼疗套餐,17,13741
华夏良子（呼市海亮店）,回民区,海亮,5.0,代金券,75,11153
鱼乐终点,回民区,海亮,5.0,鱼乐终点鱼疗单人套餐,9.9,10752
荷华商务会馆（伊利广场店）,回民区,旧城北门,5.0,荷华会馆单人套餐,88,2746
和愈堂中医养生保健,回民区,海亮,5.0,单人全身按摩,68,1572
古芳净芙专业祛痘,回民区,海亮,5.0,单人深层洁面套餐,28,1109
归元五通宝美容减肥养生馆,回民区,海亮,4.6,拔罐一次+刮痧或者走罐一次,18.8,777
媄茜美容养生会所,回民区,海亮,4.6,超值拔罐 走罐 2选1【女士专享】,8.8,624
连锁减肥美容瘦身中心,回民区,中山西路,5.0,超值刮痧拔罐,9.9,323
连锁减肥美容瘦身中心,回民区,旧城北门,5.0,超值刮痧拔罐,9.9,323
舒心阁通经络养生会馆,回民区,海亮,5.0,单人精油推背套餐,49.8,293
崔大夫美容美体（海亮店）,回民区,海亮,5.0,水氧嫩肤  水嫩肌肤 收缩毛孔 清除黑头等面部细小问题,99,281
俽妍衡肌专业祛痘,回民区,海亮,5.0,毛孔清洁,28,271
秀玉阁·国际连锁路易香浓美容机构,回民区,海亮,4.1,脱.毛套餐,36,257
清丽秀颜美容阁,回民区,海亮,5.0,身心放松保健套餐,58,217
蕾特恩专业祛痘（国际）连锁（中山西路店）,回民区,中山西路,4.8,单人法式面部肌肤美白/法式面部深层补水2选1,69,208
韩韩宫汗蒸养生会所,回民区,海亮,5.0,汗蒸1次,19.8,203
草本足疗养生馆,回民区,牛街,5.0,单人足疗+肩颈经络疏通+腿部按摩+艾灸套餐,58,190
灰姑娘视觉美甲工作室,回民区,海亮,4.6,灰姑娘视觉美妆单人套餐,98,169
乐瘦汗蒸养生馆,回民区,回民区,5.0,单人刮痧、拔罐、走罐3选2,16.8,56
苏肤堂专业祛痘,回民区,海亮,5.0,单人水氧活肤套餐,68,53
F·冰冰美容.美甲美睫工作室,回民区,海亮,5.0,单人面部补水基础护理,28.8,45
美容护肤焕颜吧,回民区,海亮,4.4,水疗焕肤项目,29.8,42
亚伦半永久美容会所,回民区,海亮,5.0,祛痘护理,98,41
遇见·AI新娘美妆美睫工作室,回民区,海亮,5.0,单人新娘试妆套餐,9.9,39
依娜美妆美甲店,回民区,海亮,5.0,单人无限极面部水疗套餐,29.9,39
姐妹足疗养生馆,回民区,海亮,5.0,单人腰部保养,128,35
汐雅（THEA）美容美甲美妆顶级会所,回民区,海亮,5.0,单人精致面部护理,58,35
英涛祛斑祛痘,回民区,海亮,5.0,雀斑单人提取,58,33
尤娅皮肤管理中心-瘦身美体,回民区,海亮,5.0,单人开背、刮痧或拔罐任选其一,38,33
一灯·韩式半永久纹绣,回民区,海亮,5.0,单人祛黑点,2,32
恒大雅苑女子瘦身养生馆,回民区,回民区,5.0,单人肩劲背疏通保养,49.9,32
伊人坊美容美甲瘦身,回民区,海亮,5.0,单人超值面部护理套餐,58,30
乐乐全息经络刮痧馆,回民区,海亮,4.4,全息经络无痛刮痧套餐,38,30
偶遇妆园美甲美睫工作室,回民区,海亮,5.0,单人自然款美睫套餐,128,26
塑美地带,回民区,海亮,4.2,单人完美S型窈窕美体套餐,98,26
天煜足疗按摩店,回民区,海亮,4.9,单人天煜足道套餐,68,26
优蔓新娘礼服工作室,回民区,海亮,4.9,单人新娘早妆,298,25
康洁足道,回民区,西龙王庙,4.2,单人背部拔罐/刮痧二选一,19,24
铂澜迪季珊美容养生会所,回民区,海亮,3.8,单人全身护理套餐,68,23
普洛缇专业瘦身美肤馆,回民区,海亮,4.9,【普洛缇专业瘦身美肤】美体套餐2选1,48,22
悠然堂足道,回民区,中山西路,4.0,拔罐刮痧,20,22
张重生盲人按摩院,回民区,金蓝港,4.7,全身按摩套餐,58,20
丽人美甲美睫时尚会所,回民区,附院,5.0,丽人美睫时尚会所嫁接睫毛,12.8,19
健强推拿店,回民区,文化宫街,4.1,推拿套餐2选1,59,17
云秀美颜养生馆,回民区,海亮,4.6,芳香开背+疏通经络,48.8,18
龙缘聚养生堂,回民区,财经大学新校区,4.6,颈肩按摩或腰部按摩,29.9,15
嘉柏俪美容养生会所,回民区,海亮,4.3,单人美容美体AB方案二选1套餐,39.9,14
PERFECT ONE皮肤管理 美学定妆 SPA,回民区,海亮,5.0,单人韩国8D魔镜皮肤检测分析,9.9,14
璐南熙专业皮肤管理中心,回民区,海亮,4.6,单人皮肤深层清洁净化管理2次,88,14
一绣倾城美甲美婕美容,回民区,海亮,5.0,单人芦荟胶原蛋白美肤,58.8,12
清颜痘肌美容会所,回民区,海亮,5.0,单人芦荟补水,38,11
荷普美颜抗衰纤体养生机构（一店）,回民区,回民区,3.5,单人水感源动力,2,11
涵曦养生馆,回民区,回民区,4.4,单人拔罐+刮痧,29.9,10
思足养生足道,回民区,中山西路,4.0,单人全身精油SPA,298,10
佐登妮丝SPA生活馆（都市华庭店）,回民区,回民区,4.0,JD水润护理,75,10
恒大减肥瘦身美容会所,回民区,回民区,5.0,单人艾灸送拔罐,9.8,9
靓彩美甲美睫,回民区,海亮,5.0,单人手部护理,19.9,9
悦容己半永久连锁品牌呼和浩特站,回民区,金翡丽,4.6,单人修眉,3,8
特蕾茜娅美容SPA会所,回民区,海亮,4.7,养生调理套餐,108,8
嘉柏俪精油护肤,回民区,海亮,3.5,58方案,58,8
苗誉堂专业祛痘,回民区,海亮,5.0,单人活氧焕肤净化毛孔套餐,138,5
鱼之吻美甲美睫,回民区,海亮,5.0,单人蜡疗手护一次,38.8,4
秀Style美容美甲会所,回民区,海亮,5.0,单人面部深层清洁滋润护理套餐,28,4
绚诺SOHO造型（海亮广场中山西路店）,回民区,海亮,5.0,单人面部深层清洁滋润护理套餐,28,4
凤兮焕颜美容美甲半永久会所,回民区,海亮,4.7,单人水疗护肤套餐,29.9,4
爱美莱美甲美睫工作室,回民区,海亮,5.0,化妆造型,35,3
靓美甲工作室,回民区,海亮,4.7,驻颜术,198,3
雅苑汗蒸养生会所,回民区,回民区,4.4,单人汗蒸+面部护理,69.9,3
Beauty studio,回民区,海亮,4.3,粉黛自然眉,690,2
玲珑坊美甲美睫会所,回民区,文化宫街,5.0,单人眉形设计,9.9,2
李一刀修脚店,回民区,附院,3.5,单人全身按摩,49,2
梵熙瑜伽养生馆,回民区,回民区,4.1,经络按摩,60,2
XIN·格调美妆美甲工作室,回民区,回民区,3.8,无痛刮痧调理,9.9,0
香姿堂专业养生减肥（海亮店）,回民区,海亮,5.0,新鲜芦荟鲜汁体验,32,0
8090美甲部落,回民区,海亮,5.0,单人手部护理,49.8,0
双胞胎美容养生SPA会所,回民区,中山西路,4.1,双胞胎美容养生SPA会所,78,0
了凡家·半永久纹绣纹眉,回民区,海亮,3.5,单人韩式超微小气泡套餐,88,0
美女蛇美容美甲会所,回民区,海亮,4.5,单人紧致塑颜面部美容,498,0
薇美人美甲美睫纹绣,回民区,海亮,5.0,单人6D纳米牙齿套餐,198,0
香水伊人,回民区,海亮,4.0,单人美容套系,28,0
恋尚-半永久定妆,回民区,海亮,4.1,单人艾灸养生,28,0
S+美甲纹绣工作室,回民区,海亮,4.3,S+韩式半永.久眼线,600,0
艺美美甲,金川开发区,金川开发区,4.2,艺美美甲新娘妆12岁生日妆,198,0
