﻿商家,区域,商圈,星级,服务,价格,销量
佑米造型（祖庙店）,禅城区,祖庙,5.0,丽人狂欢节-欧莱雅烫/染二选一,228,310627
佛伦斯私人定制烫染名店（卫国路店）,禅城区,祖庙,5.0,美芝品系列单人美发套餐,168,143259
瑞豪烫染连锁（普君新城店）,禅城区,普君新城,5.0,【资深设计师】提案+精致裁剪+造型,28.8,107228
欧莱雅私人定制美发连锁（佛山九鼎国际店）,禅城区,九鼎国际,5.0,单人洗剪吹/护理套餐2选1,39,101034
施华蔻美发连锁（佛山百花广场店）,禅城区,祖庙,5.0,单人施华蔻烫染套餐3选1,208,85651
施华蔻美发连锁（佛山店）,禅城区,恒福GO GO PARK,5.0,单人施华蔻烫染套餐3选1,208,85651
欧莱雅私人定制美发连锁（佛山铂顿店）,禅城区,祖庙,5.0,单人施华蔻烫/染/拉3选1套餐,209,70159
紫尚造型（佛山普君新城店）,禅城区,禅城区,4.9,【人气】单人烫染直三选一美发套餐,159,59493
紫尚造型（佛山创意产业园店）,禅城区,创意产业园,5.0,【人气】单人烫染直三选一美发套餐,159,59493
紫尚造型（佛山祖庙店）,禅城区,祖庙,5.0,【人气】单人烫染直三选一美发套餐,159,59493
米娜造型（祖庙店）,禅城区,祖庙,5.0,单人美发套餐5选1,128,35164
摩登时尚（禅城普君新城店）,禅城区,普君新城,5.0,【品质优选】设计师定制裁剪,29.8,23679
可唻咿（福升店）,禅城区,祖庙,4.4,单人高品质烫染套餐,268,22924
迪美造型（沃尔玛迪美分店）,禅城区,东方广场,5.0,【品质特惠】单人欧莱雅烫/染5选1+护理,128,14350
迪美造型（银花总汇店）,禅城区,祖庙,4.9,【品质特惠】单人欧莱雅烫/染5选1+护理,128,14350
迪美造型（福升商场店）,禅城区,祖庙,4.9,【品质特惠】单人欧莱雅烫/染5选1+护理,128,14350
丝域养发馆（佛山雅居乐店）,禅城区,季华六路/湖景路,3.6,玫瑰香薰spa+水润头皮护理,88,10637
丝域养发馆（怡景丽苑店）,禅城区,季华六路/湖景路,4.0,玫瑰香薰spa+水润头皮护理,88,10637
丝域养发馆（佛山凯德广场店）,禅城区,祖庙,4.5,玫瑰香薰spa+水润头皮护理,88,10637
丝域养发馆（佛山印象城店）,禅城区,东建世纪广场,5.0,玫瑰香薰spa+水润头皮护理,88,10637
丝域养发馆（恒福国际店）,禅城区,恒福GO GO PARK,5.0,玫瑰香薰spa+水润头皮护理,88,10637
迪美造型（亲仁路店）,禅城区,东方广场,4.4,单人欧莱雅超人气套餐168,168,10288
VS沙宣造型全国连锁（百花广场店）,禅城区,祖庙,5.0,单人欧莱雅品质美发套餐,158,9073
米咔造型（百花广场店）,禅城区,祖庙,4.7,单人欧莱雅超人气金典烫染套餐3选1,198,7844
尚艺美容美发连锁机构（禅城兆阳店）,禅城区,兆阳广场,4.6,单人商务洗剪吹套餐,38.8,7715
苹果造型 AP HAIR SALON（季华园店）,禅城区,丽日玫瑰,4.6,单人欧莱雅染烫5选1套餐,298,3385
苹果造型 AP HAIR SALON（百花广场店）,禅城区,祖庙,4.9,单人欧莱雅染烫5选1套餐,298,3385
米苏精致生活造型（玫瑰园店）,禅城区,印象城,4.3,米苏精致洗剪造型,45,3028
米苏精致生活造型（港口店）,禅城区,岭南大道北,5.0,米苏精致洗剪造型,45,3028
米苏精致生活造型（同华店）,禅城区,同济,5.0,米苏精致洗剪造型,45,3028
芭顿美容美发spa,禅城区,东方广场,5.0,单人洗剪吹造型,39,2802
丝艺发廊,禅城区,禅城区,4.4,单人洗剪吹一次套餐,46.9,2606
多米造型（东方沃尔玛丽莎分店）,禅城区,东方广场,5.0,单人洗剪吹套餐,38,2523
多米造型（星星华园国际店）,禅城区,季华园,4.0,单人洗剪吹套餐,38,2523
多米造型全国连锁（惠景城直营店）,禅城区,丽日玫瑰,5.0,单人洗剪吹套餐,38,2523
多米造型全国连锁（永丰大夏店）,禅城区,同济,5.0,单人洗剪吹套餐,38,2523
尚艺时尚造型秀发养疗（禅城市东店）,禅城区,祖庙,4.5,单人设计师洗剪吹套餐1次,33,2376
尚艺（禅城榴苑店）,禅城区,石湾,4.0,单人设计师洗剪吹套餐1次,33,2376
尚艺美容美发连锁机构（禅城体育店）,禅城区,印象城,5.0,单人设计师洗剪吹套餐1次,33,2376
尚艺美容美发连锁机构（禅城普君西店）,禅城区,祖庙,3.9,单人设计师洗剪吹套餐1次,33,2376
《1号连锁》美发专家（永丰大夏店）,禅城区,同济,5.0,乔薇尔（JOVIAL)单选,339,2334
1号连锁（东方沃尔玛店）,禅城区,东方广场,4.3,乔薇尔（JOVIAL)单选,339,2334
星古玛（东方广场）,禅城区,东方广场,5.0,单人风格设计师洗剪吹套餐,33.8,2208
古玛（普君新城店）,禅城区,普君新城,5.0,单人风格设计师造型套餐,59,2134
古玛（东方新天地店）,禅城区,东方广场,5.0,单人风格设计师造型套餐,59,2134
本地制造发型设计（九鼎店）,禅城区,九鼎国际,5.0,烫染直3选1套餐,218,2128
缔凡（金澜北路店）,禅城区,同济,5.0,洗护造型美发套餐,26.8,2119
缔凡（百花店）,禅城区,百花广场,5.0,洗护造型美发套餐,26.8,2119
MG Style Salon网红店（佛山品质总店）,禅城区,祖庙,5.0,【奇幻系列&七代】资深设计师染/SPA热能烫＋洗＋剪＋吹＋护,169,1952
米咔造型（季华园地铁店）,禅城区,丽日玫瑰,4.7,单人店长总监高端烫染3选1,398,1898
皇尚（江湾店）,禅城区,创意产业园,5.0,单人风格设计师洗剪吹套餐（仅限男宾）,25,1878
尚艺美容美发连锁机构（禅城绿景店）,禅城区,丽日玫瑰,5.0,单人高级发型师洗剪吹套餐,42.8,1867
阿玛仕（影荫路店）,禅城区,季华园,5.0,单人特约设计师女发专享洗剪吹套餐（影荫路店）,39.9,1845
阿玛仕（恒福国际店）,禅城区,恒福GO GO PARK,5.0,单人女士特约设计师洗剪吹套餐（恒福国际店）,45,1820
丽莎国际美发（东方广场锦隆花园店）,禅城区,东方广场,5.0,资生堂、烫发、直发+染发3选2套餐,368,1759
丽莎国际美发（华强广场店）,禅城区,祖庙,4.9,资生堂、烫发、直发+染发3选2套餐,368,1759
丽莎国际美发（东方广场沃尔玛店）,禅城区,东方广场,5.0,资生堂、烫发、直发+染发3选2套餐,368,1759
丽莎国际美发（东方新天地银花总店）,禅城区,祖庙,5.0,资生堂、烫发、直发+染发3选2套餐,368,1759
丽莎国际美发（福升商场状元分店）,禅城区,祖庙,5.0,资生堂、烫发、直发+染发3选2套餐,368,1759
尚東造型,禅城区,季华园,5.0,资深发型师洗剪吹套餐,33.8,768
蕾丝莱丝,禅城区,祖庙,5.0,资深设计师洗剪吹,39.9,757
千百千专注发型（祖庙店）,禅城区,同济,4.6,单人烫染直3选2+洗剪吹套餐,278,738
法界,禅城区,东建世纪广场,4.2,洗剪吹套餐,35,677
E salon 发型顾问,禅城区,祖庙,5.0,高级发型师洗剪吹造型,36.8,655
魔幻,禅城区,祖庙,5.0,单人高级设计师剪发,29.9,639
阿凯·发艺社,禅城区,岭南大道北,4.9,洗剪吹,30,564
顶尚堂头疗馆（绿景店）,禅城区,丽日玫瑰,4.0,单人老姜王洗发+老姜按摩,18,553
顶尚堂头疗馆（张槎店）,禅城区,张槎,4.7,单人老姜王洗发+老姜按摩,18,553
顶尚堂头疗馆（彩虹店）,禅城区,季华六路/湖景路,3.8,单人老姜王洗发+老姜按摩,18,553
顶尚堂头疗馆（亲仁路店）,禅城区,东方广场,5.0,单人老姜王洗发+老姜按摩,18,553
星古玛(铂顿城店),禅城区,祖庙,5.0,单人风格设计师洗剪吹套餐,63,511
皇庭俪人（湖景路店）,禅城区,季华六路/湖景路,4.3,单人尊贵设计师专享洗剪吹1次,48,474
尚艺美容美发连锁机构（禅城港口路店）,禅城区,碧桂园,5.0,单人洗剪吹套餐,48,460
古玛（石湾店）,禅城区,石湾,5.0,单人风格设计师洗剪吹套餐,59,448
集英社美发沙龙（流前店）,禅城区,同济,5.0,单人高级设计师洗剪吹,68,429
依曼琪造型（同华店）,禅城区,同济,5.0,单人发型设计+头部按摩,34.8,357
潮流JC丽人坊,禅城区,祖庙,5.0,私人订制洗剪吹,25,353
瑞豪专业烫染连锁（百花广场店）,禅城区,禅城区,5.0,【长发情结】原生态无痕接发,1580,325
型匠美发连锁（福禄路店）,禅城区,东方广场,4.4,单人资深设计师洗剪吹,41,304
型匠潮沙龙（东方明珠城店）,禅城区,东方广场,5.0,单人资深设计师洗剪吹,29,303
尚艺美容美发连锁机构（禅城松风店）,禅城区,东方广场,3.3,单人资深发型师洗剪吹套餐,36.8,289
梁艺,禅城区,东建世纪广场,3.9,时尚美发师单人洗剪吹,25,277
阿玛仕（湖景店）,禅城区,季华六路/湖景路,5.0,单人特约设计师男士中式洗疗+精剪造型,55,273
香港品牌 JMM salon,禅城区,季华园,5.0,首席发型师洗剪吹活动期间,38,237
菲灵,禅城区,祖庙,4.3,单人创意发型师洗剪吹,98,235
欧芭.欧丽特店,禅城区,季华园,3.9,资深发型师洗剪吹套餐,36.8,235
金缔发型设计会所,禅城区,同济,4.7,单人资深设计师剪发造型,30,230
集英社美发沙龙（同华店）,禅城区,同济,4.5,单人资深设计师洗剪吹,98,230
名星廊Hair salon（东方广场店）,禅城区,东方广场,5.0,【闲时&特惠】单人资深设计师剪发套餐,19.9,239
HairCode芭曲发型机构(NOVA店),禅城区,祖庙,5.0,高级发型师形象设计+洗剪吹造型,78,221
至美私人定制烫染名店,禅城区,祖庙,5.0,单人店长总监私人定制资生堂（烫染）套餐,358,195
GEE香港极意造型,禅城区,祖庙,5.0,单人专业设计师洗剪吹套餐,98,179
香港A.S salon（铂顿城店）,禅城区,祖庙,3.0,资深设计师洗剪吹,59,177
香港A.S salon（九鼎国际店）,禅城区,九鼎国际,5.0,资深设计师洗剪吹,59,177
ak造型,禅城区,祖庙,5.0,单人洗剪吹套餐,35,165
八开本形象工作社,禅城区,同济,5.0,资深发型师单人洗剪吹,68,161
salon发型屋,禅城区,九鼎国际,4.9,单人沙宣烫染直套餐,148,157
鑫凯时尚造型,禅城区,印象城,4.3,单人接发一次,1,156
鑫凯时尚造型,禅城区,同济,3.9,单人接发一次,1,156
丝域美发养发馆（海景蓝湾店）,禅城区,碧桂园,4.3,单人玫瑰水润SPA养发护理,69,156
丝享美丽形象设计·美颜养生（希尔顿酒店）,禅城区,碧桂园,5.0,单人设计师洗剪吹加时尚造型,28,147
华艺,禅城区,碧桂园,4.7,单人高级洗剪吹,45,145
卡蕊美发沙龙,禅城区,东建世纪广场,5.0,高级设计师洗剪吹套餐,33,135
卡哇伊形象设计（普君店）,禅城区,普君新城,5.0,总监单人剪发套餐,49.8,117
JM吉米形象设计工作室,禅城区,祖庙,4.6,精剪技术单人洗剪吹,40,115
青春有约美容美发,禅城区,东建世纪广场,5.0,高级洗剪吹套系,40,105
精英格（鸿翔店）,禅城区,季华六路/湖景路,3.6,单人洗吹定型1次,35,100
精英格（湖景店）,禅城区,季华六路/湖景路,3.9,单人洗吹定型1次,35,100
名传造型,禅城区,祖庙,5.0,单人店长洗剪吹,26,99
艾丽丝（华远店）,禅城区,东建世纪广场,5.0,单人洗剪吹,58,99
爱简发（铂顿城店）,禅城区,祖庙,4.1,爱简发,11,99
潮村造型,禅城区,祖庙,5.0,[剪发]单人洗剪+造型,39.8,77
鼎盛造型,禅城区,九鼎国际,4.1,单人洗吹+全身按摩冲头床套餐,28,74
荣荣美容美发中心,禅城区,同济,5.0,单人洗剪吹套餐,30,71
青苹果工作室,禅城区,祖庙,4.6,星级剪发,82,70
妍理养发馆（兆阳店）,禅城区,丽日玫瑰,4.0,单人坚果油养发护理套餐,68,69
妍理养发馆（天湖郦都店）,禅城区,禅城区,4.1,单人坚果油养发护理套餐,68,69
妍理养发馆（九珑壁店）,禅城区,季华六路/湖景路,4.4,单人坚果油养发护理套餐,68,69
妍理养发馆（佛山印象城店）,禅城区,印象城,4.4,单人坚果油养发护理套餐,68,69
尼伊藤发质护理店,禅城区,恒福GO GO PARK,3.9,单人草本植物染发套餐,108,11
颐扬健发养颜（绿景路店）,禅城区,季华园,4.7,单人防脱生.发,22.8,9
颐扬健发养颜（星星华园国际店）,禅城区,季华园,4.3,单人防脱生.发,22.8,9
高进国际品牌造型店,禅城区,印象城,4.1,创意染发,118,7
安芘利发廊（湖景路店）,禅城区,季华六路/湖景路,3.7,单人高级洗剪吹,88,7
show发,禅城区,同济,5.0,单人美发COCO直发/热烫,169,6
MO卡,禅城区,祖庙,4.6,单人烫染直3选1,158,5
尚艺时尚造型秀发养疗（禅城朝安北店）,禅城区,朝安地铁站,4.9,单人威娜烫染造型套餐,499,3
领秀发型定制（东二店）,禅城区,同济,3.5,单人风格洗剪吹,59,1
领秀发型定制（铂顿城店）,禅城区,祖庙,3.0,单人风格洗剪吹,59,1
沙朗发丝社（普澜二路总店）,禅城区,同济,3.7,设计师造型,88,1
金群美发,禅城区,禅城区,3.0,单人直烫染套餐3选1,68,1
芭芘.爱丽丝,禅城区,祖庙,4.7,单人无痕接发,3,0
伊莱造型,禅城区,同济,4.3,单人烫直染套餐,189,0
创艺发型设计,禅城区,张槎,3.0,单人电/直美发套餐,199,0
佰度造型空间,禅城区,张槎,3.9,烫直2选1套餐,238,0
Mfs名发师,禅城区,禅城区,3.9,欧莱雅烫发染发直发护理,328,0
曼玛造型,禅城区,东方广场,3.5,单人曼玛造型十级受损发质救星（有停车位）,398,0
Beauty.Life形象设计,禅城区,祖庙,3.5,单人BL造型私人定制时尚颜色设计,380,0
佑米造型（万达精品店）,南海区,万达广场/金融城,5.0,丽人狂欢节-欧莱雅烫/染二选一,228,310627
欧莱雅私人定制美发连锁（佛山万达广场店）,南海区,万达广场/金融城,5.0,单人洗剪吹/护理套餐2选1,39,101034
施华蔻美发连锁（佛山万达广场店）,南海区,万达广场/金融城,5.0,单人施华蔻烫染套餐3选1,208,85651
紫尚造型（佛山百花时代广场店）,南海区,南海万科广场,5.0,【人气】单人烫染直三选一美发套餐,159,59493
美天淘日系沙龙（南海广场丝图店）,南海区,南海广场,5.0,欧莱雅烫发染发直发护理单人套餐,159,24325
摩登时尚（南海万达广场店）,南海区,万达广场/金融城,5.0,【品质优选】设计师定制裁剪,29.8,23679
可唻咿造型（万达广场店）,南海区,万达广场/金融城,4.1,单人高品质烫染套餐,268,22924
可唻咿全国连锁（信和广场店）,南海区,里水,4.5,单人高品质烫染套餐,268,22924
迪美造型（南海广场店）,南海区,南海广场,4.3,【品质特惠】单人欧莱雅烫/染5选1+护理,128,14350
迪美造型（大润发鸿大广场店）,南海区,鸿大广场,4.7,【品质特惠】单人欧莱雅烫/染5选1+护理,128,14350
夏一站天后（颐景园店）,南海区,南海区,5.0,单人精剪造型套餐,69.9,12380
夏一站天后（名艺店）,南海区,鸿大广场,5.0,单人精剪造型套餐,69.9,12380
夏一站天后（百花时代店）,南海区,南海万科广场,5.0,单人精剪造型套餐,69.9,12380
夏一站天后（海七路店）,南海区,千灯湖/保利水城,5.0,单人精剪造型套餐,69.9,12380
丝域养发馆（佳胜广场店）,南海区,南海区,4.5,玫瑰香薰spa+水润头皮护理,88,10637
丝域养发馆（丽日玫瑰店）,南海区,鹏瑞利季华广场,4.3,玫瑰香薰spa+水润头皮护理,88,10637
丝域养发馆（平洲店）,南海区,平洲,3.9,玫瑰香薰spa+水润头皮护理,88,10637
巴罗国际烫染连锁（芭莎丹顿店）,南海区,南海区,4.7,单人超值烫发/染发套餐5选2,378.8,7934
尚美形象（兴业店）,南海区,鸿大广场,3.0,综合烫染套餐,418,4195
玛莎国际专业接发潮牌（桂澜北路店）,南海区,万达广场/金融城,5.0,单人全真无痕隐形接发（55cm）拆卸无残留,780,3954
苹果造型 AP HAIR SALON（里水潮流港店）,南海区,里水,4.3,单人欧莱雅染烫5选1套餐,298,3385
丝艺美发机构,南海区,狮山,5.0,单人洗剪吹一次套餐,46.9,2606
多米造型（金御华府店）,南海区,南海区,4.0,单人洗剪吹套餐,38,2523
多米造型（凯德广场店）,南海区,凯德广场,4.0,单人洗剪吹套餐,38,2523
多米造型（里水店）,南海区,里水,5.0,单人洗剪吹套餐,38,2523
多米造型（佳华商场店）,南海区,南海区,4.1,单人洗剪吹套餐,38,2523
多米造型（百花时代广场店）,南海区,南海万科广场,5.0,单人洗剪吹套餐,38,2523
多米造型（桂城万达广场店）,南海区,万达广场/金融城,4.9,单人洗剪吹套餐,38,2523
半边天私人定制美发馆,南海区,万达广场/金融城,5.0,单人商务精剪套餐,34.9,2454
玛莎拉造型·彩妆·生活（南海万科店）,南海区,南海万科广场,5.0,高级设计师洗剪吹套餐,38,2394
1号连锁美发专家（万达店）,南海区,万达广场/金融城,3.5,乔薇尔（JOVIAL)单选,339,2334
古玛（悦汇天地广场店）,南海区,越秀广场,5.0,单人风格设计师造型套餐,59,2134
本地制造(鸿大广场店),南海区,鸿大广场,5.0,烫染直3选1套餐,218,2128
多米造型全国连锁（嘉州广场店）,南海区,嘉洲广场,5.0,单人资生堂3选2套餐,398,1904
多米造型（城市广场店）,南海区,城市广场/新天地,4.0,单人资生堂3选2套餐,398,1904
多米造型全国连锁（盐步店）,南海区,南海区,4.6,单人资生堂3选2套餐,398,1904
阿玛仕（怡丰城店）,南海区,怡丰城,5.0,单人特约设计师洗剪吹通用（怡丰城店）,55,1871
瑛煌造型（依云天汇店）,南海区,南海区,5.0,单人高级设计师洗剪吹,55,1796
丽莎国际美发（鸿大广场店）,南海区,鸿大广场,5.0,资生堂、烫发、直发+染发3选2套餐,368,1759
丽莎国际美发（南海广场私人定制店）,南海区,南海广场,5.0,资生堂、烫发、直发+染发3选2套餐,368,1759
艾秀造型,南海区,南海区,5.0,单人艾秀造型资深洗吹+精剪+造型,45.9,1756
艾秀造型(顺联国际奥特莱斯店),南海区,城市广场/新天地,5.0,单人艾秀造型资深洗吹+精剪+造型,45.9,1756
经典美业（芭莎丹顿店）,南海区,南海区,5.0,单人总监洗剪吹,35,1696
尚艺（罗村机场店）,南海区,罗村,4.7,单人洗剪吹套餐,35,1631
型艺,南海区,鹏瑞利季华广场,4.9,单人资深理发师洗剪吹套餐,45,1626
金顺美发沙龙,南海区,狮山,4.0,单人高级洗剪吹套餐,39.9,1516
集贤工作室（金雅轩店）,南海区,南海区,4.1,单人洗剪吹,35,1500
阿玛仕（保利水城店）,南海区,千灯湖/保利水城,5.0,单人资深设计师男发专享洗剪吹套餐（保利水城店）,55,1460
名发社发型屋（卡缤店）,南海区,南海广场,5.0,名发社发型导师洗剪吹单人套餐,60,1333
尊龙发型,南海区,里水,4.6,高级洗剪吹套餐,28,1281
阿玛仕（万达广场店）,南海区,万达广场/金融城,5.0,单人设计师女士洗剪吹套餐(万达广场店),50,1132
飞艺（怡富店）,南海区,嘉洲广场,5.0,单人技术总监洗剪吹套餐,45,1091
桂城尚艺（万达广场店）,南海区,万达广场/金融城,5.0,单人资深发型师洗剪吹套餐（万达店）,59,1079
丽丝造型（大润发鸿大广场店）,南海区,鸿大广场,5.0,资身堂 烫发/直发+染发套餐（3选2）,368,1061
丽丝造型（南海广场悦万城店）,南海区,南海广场,5.0,资身堂 烫发/直发+染发套餐（3选2）,368,1061
格美头疗造型馆,南海区,千灯湖/保利水城,5.0,单人洗剪吹造型,44.8,1007
阿玛仕（越秀星汇云锦广场店）,南海区,越秀广场,5.0,单人女士洗剪吹1次,45,1006
花芯丝美容美发中心（桃园店）,南海区,松岗,4.5,单人高级发型师洗剪吹(仅2店）白天,29.8,933
TF.made品潮发型定制,南海区,怡丰城,5.0,单人资深设计师洗剪吹套餐,45,897
卡顿造型,南海区,鸿大广场,5.0,单人男士卡顿洗剪吹套餐,27.8,885
格式风,南海区,狮山,5.0,洗剪吹造型,29.9,857
桂城尚艺（康怡丽苑分店）,南海区,平洲,4.1,单人高级发型师洗剪吹套餐,49,857
桂城尚艺（金御华府）,南海区,南海区,4.6,单人高级发型师洗剪吹套餐,49,857
桂城尚艺（翰高组店）,南海区,南海广场,5.0,单人高级发型师洗剪吹套餐,49,857
桂城尚艺（百花时代广场店）,南海区,南海万科广场,4.5,单人高级发型师洗剪吹套餐,49,857
TT造型(南海万科广场店),南海区,南海万科广场,5.0,单人资深设计师洗剪吹造型,48,817
私人定制美发（南海广场店）,南海区,南海广场,5.0,资生堂 、烫染直3选2套餐,368,810
古玛（金融城店）,南海区,万达广场/金融城,5.0,单人风格设计师剪吹套餐,59,785
cozy美发世家全国连锁（同济西路店）,南海区,南海万科广场,3.5,单人时尚烫发染发4选1套餐,158,779
cozy美发世家全国连锁（信和广场店）,南海区,里水,4.3,单人时尚烫发染发4选1套餐,158,779
cozy美发世家全国连锁（万达广场3店）,南海区,南海区,3.9,单人时尚烫发染发4选1套餐,158,779
Muse缪斯私属形象定制（怡丰城店）,南海区,怡丰城,5.0,单人资深设计师洗剪吹造型,49,753
TB Style Salon网红店（万达店）,南海区,万达广场/金融城,5.0,资深设计师单人洗剪吹＋护理套餐,9.9,572
尊艺国际美容美发连锁店,南海区,里水,5.0,单人资深发型师洗剪吹套餐,35,564
顶尚堂头疗馆（怡翠馨园店）,南海区,城市广场/新天地,4.3,单人老姜王洗发+老姜按摩,18,553
发艺人,南海区,狮山,4.1,单人男士洗剪吹套餐,30,547
新潮派造型会所,南海区,南海万科广场,5.0,单人高级洗剪造型,36.9,513
名都发城,南海区,里水,5.0,单人高级洗剪吹套餐,35,485
木古hairsalon(南海万科广场店),南海区,南海万科广场,5.0,单人高级洗剪吹套餐,45,477
原嘉州广场三楼魔法师,南海区,南海区,4.5,洗剪吹,68,396
Hair Code芭曲发型机构（悦万城店）,南海区,南海广场,4.9,高级发型师形象设计+洗剪吹造型,48,355
尚艺（玖艺店）,南海区,嘉洲广场,4.1,单人烫/染/直三选一套餐,158,350
与美相约,南海区,鹏瑞利季华广场,4.9,总监洗剪吹套餐,50,339
丝图（南海广场丝图店）,南海区,南海广场,5.0,单人日式首席设计师洗剪吹1次,56,338
集贤工作室（城南市场店）,南海区,南海区,4.1,单人洗剪吹套餐,28,306
丝域养发馆（怡翠玫瑰园）,南海区,鹏瑞利季华广场,4.1,丝域头部香薰spa,69,275
博德工作室,南海区,鸿大广场,5.0,单人洗造型1次,35,266
芭莎丹顿,南海区,南海区,5.0,单人洗剪吹套餐,30,262
曲区美发沙龙,南海区,万达广场/金融城,4.3,单人资深发型师洗剪吹造型套餐,58,254
太古汇美发,南海区,鸿大广场,4.3,太古汇洗剪吹套餐,45,248
丝贝朗养生养发馆（鹏瑞利季华广场店）,南海区,鹏瑞利季华广场,3.0,单人丝贝朗单项护理9选1,36,239
丝贝朗美容养发馆（禅城雅居乐店）,南海区,南海区,3.9,单人丝贝朗单项护理9选1,36,239
阿玛仕(鹏瑞利季华广场店),南海区,鹏瑞利季华广场,5.0,单人男士专享洗剪吹（鹏瑞利）,60,218
卡瑞形象定制,南海区,万达广场/金融城,5.0,资深设计师单人洗头+精剪+造型,38,217
DISCOVERY·发现美发沙龙,南海区,千灯湖/保利水城,5.0,单人资深发型师洗剪吹1次,68,213
睿美风格造型,南海区,鸿大广场,4.8,新店试业单人洗剪吹造型特惠套餐,45,209
米兰造型,南海区,鸿大广场,5.0,【限时+特惠】免预约、资深设计师、洗剪吹私人订制套餐、,29.9,208
八八棒美发造型（罗村旗舰店）,南海区,罗村,5.0,单人资深设计师洗剪吹造型（佛山罗村店是总监剪发）,49,206
她他造型,南海区,鸿大广场,4.0,单人烫染直3选1,168,94
mocha（摩卡）私人定制,南海区,千灯湖/保利水城,5.0,单人洗剪造型套餐,69.9,91
七艺美容美发连锁机构,南海区,狮山,3.7,单人精致洗剪吹套餐,59,84
沐蝶形象风格设计,南海区,里水,5.0,［剪发］【男士裁剪】精致风格设计,25,84
东尼发型连锁机构,南海区,鸿大广场,4.5,单人洗剪吹,40,79
名匠造型美容养生馆,南海区,官窑,4.2,单人烫/染/电发套餐,138,68
MT造型（万科广场店）,南海区,南海万科广场,4.1,MT剪发造型单人套餐,48,67
梦.Dream salon,南海区,九江,4.1,梦.Dream salon洗吹加精剪设计单人套餐,27.8,64
丝荟造型（万科金域华府店）,南海区,南海区,4.5,丝荟欧莱雅烫/染2选1单人套餐,368,61
艾丝造型,南海区,鸿大广场,5.0,单人洗剪吹造型,40,60
主题形象设计机构(凯德广场店),南海区,凯德广场,5.0,单人总监洗剪吹套餐,68,56
名門秀发（狮山店）,南海区,狮山,5.0,品牌颜色打蜡套餐,1,53
尹上造型,南海区,万达广场/金融城,4.6,单人高级设计师洗剪吹,28,55
名流美业,南海区,罗村,5.0,单人风格烫染直定位套餐（4选1）,198,48
丝璐·国际,南海区,沙头,4.5,烫发单人套餐,88,48
国颐堂养发spa馆（狮山店）,南海区,狮山,4.0,皇室健康洗头,48,47
和婷,南海区,平洲,4.9,单人超惠热塑造型烫/直发+染发+护理套餐（2选1）,298,44
KK私人发型定制,南海区,南海区,3.9,剪发,40,41
邂逅形象设计,南海区,平洲,5.0,【剪发】资深设计师洗剪吹,29,32
集型社（南海万科店）,南海区,南海万科广场,3.5,单人资深发型师洗剪造型套餐,105,1
沙朴shirp私人形象订制（罗村店）,南海区,罗村,3.5,单人(技术店长)洗剪吹套餐(洗发+剪发+造型),108,0
Genji Hair 台灣髮型設計師,南海区,南海区,5.0,Genji Hair 台灣髮型設計師 陈力业 代金券,188,0
赢航国际,南海区,万达广场/金融城,3.5,单人夏日清爽定制洗剪吹套餐,49,0
Hair art造型中心（南海万达精品店）,南海区,万达广场/金融城,5.0,单人打蜡+色彩护理,228,0
名师名剪,南海区,南海区,3.0,设计师造型,88,0
圣美缘美容美发会所（保利店）,南海区,千灯湖/保利水城,3.8,单人特色护理+造型,98,0
金色年华美发屋,南海区,嘉洲广场,3.9,洗剪吹,88,0
苏奇（容山店）,顺德区,容桂,5.0,单人资深设计师洗剪吹套餐,43,47434
苏奇（君御店）,顺德区,大良,5.0,单人资深设计师洗剪吹套餐,43,47434
苏奇（千禧店）,顺德区,容桂,5.0,单人资深设计师洗剪吹套餐,43,47434
苏奇（富华店）,顺德区,容桂,5.0,单人资深设计师洗剪吹套餐,43,47434
苏奇（桂花店）,顺德区,容桂,5.0,单人资深设计师洗剪吹套餐,43,47434
苏奇（中华路店）,顺德区,容桂,5.0,单人资深设计师洗剪吹套餐,43,47434
米娜造型（中华路店）,顺德区,容桂,5.0,单人欧莱雅高端五选一套餐,198,27358
可唻咿造型（乐从镇天佑城店）,顺德区,乐从,5.0,高级设计师洗剪吹,29.8,27044
米娜造型【（东成大厦店】）,顺德区,大良,3.8,单人欧莱雅美奇丝超值烫发/染发二选一美发套餐,168,15876
丝域养发馆（大良碧溪店）,顺德区,大良,4.7,玫瑰香薰spa+水润头皮护理,88,10637
丝域养发馆（乐从奥园店）,顺德区,乐从,4.0,玫瑰香薰spa+水润头皮护理,88,10637
丝域养发馆（万科水晶店）,顺德区,北滘,4.0,玫瑰香薰spa+水润头皮护理,88,10637
丝域养发馆（顺德大良雅居乐店）,顺德区,大良,4.1,玫瑰香薰spa+水润头皮护理,88,10637
丝域养发馆（佛山乐从店）,顺德区,乐从,4.0,玫瑰香薰spa+水润头皮护理,88,10637
丝域养发馆（明日华府店）,顺德区,大良,4.0,玫瑰香薰spa+水润头皮护理,88,10637
丝域养发馆（陈村店）,顺德区,大良,4.0,玫瑰香薰spa+水润头皮护理,88,10637
丝域养发馆（佛山北滘店）,顺德区,北滘,4.1,玫瑰香薰spa+水润头皮护理,88,10637
集英美业（新一城店）,顺德区,大良,5.0,单人 高级洗剪吹1次,39,6852
集英美发,顺德区,大良,5.0,单人 高级洗剪吹1次,39,6852
米基造型,顺德区,北滘,4.9,单人洗剪吹,35,4617
纯美国际（体育路店）,顺德区,容桂,5.0,单人高级设计师洗剪吹套餐,38,4315
纯美国际（伦教店）,顺德区,伦教,5.0,单人高级设计师洗剪吹套餐,38,4315
纯美国际（北滘）,顺德区,北滘,4.3,单人高级设计师洗剪吹套餐,38,4315
纯美国际（达芬尼丝店）,顺德区,容桂,4.7,单人高级设计师洗剪吹套餐,38,4315
纯美国际（东乐店）,顺德区,大良,5.0,单人高级设计师洗剪吹套餐,38,4315
纯美国际（容奇店）,顺德区,容桂,4.1,单人高级设计师洗剪吹套餐,38,4315
纯美国际（新一城店）,顺德区,大良,5.0,单人高级设计师洗剪吹套餐,38,4315
纯美国际（福基店）,顺德区,容桂,4.9,单人高级设计师洗剪吹套餐,38,4315
纯美国际（大润发店）,顺德区,大良,4.9,单人高级设计师洗剪吹套餐,38,4315
纯美国际（天佑城店）,顺德区,容桂,4.7,单人高级设计师洗剪吹套餐,38,4315
纯美国际（凤祥店）,顺德区,容桂,5.0,单人高级设计师洗剪吹套餐,38,4315
纯美国际（雅居乐店）,顺德区,大良,4.5,单人高级设计师洗剪吹套餐,38,4315
纯美国际（富民店）,顺德区,大良,4.6,单人高级设计师洗剪吹套餐,38,4315
艾玛,顺德区,陈村,5.0,洗剪吹美发套餐,43,3610
啦唯造型（乐购店）,顺德区,大良,5.0,洗剪吹套餐,33,2543
啦唯造型（伦教店）,顺德区,伦教,5.0,洗剪吹套餐,33,2543
多米造型（北滘店）,顺德区,北滘,5.0,单人洗剪吹套餐,38,2523
绝色造型,顺德区,龙江,5.0,单人洗剪吹,38,2439
1号连锁美发专家（东基路店）,顺德区,北滘,4.1,乔薇尔（JOVIAL)单选,339,2334
欧志明形象工作室,顺德区,乐从,5.0,洗剪吹,60,2196
多米造型全国连锁（顺联店）,顺德区,陈村,4.1,单人资生堂3选2套餐,398,1904
多米造型全国连锁（容桂泰安大厦店）,顺德区,北滘,4.0,单人资生堂3选2套餐,398,1904
皇潮大本营,顺德区,北滘,5.0,洗剪吹优惠套餐,29.9,1757
尚艺（乐从威斯店）,顺德区,乐从,5.0,单人洗剪吹套餐,35,1631
尚艺（乐从河滨尚艺）,顺德区,乐从,5.0,单人洗剪吹套餐,35,1631
尚艺（乐从怡景店）,顺德区,乐从,5.0,单人洗剪吹套餐,35,1631
沙朗发丝社（威斯店）,顺德区,乐从,5.0,单人洗剪吹,35,1489
龙卷风·欧曼剪烫（华安店）,顺德区,均安,4.2,单人高级洗剪吹套餐,40,1468
龙卷风·欧曼剪烫（云良店）,顺德区,大良,4.0,单人高级洗剪吹套餐,40,1468
龙卷风·欧曼剪烫（天福源店）,顺德区,均安,3.9,单人高级洗剪吹套餐,40,1468
艺人坊,顺德区,大良,5.0,单人艺人坊洗剪吹套餐,35,1225
嘉美发型工作室,顺德区,大良,5.0,洗剪吹套餐,25,1188
玛莎·缇娜,顺德区,容桂,5.0,特约设计师洗剪吹套餐,35,1017
cozy美发世家全国连锁（乐从湖景阁店）,顺德区,乐从,4.1,单人时尚烫发染发4选1套餐,158,779
cozy美发世家全国连锁（好乐迪量版式歌城店）,顺德区,大良,4.0,单人时尚烫发染发4选1套餐,158,779
cozy美发世家.网红潮牌.全国连锁（容桂大道中店）,顺德区,容桂,4.1,单人时尚烫发染发4选1套餐,158,779
cozy美发世家全国连锁（顺联广场店）,顺德区,陈村,4.9,单人时尚烫发染发4选1套餐,158,779
花都美容美发,顺德区,北滘,3.7,洗剪吹美发套餐,51,740
無题造型（ 千禧店）,顺德区,容桂,5.0,洗剪吹套餐,33,727
無题造型（新一城店）,顺德区,大良,5.0,洗剪吹套餐,33,727
佑真形象,顺德区,大良,5.0,单人首席洗剪吹1次,43,680
無题造型新世界店,顺德区,大良,5.0,欧莱雅烫染直3选1,238,652
無题造型（容桂宏骏店）,顺德区,容桂,5.0,欧莱雅烫染直3选1,238,652
無题造型（伦教店）,顺德区,伦教,5.0,欧莱雅烫染直3选1,238,652
纯美国际（嘉信店）,顺德区,大良,5.0,高级设计师烫染套餐（限时特惠）,168,646
纯美国际（文华店）,顺德区,容桂,4.5,高级设计师烫染套餐（限时特惠）,168,646
特典（文华店）,顺德区,容桂,5.0,设计师洗剪吹,48,637
特典（至艺店）,顺德区,容桂,5.0,设计师洗剪吹,48,637
顶尚堂头疗馆专攻白发脱发（乐从店）,顺德区,乐从,4.5,单人老姜王洗发+老姜按摩,18,553
韩社,顺德区,龙江,5.0,超人气单人洗剪吹+风格造型,23.9,541
T8.Salon,顺德区,乐从,4.1,发型设计套餐,80,519
MT潮牌色彩主题沙龙,顺德区,勒流,4.0,单人高级设计师洗剪吹+头发护理,50,500
欧志明形象工作室（风度广场店）,顺德区,乐从,5.0,洗剪吹,60,490
高级发咖烫染社,顺德区,容桂,4.0,美奇丝烫发染发套餐,1,421
韩尚美容美发会所,顺德区,龙江,5.0,【剪发】洗剪吹,23.9,414
MONIKA 莫尼卡形象设计会所,顺德区,乐从,5.0,单人资深设计师洗剪吹套餐,45,391
觉度美发（丰华北路摩登店）,顺德区,龙江,5.0,高级发型师烫染直三选一,108,361
妍理养发馆（佛山碧桂花城店）,顺德区,陈村,4.0,单人养洗套餐,29,360
8090美发连锁,顺德区,乐从,5.0,接发3选1,3,345
名人坊（小黄圃店）,顺德区,容桂,5.0,特惠洗吹造型,25,323
阿玛仕（乐从奥园店）,顺德区,乐从,5.0,单人特约高级设计师女士专享洗剪吹,29.9,294
Bonnie量身发型定制（华美达店）,顺德区,北滘,4.9,欧莱雅套餐烫/直/染套餐,380,282
LAVA,顺德区,大良,4.7,LAVA高级订制洗剪吹单人套系,88,253
皇子造型,顺德区,陈村,5.0,单人首席设计师洗剪吹造型1次,45,245
集英造型全国连锁,顺德区,陈村,3.6,资深发型师洗剪吹,35,245
丝贝朗养生养发馆（四季缤纷店）,顺德区,陈村,5.0,单人丝贝朗单项护理9选1,36,239
丝贝朗养生养发馆（顺德雅居乐店）,顺德区,大良,3.0,单人丝贝朗单项护理9选1,36,239
丝贝朗养生养发馆（名门豪苑店）,顺德区,大良,3.5,单人丝贝朗单项护理9选1,36,239
Myhair发型私人定制,顺德区,容桂,4.4,欧莱雅套餐烫/直/染套餐3选1,280,215
木の村美发沙龙,顺德区,龙江,3.7,总监洗剪吹,49,208
红叶发艺总部,顺德区,乐从,4.9,单人首席专业洗剪吹,48,178
名手造型（名手第一分店）,顺德区,龙江,5.0,资深设计师洗剪吹,30,163
202造型糖果美甲机构,顺德区,容桂,5.0,单人洗剪吹超低试业价,12.8,150
特典造型,顺德区,容桂,4.7,单人高级烫染直3选1,188,143
本尼salon形象公社,顺德区,大良,4.3,单人资深设计师洗剪吹,25,138
Beauty发型私人定制,顺德区,乐从,4.1,欧莱雅烫染直三选一,280,131
圣莉莎美发机构,顺德区,勒流,3.7,洗吹造型+面膜,26,126
剪彩发艺,顺德区,龙江,5.0,技术总监店长洗剪吹,40,125
180° 养颜生活馆&芭图造型,顺德区,北滘,4.7,单人资深设计师烫染直3选1套餐,238,8
星點形象定制,顺德区,北滘,4.6,洗吹+造型,20,5
丹尼造型工作室,顺德区,龙江,4.3,每日体验名额,1,5
MT.SALON,顺德区,乐从,4.1,资深设计师精剪造型,59,3
奥尚专业美发连锁,顺德区,北滘,4.3,奥尚专业美发连锁  欧莱雅美奇丝烫发 138,138,3
京莎,顺德区,乐从,4.4,丝美烫染3选2套餐,268,2
剪汇国际沙龙（文海店）,顺德区,容桂,3.0,单人高级设计师洗剪吹,51,1
京典沙龙（总店）,顺德区,伦教,3.9,单人欧莱雅烫直套餐,588,0
米基美容美发店,顺德区,伦教,3.9,烫直染发3选1套餐,128,0
京典沙龙（1号店）,顺德区,伦教,4.1,单人欧莱雅烫直套餐,588,0
米娜造型（【文华路店】）,高明区,荷城,4.7,单人欧莱雅高端五选一套餐,198,27358
SHIMALY 诗玛理（058河江店）,高明区,荷城,5.0,高级发型师洗剪吹造型1次,40,2273
SHIMALY 诗玛理（008文华店）,高明区,荷城,4.0,高级发型师洗剪吹造型1次,40,2273
SHIMALY 诗玛理（028文明店）,高明区,荷城,4.3,高级发型师洗剪吹造型1次,40,2273
SHIMALY 诗玛理（068文明店）,高明区,荷城,5.0,高级发型师洗剪吹造型1次,40,2273
SHIMALY 诗玛理（038店文华店）,高明区,荷城,4.6,高级发型师洗剪吹造型1次,40,2273
521色彩造型,高明区,荷城,4.9,单人专业洗剪吹,36,631
阿玛仕（高明店）,高明区,广播电视大学,5.0,单人特约设计师女士专享洗剪吹套餐（高明店）,39,609
花芯丝专业美发连锁（kitty形象店）,高明区,荷城,4.6,单人高级发型师洗剪吹套餐,43,176
花芯丝美容美发中心（天达分店）,高明区,广播电视大学,4.1,单人高级发型师洗剪吹套餐,43,176
花芯丝美容美发中心（文明路分店）,高明区,广播电视大学,4.1,单人高级发型师洗剪吹套餐,43,176
首言,高明区,荷城,4.3,单人首言氨基酸倒膜护理,30,32
发如雪,高明区,荷城,4.9,发如雪118,118,14
米淇烫染技术全国联盟（帝锦蓝湾店）,南庄,南庄,4.6,单人利威丝奇幻烫染系列,158,18735
瑞豪专业烫染连锁（Magic瑞豪潮牌店）,南庄,南庄,5.0,【魅力女神】创意总监+色彩玩转／烫发定制,288,18569
三千丝,南庄,南庄,4.3,单人洗剪吹,40,1343
梦凡迪,南庄,南庄,4.3,单人高级设计师洗剪吹,39.9,121
名师制作美发美容,南庄,南庄,3.5,单人洗剪吹套餐,46,11
欧莱雅私人定制（佛山新都会高品质店）,大沥,新都会,5.0,单人洗剪吹/护理套餐2选1,39,101034
施华蔻美发连锁（新都会店）,大沥,新都会,5.0,单人施华蔻烫染套餐3选1,208,85651
绚诺soho造型（大沥店）,大沥,新都会,4.1,单人资深造型师洗剪吹套餐,29.8,20644
丝域养发馆（金雅轩店）,大沥,兴沥雄,4.3,玫瑰香薰spa+水润头皮护理,88,10637
格爵丝造型,大沥,大沥,5.0,格爵丝造型水.晶接发1根单人套餐,0.8,5093
苹果造型 AP HAIR SALON（巴黎春天店）,大沥,巴黎春天,4.1,单人欧莱雅染烫5选1套餐,298,3385
多米造型（大沥店）,大沥,新都会,5.0,单人洗剪吹套餐,38,2523
1号连锁美发专家（大沥城店）,大沥,巴黎春天,3.5,乔薇尔（JOVIAL)单选,339,2334
艾美造型店,大沥,巴黎春天,5.0,单人洗剪吹套餐,22.8,1849
3色造型,大沥,兴沥雄,4.5,单人造型超值洗剪吹套餐,39.8,1486
路艺士连锁美业（振兴路总店）,大沥,新都会,5.0,尊享：《洗剪造型》,30,689
路艺士连锁美业（城南分店）,大沥,巴黎春天,5.0,尊享：《洗剪造型》,30,689
标点国际,大沥,新都会,5.0,单人洗吹套餐,19.9,656
妙发salon,大沥,大沥,4.9,单人洗剪吹套餐,32,613
集贤专业美发连锁机构（城南二路店）,大沥,兴沥雄,4.1,单人剪发套餐,46,247
仲田造型（新都会广场店）,大沥,新都会,5.0,洗吹+造型,19.9,135
鑫芭客美容美发护肤中心（金雅轩世纪广场店）,大沥,兴沥雄,5.0,单人泰皇泰洗套餐,56,85
妍理养发馆（佛山大沥店）,大沥,新都会,4.3,单人坚果油养发护理套餐,68,69
kabo卡柏形象设计会所,大沥,兴沥雄,3.9,单人洗剪吹深层护理,68,44
爱帝,大沥,兴沥雄,3.7,单人烫染套餐,598,19
发尖,大沥,巴黎春天,4.1,单人洗剪吹,38,17
西唯造型（兴隆街店 ）,大沥,新都会,3.5,单人烫染直4选1+洗剪吹+护理套餐,268,7
名发优品－TATA私属造型（大沥店）,大沥,兴沥雄,4.6,单人德国哥微烫/染套餐,198,1
