﻿商家,区域,商圈,星级,服务,价格,销量
佑米造型（义乌商品城店）,江宁区,江宁区,5.0,丽人狂欢节-欧莱雅烫/染二选一,228,310640
瑞豪专业烫染连锁（将军大道店）,江宁区,托乐嘉,5.0,【资深设计师】提案+精致裁剪+造型,28.8,107231
瑞豪专业烫染连锁（江宁大学城店）,江宁区,江宁大学城,5.0,【资深设计师】提案+精致裁剪+造型,28.8,107231
瑞豪专业烫染连锁（义乌商品城店）,江宁区,东山镇,5.0,【资深设计师】提案+精致裁剪+造型,28.8,107231
欧莱雅私人定制美发连锁（南京义乌商品城店）,江宁区,东山镇,5.0,单人洗剪吹/护理套餐2选1,39,101038
施华蔻美发连锁（南京江宁万达店）,江宁区,江宁万达,5.0,单人施华蔻烫染套餐3选1,208,85652
施华蔻美发连锁（南京城市之光大厦店）,江宁区,东山镇,5.0,单人施华蔻烫染套餐3选1,208,85652
紫尚造型（南京义乌商品城店）,江宁区,东山镇,5.0,【人气】单人烫染直三选一美发套餐,159,59502
瑞豪专业烫染连锁（殷巷星光名座店）,江宁区,殷巷,5.0,【时尚白领】玩转色彩／定制造型+首席设计师,188,47907
米娜造型（义乌小商品城店）,江宁区,东山镇,4.2,单人美发套餐5选1,128,35164
米娜造型（谭桥公寓店）,江宁区,东山镇,4.0,单人美发套餐5选1,128,35164
米娜造型（文鼎广场店）,江宁区,江宁大学城,5.0,单人美发套餐5选1,128,35164
佑美乐（欧莱雅美发沙龙）,江宁区,江宁大学城,4.6,单人剪发套餐1份,39.8,28761
启明星·时尚（江宁万达店）,江宁区,东山镇,5.0,美发套餐,128,24643
启明星·时尚（河定桥店）,江宁区,金轮新都汇/欧尚,5.0,美发套餐,128,24643
启明星·时尚（龙眠大道义乌商品城店）,江宁区,东山镇,5.0,美发套餐,128,24643
美天淘日系造型（文鼎店）,江宁区,江宁大学城,5.0,欧莱雅烫发染发直发护理单人套餐,159,24325
摩登时尚（江宁大学城店）,江宁区,江宁大学城,5.0,【品质优选】设计师定制裁剪,29.8,23680
艺境造型（义乌商品城店）,江宁区,东山镇,5.0,单人施华蔻烫/染/直C套餐,208,20695
丝域养发馆（江宁百家湖店）,江宁区,江宁区,4.6,玫瑰香薰spa+水润头皮护理,88,10636
倷丝国际烫染连锁（江宁万达店）,江宁区,东山镇,5.0,单人美芝品美发套餐,168,10611
倷丝国际烫染连锁（天印大道店）,江宁区,东山镇,5.0,单人美芝品美发套餐,168,10611
巴罗国际烫染连锁（木函造型店）,江宁区,江宁区,4.9,单人超值烫发/染发套餐5选2,378.8,7934
巴罗国际烫染连锁（木函国际）,江宁区,江宁区,4.6,单人超值烫发/染发套餐5选2,378.8,7934
G·T 潮牌私人订制烫染国际连锁（江宁万达）,江宁区,江宁万达,5.0,单人剪发设计 +超值烫/染组合套餐,158,7662
G·T 潮牌私人订制烫染国际连锁（河海大学店）,江宁区,将军大道沿线,4.7,单人剪发设计 +超值烫/染组合套餐,158,7662
G·T 潮牌私人订制烫染国际连锁（托乐嘉店）,江宁区,托乐嘉,5.0,单人剪发设计 +超值烫/染组合套餐,158,7662
美学·星工坊（文鼎广场店）,江宁区,江宁大学城,4.0,单人总监欧莱雅美奇丝烫染套餐,158,7519
蔓莎造型全国连锁（文鼎广场大学城店）,江宁区,东山镇,4.6,单人蔓莎+白领美发套餐,148,5901
菲凌造型（万达店）,江宁区,东山镇,4.9,VIP欧莱雅滋润烫/染/拉3选1,488,4835
炫发造型（托乐嘉店）,江宁区,托乐嘉,5.0,单人洗剪吹1次,10,3554
Sieson 丝颂沙龙（约翰店）,江宁区,东山镇,3.0,单人剪发造型套餐,58,3501
京川形象salon（江宁万达店）,江宁区,东山镇,5.0,单人资深设计师洗剪吹1次,58,2877
美联社&美丽频道造型（江宁东山万达店）,江宁区,东山镇,4.9,单人施华蔻高端烫护/染护2选1,488,2480
DK潮牌（河海大学店）,江宁区,江宁区,4.9,单人私人订制洗剪吹一次,19.8,1714
DK潮牌（托乐嘉总店）,江宁区,托乐嘉,5.0,单人私人订制洗剪吹一次,19.8,1714
DK潮牌（万达直营店）,江宁区,江宁万达,5.0,单人私人订制洗剪吹一次,19.8,1714
威娜潮色接发烫染私人订制（万达店）,江宁区,东山镇,5.0,单人施华蔻人气套餐《3选1》,208,1259
威娜私人订制烫染国际连锁（万达店）,江宁区,东山镇,4.5,单人施华蔻人气套餐《3选1》,208,1259
威娜私人订制烫染国际连锁（大学城店）,江宁区,江宁大学城,5.0,单人施华蔻人气套餐《3选1》,208,1259
本川造型（江宁万达店）,江宁区,东山镇,5.0,首席造型师洗剪吹单人套餐,49,1200
沙宣vs私人订制（义乌商品城店）,江宁区,东山镇,5.0,单人高级施华蔻美发套餐,288,1145
沙宣vs私人订制（万达店）,江宁区,东山镇,5.0,单人高级施华蔻美发套餐,288,1145
沙宣vs私人订制（同曦店）,江宁区,同曦商业圈,5.0,单人高级施华蔻美发套餐,288,1145
沙宣vs私人订制（太阳城店）,江宁区,江宁大学城,5.0,单人高级施华蔻美发套餐,288,1145
1号连锁·潮牌salon（大学城直营店）,江宁区,江宁大学城,5.0,单人施华蔻高端套餐《烫染拉3选1 》,288,1021
Franck Provost梵珀巴黎法式发艺（江宁金鹰店）,江宁区,江宁金鹰/1912,5.0,梵珀专业发型设计造型体验,75,1008
锐变潮牌（托乐嘉店）,江宁区,托乐嘉,5.0,单人高级发型师洗剪吹,18.9,798
锐变潮牌（河海大学店）,江宁区,将军大道沿线,5.0,单人高级发型师洗剪吹,18.9,798
MAJOR麦哲形象造型（江宁金鹰尊享店）,江宁区,江宁金鹰/1912,4.0,技术导师剪发单人套餐,168,752
美界造型（景枫KINGMO店）,江宁区,江宁金鹰/1912,5.0,单人高级设计师剪发1次,75,715
乔斯·风尚（乔斯风尚托乐嘉店）,江宁区,托乐嘉,5.0,单人洗剪吹套餐,25,705
三千丝美发salon（殷巷店）,江宁区,殷巷,5.0,单人剪发护理套餐,58,676
三千丝美发salon（天印大道店）,江宁区,东山镇,5.0,单人剪发护理套餐,58,676
三千丝美发salon（江宁万达店）,江宁区,江宁万达,5.0,单人剪发护理套餐,58,676
MAGI美界造型（江宁万达店）,江宁区,东山镇,5.0,单人高级设计师剪发1次,75,661
格调专业烫染（义乌店）,江宁区,江宁区,4.9,单人施华蔻美发套餐,208,600
壹克拉造型,江宁区,江宁区,4.6,高级总监洗剪吹单人套餐,20,327
瑞豪专业烫染连锁（小义商品城店）,江宁区,东山镇,4.9,【长发情结】原生态无痕接发,1580,325
美格造型工作室（江宁万达店）,江宁区,东山镇,4.9,单人洗剪吹1次,38,319
滚石整体造型,江宁区,同曦商业圈,4.4,美发套餐,228,318
保持联系发型工作室,江宁区,东山镇,5.0,体验姜疗 冰疗 蜡疗 洗头按摩,20,318
丝艺造型（风尚馆）,江宁区,江宁大学城,5.0,美发套餐,128,317
丝艺造型（文鼎广场）,江宁区,江宁大学城,5.0,美发套餐,128,317
伊迪丝造型,江宁区,金轮新都汇/欧尚,4.0,总监设计师洗剪吹,19,307
妮可造型,江宁区,托乐嘉,4.4,欧莱雅探索美发染烫单人套餐,148,286
丝域养发馆（（文靖路店））,江宁区,东山镇,3.6,丝域头部香薰spa,69,275
丝域养发馆（21世纪太阳城店）,江宁区,开发区,3.5,丝域头部香薰spa,69,275
丝域养发馆（南方花园店）,江宁区,江宁区,4.0,丝域头部香薰spa,69,275
丝域养发馆（江宁店）,江宁区,开发区,3.5,丝域头部香薰spa,69,275
欧莱雅造型,江宁区,东山镇,4.9,店长洗剪吹,15,220
艾美国际造型,江宁区,东山镇,4.9,洗剪吹套餐,15,218
LIKES 造型工作室,江宁区,江宁区,5.0,单人总监+提案+洗+剪+造型套餐,28,216
天艺美发美甲,江宁区,东山镇,4.3,创意总监造型,12.8,206
风尚造型,江宁区,汤山镇,4.7,单人精致洗剪吹套餐,18,200
凡客造型（文鼎广场店）,江宁区,江宁大学城,5.0,单人资深特级设计师剪发套餐,26,183
丝show甜蔻美发休闲体验店,江宁区,江宁大学城,5.0,单人洗剪吹套餐,24,169
万国国际护肤造型,江宁区,东山镇,4.2,单人洗剪吹造型套餐,19.8,152
万国国际护肤造型（天元店）,江宁区,东山镇,3.5,单人洗剪吹造型套餐,19.8,152
万国国际护肤造型,江宁区,东山镇,3.8,单人洗剪吹造型套餐,19.8,152
丝艺造型,江宁区,开发区,4.0,单人总监定制剪裁,9.9,144
逸风私人定制（江宁万达店）,江宁区,江宁万达,5.0,单人高级洗吹剪发套餐,18.8,142
M·C私人造型,江宁区,东山镇,5.0,单人Mac老师风格定制剪裁一次,69,138
苏Asalon,江宁区,开发区,4.0,单人苏Asalon首席设计师洗剪吹,28,137
秋先生salon,江宁区,江宁万达,5.0,单人洗吹造型,9.9,127
飘美容美发,江宁区,东山镇,4.0,单人飘美容美发洗剪吹,30,125
Q&J;美发沙龙,江宁区,东山镇,5.0,单人私人定制剪裁,19.8,116
MISSAO美佐绪护肤造型,江宁区,江宁大学城,5.0,单人洗剪吹套餐,19,107
美丝灵造型（江宁胜太路店）,江宁区,同曦商业圈,3.5,单人欧莱雅烫/染/直3选1套餐,148,104
剪爱工作室,江宁区,同曦商业圈,5.0,资深设计师洗剪吹,35,95
梵森美容美发,江宁区,托乐嘉,5.0,新店开业 洗剪吹 限时抢购,35,92
名派造型,江宁区,东山镇,4.7,单人设计导师洗剪吹,28,80
威娜私人订制烫染国际连锁（河海店）,江宁区,将军大道沿线,4.7,单人60公分无痕接发,1580,80
So nice造型,江宁区,东山镇,5.0,单人首席设计师洗剪吹造型一次,13.8,78
善美沙龙&Charm-salon;（万达广场明星沙龙店）,江宁区,东山镇,4.6,单人技术总监洗剪吹套餐,60,77
LG salon（江宁景枫KINGMO店）,江宁区,开发区,5.0,单人设计师洗剪吹,88,76
AM 私人定制,江宁区,江宁大学城,4.6,单人AM定制裁剪,52,14
聚鹰美发,江宁区,江宁大学城,3.8,单人生化烫发（含剪发）套餐,98,14
华杰美发,江宁区,江宁大学城,4.3,单人生化烫发（含剪发）套餐,98,14
新偶像（金王府店）,江宁区,江宁区,4.6,单人总监洗剪吹,25,13
金龙造型,江宁区,开发区,3.8,丝美烫染护单人套餐,198,8
Double Face salon,江宁区,东山镇,4.7,单人特级设计师剪发造型,30,7
名人馆造型,江宁区,禄口机场,3.9,精选美发套餐一份,188,7
轨迹造型,江宁区,开发区,4.0,督导剪发,64,4
时尚美场专业烫染,江宁区,江宁区,4.0,单人店长剪发设计一次,20,4
巨涛美发（经贸店）,江宁区,江宁大学城,4.1,剪发+头发养护+进口烫染,380,4
卡迪丝美容美发,江宁区,东山镇,4.4,卡迪斯烫/染护理单人套餐1次,148,4
引领美发,江宁区,东山镇,4.3,卡凡美发套餐,65,3
蓝调护肤造型,江宁区,同曦商业圈,4.6,单人品牌染发套餐,128,2
创想专业发型设计,江宁区,东山镇,4.3,单人洗剪吹+护理套餐,68,2
海派造型,江宁区,开发区,4.0,单人洗剪吹套餐,38,2
JOSS乔斯会所（水晶蓝湾店）,江宁区,江宁金鹰/1912,4.0,乔斯店长洗剪吹,108,1
秀艺专业美发沙龙（江宁店）,江宁区,托乐嘉,3.7,单人精选美发套餐一次,298,1
乐悠悠形象工作室（乐悠悠美甲美发）,江宁区,东山镇,5.0,单人洗剪吹美发,28.8,1
华仔美业连锁（胜太路店）,江宁区,胜太路沿线,4.2,健康剪发,30,0
凯旋美发沙龙,江宁区,东山镇,4.0,美丽烫发+精剪,68,0
T.G salon,江宁区,江宁区,3.5,单人烫/染二选一,298,0
巴黎欧莱雅酷专业美发沙龙旗舰店,江宁区,东山镇,3.5,精选美发套系,158,0
曼客造型,江宁区,东山镇,3.5,单人总监洗剪吹套餐,28,0
艾流形象设计,江宁区,东山镇,3.0,单人洗剪吹+烫/染2选1,149,0
K艺造型连锁店,江宁区,铜山镇,3.5,单人超值染发,88,0
金公子造型会所,江宁区,禄口机场,3.5,单人金公子造型会所精致烫染套餐,228,0
北京发屋,江宁区,开发区,3.5,俏梦草本生化烫,168,0
发随心动发艺工作室,江宁区,江宁大学城,3.0,单人欧莱雅芳香烫/染2选1套餐,98,0
美诺造型&私人订制,江宁区,东山镇,4.9,vip烫染套餐,98,0
简爱造型（江宁铜山店）,江宁区,东山镇,3.5,单人美发套餐,188,0
SHare造型,江宁区,东山镇,4.0,单人艺术总监美发套餐,628,0
焦典造型（铜山二店）,江宁区,铜山镇,4.0,单人美发套餐,188,0
总裁造型,江宁区,东山镇,3.5,单人总裁造型烫发或（直发）,168,0
玛索造型,江宁区,东山镇,4.0,单人欧莱雅美发套餐,188,0
花奈●尚品,江宁区,江宁大学城,3.0,美发套餐,188,0
瑞风造型,江宁区,东山镇,3.5,单人瑞风造型烫发染发,198,0
南京无痕接发Make Love·制爱造型,鼓楼区,新街口/金轮,5.0,【11-18点】单人制爱总监洗吹造型/洗剪吹2选1套餐,0.99,8999
24H烫染造型无痕接发（金轮国际广场店）,鼓楼区,新街口/金轮,5.0,单人接发体验,0.1,5812
韩妆潮人（旭美店）,鼓楼区,三牌楼,4.1,B:单人首席/设计师烫/染2选1套餐,288,4838
法新社（金轮店）,鼓楼区,新街口/金轮,5.0,单人美发套餐,128,4098
如果美发（雕刻时光金轮店）,鼓楼区,新街口/金轮,5.0,单人美发套餐,128,3497
索丽丝造型（定淮门精致店）,鼓楼区,草场门/龙江,5.0,单人人气设计师洗剪吹套餐,29.9,2640
浪涛发型（龙江店）,鼓楼区,草场门/龙江,5.0,单人总监剪发+护理套餐,48,1701
浪涛发型（乐购仕生活广场店）,鼓楼区,山西路/湖南路,5.0,单人总监剪发+护理套餐,48,1701
浪涛发型（汉中路店）,鼓楼区,新街口/金轮,5.0,单人总监剪发+护理套餐,48,1701
帝景风尚形象设计中心（私人形象设计中心）,鼓楼区,新街口/金轮,5.0,技术总监欧莱雅烫染套餐,199,1197
巨涛专业会所,鼓楼区,新城市广场,4.7,巨涛美发套餐拉/烫/染3选1,228,1086
巨涛美发（南邮大厦店）,鼓楼区,三牌楼,5.0,单人发型师洗剪吹1次,28,1047
Meet more beautiful you 美发沙龙（遇见更美丽的自己）,鼓楼区,南大/南师大,5.0,单人创意总监洗剪吹1次,78,997
MOGA造型沙龙（明星店）,鼓楼区,山西路/湖南路,5.0,单人资深发型师精剪护理造型套餐,98,891
维亚国际美发沙龙,鼓楼区,南大/南师大,4.3,单人总监设计师剪发套餐,48,870
芸熙美人（大方巷店）,鼓楼区,山西路/湖南路,4.0,欧莱雅探索水润烫染拉4选1套餐,299,865
MAJOR麦哲形象造型（金茂汇明星店）,鼓楼区,山西路/湖南路,5.0,技术导师剪发单人套餐,168,752
经典美业（中商万豪店）,鼓楼区,山西路/湖南路,3.9,烫/染/拉直柔顺人气套餐,148,675
美伦造（镇江路店）,鼓楼区,大桥南路,4.9,单人高级理发师洗剪吹1次,12.8,647
格调专业烫染（私人定制美发）,鼓楼区,建宁路,5.0,单人施华蔻美发套餐,208,600
秀客艾梵丝奢享美容美发造型沙龙（环宇城店）,鼓楼区,环宇城,4.6,单人高级设计师剪裁+日式和洗,128,169
缪斯时尚沙龙,鼓楼区,三牌楼,5.0,单人特级发型师洗剪吹套餐,58,156
匠心造型,鼓楼区,三牌楼,4.2,单人男士总监洗剪吹套餐,20,146
美伦上品（狮子桥店）,鼓楼区,山西路/湖南路,4.6,人气总监剪发套餐,58,130
MIGO米格造型（苏宁环球购物中心店）,鼓楼区,山西路/湖南路,5.0,单人特级设计师剪发,38,126
柏尔造型,鼓楼区,新街口/金轮,5.0,单人总监设计精剪造型1次,49,123
强尼发艺,鼓楼区,环宇城,4.2,单人首席造型师洗吹剪1次,27,108
涟漪工坊（新街口店）,鼓楼区,鼓楼区,4.9,单人总监剪发造型设计,98,107
J&T; Salon美发沙龙,鼓楼区,环宇城,5.0,单人设计师洗剪吹套餐,25,102
Awaken  Halr  Salon（金轮店）,鼓楼区,鼓楼区,5.0,单人特级设计师剪发造型1次,68,97
沙宣理念（金陵风尚店）,鼓楼区,新街口/金轮,4.7,单人特级设计师剪发,98,97
In Style 造型（南京店）,鼓楼区,鼓楼广场,5.0,【特价】单人洗吹造型套餐,18.8,95
潇品默形象设计中心,鼓楼区,南大/南师大,4.6,单人高级设计师洗剪吹套餐,35,93
NATURA 奈玖尔美发沙龙,鼓楼区,新街口/金轮,5.0,总监设计师＋提案＋洗＋剪＋造型,58,88
Concept Salon·概念,鼓楼区,新街口/金轮,5.0,总监烫染套餐,258,88
TOUCH美发造型会所,鼓楼区,山西路/湖南路,4.0,单人造型美发套餐.,288,88
为为造型专业烫染·时尚接发沙龙,鼓楼区,山西路/湖南路,5.0,单人总监剪发造型,58,84
为为造型专业烫染·时尚接发沙龙（中央北路店）,鼓楼区,山西路/湖南路,5.0,单人总监剪发造型,58,84
华仔彩逸炫,鼓楼区,山西路/湖南路,3.9,单人洗剪吹,26,72
YS原宿造型,鼓楼区,新街口/金轮,5.0,单人特级设计师洗剪吹套餐,30,67
加一美发,鼓楼区,新街口/金轮,4.6,单人理发高级护理套餐,38,67
MY SALON STUDIO,鼓楼区,新城市广场,5.0,单人首席设计师洗剪吹1次,48,62
LOOKS HAIR SALON·韩式半永久工作室,鼓楼区,山西路/湖南路,4.9,单人总监洗剪吹1次,30,50
蒂凡妮美容美发（三牌楼店）,鼓楼区,三牌楼,4.2,导师剪发套餐,59,46
seven造型工作室,鼓楼区,山西路/湖南路,4.9,首席设计师剪发,49,45
sunny美发沙龙（山西路店）,鼓楼区,山西路/湖南路,5.0,单人总监剪发一次(现场点评送护理一次）,68,44
关于小熊纹身博物馆,鼓楼区,山西路/湖南路,4.5,单人喷绘一次,40,44
木春造型个人工作室,鼓楼区,三牌楼,5.0,单人精剪美发+造型,50,43
标点发型（明星店）,鼓楼区,金陵小区,5.0,总监单人洗剪吹套餐,29,42
h&c;美发研修店,鼓楼区,建宁路,5.0,女士单人黄金比例裁剪,58,40
发帝发型（汉口西路店）,鼓楼区,南大/南师大,4.0,单人总监剪发,40,34
美崎发型,鼓楼区,草场门/龙江,4.5,单人高级发型师剪发套餐,45,34
华仔发型尊皇馆（苏宁广场店）,鼓楼区,环宇城,4.9,单人华仔高端形象总监专属设计剪裁,39,33
丝域养发馆（黑龙江路店）,鼓楼区,三牌楼,4.6,丝域养发套餐,58,28
A8专业接发造型,鼓楼区,山西路/湖南路,5.0,单人总监洗剪吹套餐,49,27
Steven salon私人造型顾问,鼓楼区,新街口/金轮,4.4,人气导师剪发套餐,9.9,23
tt典尚美容美发（燕禾园店）,鼓楼区,金陵小区,3.9,丝润烫染套餐,128,22
逆时针,鼓楼区,山西路/湖南路,4.4,单人美发套餐,168,21
维亚国际美发沙龙（新街口店）,鼓楼区,新街口/金轮,5.0,单人总监剪发套餐1次,28,19
羽田造型,鼓楼区,山西路/湖南路,5.0,单人人气总监剪发+水润洗护+造型美发套餐,68,18
巨涛美容美发养生馆（定淮门店）,鼓楼区,热河南路/三汊河,3.9,巨涛美发专业时尚烫发,178,17
秀客CHIC SALONE（中山北路虹桥店）,鼓楼区,三牌楼,3.9,单人设计师定制日本菲灵烫/染三选一套餐,238,17
巨涛美发（世茂滨江店）,鼓楼区,热河南路/三汊河,4.0,巨涛美发专业时尚烫发,178,17
华蔓国际,鼓楼区,山西路/湖南路,4.5,单人洗剪吹套餐,20,15
飘纱坊美发,鼓楼区,南大/南师大,4.4,单人烫发或染发套餐,128,15
依靠美发,鼓楼区,南大/南师大,3.0,单人首席剪发1次,19,14
华仔美业连锁（云南北路店）,鼓楼区,山西路/湖南路,4.5,总监级单人剪发套餐,29.9,13
东京秀客新形象设计中心（云南北路总店）,鼓楼区,山西路/湖南路,5.0,单人黄金组合套餐4选1,288,12
品诺造型,鼓楼区,草场门/龙江,4.5,人气总监洗剪吹,29.9,11
一品接发工作室（专业接发）,鼓楼区,鼓楼区,4.9,南京无痕接发建邺万达店 专业接发1束,0.1,11
可人儿美发纹绣,鼓楼区,大桥南路,4.0,单人精剪造型,24,11
南京新街口植物养发馆,鼓楼区,新街口/金轮,3.5,单人经典爆款新海娜粉养发套餐,160,11
松源造型（凤西宾馆店）,鼓楼区,环宇城,4.3,卡娜烫/染单人套餐,288,10
Sharps莎普美发沙龙,鼓楼区,新街口/金轮,5.0,创意总监造型设计（新客专享）,200,10
Asahair,鼓楼区,新街口/金轮,5.0,Asa人气烫发套餐,420,9
悠尚造型,鼓楼区,南瑞路/新模范马路,4.2,单人烫/染/柔顺美发套餐,128,9
T-One hair salon（熙南里旗舰店）,鼓楼区,金陵小区,5.0,单人特级发型师护理+烫染二选一套餐,398,9
格尚造型工作室（云南路店）,鼓楼区,鼓楼区,4.3,发型烫发套餐,78,9
可米造型 DC salon,鼓楼区,山西路/湖南路,5.0,特价造型师洗剪吹套餐,48,8
MIKA HAIR SALON,鼓楼区,新街口/金轮,5.0,单人日式修护烫染二选一,218,8
吾造型,鼓楼区,新街口/金轮,4.7,高级烫染2选1单人套餐,398,7
香港三千丝发型,鼓楼区,草场门/龙江,4.1,总监单人剪发套餐,28,6
Sunday造型,鼓楼区,建宁路,4.0,特级发型设计套餐,128,5
张雷发艺,鼓楼区,鼓楼区,3.5,单人烫染套餐,98,4
简杰美发沙龙,鼓楼区,环宇城,3.7,超值美发套餐,158,3
卡凡造型（新民路店）,鼓楼区,大桥南路,4.4,卡凡美发套餐,65,3
卡凡,鼓楼区,鼓楼区,4.0,卡凡美发套餐,65,3
赛丽柏缇艺术沙龙,鼓楼区,山西路/湖南路,5.0,单人韩式造型烫,198,3
拉非塔美发沙龙（金轮店）,鼓楼区,新街口/金轮,4.1,单人技术总监私人定制剪发一次,88,3
艺美轩造型,鼓楼区,山西路/湖南路,3.5,单人总监剪发+造型美发套餐,60,2
K-Two Hair Salon,鼓楼区,新街口/金轮,4.0,艺术总监形象设计洗剪吹,68,2
SEE Me 造型（汉口西路店）,鼓楼区,南大/南师大,4.4,单人超值套餐！,168,2
TZ beauty salon,鼓楼区,新街口/金轮,5.0,单人健康烫染套餐(新客专享）,288,2
美猫·美发（新街口金轮体验店）,鼓楼区,新街口/金轮,4.7,单人创意总监私人定制美发套餐,158,2
SEE ME 造型（玉泉路店）,鼓楼区,南大/南师大,4.0,单人超值套餐！,168,2
清美发剪裁（新街口店）,鼓楼区,新街口/金轮,4.6,单人高级定制清美发套餐,598,2
Mysky形象工作室,鼓楼区,新城市广场,3.5,单人酸性健康烫染套餐,388,1
潮牌美汇（原创造型）,鼓楼区,草场门/龙江,3.5,单人套餐,68,0
巨涛美发（盐仓桥店）,鼓楼区,鼓楼区,3.7,美发套餐,168,0
潮牌美汇（美仑造型）,鼓楼区,大桥南路,3.5,单人套餐,68,0
MG造型,鼓楼区,三牌楼,3.5,单人资深总监洗剪吹,18,0
UR南京无痕接发（UR 造型）,鼓楼区,新街口/金轮,4.0,单人特色超值绚亮技术染,198,0
富源美容美发（马台街店）,鼓楼区,山西路/湖南路,3.0,单人美奇丝烫发1次,268,0
新名萱造型,鼓楼区,山西路/湖南路,3.5,单人露新兰烫发,148,0
东京领秀,鼓楼区,大桥南路,4.0,韩国酸性打蜡染,388,0
美帝亚（汉中路店）,鼓楼区,新街口/金轮,3.5,资深堂染汤套餐,258,0
卡美诗国际私人形象设计养生顾问,鼓楼区,环宇城,3.0,单人美发套餐,176,0
美俏造型,鼓楼区,新街口/金轮,3.5,美发之单人套餐,278,0
髮艺·境,鼓楼区,山西路/湖南路,4.0,单人美发套餐,168,0
艺美专业美发,鼓楼区,南瑞路/新模范马路,3.5,单人总监剪发套餐,58,0
汉剪发型,鼓楼区,三牌楼,4.2,单人欧莱雅丝泉烫发套餐,309,0
欧意造型,鼓楼区,环宇城,3.5,单人精致染发套餐,208,0
佑米造型（珠江路店）,玄武区,珠江路沿线,5.0,丽人狂欢节-欧莱雅烫/染二选一,228,310641
佑米造型（常发广场店）,玄武区,红山路,5.0,丽人狂欢节-欧莱雅烫/染二选一,228,310641
瑞豪专业烫染连锁（孝陵卫街店）,玄武区,孝陵卫/森林摩尔,5.0,【资深设计师】提案+精致裁剪+造型,28.8,107230
瑞豪专业烫染连锁（长江花园店）,玄武区,北门桥,5.0,【资深设计师】提案+精致裁剪+造型,28.8,107230
瑞豪专业烫染连锁（锁金一村店）,玄武区,锁金村/南京林业大学,5.0,【资深设计师】提案+精致裁剪+造型,28.8,107230
米娜造型（下马坊店）,玄武区,卫岗/下马坊,4.0,单人美发套餐5选1,128,35164
海飞丝烫染连锁（南京下马坊店）,玄武区,卫岗/下马坊,5.0,单人高级施华蔻烫/染套餐3选1,288,29443
启明星·时尚（珠江路店）,玄武区,珠江路沿线,5.0,美发套餐,128,24643
可唻咿造型（好莱坞店）,玄武区,玄武区,4.9,单人高品质烫染套餐,268,22924
绚诺soho造型（君临紫金店）,玄武区,卫岗/下马坊,5.0,单人资深造型师洗剪吹套餐,29.8,20643
蔓莎造型全国连锁（浦东大厦店）,玄武区,高楼门,3.5,单人高级理发师单人洗剪吹,24.8,14279
可唻咿造型（义乌商品城店）,玄武区,丹凤街,4.5,靓发套餐,118,7329
爱可造型,玄武区,仙鹤门,5.0,洗剪吹+造型,35,2401
DK潮牌（林业大学店）,玄武区,玄武区,4.7,单人私人订制洗剪吹一次,19.8,1714
DK潮牌（仙鹤门店）,玄武区,仙鹤门,5.0,单人私人订制洗剪吹一次,19.8,1714
朵语养发会所（银城东苑店）,玄武区,玄武区,4.0,单人朵语健康6选1洗发,18,1601
哆咪咯造型,玄武区,总统府/1912商圈,5.0,总监设计单人造型精剪1次,33.9,1121
MAJOR麦哲形象造型（新世界百货店）,玄武区,珠江路沿线,5.0,技术导师剪发单人套餐,168,752
109 美发 Salon（艾尚店）,玄武区,艾尚天地/凯润新城,5.0,单人特级发型师洗剪吹1次,68,637
109 VIP Salon（艾尚二期店）,玄武区,艾尚天地/凯润新城,5.0,单人特级发型师洗剪吹1次,68,637
艺之剪（金鹰天地店）,玄武区,珠江路沿线,5.0,特级发型师剪发套餐,68,414
诠释造型沙龙（成贤街店）,玄武区,四牌楼/成贤街,5.0,单人特级私人定制剪发,68,395
美格造型工作室（下马坊店）,玄武区,卫岗/下马坊,5.0,单人洗剪吹,38.9,377
美缪造型之爱转角,玄武区,锁金村/南京林业大学,4.9,男士专享单人洗剪吹1次,18.8,348
天籁艺境发型会所（1912店）,玄武区,总统府/1912商圈,5.0,单人高级设计师剪发1次,78,330
Sopen造型(森林摩尔商业街区店),玄武区,孝陵卫/森林摩尔,4.7,单人高级剪发1次,55,307
丝域养发馆（银城东苑店）,玄武区,卫岗/下马坊,4.0,丝域头部香薰spa,69,275
格调上品发型（北京东路店）,玄武区,玄武区,4.4,艺术督导单人剪发设计,108,266
SOHO HAIR,玄武区,卫岗/下马坊,5.0,单人总监剪发设计,68,210
百艺造型,玄武区,北门桥,4.9,单人高级设计师剪发,17.8,169
杨勇补发工作室,玄武区,丹凤街,4.2,剪发套餐,9.9,158
明新造型（珠江路店）,玄武区,珠江路,4.4,单人总监设计师洗剪吹+造型1次,25,158
涟漪工坊（赛格店）,玄武区,珠江路沿线,4.7,单人总监剪发造型设计,98,107
Amber Salon艾珀沙龙,玄武区,玄武区,5.0,单人高级设计师剪发套餐,60,97
MC潮流定制沙龙,玄武区,珠江路沿线,5.0,单人设计师剪发套餐,48,91
Fino Salon,玄武区,北京东路,5.0,单人总监剪发1次,48,73
MASTER（长九店）,玄武区,大行宫,4.7,单人特级剪发套餐,60,68
好莱坞私家发型会所（大石桥店）,玄武区,丹凤街,4.6,单人总监私人发型定制,79.8,64
艾媄发型（进香河店）,玄武区,丹凤街,4.4,单人艾媄精品烫染套餐,68,64
东京show Hair Salon,玄武区,卫岗/下马坊,5.0,单人烫染5选1套餐,198,62
Awake唤醒,玄武区,大行宫,4.7,单人总监剪发1次,48,61
Sopen 造型（北门桥店）,玄武区,北门桥,5.0,单人高级剪发1次(可升级),48,59
K11·创美天地,玄武区,丹凤街,5.0,特级设计师单人剪发套餐,78,57
7+1形象设计（新庄店）,玄武区,火车站/玄武湖,5.0,单人洗剪造型套餐,29.8,56
彩炫造型（庆盛园店）,玄武区,卫岗/下马坊,3.4,总监剪发造型,28,51
家松造型（成贤街店）,玄武区,四牌楼/成贤街,4.5,单人总监设计剪发1次,48,50
名古发艺屋,玄武区,卫岗/下马坊,4.3,名古发艺屋创意总监精剪,30,49
G尚私人定制全国连锁（仙鹤门店）,玄武区,仙鹤门,3.0,单人首席洗剪吹套餐,29.9,47
发新社,玄武区,孝陵卫/森林摩尔,4.6,单人高级设计师洗剪吹套餐,18,39
肯定发艺（锁金村店）,玄武区,锁金村/南京林业大学,4.5,单人烫发套餐,260,35
简约时尚,玄武区,营苑北路/墨香路,3.7,单人洗剪吹1次,18,33
尚艺发型,玄武区,仙鹤门,4.9,单人芳香烫发/染发/柔顺3选1,108,29
Atour Salon（艾朵造型）,玄武区,珠江路,4.7,【盛大开业】单人潮牌设计师定制裁剪,68,26
莱曼salon（月苑小区店）,玄武区,营苑北路/墨香路,3.0,单人超值剪发1次,5,15
韩国Scalpria头皮养发护发脱发管理中心,玄武区,珠江路沿线,5.0,单人单次头皮疏通深度清洗,79.9,12
T型空间发型创作室,玄武区,锁金村/南京林业大学,3.4,单人狄薇美发套餐,288,12
家松造型（新街口店）,玄武区,大行宫,4.2,单人总监韩式护理烫发/染发套餐,268,12
丝域养发馆（南京仙林紫晶山店）,玄武区,玄武区,3.5,单人净安养发+头皮护理,69,11
美臣生活馆（艾尚天地店）,玄武区,艾尚天地/凯润新城,3.5,高级发型师剪发,100,9
蒋生造型,玄武区,锁金村/南京林业大学,4.0,单人洗剪吹套餐,18,9
H studio,玄武区,曼度嘉年华/长江路,4.5,单人设计师大通烫\染美发套餐,298,7
BV.Hair 私人订制（美发美甲沙龙）,玄武区,营苑北路/墨香路,4.0,单人首席剪发形象设计一次,38,4
格之煊造型,玄武区,北京东路,4.5,代金券,75,4
休一造型美甲美睫,玄武区,明故宫/后宰门,3.5,总监剪发,30,3
卡凡专业美容美发连锁（银城东苑店）,玄武区,卫岗/下马坊,4.0,卡凡美发套餐,65,3
苏龙纹身（新街口店）,玄武区,大行宫,5.0,单人10x10黑灰图案,599,3
東田造型（南京旗舰店）,玄武区,玄武区,5.0,单人短发高级热烫服务,1269,3
卡凡专业美发（鱼市街店）,玄武区,珠江路沿线,4.0,卡凡美发套餐,65,3
纤指美甲,玄武区,卫岗/下马坊,4.6,卡凡美发套餐,65,3
See Me造型,玄武区,孝陵卫/森林摩尔,4.2,单人超值套餐！,168,2
艺炫美发沙龙,玄武区,火车站/玄武湖,3.9,单人时尚烫/染套餐,98,2
聚星美发,玄武区,进香河/老虎桥,4.6,单人剪发护理套餐,29.9,1
香港微微wiilwiil养发美容医美中心（龙江店）,玄武区,北门桥,3.5,单人白发转黑养发套餐,108,1
华蔓国际（复地新都荟店）,玄武区,红山路,3.0,单人染烫护理套餐,98,1
彩逸炫（小卫街店）,玄武区,卫岗/下马坊,4.2,单人特级剪发,28,0
渲染烫染工作室,玄武区,孝陵卫/森林摩尔,3.5,高级剪发套餐,25,0
名发廊造型,玄武区,孝陵卫/森林摩尔,3.5,代金券,99,0
Meet·遇见,玄武区,大行宫,4.0,经典店长剪发套餐,68,0
京秀造型,玄武区,高楼门,4.0,单人店长定制洗剪吹1次,58,0
RINO造型,玄武区,大行宫,3.5,酸性烫发（单人套餐）,398,0
df造型,玄武区,红山路,3.0,兴卫店 单人丝绣染发1次,128,0
巨涛美发（红庙店）,玄武区,红庙街区,4.0,单人韩国酸性打蜡染发套餐,208,0
生石花美甲美睫韩式半永久,玄武区,进香河/老虎桥,3.9,代金券,90,0
美蒂吧美发,玄武区,营苑北路/墨香路,3.9,单人精品烫/染美发套餐,320,0
艺念造型,玄武区,珠江路,3.9,单人美发套餐,118,0
弍店 美学工作室,玄武区,曼度嘉年华/长江路,3.5,单人韩式美睫线,880,0
彩梦造型,玄武区,珠江路,3.5,单人日本菲灵烫染套餐现,298,0
创美发型店,玄武区,营苑北路/墨香路,4.2,代金券,199,0
名秀发型,玄武区,丹凤街,3.5,烫/染发套餐,158,0
南农大时尚造型（南农店）,玄武区,玄武区,3.5,单人欧莱雅卷发/拉直热塑烫1次,168,0
丝域养发馆（奥体店）,建邺区,中央商场/嘉业国际,4.6,丝域头部香薰spa,69,275
丝域养发馆（庐山路）,建邺区,中央商场/嘉业国际,4.9,丝域头部香薰spa,69,275
丝域养发馆（云河店）,建邺区,莫愁湖/水西门,3.8,丝域头部香薰spa,69,275
DG STYLE  蒂姬造型（河西万达店）,建邺区,建邺万达,5.0,单人洗吹造型套餐,5,224
巨涛美发,建邺区,雨润大街,4.4,超值洗剪吹总监剪发,39,208
U-HOUSE（金奥国际店）,建邺区,华灯坊/元通,5.0,【创意定制】量身定制裁剪,88,178
樱塑坊私人定制美发沙龙,建邺区,建邺万达,5.0,总监洗剪吹单人套餐,49.9,156
VV发型工作室,建邺区,建邺万达,4.3,单人洗剪吹+烫染后护理+热塑烫/冷烫/染发/柔顺/造型烫5选1,168,149
Women topic私人形象定制（女人话题）,建邺区,拉德芳斯风情街,5.0,单人导师风格裁剪（开业大促）,9.9,126
FREEDOM-玩美沙龙,建邺区,莫愁湖/水西门,5.0,单人Freedom特级剪发,38,94
朗格造型,建邺区,建邺万达,4.2,单人剪发,15,92
欧文造型（集庆门店）,建邺区,莫愁湖/水西门,5.0,单人设计师洗剪＋造型套餐,18.8,77
LG salon（南京金奥国际店）,建邺区,华灯坊/元通,4.7,单人设计师洗剪吹,88,76
JT Salon（染发烫发接发潮店）,建邺区,中央商场/嘉业国际,5.0,单人总监烫染2选1套餐,388,66
秀客奢享护肤造型旗舰沙龙,建邺区,拉德芳斯风情街,4.0,单人日式和洗+精制剪裁,68,66
艺廊护肤造型,建邺区,应天大街/文体路,5.0,高级洗剪吹,19.9,65
Partners Paris（巴奈儿.巴黎）,建邺区,中央商场/嘉业国际,5.0,单人特级设计师剪发套餐,60,59
D.c Salon（南京店）,建邺区,建邺万达,4.2,奢华美发套餐,378,49
陈坤私人定制,建邺区,建邺万达,5.0,单人首席设计师剪发,80,37
乔尼私人定制,建邺区,莫愁湖/水西门,3.6,单人技术总监剪发,100,36
young hair salon,建邺区,茶南美食/万达金街,5.0,单人烫发/染发/拉直三选一套餐,128,36
杰森造型,建邺区,拉德芳斯风情街,4.0,单人设计师洗剪吹,38,27
Laynn私人定制,建邺区,建邺万达,4.6,单人设计师剪发,68,15
领袖美发,建邺区,应天大街/文体路,3.5,单人特级设计师洗剪吹套餐,9.8,12
松源造型（莫愁新寓店）,建邺区,莫愁湖/水西门,3.8,卡娜烫/染单人套餐,288,10
成婷私人定制,建邺区,建邺万达,4.6,私人定制美发烫染之单人套餐,398,8
同升,建邺区,奥体中心,3.8,单人美发套餐,280,6
名世护肤造型（奥体店）,建邺区,拉德芳斯风情街,3.8,韩式烫发/SPA热烫之单人套餐,268,6
永琪美容美发（集庆门大街店）,建邺区,莫愁湖/水西门,3.7,单人时尚资深发型师美发套餐,168,4
壹辰美容美体女子会所（万达店）,建邺区,建邺万达,5.0,玫瑰养发护理1次,98,4
卡凡专业美容美发,建邺区,建邺万达,4.0,卡凡美发套餐,65,3
杨洋造型工作室,建邺区,建邺万达,4.1,时尚造型洗剪吹,18,2
顺·韩国形象设计工作室,建邺区,应天大街/文体路,4.0,韩国院长剪发（女士）单人套餐,249,1
永琪美容美发（应天大街店）,建邺区,应天大街/文体路,3.8,单人烫染套餐,158,1
T&Z; BEAUTY SALON,建邺区,拉德芳斯风情街,4.2,单人技术总监剪发+菲灵护理+菲灵烫/染二选一套餐,398,1
俊秀美发,建邺区,应天大街/文体路,3.0,单人高级时尚烫染,158,0
名秀发型（北圩路店）,建邺区,莫愁湖/水西门,3.5,单人名秀发型烫发套餐,268,0
佑米造型（天之都店）,秦淮区,新街口地区,5.0,丽人狂欢节-欧莱雅烫/染二选一,228,310642
佑米造型（夫子庙店）,秦淮区,夫子庙/水游城,5.0,丽人狂欢节-欧莱雅烫/染二选一,228,310642
瑞豪专业烫染连锁（义乌商品城店）,秦淮区,常府街/长白街,5.0,【资深设计师】提案+精致裁剪+造型,28.8,107231
瑞豪专业烫染连锁（汇景家园店）,秦淮区,秦淮区,4.5,【资深设计师】提案+精致裁剪+造型,28.8,107231
欧莱雅私人定制美发连锁（南京大行宫店）,秦淮区,常府街/长白街,5.0,单人洗剪吹/护理套餐2选1,39,101038
美联社&美丽频道造型（新街口店）,秦淮区,新街口地区,5.0,菲灵剪护造型送烫发染发二选一,178,97788
施华蔻美发连锁（南京新街口店）,秦淮区,新街口地区,5.0,单人施华蔻烫染套餐3选1,208,85654
紫尚造型（南京南京店）,秦淮区,新街口地区,5.0,【人气】单人烫染直三选一美发套餐,159,59501
米娜造型（新街口店）,秦淮区,新街口地区,4.9,单人美发套餐5选1,128,35164
海飞丝烫染连锁（天之都店）,秦淮区,新街口地区,5.0,单人高级施华蔻烫/染套餐3选1,288,29443
柯琳造型（C&C;店）,秦淮区,新街口地区,5.0,【欧莱雅美奇丝/LIGUI】烫染单项套餐,158,27806
启明星·时尚（大行宫店）,秦淮区,常府街/长白街,5.0,美发套餐,128,24643
美天淘日系沙龙（新街口店）,秦淮区,新街口地区,5.0,欧莱雅烫发染发直发护理单人套餐,159,24325
艺境造型（海燕美发店）,秦淮区,升州路/集庆路,3.7,单人施华蔻烫/染/直C套餐,208,20695
艺境造型（丝恋造型）,秦淮区,新街口地区,4.8,单人施华蔻烫/染/直C套餐,208,20695
艺境造型（油坊桥店）,秦淮区,新街口地区,5.0,单人施华蔻烫/染/直C套餐,208,20695
艺境造型（大行宫店）,秦淮区,秦淮区,5.0,单人施华蔻烫/染/直C套餐,208,20695
米淇烫染技术全国联盟（洪武路店）,秦淮区,新街口地区,4.6,单人利威丝奇幻烫染系列,158,18735
米淇烫染技术全国联盟-彩私人定制,秦淮区,新街口地区,5.0,单人利威丝奇幻烫染系列,158,18735
爱啦咪专业造型（国贸店）,秦淮区,新街口地区,5.0,单人高级设计师洗剪吹套餐,35,8611
爱啦咪专业造型（石鼓路店）,秦淮区,新街口地区,5.0,单人高级设计师洗剪吹套餐,35,8611
Twenty-four烫染造型无痕接发（工人国际影城店）,秦淮区,新街口地区,5.0,单人接发体验,0.1,5812
唯一造型（丰富路店）,秦淮区,新街口地区,5.0,单人总监定制烫/染2选1套餐,228,4611
法新社（大行宫店）,秦淮区,常府街/长白街,5.0,单人美发套餐,128,4098
米狸造型（天之都店）,秦淮区,新街口地区,5.0,单人米狸造型超值洗剪吹,38,3637
如果美发（印象国贸店）,秦淮区,新街口地区,4.8,单人美发套餐,128,3497
多米造型全国连锁（天之都店）,秦淮区,新街口地区,3.5,单人洗剪吹套餐,38,2523
大生の美 · lifesyle（大行宫店）,秦淮区,常府街/长白街,5.0,代金券,36,1829
藤甲造型,秦淮区,新街口地区,5.0,单人高级剪发一次,38,1599
美格造型,秦淮区,新街口地区,5.0,单人设计师剪发一次,49.9,1125
美天下造型（新街口店）,秦淮区,新街口地区,4.2,单人美发套餐,158,1096
M.K 麦柯造型,秦淮区,新街口地区,5.0,单人特级剪发套餐,50,1013
秀客Chic Trump V（东方福莱德店）,秦淮区,新街口地区,4.4,单人特级发型师剪发套餐,58,957
品至美发,秦淮区,瑞金路沿线,4.7,单人洗发套餐,25,823
艺之剪（南京新百店）,秦淮区,新街口地区,5.0,单人特级设计师剪发1次,58,802
MAJOR麦哲形象造型（茂业天地店）,秦淮区,夫子庙/水游城,5.0,技术导师剪发单人套餐,168,752
丝忆风格美发沙龙（新街口店）,秦淮区,新街口地区,5.0,单人设计师染烫造型3选1,178,701
瑞烁工作室,秦淮区,新街口地区,5.0,单人洗剪吹美发套餐,19.9,687
经典美业（天之都大厦店）,秦淮区,新街口地区,4.0,烫/染/拉直柔顺人气套餐,148,675
MAGI美界造型（水游城购物中心店）,秦淮区,夫子庙/水游城,4.9,单人高级设计师剪发1次,75,661
Change 私人订制,秦淮区,新街口地区,5.0,单人洗剪吹1次,39.9,603
禾木发妆,秦淮区,新街口地区,5.0,单人人气技术总监剪发1次,30,573
高凡.造,秦淮区,夫子庙/水游城,5.0,单人一级美发套餐,38,535
格调日系沙龙（新街口店）,秦淮区,新街口地区,5.0,【人气】单人洗剪吹+欧莱雅烫染柔顺+护理套餐,159,534
IN  FASHION 沙龙,秦淮区,升州路/集庆路,4.4,总监洗吹造型单人套餐,38,492
D&Z; hair salon（国贸店）,秦淮区,新街口地区,5.0,单人资深设计师剪发设计,70,464
本原塑美容美发美甲沙龙,秦淮区,升州路/集庆路,5.0,单人洗剪吹,19.9,461
勇创发型（仙鹤桥一店）,秦淮区,升州路/集庆路,4.6,单人超值剪发,18,449
艺之剪（金鹰店）,秦淮区,新街口地区,4.8,特级发型师剪发套餐,68,414
诠释造型沙龙（新街口店）,秦淮区,新街口地区,4.7,单人特级私人定制剪发,68,395
SeveN Studio（大行宫店）,秦淮区,常府街/长白街,5.0,单人特级设计师剪发造型,68,389
SeveN Studio（新街口店）,秦淮区,新街口地区,4.9,单人特级设计师剪发造型,68,389
炫发造型（瑞金路店）,秦淮区,瑞金路沿线,4.1,单人洗剪吹1次,88,366
炫发造型（大光路店）,秦淮区,瑞金路沿线,3.8,单人洗剪吹1次,88,366
炫发造型（慧园街店）,秦淮区,夫子庙/水游城,4.0,单人洗剪吹1次,88,366
茗图无痕接发定制烫染（大行宫店）,秦淮区,常府街/长白街,4.8,设计师剪发造型定制,29.8,360
格调上品发型（户部街店）,秦淮区,新街口地区,4.6,创意总监单人剪发设计,78,346
格调上品发型（汉中路店）,秦淮区,新街口地区,4.3,创意总监单人剪发设计,78,346
梵古形象设计馆,秦淮区,常府街/长白街,5.0,洗剪＋造型单人套餐（秒杀）,19.8,345
VT造型,秦淮区,新街口地区,4.9,单人特级剪发套餐,58,320
Rhea Salon美发沙龙（新街口店）,秦淮区,新街口地区,5.0,代金券,5,314
咿東造型,秦淮区,新街口地区,5.0,人气特级造型师剪发单人套餐,45,311
TD造型（大行宫店）,秦淮区,常府街/长白街,5.0,精剪造型,28,310
独家造型,秦淮区,升州路/集庆路,4.7,单人店长精剪造型,28,300
bobo工作室,秦淮区,瑞金路沿线,4.7,单人洗剪吹,16.8,253
ISHOW私人定制沙龙（大洋百货店）,秦淮区,新街口地区,5.0,创意总监单人剪发设计,118,249
那特风尚（金鹰店）,秦淮区,新街口地区,4.7,单人特级总监剪发1次,88,205
Sopen 造型（水游城购物中心店）,秦淮区,夫子庙/水游城,5.0,单人高级剪发,75,193
SKT造型（升州路店）,秦淮区,升州路/集庆路,5.0,单人高级洗剪吹1次,40,176
引导造型,秦淮区,新街口地区,4.2,单人创意总监专属设计1次,58,174
SAKI形象设计,秦淮区,新街口地区,5.0,首席总监剪发单人套餐,80,174
自然美主题沙龙（环亚广场店）,秦淮区,新街口地区,4.9,单人高品质烫发/染发套餐,268,141
美伦上品,秦淮区,新街口地区,5.0,人气总监剪发套餐,58,130
秀彩造型,秦淮区,苜蓿园,5.0,单人秀彩理发套餐,28,127
标榜造型,秦淮区,瑞金路沿线,5.0,单人美发套餐1次,26,126
中韩hair美发沙龙,秦淮区,常府街/长白街,4.8,超人气技术总监单人洗+剪+吹单人套餐,58,125
巨涛美发（大光路店）,秦淮区,瑞金路沿线,4.5,单人高级剪发套餐,26,124
巨涛美发（光华东街店）,秦淮区,瑞金路沿线,4.0,单人高级剪发套餐,26,124
HOTSPOT ART SALON（热点）,秦淮区,夫子庙/水游城,5.0,单人洗吹造型1次,10,124
台湾乔伊美发美容（天之都店）,秦淮区,新街口地区,3.7,单人29.9剪发,59.8,124
Ese时尚基地,秦淮区,新街口地区,5.0,单人店长洗剪吹1次,38,117
赫普美学（新街口店）,秦淮区,新街口地区,5.0,单人特级设计师剪发造型,68,113
DF hair salon,秦淮区,新街口地区,4.7,单人设计师剪发套餐,59,108
华人发型,秦淮区,瑞金路沿线,3.9,总监高级剪发单人套餐,35,107
NTS造型,秦淮区,新街口地区,5.0,单人洗吹造型一次,30,99
MAGI美界造型（东方店）,秦淮区,新街口地区,4.8,单人高级设计师剪发一次,85,97
简艺Salon美容美发,秦淮区,新街口地区,5.0,单人资深发型师精剪+护理+造型套餐,38,94
曼都美容美发,秦淮区,瑞金路沿线,5.0,曼都单人超值技术总监剪发+水疗,29.9,87
南京无痕接发MyStyle造型,秦淮区,新街口地区,4.9,资深设计师剪发（单人套餐）,59,82
子如发型设计（瑞金路总店）,秦淮区,瑞金路沿线,4.9,单人总监洗剪造型,40,78
LG salon（洪武路店）,秦淮区,新街口地区,4.5,单人设计师洗剪吹,88,76
巨涛美发,秦淮区,秦淮区,5.0,单人设计师洗剪吹套餐,19.9,71
卡凡专业美发（秦虹路店）,秦淮区,秦虹/大明路,4.2,单人创意总监套餐,19.9,69
尚本造型,秦淮区,新街口地区,5.0,单人特级剪发套餐,36,69
华人国际美发沙龙,秦淮区,夫子庙/水游城,5.0,单人总监发型师剪发,60,62
非凡美发,秦淮区,秦虹/大明路,4.4,单人高级剪发,9.9,53
优客造型,秦淮区,新街口地区,4.2,单人特级设计师洗剪吹1次,29.8,50
PM发艺,秦淮区,新街口地区,5.0,总监 剪发套餐,68,48
子如发型设计（伊彩店）,秦淮区,瑞金路沿线,4.5,单人总监洗剪吹套餐,38,45
资生堂私人定制美发连锁,秦淮区,新街口地区,5.0,单人首席设计师洗剪吹一次,38,43
Vsalon您的私人定制沙龙（金鹰店）,秦淮区,新街口地区,4.5,单人特级剪发,118,41
Vsalon您的私人定制沙龙（东方店）,秦淮区,新街口地区,5.0,单人特级剪发,118,41
秀派造型,秦淮区,常府街/长白街,4.2,单人高级设计师洗剪吹套餐,36,40
TheArtist 私人发型定制,秦淮区,新街口地区,5.0,单人特色洗剪吹,49,40
J—STAR,秦淮区,新街口地区,4.9,单人美发烫染套餐,88,38
ACE stylist王晶造型,秦淮区,新街口地区,5.0,单人特级发型师洗剪吹,36,31
尖典发型,秦淮区,秦虹/大明路,3.9,单人总监剪发,28,31
柏瑞造型,秦淮区,新街口地区,5.0,单人特级剪发套餐,135,27
GLAMOUR 格蓝茉（程阁老巷店）,秦淮区,新街口地区,4.9,单人专业烫染（2选1）定制套餐,268,26
王府发型,秦淮区,新街口地区,4.4,单人总监设计师烫染套餐,228,25
爱德丽丝美发,秦淮区,升州路/集庆路,3.5,单人进口热塑烫套餐,198,23
TONY造型（常府街店）,秦淮区,常府街/长白街,4.0,超值套餐,29,23
IMMORTAL  伊茉哆美发沙龙,秦淮区,常府街/长白街,5.0,单人洗吹造型1次,24,21
沙宣VS私人订制（八宝前街店）,秦淮区,瑞金路沿线,5.0,单人无氨健康烫/染2选1套餐,158,17
阿勇造型（丰富路店）,秦淮区,新街口地区,3.7,单人高级染发烫发套餐,268,15
FANTASTIC HAIR  SALON（悦荟广场店）,秦淮区,秦淮区,4.5,单人风格定制美发套餐,68,15
喜阳阳美甲接发纹绣,秦淮区,夫子庙/水游城,4.9,单人接发（1000缕 70公分）,880,13
川岛造型（丰富路店）,秦淮区,新街口地区,4.1,单人总监剪发1次,58,11
晓凯发型工作室,秦淮区,新街口地区,3.9,单人督导洗剪吹➕造型,40,11
melody旋律时尚美发沙龙,秦淮区,常府街/长白街,4.0,单人洗剪吹1次,58,9
H.L华丽造型,秦淮区,新街口地区,3.5,单人造型套餐,22,0
月半弯,秦淮区,新街口地区,3.0,月半弯凯迪斯染发,128,0
缘艺美发梦工厂,秦淮区,常府街/长白街,3.8,染护剪套餐,199,0
艺剪美,秦淮区,秦虹/大明路,3.5,单人烫染套餐1次,568,0
木北造型,秦淮区,新街口地区,3.8,单人美发套餐,350,0
华仔美业连锁（石鼓路店）,秦淮区,新街口地区,4.0,肩颈按摩单人套餐,98,0
华仔美业连锁（梅花山庄）,秦淮区,苜蓿园,3.7,代金券,99,0
阿辉形象店（长乐路武定门店）,秦淮区,夫子庙/水游城,3.5,单人烫发套餐,480,0
美格理念专业沙龙工作室,秦淮区,新街口地区,3.5,单人精品烫染2选1套餐,228,0
V·in Salon半永久注颜工作室,秦淮区,常府街/长白街,4.0,单人韩式粉嫩嘟嘟唇,2990,0
原素造型,秦淮区,新街口地区,4.7,单人欧莱雅热烫+护理套餐,268,0
华仔美业连锁（大地豪庭店）,秦淮区,苜蓿园,4.0,代金券,99,0
约客美发,秦淮区,夫子庙/水游城,3.0,VIP染发单人套餐,198,0
波仔发型,秦淮区,瑞金路沿线,3.0,剪发套餐,29.9,0
摩卡造型（五福街店）,秦淮区,升州路/集庆路,4.2,代金券,199,0
曲直印象私人订制,秦淮区,瑞金路沿线,4.5,单人督导烫发/染发套餐,468,0
巨浪发型,秦淮区,瑞金路沿线,3.5,单人炫彩烫染套餐,128,0
华仔美业连锁（洪武路）,秦淮区,新街口地区,4.0,代金券,99,0
卡凡美容美发造型（长乐路店）,秦淮区,夫子庙/水游城,3.4,单人美发,65,0
卡凡（仙鹤街店）,秦淮区,升州路/集庆路,4.0,单人美发,65,0
G.D发型设计空间,秦淮区,新街口地区,3.5,单人洗剪吹1次,58,0
美格,秦淮区,瑞金路沿线,4.2,日式染/烫套餐二选一,168,0
依靠（新街口店）,秦淮区,新街口地区,3.0,单人总监发型师洗剪吹套餐,98,0
当代造型,秦淮区,升州路/集庆路,4.5,菲灵蜜蜡烫总监设计,224,0
金钰经络养生会馆（新街口店）,秦淮区,新街口地区,3.5,单人生态养发1次,38,0
涉古发型工作室,秦淮区,新街口地区,4.5,单人奢享高级烫/染2选1套餐,588,0
G工作室,秦淮区,新街口地区,4.0,单人烫发（长发）套餐,388,0
佑米造型（大成名店）,栖霞区,大成名店,5.0,丽人狂欢节-欧莱雅烫/染二选一,228,310645
佑米造型（迈皋桥店）,栖霞区,迈皋桥老街,5.0,丽人狂欢节-欧莱雅烫/染二选一,228,310645
佑米造型（晴天美食广场店）,栖霞区,仙林新村,5.0,丽人狂欢节-欧莱雅烫/染二选一,228,310645
佑米造型（南邮广场店）,栖霞区,南邮广场,4.9,丽人狂欢节-欧莱雅烫/染二选一,228,310645
佑米造型（马群招商花园城店）,栖霞区,马群街道,5.0,丽人狂欢节-欧莱雅烫/染二选一,228,310645
佑米造型（晓庄店）,栖霞区,晓庄广场,5.0,丽人狂欢节-欧莱雅烫/染二选一,228,310645
瑞豪专业烫染连锁（南邮广场店）,栖霞区,栖霞区,4.8,【资深设计师】提案+精致裁剪+造型,28.8,107232
施华蔻美发连锁（南京迈皋桥店）,栖霞区,迈皋桥老街,5.0,单人施华蔻烫染套餐3选1,208,85654
紫尚造型（南京马群店）,栖霞区,马群街道,5.0,【人气】单人烫染直三选一美发套餐,159,59501
芸熙美人（迈皋桥店）,栖霞区,栖霞区,5.0,欧莱雅烫染拉5选1+高级护理+洗剪单人套餐,229,48633
启明星·时尚（学则路店）,栖霞区,爱尚街区,5.0,美发套餐,128,24643
启明星·时尚（迈皋桥店）,栖霞区,和燕路,5.0,美发套餐,128,24643
G·T 潮牌私人订制烫染国际连锁（卡雨丝店）,栖霞区,摄山,4.7,单人剪发设计 +超值烫/染组合套餐,158,7662
生の美 H-air Slon,栖霞区,仙林新村,4.5,代金券,36,1829
DK潮牌（南邮广场店）,栖霞区,南邮广场,5.0,单人私人订制洗剪吹一次,19.8,1714
芭图造型（马群店）,栖霞区,马群街道,5.0,【创意设计师】风格剪裁造型,48,1468
沙宣美发,栖霞区,尧化门街区,5.0,单人设计师洗剪吹,14.9,1321
美尚造型（学则路2楼湾店）,栖霞区,学则路,5.0,单人烫发/染发/直发3选1,253,1193
艺之剪（金鹰奥莱城店）,栖霞区,金鹰奥莱城,5.0,单人特级设计师剪发1次,58,802
丝忆风格美发沙龙,栖霞区,仙林新村,5.0,单人设计师染烫造型3选1,178,701
寻悠美发中心,栖霞区,马群街道,5.0,单人特级发型师剪发套餐,38,602
拓谷造型（仙林店）,栖霞区,学则路,5.0,单人特级设计师洗剪吹,30,444
一豪明剪美容美发（左右阳光店）,栖霞区,栖霞区,3.5,单人一豪明剪烫/染套餐,188,392
一豪明剪（南砖新村美发店）,栖霞区,和燕路,4.7,单人一豪明剪烫/染套餐,188,392
一豪明剪（长营村店）,栖霞区,长营村,4.6,单人一豪明剪烫/染套餐,188,392
卡雨丝美发造型（南大店）,栖霞区,栖霞区,4.6,高级设计师服务单人烫染3选1套餐,158,357
卡雨丝美发造型（紫金店）,栖霞区,南邮广场,5.0,高级设计师服务单人烫染3选1套餐,158,357
卡雨丝美发造型（高科店）,栖霞区,南邮广场,5.0,高级设计师服务单人烫染3选1套餐,158,357
卡雨丝美发造型（南信店）,栖霞区,栖霞区,4.7,高级设计师服务单人烫染3选1套餐,158,357
卡雨丝美发造型,栖霞区,摄山,4.9,高级设计师服务单人烫染3选1套餐,158,357
AB造型时尚会所（迈皋桥店）,栖霞区,华电西路,4.4,单人私人订制洗剪吹特价套餐,58,311
凯莎潮店美发沙龙（KISSME南大店）,栖霞区,南大和园,5.0,单人总监+提案+洗+剪+造型套餐,42.8,222
N-one造型,栖霞区,学则路,5.0,单人洗剪吹造型1次,30,206
梵高造型（文宗路店）,栖霞区,南邮广场,5.0,单人总监剪发1次,27.8,186
梵高造型（南大和园店）,栖霞区,南大和园,5.0,单人总监剪发1次,27.8,186
I SHOW爱秀造型（东城汇店）,栖霞区,东城汇,5.0,单人总监设计师发型设计1次,45,144
I SHOW爱秀造型（香樟园店）,栖霞区,大成名店,5.0,单人总监设计师发型设计1次,45,144
I SHOW爱秀造型（学则路店）,栖霞区,爱尚街区,5.0,单人总监设计师发型设计1次,45,144
F·G Salon私人订制,栖霞区,马群街道,5.0,单人总监洗剪吹+造型,30,120
伊索造型（晓庄彩虹广场店）,栖霞区,晓庄广场,5.0,单人设计师洗剪吹,28.8,84
佑米造型（六合金宁广场店）,六合区,金宁广场,5.0,丽人狂欢节-欧莱雅烫/染二选一,228,310645
美天淘日系沙龙（金宁广场店）,六合区,金宁广场,5.0,欧莱雅烫发染发直发护理单人套餐,159,24325
艺境造型（乔士美发）,六合区,六合区,3.5,单人高级施华蔻美发套餐D,288,11507
美天淘日系沙龙（长冲步行街店）,六合区,十村,5.0,单人设计师洗剪吹,28,9974
木子日式烫染沙龙,六合区,紫晶广场,5.0,单人超值总监洗剪吹美发套餐,15.8,1062
洪杰造型,六合区,六合区,4.7,单人精致洗剪吹套餐,15,708
VISION 沙宣理念,六合区,六合区,5.0,烫染二选一,298,637
印象派美容.美发.美甲,六合区,紫晶广场,4.7,单人洗剪吹,11.9,337
1986发型工作室,六合区,金宁广场,4.9,洗剪吹1次,40,336
Angel发型工作室,六合区,十村,4.7,单人精剪,26,237
为来形象,六合区,紫晶广场,4.7,总监剪发,28,189
航美发型工作室,六合区,六合区,4.6,单人精致理发1次,12.8,171
San Marco Hair Salon（圣·马可美发沙龙）,六合区,时代广场商圈,5.0,单人精品剪发1次,25,170
GD私人发型定制,六合区,金宁广场,5.0,单人订制剪发1次,80,150
紫罗兰.私属造型,六合区,紫晶广场,4.9,精准修剪单人套餐,30,136
YiBo艺博美发沙龙,六合区,六合区,5.0,单人总监剪发,48,122
YiBo艺博美发沙龙（2店）,六合区,六合区,4.6,单人总监剪发,48,122
大生发型,六合区,六合区,5.0,单人督导剪发,58,52
华仔造型（大厂店）,六合区,十村,4.9,单人特级洗剪吹,23,42
可可造型,六合区,六合区,5.0,单人设计师洗剪吹1次,9.9,40
Avril美甲工作室,六合区,金宁广场,5.0,单人超值编发套餐,15,27
松·沙龙形象设计工作室,六合区,金宁广场,4.6,单人特约设计师剪发,19,26
欧克造型,六合区,六合区,4.9,单人首席设计师精剪1次,29.8,15
北城故事,六合区,六合区,4.7,单人特级剪发体验,19.8,12
伊甸园美发,六合区,六合区,4.0,单人烫发套餐,98,6
雅各造型,六合区,六合区,3.0,单人植物烫1次,188,5
卡凡专业美发（大厂店）,六合区,六合区,4.0,卡凡美发套餐,65,3
王飞造型设计中心,六合区,六合区,3.5,单人露新兰烫/染套餐,238,3
华仔美业连锁（六合）,六合区,六合区,4.0,总监级单人剪发套餐,29.9,2
BLOG博客髮妆艺术（周齐鹏工作室）,六合区,六合区,3.5,单人女士精致裁剪1次,140,2
海涛造型,六合区,六合区,3.5,特惠剪发1次,12,1
演发城（健民路店）,六合区,六合区,4.0,黑人头倒膜,188,0
良涛髪型,六合区,六合区,4.0,欧莱雅染发加护理套餐,398,0
尚珈造型（大厂店）,六合区,六合区,4.0,单人专业级品质烫发/染发2选1+剪发+造型+护理,168,0
发名家（紫晶店）,六合区,紫晶广场,3.9,单人美发套餐,176,0
尚咖造型,六合区,六合区,3.0,代金券,199,0
新造型,六合区,六合区,4.2,单人精剪烫或染1次,128,0
发名家美容美发连锁,六合区,凤凰山公园,3.5,单人美发套餐,176,0
TOP HOT SALON（虹悦城店）,雨花台区,虹悦城,4.9,单人高级剪发一次,55,14
瑞丽形象私人定制,雨花台区,花生唐/板桥,4.5,单人高级设计师洗剪吹1次,10,13
米莱造型（直营店）,雨花台区,西善桥/油坊桥,3.5,单人总监洗剪吹套餐,9.9,9
巨涛燕莎造型（板桥店）,雨花台区,雨花台区,3.6,单人美发套餐,128,7
丝域养发馆（虹悦城店）,雨花台区,雨花台区,4.7,养发套餐+头部护理套餐,128,6
卡凡专业美发（大定坊店）,雨花台区,铁心桥/楚翘城,4.0,卡凡美发套餐,65,3
卡凡专业美容美发连锁机构（铁心桥店）,雨花台区,铁心桥/楚翘城,4.0,卡凡美发套餐,65,3
享发设发时尚造型馆,雨花台区,铁心桥/楚翘城,3.5,烫染套餐,168,2
Choi造型设计顾问,雨花台区,虹悦城,4.0,单人洗吹造型1次,28,1
青藤造型,雨花台区,花生唐/板桥,3.0,美发套餐,188,1
彩炫造型,浦口区,金浦购物中心,5.0,单人特级发型师洗剪吹1次,21.9,1443
徕帝仕美容美发,浦口区,华侨城,5.0,单人高级设计师精剪,28,1193
徕帝仕美容美发,浦口区,华侨城,4.4,单人高级设计师精剪,28,1193
东尼造型,浦口区,浦口区,5.0,资生发型师精剪,22.8,1075
2046美发纹绣（明发店）,浦口区,明发外滩广场,4.0,精美发型洗剪吹,19.9,861
锐变潮牌（弘阳广场店）,浦口区,弘阳广场/印象汇,4.9,单人高级发型师洗剪吹,18.9,798
巨涛美发（澳林广场店）,浦口区,澳林广场,4.9,单人特级洗剪吹造型,26.8,772
古贝发艺,浦口区,天悦城,5.0,总监单人洗剪吹1次（女士专享）,18.8,710
MG魔术造型明星店（总店）,浦口区,公园北路,5.0,单人MG剪发造型套餐,40,579
川谷造型,浦口区,慕斯荟,5.0,单人特惠洗剪吹套餐,24,559
DK潮牌（弘阳广场店）,浦口区,弘阳广场/印象汇,5.0,单人私人定制潮牌烫/染套餐,288,536
鼎悦护肤造型,浦口区,弘阳广场/印象汇,5.0,单人洗剪造型套餐,18.8,456
诠释造型沙龙（天悦购物广场店）,浦口区,天悦城,5.0,单人特级私人定制剪发,68,395
艾美沙龙（南大金陵学院店）,浦口区,浦口区,5.0,总监洗剪吹造型1次,29.8,366
The one hair salon,浦口区,弘阳广场/印象汇,5.0,单人超值洗剪吹,48,360
G-Dragon形象设计,浦口区,南京信息工程大学,5.0,单人单次洗剪吹,15.8,339
顶剪造型,浦口区,浦口区,4.8,单人总监洗剪造型1次,20,311
IT造型（泰山新村店）,浦口区,浦口区,3.7,洗剪吹单人套餐,15.8,303
DZ Hair Salon（慕斯荟店）,浦口区,慕斯荟,4.9,单人特级设计师剪发+头皮冰凉清洁,28,282
XY美发沙龙,浦口区,浦口区,5.0,单人首席洗剪吹造型一次,25,279
潮流焦点造型,浦口区,金浦购物中心,5.0,高级设计师洗剪吹单人套餐,29.8,264
Mr.3 hair salon,浦口区,大华家乐福,5.0,单人督导洗剪吹,30,262
Roy style罗伊斯戴沙龙,浦口区,南京信息工程大学,4.9,单人资深发型师洗剪套餐,35,248
红馆美发沙龙,浦口区,弘阳广场/印象汇,4.9,单人督导洗剪吹,48,247
组合SHOW,浦口区,浦口区,4.9,创意总监剪发1次,39.8,235
沙宣发型,浦口区,浦口区,5.0,单人欧莱雅烫染套餐,148,205
ManGo（芒果）主题沙龙,浦口区,浦口区,5.0,单人特级设计师洗剪吹1次,22,172
A.Salon专业美发定制沙龙,浦口区,弘阳广场/印象汇,5.0,单人洗吹造型套餐,9.9,168
媚丽非凡美业工作室,浦口区,弘阳广场/印象汇,5.0,单人挑染1束,5,164
名廊形象 Style Design（金浦店）,浦口区,金浦购物中心,5.0,单人女神专享定制剪发,9.9,158
炫靓造型,浦口区,浦口区,4.5,首席设计精剪,24,142
小飞发型设计工作室,浦口区,金浦购物中心,5.0,单人人气导师剪发一次,48,142
美尚造型,浦口区,浦口区,5.0,单人高级设计师洗剪吹套餐,13.8,118
卢小江造型salon,浦口区,浦口区,5.0,单人精剪造型套餐,20,98
TG私人订制,浦口区,浦口区,3.8,单人总监洗剪吹,19.8,83
好莱坞私家发型会所（浦口店）,浦口区,浦口区,3.5,单人总监私人发型定制,79.8,64
浪涛发型（弘阳广场店）,浦口区,弘阳广场/印象汇,4.3,单人发型师洗剪吹+烫/染+护理套餐,298,62
欧泉国际美容美发,浦口区,南京信息工程大学,3.9,总监美发套餐,12.8,56
非凡发型,浦口区,明发外滩广场,4.5,单人烫发/染发套餐2选1,88,47
巨涛美发（公园北路店）,浦口区,公园北路,3.6,单人首席洗剪吹套餐,45,47
IT鼎悦（天润城店）,浦口区,浦口区,3.6,剪发+烫/染2选1单人套餐,198,46
IT造型（明发滨江新城一店）,浦口区,明发外滩广场,3.5,剪发+烫/染2选1单人套餐,198,46
IT造型（威尼斯水城店）,浦口区,浦口区,4.1,剪发+烫/染2选1单人套餐,198,46
IT造型（天润城八街区店）,浦口区,浦口区,3.0,剪发+烫/染2选1单人套餐,198,46
IT造型（明发滨江新城二店）,浦口区,明发外滩广场,3.9,剪发+烫/染2选1单人套餐,198,46
轩尼诗时尚沙龙,浦口区,南京信息工程大学,5.0,单人高级洗剪吹,15,46
引领,浦口区,南京信息工程大学,4.0,特级发型师洗剪吹1次,8.8,45
perfect造型,浦口区,浦口区,4.9,单人烫染套餐,128,43
剪爱,浦口区,浦口区,4.4,代金券,1,42
A/X个人形象工作室,浦口区,浦口区,4.7,单人总监剪发造型设计,58,30
天籁 hair salon（原奇伦店）,浦口区,金浦购物中心,5.0,单人首席设计师洗剪吹,35,27
安菲儿专业造型,浦口区,澳林广场,4.7,单人督导洗剪吹套餐,40,27
创意公元潮牌沙龙,浦口区,弘阳广场/印象汇,5.0,店长剪发➕时尚造型,50,21
沙宣发型（威尼斯5街区店）,浦口区,浦口区,4.6,单人精致烫染套餐,398,19
魔岩秀客沙龙,浦口区,浦口区,4.0,showker秀客洗发造型,10,19
张扬造型（V salon）,浦口区,金浦购物中心,4.6,单人创意总监剪发套餐,48,17
秀尚国际,浦口区,华侨城,4.9,单人高级设计师剪发,22,16
奇点发型工作室,浦口区,弘阳广场/印象汇,4.9,单人时尚总监剪发1次,48,16
莱·曼 salon（威尼斯水城店）,浦口区,浦口区,3.0,单人超值剪发1次,5,15
拓品美容美发（明发城市广场店）,浦口区,浦口区,5.0,单人烫染护套餐,289,15
拓品美容汗蒸馆（丽都雅苑店）,浦口区,浦口区,3.0,染烫套餐,128,14
新启点（天润城店）,浦口区,浦口区,4.7,单人烫/染/拉直柔顺人气套餐,88,14
MIX CONCEPT 尚无界造型,浦口区,浦口区,5.0,单人高级发型师洗剪吹造型,35,14
剪阅造型,浦口区,浦口区,4.7,单人总监洗剪吹,15.8,12
有间花园沙龙,浦口区,弘阳广场/印象汇,5.0,单人总监剪烫/剪染二选一套餐,418,12
顶尚私人发型,浦口区,弘阳广场/印象汇,4.8,单人精致裁剪,28,12
黄小明发型私人定制,浦口区,弘阳广场/印象汇,4.5,总监剪发1次,29,11
JM.salon造型,浦口区,大华家乐福,4.3,单人经典烫发套餐,168,11
欧泉国际护肤造型中心,浦口区,浦口区,5.0,单人精致高级顾问裁剪,19,10
时尚起义美发沙龙,浦口区,金浦购物中心,4.0,单人首席设计师剪发,40,10
茗媛生态养发馆,浦口区,浦口区,3.5,姜泥防脱发头疗,58,10
瑞丽发型私人订制,浦口区,华侨城,4.7,单人资深导师定制剪裁,19.8,9
巨涛美发（大华店）,浦口区,大华家乐福,4.0,单人精致烫染,168,8
雕塑时尚美发,浦口区,浦口区,4.7,单人创意设计师洗剪吹,39,6
审美造型,浦口区,浦口区,4.2,审美造型店长洗剪吹,29,6
韩妍美容美发SPA养生馆,浦口区,南京信息工程大学,3.5,烫或染套餐,88,4
发现发型工作室,浦口区,弘阳广场/印象汇,4.0,单人艺术总监剪发1次,68,4
PK造型,浦口区,浦口区,3.0,单人烫染护套餐,208,0
丝情发艺（丝情发艺）,浦口区,浦口区,3.5,头发水疗10次,298,0
柔迪雅专业美发沙龙,浦口区,华侨城,3.0,单人托尼盖美发套餐,128,0
