﻿商家,区域,商圈,星级,服务,价格,销量
佑米造型（大都会店）,中山区,胜利广场/青泥洼桥,5.0,丽人狂欢节-欧莱雅烫/染二选一,228,310622
佛伦斯私人定制烫染名店（大连大都会店）,中山区,胜利广场/青泥洼桥,5.0,美芝品系列单人美发套餐,168,143258
施华蔻美发连锁（大连大都会店）,中山区,胜利广场/青泥洼桥,5.0,单人施华蔻烫染套餐3选1,208,85650
紫尚造型（大都会店）,中山区,胜利广场/青泥洼桥,5.0,【人气】单人烫染直三选一美发套餐,159,59492
摩登时尚（天津街古玩城店）,中山区,天津街,5.0,【品质优选】设计师定制裁剪,29.8,23679
小P老师-P.STYLE造型（大连明星店）,中山区,胜利广场/青泥洼桥,5.0,单人美发烫、染套餐二选一,398,7171
米琳造型（青泥洼店）,中山区,胜利广场/青泥洼桥,5.0,单人欧莱雅美奇丝系列烫/染套餐,148,4263
《1号连锁》美发专家（大连中山店）,中山区,友好广场,4.0,乔薇尔（JOVIAL)单选,339,2334
纤艺造型（大都会店）,中山区,胜利广场/青泥洼桥,3.5,单人风采设计剪裁（洗剪吹）+毛鳞片护理重组套餐,49,2240
维纳斯美发造型（三八广场店）,中山区,二七广场,4.0,单人设计师洗剪吹套餐,28,1942
维纳斯美发造型（葵英街店）,中山区,解放路沿线,5.0,单人设计师洗剪吹套餐,28,1942
维纳斯美发造型（绿色空间总店）,中山区,二七广场,5.0,单人设计师洗剪吹套餐,28,1942
维纳斯美发造型（大都会店）,中山区,胜利广场/青泥洼桥,5.0,单人设计师洗剪吹套餐,28,1942
维纳斯美发造型（Label.m柏威年店）,中山区,胜利广场/青泥洼桥,5.0,单人设计师洗剪吹套餐,28,1942
维纳斯美发造型（昆明街乐购店）,中山区,解放路沿线,5.0,单人设计师洗剪吹套餐,28,1942
kimi style造型（胜利店）,中山区,胜利广场/青泥洼桥,5.0,单人精剪＋造型,21.9,1125
俊然造型,中山区,中山区,5.0,资深设计师精剪造型+护理套餐,38,1072
铭造型（名店坊店）,中山区,人民路,5.0,单人高级造型师剪发1次,78,941
铭造型（旗舰店）,中山区,中山区,4.1,单人高级造型师剪发1次,78,941
明洞造型（新世界店）,中山区,友好广场,5.0,单人设计师洗剪吹,38,873
明洞造型（胜利店）,中山区,胜利广场/青泥洼桥,4.9,单人设计师洗剪吹,38,873
韩洞造型,中山区,胜利广场/青泥洼桥,5.0,单人高级发型师洗剪吹+造型,38,813
皇族形象设计（三八店）,中山区,三八广场,4.2,烫染2选1,98,686
索菲雅形象设计,中山区,胜利广场/青泥洼桥,5.0,经典染烫套餐2选1,38,528
CC潮美汇hairsalon（大都会店）,中山区,胜利广场/青泥洼桥,5.0,单人生态膜 水晶膜线无痕接发 低值卷,1,508
M.PU STYLE木浦造型（佳兆业购物广场店）,中山区,天津街,5.0,资深设计师精剪+造型+洗+头皮检测女宾专享套餐,48,456
M.PU STYLE木浦造型（新玛特店）,中山区,胜利广场/青泥洼桥,5.0,资深设计师精剪+造型+洗+头皮检测女宾专享套餐,48,456
M.PU STYLE木浦造型（凯丹店）,中山区,港湾广场,5.0,资深设计师精剪+造型+洗+头皮检测女宾专享套餐,48,456
M.PU STYLE木浦造型（大都会店）,中山区,胜利广场/青泥洼桥,5.0,资深设计师精剪+造型+洗+头皮检测女宾专享套餐,48,456
M.PU STYLE木浦造型（青泥洼桥店）,中山区,胜利广场/青泥洼桥,4.9,资深设计师精剪+造型+洗+头皮检测女宾专享套餐,48,456
尚帝造型,中山区,三八广场,5.0,单人洗剪吹造型,18.9,449
瑛明发艺私人定制（青泥店）,中山区,胜利广场/青泥洼桥,4.0,单人洗剪吹,22.8,413
瑛明私人定制（友好广场店）,中山区,中山区,5.0,单人洗剪吹,22.8,413
瑛明发艺私人发型定制（中南路直营店）,中山区,中南路,5.0,单人洗剪吹,22.8,413
vsl-卫丝理美发造型空间（胜利店）,中山区,胜利广场/青泥洼桥,3.9,单人技术总监剪洗吹1次,38,371
卫丝理造型空间（大都会旗舰店）,中山区,胜利广场/青泥洼桥,5.0,单人技术总监剪洗吹1次,38,371
尚美造型,中山区,胜利广场/青泥洼桥,4.9,单人洗剪吹,98,322
涉谷形象（友好店）,中山区,友好广场,4.6,单人资深发型师精剪,16.8,298
涉谷形象（青云街店）,中山区,解放路沿线,5.0,单人资深发型师精剪,16.8,298
黑桃A美发工作室,中山区,胜利广场/青泥洼桥,4.4,单人洗剪吹,58,278
上炫造型,中山区,港湾广场,4.6,单人洗剪吹,60,76
染club,中山区,友好广场,4.8,单人发型设计总监剪发,30,68
哈泊 Harbor Barber,中山区,二七广场,5.0,资深设计师洗剪吹套餐,19,62
吉田工作室,中山区,胜利广场/青泥洼桥,5.0,单人烫染二选一,458,58
米米左发型设计室,中山区,老虎滩,4.3,单人剪发造型1次,17.9,55
大连美丽汇形象定制生活馆（麦凯乐青泥洼店）,中山区,胜利广场/青泥洼桥,5.0,单人发型师洗剪吹1次,128,54
EMMY Hair salon艾美潮流沙龙,中山区,中山广场/延安路,4.6,单人【技术指导】洗剪吹➕台湾健康头皮检测一次,80,45
强的私人造型工作室,中山区,三八广场,4.4,单人剪发,40,41
H.VSL华·卫思理（柏威年店）,中山区,胜利广场/青泥洼桥,4.7,设计总监 洗剪吹体验,69,41
章光101生发养发防脱发连锁（中山一店）,中山区,三八广场,4.2,单人三天头皮调理套餐,39,39
章光101生发养发防脱发连锁（中山二店）,中山区,友好广场,4.0,单人三天头皮调理套餐,39,39
崇尚美发,中山区,胜利广场/青泥洼桥,4.5,单人染发/烫发套餐2选1,298,39
夏造型私人订制（柏威年店）,中山区,胜利广场/青泥洼桥,5.0,单人施华蔻舒适洗发套餐,28,34
美丽丝语美发店,中山区,人民路,4.9,单人烫染二选一套餐,98,31
吉广发廊J&GHairSalon;（百年城店）,中山区,胜利广场/青泥洼桥,5.0,单人高级发型师洗剪吹,160,31
韩国美宣美发沙龙,中山区,友好广场,4.7,单人高级发型师染烫2选1,238,30
红星美发时尚会馆,中山区,友好广场,3.5,单人洗剪吹造型,50,30
画间造型,中山区,中山区,5.0,单人洗剪吹+水疗护理1次,120,29
斯匠造型,中山区,天津街,5.0,星级发型师剪发,68,29
华人美,中山区,二七广场,4.5,单人店长剪发,28,27
8090造型（柏威年店）,中山区,中山区,4.0,单人体验剪发,59,23
Tao's 美发沙龙,中山区,人民路,4.6,单人剪发SPA套餐,110,22
风尚造型,中山区,人民路,4.8,单人资深设计师洗剪吹,88,20
kimi style造型（胜利天津街店）,中山区,胜利广场/青泥洼桥,4.9,单人精剪➕造型,16.9,20
纳美日本美发,中山区,胜利广场/青泥洼桥,4.0,单人纳美剪发,100,19
锋尚造型,中山区,中山广场/延安路,4.7,单人染烫套餐2选1,78,19
M9私人造型工作室（远洋洲际店）,中山区,友好广场,4.6,单人洗剪吹+护理套餐,159,15
潮 MR造型,中山区,中山区,4.1,单人顾问洗剪吹造型1次,20,15
欣意烫染家族,中山区,中山区,4.9,单人施华蔻美发套餐,158,14
Magic·J私人定制造型中心,中山区,友好广场,4.8,单人Magic·J私人定制资深设计师剪发造型1次,89,14
27 ° 造型工作室,中山区,友好广场,4.6,单人【洗剪吹】,39,14
y-queen（洋洋美发工作室）,中山区,友好广场,4.1,单人剪发,38,12
丝域养发馆（中山海景园店）,中山区,中山区,4.0,单人专业护理套餐,69,12
王风造型私人订制工作室,中山区,友好广场,5.0,单人洗剪吹店庆优惠套餐,89,11
今井潮牌沙龙（大都会旗舰店）,中山区,胜利广场/青泥洼桥,3.7,单人理护套餐,88,10
富邦形象设计,中山区,三八广场,4.0,单人洗剪吹+造型1次,30,10
袁SIR美髮設計沙龍,中山区,解放路沿线,4.5,店长剪发设计+头皮深度清洁（免费头皮测试）,58,16
钰丝造型美容美体,中山区,二七广场,3.7,单人洗剪吹烫染套餐,199,9
简约时尚造型,中山区,天津街,4.6,单人烫染套餐,138,8
莎伦发型,中山区,中山广场/延安路,4.1,单人莎伦造型洗吹剪,19.9,7
冬冬发型设计,中山区,三八广场,3.5,单人精剪,30,0
梅田美容美发会馆,中山区,天津街,3.5,单人超值美发套餐,118,0
ck沙龙美发会所,中山区,中南路,3.5,烫染套餐,248,0
盛鼎私人造型会所,中山区,胜利广场/青泥洼桥,4.0,单人烫染发,880,0
名匠美业,中山区,二七广场,4.1,单人儿童洗剪吹1次,28,0
阿豪造型,中山区,中山区,3.5,单人首席造型师精品烫发套餐,268,0
L&Ainhouse;美发工作室,中山区,中山广场/延安路,3.5,单人美发造型,318,0
佑米造型（罗斯福直营店）,沙河口区,罗斯福购物中心,5.0,丽人狂欢节-欧莱雅烫/染二选一,228,310622
佑米造型（和平广场店）,沙河口区,和平广场,5.0,丽人狂欢节-欧莱雅烫/染二选一,228,310622
佑米造型（新开路总店）,沙河口区,黄河路沿线,5.0,丽人狂欢节-欧莱雅烫/染二选一,228,310622
佑米造型（黑石礁店）,沙河口区,黑石礁,5.0,丽人狂欢节-欧莱雅烫/染二选一,228,310622
佛伦斯私人订制烫染国际连锁（和平广场店）,沙河口区,和平广场,5.0,美芝品系列单人美发套餐,168,143258
佛伦斯私人定制烫染国际连锁（福佳新天地店）,沙河口区,福佳新天地,5.0,美芝品系列单人美发套餐,168,143258
欧莱雅私人定制美发连锁 （罗斯福店）,沙河口区,罗斯福购物中心,5.0,单人洗剪吹/护理套餐2选1,39,101033
施华蔻美发连锁（大连罗斯福购物广场店）,沙河口区,罗斯福购物中心,5.0,单人施华蔻烫染套餐3选1,208,85650
紫尚造型（大连和平广场店）,沙河口区,和平广场,5.0,【人气】单人烫染直三选一美发套餐,159,59492
紫尚造型（大连罗斯福品质店）,沙河口区,罗斯福购物中心,5.0,【人气】单人烫染直三选一美发套餐,159,59492
紫尚造型（大连黑石礁店）,沙河口区,黑石礁,5.0,总监洗剪吹单人美发套餐,49,37283
米娜造型（罗斯福店）,沙河口区,和平广场,4.6,单人欧莱雅高端五选一套餐,198,27357
美天淘日系沙龙（万达华府百盛店）,沙河口区,黄河路沿线,4.6,欧莱雅烫发染发直发护理单人套餐,159,24325
美天淘日系沙龙（西安路店）,沙河口区,罗斯福购物中心,5.0,欧莱雅烫发染发直发护理单人套餐,159,24325
迪美造型（罗斯福店）,沙河口区,罗斯福购物中心,5.0,【品质特惠】单人欧莱雅烫/染5选1+护理,128,14350
摩登时尚（罗斯福店）,沙河口区,罗斯福购物中心,4.3,单人摩登奢华烫/染/拉直3选1套餐,258,11968
倷丝国际烫染连锁（福佳新天地店）,沙河口区,沙河口区,5.0,单人美芝品美发套餐,168,10611
美天淘日系沙龙（黑石礁店）,沙河口区,黑石礁,4.9,单人设计师洗剪吹,28,9974
美天淘日系沙龙（联合路店）,沙河口区,沙河口区,4.7,单人设计师洗剪吹,28,9974
美天淘日系沙龙（和平广场店）,沙河口区,和平广场,5.0,首席精剪洗剪吹,58,7964
巴罗国际烫染连锁（罗斯福店）,沙河口区,罗斯福购物中心,4.1,单人超值烫发/染发套餐5选2,378.8,7934
绚诺soho造型（罗斯福店）,沙河口区,罗斯福购物中心,4.0,欧莱雅美奇丝系列单人轻奢 烫/染+护理 套餐,198,3711
绚诺soho造型（福佳新天地店）,沙河口区,福佳新天地,4.0,单人小资美发 染/烫/柔顺/直发/定位5选1+护理 套餐,148,3312
视觉风尚（美咖造型店）,沙河口区,西安路沿线,5.0,单人资深设计师洗剪吹,22.8,2475
1号连锁美发专家（罗斯福店）,沙河口区,罗斯福购物中心,3.0,乔薇尔（JOVIAL)单选,339,2334
艾比丽发型私人订制烫染全国连锁（施华蔻-欧兰雅名店）,沙河口区,福佳新天地,5.0,单人烫发染发2选1,168,2100
维纳斯美发造型（西安路店）,沙河口区,西安路沿线,5.0,单人设计师洗剪吹套餐,28,1942
维纳斯美发（高尔基路店）,沙河口区,和平广场,5.0,单人设计师洗剪吹套餐,28,1942
维纳斯美发造型（尚艺店）,沙河口区,黄河路沿线,5.0,单人设计师洗剪吹套餐,28,1942
维纳斯美发造型（马栏广场店）,沙河口区,马栏子,5.0,单人设计师洗剪吹套餐,28,1942
维纳斯美发（数码广场店）,沙河口区,软件园/数码广场,5.0,单人设计师洗剪吹套餐,28,1942
维纳斯美发造型（和平广场店）,沙河口区,和平广场,3.5,单人设计师洗剪吹套餐,28,1942
维纳斯美发造型（摩呓造型店）,沙河口区,太原街沿线,5.0,单人设计师洗剪吹套餐,28,1942
Magic·Hair美发沙龙,沙河口区,罗斯福购物中心,5.0,单人首席设计师洗剪吹+头发SPA滋养1次,68,1326
魔发有约（如意街店）,沙河口区,沙河口区,4.1,单人皇室烫染套餐5选1+护理套餐,888,995
铭造型（凯德和平广场店）,沙河口区,和平广场,5.0,单人高级造型师剪发1次,78,941
2046无痕接发潮色店（罗斯福三店）,沙河口区,罗斯福购物中心,5.0,单人全真无痕纳米接发（45cm）,680,920
和美潮牌接发（和平广场店）,沙河口区,和平广场,5.0,单人洗剪吹+烫染2选1+护理,288,896
尚.造型,沙河口区,黑石礁,5.0,单人洗剪吹,22.8,758
FAMILY 伐木累Hair（罗斯福人气店）,沙河口区,罗斯福购物中心,5.0,【高端施华蔻】烫/染套餐+发膜,151,744
皇族形象设计（民政街店）,沙河口区,西安路沿线,4.7,烫染2选1,98,686
No.1.造型（BOBO美业店）,沙河口区,软件园/数码广场,5.0,单人高级发型师洗剪吹1次,28,672
NO.1造型（西安路店）,沙河口区,西安路沿线,5.0,单人高级发型师洗剪吹1次,28,672
晓慧造型工作室,沙河口区,福佳新天地,5.0,单人首席洗剪吹,20,552
宸洁轩造型,沙河口区,沙河口区,4.9,单人洗剪吹+造型1次,30,473
M.PU STYLE木浦造型（罗斯福一楼SOHO店）,沙河口区,罗斯福购物中心,5.0,资深设计师精剪+造型+洗+头皮检测女宾专享套餐,48,456
M.PU STYLE木浦造型（罗斯福四楼店）,沙河口区,罗斯福购物中心,5.0,资深设计师精剪+造型+洗+头皮检测女宾专享套餐,48,456
木森造型美业中心,沙河口区,西安路沿线,5.0,单人总监洗剪吹造型（含终身剪刘海）,19.8,449
M.PU STYLE木浦造型（凯德和平广场店）,沙河口区,和平广场,5.0,精剪+造型+纯植物日式烫发/染发+头皮检测+三氧生态护理套餐,298,445
Mr.咔嚓造型&Miss.;莎莎美甲,沙河口区,和平广场,5.0,单人首席造型师洗剪吹,30,436
界洲岛美发（尖山街店）,沙河口区,黑石礁,5.0,单人高级发型师洗剪吹1次,19.8,423
瑛明发艺私人定制（罗斯福店）,沙河口区,罗斯福购物中心,4.4,单人洗剪吹,22.8,413
新造型,沙河口区,马栏子,4.9,单人剪发套餐,25,362
涉谷形象,沙河口区,马栏子,5.0,单人资深发型师精剪,16.8,298
涉谷形象（罗斯福店）,沙河口区,罗斯福购物中心,4.6,单人资深发型师精剪,16.8,298
塑艺坊美发工作室,沙河口区,软件园/数码广场,4.9,塑艺坊美发工作室 单人剪发水疗护理套餐,50,297
Garden Hair 花园美发沙龙（原西门町美发沙龙）,沙河口区,罗斯福购物中心,5.0,单人首席发型师剪发,69.9,295
尚品私人发型定制,沙河口区,福佳新天地,5.0,单人技术总监洗剪吹,39.8,281
迪米造型（DColor店）,沙河口区,福佳新天地,5.0,单人迪米造型施华蔻烫/染套餐（含护理）,258,259
Simi-hair造型潮店,沙河口区,罗斯福购物中心,5.0,单人创意总监剪发,128,258
匠人美发烫染工作室,沙河口区,和平广场,5.0,单人剪发1次,50,256
发觉丽人坊,沙河口区,福佳新天地,4.7,单人发觉专业洗剪吹,48,254
王刚造型（和平广场店）,沙河口区,和平广场,5.0,单人造型师剪发+护理,98,245
宝利造型,沙河口区,西安路沿线,4.4,单人设计师剪发,29,243
时代风尚,沙河口区,罗斯福购物中心,5.0,单人洗剪吹,15,227
kaka hair 咖咖造型,沙河口区,和平广场,4.8,超值高品质烫染剪套餐,997.7,220
发源社·造型,沙河口区,罗斯福购物中心,5.0,单人总监剪发,58,220
金剪发艺,沙河口区,软件园/数码广场,5.0,单人店长剪发,30,220
梵丝雅造型,沙河口区,罗斯福购物中心,5.0,总监洗剪吹,49.9,188
明鑫发艺,沙河口区,星海公园,5.0,单人沙宣剪发,28,179
ON-TIME hair salon （昂time接发潮店）,沙河口区,罗斯福购物中心,5.0,单人无痕接发2选1,899,172
释艺风格私人定制,沙河口区,罗斯福购物中心,5.0,单人精剪1次,38.8,138
Today美发,沙河口区,黑石礁,4.3,单人染烫2选1美发组合,98,126
巴古造型,沙河口区,马栏子,5.0,单人首席理发师洗剪吹1次,33,113
美立方造型,沙河口区,黑石礁,5.0,单人洗剪吹+烫染中水护+欧莱雅烫/染2选1,98,97
Mina造型,沙河口区,西安路沿线,5.0,高级设计师洗剪吹,59,96
首比概念造型,沙河口区,马栏子,5.0,单人剪发＋造型,20,87
百年美业美发,沙河口区,西安路沿线,5.0,单人剪发项目1次,38,79
FG理念美容美发造型,沙河口区,罗斯福购物中心,5.0,FG| 单人发型总监形象设计,49,76
HVSL华卫思理·度（罗斯福天兴店）,沙河口区,罗斯福购物中心,4.7,风格发型师 洗剪吹体验,48,73
H.VSL华·卫思理（和平店）,沙河口区,和平广场,4.6,风格发型师 洗剪吹体验,48,73
吉米私人发型定制,沙河口区,罗斯福购物中心,5.0,单人欧莱雅/施华蔻染烫二选一,158,69
π hair （派造型）studio,沙河口区,罗斯福购物中心,5.0,单人美奇丝香波烫染 二选一,118,59
克拉克创造,沙河口区,和平广场,4.6,单人资深设计师洗剪吹+护理1次,48,58
皓名造型（西安路民勇店）,沙河口区,西安路沿线,5.0,单人欧莱雅美奇丝热塑烫或欧莱雅美奇丝染发2选1,188,58
艾尚发艺,沙河口区,沙河口区,5.0,单人高级发型师剪发,28,57
ZL潮流造型,沙河口区,西安路沿线,5.0,单人洗吹+造型,9.9,51
范丝哲美发会所,沙河口区,沙河口区,3.9,单人 范丝哲美发会所欧莱雅美发套餐,168,50
时尚殿堂美容美发美甲生活馆（锦辉购物广场店）,沙河口区,沙河口区,5.0,单人精剪资深设计师洗剪吹套餐,38,57
AL接发色彩会馆,沙河口区,福佳新天地,5.0,单人设计总监洗剪吹,68,48
L o Go私人发型会所,沙河口区,福佳新天地,5.0,单人设计师洗剪吹,38,45
SOHO Hair,沙河口区,罗斯福购物中心,4.9,单人剪发,39.9,44
佳美汇美发沙龙,沙河口区,西安路沿线,5.0,单人剪发,19.9,44
佰丝特造型,沙河口区,黄河路沿线,4.3,单人店长洗剪吹,29,43
章光101生发养发防脱发连锁（五四店）,沙河口区,西安路沿线,4.1,单人三天头皮调理套餐,39,39
章光101生发养发防脱发连锁（星海店）,沙河口区,星海公园,3.9,单人三天头皮调理套餐,39,39
mod'shair（凯德和平广场店）,沙河口区,和平广场,5.0,单人首席发型师剪发,128,36
新时尚造型,沙河口区,沙河口区,4.0,单人剪发一次,14.9,35
易美.show,沙河口区,西安路沿线,4.0,洗剪吹套餐,30,30
荣强造型,沙河口区,罗斯福购物中心,4.6,单人剪发1次,28,30
梵古美发工作室,沙河口区,西安路沿线,4.7,单人洗剪吹套餐,46,24
8090造型（和平广场店）,沙河口区,和平广场,4.0,单人体验剪发,59,23
8090造型（罗斯福店）,沙河口区,罗斯福购物中心,4.0,单人体验剪发,59,23
爱尚造型,沙河口区,太原街沿线,4.1,单人洗剪吹,19.8,22
私蜜美发美甲潮店,沙河口区,罗斯福购物中心,5.0,单人总监设计师精剪套餐,149,21
安卡日式美发沙龙,沙河口区,罗斯福购物中心,5.0,日系-总监剪发,48,20
7柒造型,沙河口区,福佳新天地,5.0,单人洗发,11,20
北田造型,沙河口区,沙河口区,4.1,单人 经典美发套餐,188,19
芊霖美颜皮肤管理中心,沙河口区,西安路沿线,4.7,【头皮的“救心丸”】卡凡洗发,15.9,18
木武美业,沙河口区,软件园/数码广场,5.0,单人资深设计师洗剪吹,28,18
标榜（敦煌路店）,沙河口区,沙河口区,4.3,单人植物草本烫染二选一,98,14
阿灏私人发型订制,沙河口区,马栏子,4.7,单人学生特价设计精剪,19.9,13
lz潮流美业,沙河口区,黑石礁,3.0,单人洗剪吹1次,9.9,12
阿超造型,沙河口区,和平广场,3.8,单人剪发+营养,19.9,11
A TOP日式美发沙龙,沙河口区,罗斯福购物中心,4.9,单人总监剪发1次,90,10
8090造型（恒隆广场店）,沙河口区,西安路沿线,3.5,单人剪发＋烫发／染发套餐,279,9
发觉·会所,沙河口区,和平广场,4.6,单人洗剪吹+施华蔻烫/染2选1套餐,399,9
和造型,沙河口区,福佳新天地,4.3,单人精致洗发套餐,28,9
小付造型工作室,沙河口区,五一广场,4.0,剪发+烫染2选1,138,8
8090造型（马栏广场店）,沙河口区,马栏子,3.5,单人剪发＋烫发／染发套餐,139,7
韩逸轩美发潮店,沙河口区,西安路沿线,4.7,单人总监店长剪发,30,7
奈丝Nice美发室,沙河口区,罗斯福购物中心,4.8,单人日本资生堂佩诗护理+CYP主理剪发一次,98,6
1984造型,沙河口区,西安路沿线,4.9,单人设计剪发+施华蔻护理,68,6
贝赫造型,沙河口区,西安路沿线,4.5,单人洗剪吹+烫染二选一,168,6
简a时尚造型,沙河口区,沙河口区,3.5,单人洗剪吹,29,5
摆渡人沙龙（精品店）,沙河口区,西安路沿线,4.7,【特惠】洗剪吹+品牌烫/染发套餐2选1,268,5
奥普博唯美发沙龙（五四广场店）,沙河口区,沙河口区,4.5,单人养生合洗+时尚造型,20,5
才之发艺,沙河口区,沙河口区,4.3,单人施华蔻染发,98,5
小袁美发美容,沙河口区,沙河口区,3.5,单人烫染A套餐,198,4
T造型,沙河口区,罗斯福购物中心,3.5,单人剪发体验一次,30,4
首艺美业,沙河口区,五一广场,3.0,染发,88,4
玉莲养发中心,沙河口区,马栏子,3.5,单人止脱生发,68,3
九加一美发工作室,沙河口区,西安路沿线,4.0,单人剪染烫套餐,118,2
千千造型,沙河口区,黄河路沿线,3.0,千千造型 剪发套餐,19.9,0
名古屋发型设计室,沙河口区,和平广场,3.5,单人日式冷烫/染发2选1,148,0
隆辉造型店,沙河口区,和平广场,4.0,单人威娜丰盈烫发,698,0
左右造型,沙河口区,沙河口区,3.5,单人欧莱雅烫/染2选1,260,0
silk语私人订制,沙河口区,西安路沿线,3.5,单人白金套餐,158,0
然戈形象,沙河口区,星海公园,3.5,染烫套餐组合,58,0
龙真私人发型定制,沙河口区,沙河口区,3.5,单人剪发+欧莱雅烫发,398,0
扦手人生美发店,沙河口区,软件园/数码广场,3.0,单人经济美发套餐,168,0
木村造型（辽师店）,沙河口区,马栏子,4.7,单人时尚彩接,198,0
荣荣造型,西岗区,西岗区,4.3,单人首席发型师洗剪吹,20,31
蓓凯蓓莉BeiCapelli（大连恒隆广场店）,西岗区,西岗区,4.0,单人发型总监剪发一次,159,27
新雅造型,西岗区,西岗区,4.4,单人发型师剪发,17.9,26
玛萨私人定制,西岗区,西岗区,4.5,单人设计师洗剪吹+造型套餐,99,24
景新造型,西岗区,西岗区,4.4,单人资深造型师剪发+施华蔻护理套餐,58,24
强仔造型私人订制,西岗区,西岗区,4.4,单人资深设计师洗剪吹（男发）,23.8,20
不老美店（长春路店）,西岗区,西岗区,4.5,单人染+烫套餐,288,19
东洋风美发沙龙,西岗区,奥林匹克广场,4.5,高级造型师洗剪吹套餐,58,18
金造型私人定制,西岗区,奥林匹克广场,4.0,剪发套餐,22.9,17
KIKI徐造型,西岗区,大菜市/站北广场,4.1,烫染套餐,115,13
爱喜美（八一路形象店）,西岗区,八一路沿线,4.0,单人染烫2选1,88,7
美天造型,西岗区,西岗区,4.1,单人洗剪吹+欧莱雅烫染二选一,158,4
@滨私人发型订制,西岗区,西岗区,3.5,单人洗剪吹,48.8,2
至尚造型,西岗区,西岗区,3.5,洗剪吹+短发冷烫+染发+造型,99.9,2
道艺发道馆,西岗区,西岗区,3.8,单人烫染魅力套餐,90,1
伟艺发型,西岗区,西岗区,3.5,单人店长剪发1次,24.9,0
艾尚美发,西岗区,大菜市/站北广场,3.5,单人染发护发,199,0
周林造型,西岗区,人民广场/新开路,3.5,烫染套餐,180,0
努酷雅造型,西岗区,西岗区,3.5,欧莱雅烫发或施华蔻染发2选1,588,0
佑米造型（华南红星美凯龙店）,甘井子区,甘井子区,5.0,丽人狂欢节-欧莱雅烫/染二选一,228,310622
佑米造型（华南广场总店）,甘井子区,华南广场,5.0,丽人狂欢节-欧莱雅烫/染二选一,228,310622
佑米造型（华南中北大厦店）,甘井子区,华南广场,5.0,丽人狂欢节-欧莱雅烫/染二选一,228,310622
佑米造型（东特购物广场直营店）,甘井子区,甘井子区,5.0,丽人狂欢节-欧莱雅烫/染二选一,228,310622
佑米造型（高新万达店）,甘井子区,万达广场,4.9,丽人狂欢节-欧莱雅烫/染二选一,228,310622
佛伦斯私人订制烫染国际连锁（华南广场店）,甘井子区,华南广场,5.0,美芝品系列单人美发套餐,168,143258
佛伦斯私人订制烫染国际连锁（高新园区万达店）,甘井子区,万达广场,5.0,美芝品系列单人美发套餐,168,143258
欧莱雅私人定制美发连锁（大连高新店）,甘井子区,万达广场,5.0,单人洗剪吹/护理套餐2选1,39,101033
欧莱雅私人定制美发连锁（大连华南店）,甘井子区,华南广场,5.0,单人洗剪吹/护理套餐2选1,39,101033
紫尚造型（高新园区万达口碑店）,甘井子区,万达广场,5.0,【人气】单人烫染直三选一美发套餐,159,59492
紫尚造型（华南中北大厦精品店）,甘井子区,华南广场,5.0,【人气】单人烫染直三选一美发套餐,159,59492
米娜造型（高新万达店）,甘井子区,万达广场,4.0,单人美发套餐5选1,128,35164
佑美乐造型（华南广场店）,甘井子区,华南广场,4.2,单人剪发套餐1份,39.8,28761
柯琳造型（万达广场总店）,甘井子区,万达广场,4.9,【欧莱雅美奇丝/LIGUI】烫染单项套餐,158,27805
美天淘日系沙龙（华南广场店）,甘井子区,华南广场,5.0,欧莱雅烫发染发直发护理单人套餐,159,24325
米淇烫染技术全国联盟（尚艺万达店）,甘井子区,万达广场,5.0,单人利威丝奇幻烫染系列,158,18735
摩登时尚（高新万达广场店）,甘井子区,万达广场,4.1,单人摩登奢华烫/染/拉直3选1套餐,258,11968
美天淘日系沙龙（高新万达总店）,甘井子区,万达广场,5.0,单人设计师洗剪吹,28,9974
巴罗国际烫染连锁（伐木累分店）,甘井子区,万达广场,4.2,单人超值烫发/染发套餐5选2,378.8,7934
韩国米雅造型2部,甘井子区,甘井子区,5.0,单人韩系设计师精剪,43,7540
韩国米雅造型,甘井子区,高新园区,5.0,单人韩系设计师精剪,43,4469
米琳造型（华南广场店）,甘井子区,华南广场,5.0,单人欧莱雅美奇丝系列烫/染套餐,148,4263
帝.古造型,甘井子区,万达广场,5.0,单人设计师洗剪吹,35,2513
视觉风尚（华南店）,甘井子区,华南广场,4.3,单人资深设计师洗剪吹,22.8,2475
纤艺造型（华南广场店）,甘井子区,华南广场,3.8,单人风采设计剪裁（洗剪吹）+毛鳞片护理重组套餐,49,2240
酷爱染烫专门店（店庆狂欢月总店）,甘井子区,万达广场,5.0,单人洗剪吹套餐,29.8,2159
3.3 造型 Hair Salon（店庆狂欢月分店）,甘井子区,万达广场,5.0,单人洗剪吹套餐,29.8,2159
维纳斯美发（韩氏美业店）,甘井子区,甘井子区,5.0,单人设计师洗剪吹套餐,28,1942
慕萨造型,甘井子区,甘井子区,5.0,单人洗剪吹,29,1555
歆晴懿美烫染连锁（万达广场店）,甘井子区,万达广场,3.5,单人时尚白领烫/染套餐,148,1533
Magic·Hair美发沙龙（华南店）,甘井子区,华南广场,5.0,单人首席设计师洗剪吹+头发SPA滋养1次,68,1326
七月印象专业美发,甘井子区,高新园区,5.0,单人七月·印象专业美发超值剪发套餐,25.8,1190
JR俊然造型（万达店）,甘井子区,万达广场,5.0,资深设计师精剪造型+护理套餐,38,1072
私人定制美发工作室,甘井子区,万达广场,5.0,单人剪发套餐,24,762
FAMILY 伐木累Hair,甘井子区,万达广场,5.0,【高端施华蔻】烫/染套餐+发膜,151,744
NO.1造型（华南店）,甘井子区,华南广场,5.0,单人高级发型师洗剪吹1次,28,672
No.1造型（不老美店）,甘井子区,甘井子区,4.9,单人高级发型师洗剪吹1次,28,672
丝颂潮沙龙,甘井子区,万达广场,5.0,单人资深设计师洗剪吹,38,559
cc潮美汇hairsalon（无痕接发店）,甘井子区,甘井子区,5.0,单人生态膜 水晶膜线无痕接发 低值卷,1,508
M.PU STYLE木浦造型（高新万达潮店）,甘井子区,万达广场,5.0,资深设计师精剪+造型+洗+头皮检测女宾专享套餐,48,456
M.PU STYLE木浦造型（VIP高新万达店）,甘井子区,万达广场,5.0,精剪+造型+纯植物日式烫发/染发+头皮检测+三氧生态护理套餐,298,445
洛丽塔造型,甘井子区,万达广场,5.0,单人资深设计师剪发,22.8,406
TOP’S 造型,甘井子区,万达广场,5.0,单人风格定制剪发,48,345
AZ形象设计工作室（阿志形象设计工作室）,甘井子区,华南广场,5.0,单人洗剪吹套餐,49,323
GBS风暴造型（乐都汇店）,甘井子区,甘井子区,3.8,单人高级发型师剪发,25,309
涉谷形象（高新园区万达店）,甘井子区,高新园区,4.5,单人资深发型师精剪,16.8,298
发本色日式沙龙潮店总店（华南广场中北大厦）,甘井子区,华南广场,5.0,单人店长剪发,49,294
老佛爷Hair沙龙,甘井子区,万达广场,5.0,植物丰彩染发/烫发二选一套餐,112.2,292
老佛爷 Hair沙龙,甘井子区,万达广场,5.0,植物丰彩染发/烫发二选一套餐,112.2,292
老佛爷 Hair沙龙,甘井子区,万达广场,5.0,植物丰彩染发/烫发二选一套餐,112.2,292
SU'苏Style造型,甘井子区,万达广场,4.9,【单人施华蔻烫/染二选一】套餐,131,277
SU'苏Style造型,甘井子区,万达广场,5.0,【单人施华蔻烫/染二选一】套餐,131,277
斑斓造型,甘井子区,甘井子区,5.0,单人设计师洗剪吹,19.8,273
小佛爷MANICURE美甲美发,甘井子区,万达广场,5.0,【高端歌薇烫发/伊诺雅染发】二选一套餐,320,272
梦特贝妮,甘井子区,万达广场,4.0,【高端歌薇烫发/伊诺雅染发】二选一套餐,320,272
瑞丽美发美甲美睫,甘井子区,甘井子区,4.9,单人品牌烫染套餐,148,221
青丝美业,甘井子区,华南广场,5.0,单人高级洗剪吹1次,45,220
伊曼儿造型,甘井子区,甘井子区,5.0,单人高级发型师洗剪吹,15.8,210
东尼造型,甘井子区,甘井子区,4.6,单人高级发型师洗剪吹1次,15,195
赛欧 SALE Hair Studio（万达店）,甘井子区,万达广场,5.0,单人洗剪吹套餐,17.8,194
东京秀客.日式潮牌.私人订制,甘井子区,华南广场,5.0,店长创意理念日式剪裁+动感造型,58,184
阿豪私人订制美发工作室,甘井子区,高新园区,5.0,单人店长男士精致剪发,35,145
瑞豪专业烫染连锁（红星美凯龙店）,甘井子区,华南广场,4.7,【首席督导】创意裁剪+定制造型,88,140
吉米·紫尚Hair,甘井子区,万达广场,5.0,精剪+造型+美芝品烫/染+护理,98.8,138
都市名剪美发店,甘井子区,华南广场,5.0,单人技术顾问洗剪吹,25.8,118
卡芙曼美发造型,甘井子区,甘井子区,5.0,单人店长剪发体验1次,48,117
蒂梵尼美发沙龙,甘井子区,凌水镇/理工大学,4.0,单人美发套餐,98,113
顶剪.俪人美发潮店,甘井子区,华南广场,5.0,洗剪吹套餐,39,111
尚逸美发沙龙（辛寨子店）,甘井子区,甘井子区,4.3,单人尚逸美发沙龙剪发套餐,19,101
炫色美甲美睫美发,甘井子区,周水子,4.6,单人烫/染套餐3选1,148,93
金凯撒造型,甘井子区,甘井子区,4.6,单人高级发型师剪发,25,92
ASK风尚造型,甘井子区,华南广场,4.6,单人剪发,18,91
贵丽丝造型（品质店）,甘井子区,甘井子区,5.0,单人剪发,29.8,83
OY欧阳造型（万达店）,甘井子区,万达广场,5.0,洗剪吹新客限时体验,18.8,81
丝帝秀美容美发连锁（泡崖店）,甘井子区,甘井子区,3.5,剪发,20,66
美惠美发室,甘井子区,甘井子区,5.0,单人洗剪吹+造型,16,64
英伦造型沙龙,甘井子区,甘井子区,4.4,单人 剪发,29,58
皓名造型（华南店）,甘井子区,华南广场,4.7,单人欧莱雅美奇丝热塑烫或欧莱雅美奇丝染发2选1,188,58
KAKU.日系轻奢专属工作室,甘井子区,华南广场,5.0,店庆店长人气减龄美颜剪裁+单次造型,88,57
东艺造型（百合店）,甘井子区,甘井子区,4.7,单人发型师特惠洗剪吹,25,57
标榜美发机构,甘井子区,甘井子区,4.7,单人深资设计师洗剪吹1次,26,55
美人棠-发型工作室,甘井子区,华南广场,5.0,单人订制剪发套餐,50,52
飞燕造型,甘井子区,甘井子区,4.6,单人魅力剪发套餐,15.9,48
旺典美容美发设计室,甘井子区,甘井子区,5.0,单人男士洗剪吹1次,22,47
章光101生发养发防脱发连锁（山东路店）,甘井子区,山东路沿线,3.9,单人三天头皮调理套餐,39,39
卡曼,甘井子区,高新园区,5.0,单人妍多娜染发/施华蔻烫发2选1套餐,188,36
艾米造型,甘井子区,甘井子区,3.7,单人高级发型师剪发,28,36
明成富康染烫造型,甘井子区,高新园区,4.2,单人洗剪吹造型,15,34
头疗养发馆（千山路店）,甘井子区,山东路沿线,4.9,单人头部深层养护套餐1次,28,29
东方尚品造型（华南广场店）,甘井子区,华南广场,5.0,单人首席剪发,28,29
木·M造型（华南店）,甘井子区,甘井子区,5.0,风格设计师精剪+造型+头皮检测套餐,49,29
海潮沙龙会所,甘井子区,万达广场,4.9,明星造型师 风格设计剪发,60,28
炫,甘井子区,甘井子区,3.7,单人摩洛哥精油烫发,99,25
孚汀造型,甘井子区,华南广场,4.6,单人风格设计洗剪吹,30,24
去造型,甘井子区,万达广场,4.6,单人烫染套餐B,261,21
艾美发型设计,甘井子区,甘井子区,4.6,烫染套餐短发,158,20
MJ造型,甘井子区,周水子,5.0,资深发型师剪发1次,28,17
美丽小铺,甘井子区,万达广场,5.0,单人卡凡洗发1次 买一送一,15.9,16
丝发轩,甘井子区,甘井子区,3.9,单人专业洗剪吹,19.9,14
TOUCH美发沙龙,甘井子区,华南广场,5.0,单人欧莱雅探索热烫/菲灵染发+护理,308,13
华艺造型,甘井子区,甘井子区,4.3,单人烫染5选1,98,11
阿浩私人订制,甘井子区,甘井子区,4.6,单人高级发型师洗剪吹,18,10
瑞俪美业（辛寨子店）,甘井子区,甘井子区,3.0,单人高级发型师洗剪造型套餐,13,8
8090造型（小平岛店）,甘井子区,甘井子区,3.5,单人剪发＋烫发／染发套餐,139,7
安迪造型（AD潮品店）,甘井子区,甘井子区,5.0,单人洗发+造型,9.8,7
水晶石烫染美业,甘井子区,甘井子区,4.0,单人染烫二选一,98,7
三木造型,甘井子区,华南广场,3.5,单人洗剪吹1次,20,6
谢军头领时尚造型,甘井子区,甘井子区,3.5,单人高级设计师剪发,14,6
谢军头领时尚造型,甘井子区,甘井子区,4.3,单人高级设计师剪发,14,6
优优时尚沙龙,甘井子区,华南广场,4.5,单人总监剪发,48,5
Tony 造型,甘井子区,万达广场,4.6,单人资深设计师洗剪吹,58,5
经典造型,甘井子区,甘井子区,3.5,单人魅力烫染套餐,68,4
秋焱彩妆,甘井子区,华南广场,3.5,特惠头发造型,10,4
瑛明发艺私人定制（华南品质店）,甘井子区,甘井子区,4.7,单人洗剪吹,50,4
香丝儿造型,甘井子区,华南广场,4.3,单人剪发＋烫发,178,3
植物养发会馆,甘井子区,甘井子区,3.5,单人天然植物养发（自然黑）,39,3
木北造型,甘井子区,山东路沿线,3.9,单人 剪＋烫＋染,288,3
奇迹美发沙龙（泉水店）,甘井子区,甘井子区,4.8,单人精致烫发+染发套餐,148,2
韩国不老美,甘井子区,山东路沿线,3.5,单人韩国潮流染发,239,2
木兰造型,甘井子区,甘井子区,3.5,单人剪发,25,1
8090造型（东特沃尔玛店）,甘井子区,甘井子区,3.5,单人体验剪发,39,1
东艺造型,甘井子区,甘井子区,4.2,单人剪发套餐,25,1
波丝宣娅烫染名店,甘井子区,甘井子区,3.5,单人洗剪吹,18,1
首艺造型,甘井子区,凌水镇/理工大学,4.0,单人欧莱雅烫护套餐,168,1
贵夫人造型,甘井子区,甘井子区,3.0,单人烫染二选一,138,1
纤纤美甲美发（二部）,甘井子区,高新园区,4.5,单人精美剪发套餐,15,0
海之恋美容美发,甘井子区,凌水镇/理工大学,3.0,单人首席洗剪吹1次,15,0
好女孩美容美发,甘井子区,甘井子区,3.5,剪发会员卡,1000,0
小野造型,甘井子区,华南广场,3.7,单人小野烫染,280,0
8090造型（华南店）,甘井子区,甘井子区,4.0,单人剪发＋施华蔻烫发／染发套餐,359,0
专意发艺,甘井子区,甘井子区,4.0,单人欧莱雅热能烫发,460,0
梁艺造型,甘井子区,高新园区,3.0,单人营养护理1次,50,0
花狸美业（泡崖店）,甘井子区,甘井子区,4.3,单人总监店长剪发1次,98,0
索菲娅造型,甘井子区,甘井子区,3.0,单人染发,58,0
伊玫儿美甲美睫半永久工作室,甘井子区,甘井子区,4.2,单人天然植物染发,40,0
顾妖妖Smile私人订制工作室,甘井子区,华南广场,4.0,头皮护理一套（6次 ）,1680,0
美丝特造型,甘井子区,山东路沿线,4.0,单人无痕接发,700,0
星期8造型（斯大林路店）,金州区,金州,5.0,单人洗剪吹+造型1次,15.8,3326
e米国际造型,金州区,金州,5.0,单人洗剪吹+造型1次,15.8,3326
新宿造型美容部（开发区万达广场店）,金州区,金州区,4.8,女士洗发按摩加水疗护发,22.8,1495
金莎廊高端发型定制会馆,金州区,金州,5.0,单人精致剪发,19.9,872
首尔造型,金州区,金州,5.0,单人特惠剪发+造型1次,15.8,752
维尔丽美发（金州光明店）,金州区,金州,5.0,单人资深设计师洗剪吹1次,35,552
维尔丽美发（金州金湾路店）,金州区,金州,4.6,单人资深设计师洗剪吹1次,35,552
秀宫发艺（金州新玛特购物广场店）,金州区,金州,5.0,单人女士洗剪吹1次,19.9,451
红场秀名师名店,金州区,金州,5.0,单人发型师单次洗剪吹,18.8,445
王刚造型Younghairsalon（金州新玛特购物广场店）,金州区,金州,5.0,单人洗剪吹护,38.8,266
主题烫染木子,金州区,金州区,5.0,代金券,39.5,233
安妮专业烫染店,金州区,金州,4.9,单人洗剪吹,13.9,175
新时尚发型设计,金州区,金州,4.4,单人洗剪吹,15,136
铭亚美容美发,金州区,金州,4.8,单人 剪发,16.8,120
樱子专业接发烫染（安盛地下店）,金州区,金州,4.1,单人彩线接发,1.2,89
发丝林发艺,金州区,金州,4.5,单人剪发,20,63
艾丝美容美发会馆,金州区,金州,5.0,单人资深设计师洗剪吹1次,15,62
研研造型,金州区,金州,5.0,精致剪发,9.9,60
秀宫发艺（一店）,金州区,金州,5.0,单人女士洗剪吹1次,19.9,46
范丝哲美发（大连财经学院店）,金州区,金州区,4.9,单人特惠烫/染套餐2选1,118,42
发源地美发美甲,金州区,金州,5.0,单人洗剪吹套餐,12.8,39
章光101（金州店）,金州区,金州,4.0,单人三天头皮调理套餐,39,39
峰岭廊美发,金州区,金州,5.0,单人资深设计师洗剪吹1次,18.8,29
红人馆美容美发会所,金州区,金州,4.0,单人染发套餐,150,14
王刚造型再回首（金州店）,金州区,金州,3.9,代金券,89,9
阿祥造型,金州区,金州,4.7,剪发,16,3
木白造型（友谊商城店）,金州区,金州,3.0,【特惠】单人品牌烫染组合套餐,258,1
尚帝美发会所,金州区,金州,3.9,会员卡,58,0
MK精剪艺术工作室,金州区,金州区,3.5,单人无痕接发（全头）,999,0
艺凡造型,开发区,开发区,5.0,单人造型设计,30,411
晓飞发型工作室,开发区,开发区,5.0,单人洗剪吹,35,384
西雅图造型,开发区,开发区,5.0,单人剪发,45,340
韩流风暴美业（金马步行街店）,开发区,开发区,3.9,单人洗剪吹,19.9,307
涉谷形象（开发区金马路店）,开发区,开发区,3.5,单人资深发型师精剪,16.8,298
美好印象美发沙龙,开发区,开发区,4.3,单人剪发,19.9,232
首艺造型,开发区,开发区,5.0,单人洗剪吹,17.8,219
菲梵发型工作室,开发区,开发区,5.0,单人菲梵发型工作室,23,193
汐金美业,开发区,开发区,5.0,单人技术顾问风格定制单人剪发＋造型套餐,23.8,193
J.W美业潮品店,开发区,开发区,5.0,单人超值洗剪吹+造型,20,151
立东美发,开发区,开发区,4.7,单人超值烫染任选系列,88,150
Am 美业 潮品店,开发区,开发区,5.0,单人首席设计师时尚剪发1次,13.14,125
阿哲发型工作室,开发区,开发区,4.9,单人 烫+营养+剪 套餐,158,117
笑面娃,开发区,开发区,5.0,单人洗剪吹,17.7,101
尊妃宫馆美容美发,开发区,开发区,5.0,单人高级美发师精致剪发,19.9,79
太阳雨发艺名店,开发区,开发区,5.0,单人首席洗剪吹1次,29.9,69
古曼造型,开发区,开发区,5.0,单人洗剪吹超值套餐,20,58
圣轩国际美发沙龙,开发区,开发区,4.9,单人洗剪吹套餐,15,47
Ym hair studio（一鸣发艺）,开发区,开发区,5.0,单人造型师剪发1次,16.8,46
FJ发型公社,开发区,开发区,5.0,单人FJ首席设计师提案➕设计➕洗剪吹造型,20,45
哈伦风专业烫染会馆,开发区,开发区,4.6,单人精致剪发,13.5,0
名尚造型,开发区,开发区,4.0,单人烫染系列,118,0
涉谷形象（旅顺店）,旅顺口区,旅顺口区,4.0,单人资深发型师精剪,16.8,298
达人秀烫染沙龙,旅顺口区,旅顺口区,4.7,单人达人秀烫染沙龙高级发型设计师剪发,29.9,99
盛加造型,旅顺口区,旅顺口区,5.0,单人烫发或染,198,62
西格造型,旅顺口区,旅顺口区,4.9,单人开业特惠之剪发套餐,18,55
首尔美容美发会馆,旅顺口区,旅顺口区,4.5,单人高级发型师剪发,18,39
章光101（旅顺店）,旅顺口区,旅顺口区,4.0,单人三天头皮调理套餐,39,39
回头率发艺,旅顺口区,旅顺口区,4.1,单人洗剪吹造型,9.9,23
梦工坊本人发艺（升级店）,旅顺口区,旅顺口区,4.0,单人技术总监洗剪吹特惠套餐,19.8,20
銘造型美发中心,旅顺口区,旅顺口区,4.1,单人剪发套餐,13.5,16
ZM造型,旅顺口区,旅顺口区,3.9,洗剪吹造型,19,1
韩城美业·亿达睿发品牌店,旅顺口区,旅顺口区,3.5,新店特惠爆款套餐,18,0
金手指美发,旅顺口区,旅顺口区,4.3,单人渐变色指甲油,99,0
木北造型,旅顺口区,旅顺口区,3.5,单人欧莱雅美发套餐,139,0
欧莱雅美发沙龙（二店）,庄河市,千盛,5.0,单人剪发造型1次,19.9,359
己乙旗舰美发店,庄河市,千盛,5.0,单人烫➕染➕剪➕护,258,123
阿坤造型,庄河市,国奥花园,4.9,单人剪发,18.9,99
麻吉形象设计,庄河市,泰昌路,4.6,单人剪发套餐,16.8,95
主流时尚美发会所,庄河市,千盛,5.0,单人剪发,18.9,71
章光101（庄河店）,庄河市,庄河,4.0,单人三天头皮调理套餐,39,39
7造型,庄河市,千盛,4.0,单人剪发+水疗,19.9,35
名示造型,庄河市,向阳路沿线,4.2,单人 欧莱雅染烫套餐,338,22
己乙发廊（新天地店）,庄河市,新天地,3.8,单人日本菲灵烫发,248,13
每日形象,庄河市,庄河,4.3,单人精选染发,90,3
阿莎库拉,庄河市,向阳路沿线,3.5,单人阿萨库拉白金会员卡一张,19.9,3
光野造型,庄河市,新华路沿线,4.1,单人光野造型专业染发套餐,198,2
艾尚造型,庄河市,华博国际,4.7,单人营养,23,2
