﻿商家,区域,商圈,星级,服务,价格,销量
瑞豪专业烫染连锁（太原街店）,和平区,和平区,5.0,【资深设计师】提案+精致裁剪+造型,28.8,107226
瑞豪专业烫染连锁（维华商业广场店）,和平区,长白地区,5.0,【资深设计师】提案+精致裁剪+造型,28.8,107226
欧莱雅私人定制美发连锁（太原街兴隆中兴店）,和平区,万达广场,4.8,单人洗剪吹/护理套餐2选1,39,101033
美联社&美丽频道造型（万达新天地店）,和平区,万达广场,5.0,菲灵剪护造型送烫发染发二选一,178,97785
柯琳造型（三好店）,和平区,三好街,5.0,【洗剪造型】套餐,29.8,74161
柯琳造型（百盛店）,和平区,万达广场,5.0,【洗剪造型】套餐,29.8,74161
艺境造型（中街店）,和平区,太原北街,5.0,单人施华蔻烫/染/直C套餐,208,20695
绚诺soho（万达天河座店）,和平区,和平区,5.0,单人资深造型师洗剪吹套餐,29.8,20643
摩登时尚（太原街百利保公寓店）,和平区,和平区,4.3,【首次体验】烫染三选一,128,19723
阿三造型（长白天河店）,和平区,长白地区,4.6,单人创意发型师洗剪吹套餐,32,15002
阿三造型（兴隆一百步行街店）,和平区,和平区,5.0,单人创意发型师洗剪吹套餐,32,15002
阿三造型（三好店）,和平区,三好街,5.0,单人创意发型师洗剪吹套餐,32,15002
阿三造型（长白远洋店）,和平区,长白地区,4.6,单人创意发型师洗剪吹套餐,32,15002
迪美造型（兴隆一百协和店）,和平区,和平区,4.6,【品质特惠】单人欧莱雅烫/染5选1+护理,128,14350
阿三造型（太原街一店）,和平区,万达广场,4.4,单人创意发型师洗剪吹+烫/染+造型,228,12261
阿三造型（太原北街店）,和平区,太原北街,5.0,单人创意发型师洗剪吹+烫/染+造型,228,12261
莱芮姿美发（兴隆一百店）,和平区,和平区,5.0,单人无痕接发,15,11111
丝域养发馆（太原街店）,和平区,和平区,4.6,玫瑰香薰spa+水润头皮护理,88,10637
丝域养发馆（新世界花园店）,和平区,五里河/南湖公园,4.4,玫瑰香薰spa+水润头皮护理,88,10637
丝域养发馆（沈阳中海店）,和平区,长白地区,4.0,玫瑰香薰spa+水润头皮护理,88,10637
丝域养发馆（一方广场店）,和平区,三好街,4.6,玫瑰香薰spa+水润头皮护理,88,10637
丝域养发馆（万科鹿特丹店）（沈阳万科鹿特丹店）,和平区,和平区,4.0,玫瑰香薰spa+水润头皮护理,88,10637
美橙美发（长白大润发店）,和平区,长白地区,5.0,【烫染直】单人欧莱雅烫染直3选1套餐,178,9175
阿三造型（长白万科店）,和平区,长白地区,5.0,单人资深发型师洗剪吹套餐,48,6207
玛莎国际专业接发潮牌（兴隆一百协和店）,和平区,和平区,4.9,单人全真无痕隐形接发（55cm）拆卸无残留,780,3954
飞飞想 I U（长白大润发店）,和平区,长白地区,5.0,单人洗剪造型+护理+烫/染2选1套餐,178,2186
米咔造型（J.show）,和平区,和平区,4.3,单人店长总监高端烫染3选1,398,1898
cozy美发世家（太原街店）,和平区,和平区,5.0,单人高级洗剪吹,39.9,1554
Meng Lang美发（梦郎春河里店）,和平区,彩电塔,5.0,单人剪发造型套餐,59,1459
Fashion hair私人发社（万达新天地店）,和平区,万达广场,5.0,单人特级造型师剪发套餐,38,1388
发名地烫染沙龙（和平南八店）,和平区,新华广场,5.0,单人洗剪吹,20,1314
刁廊发艺沙龙,和平区,南市/马路湾,5.0,单人洗剪吹,24.9,1124
酷发美发沙龙（总统大厦旗舰店）,和平区,和平区,4.2,单人明星设计师剪发1次,38,927
酷发美发沙龙（南五马路城中花园店）,和平区,南市/马路湾,4.2,单人明星设计师剪发1次,38,927
酷发美发沙龙（民主路店）,和平区,和平区,4.6,单人明星设计师剪发1次,38,927
酷发美发沙龙（展览馆店）,和平区,三好街,4.0,单人明星设计师剪发1次,38,927
阿三造型（万象城店）,和平区,彩电塔,4.0,单人夏季冰疗水洗套餐,29.9,759
阿三造型（太原街二店）,和平区,万达广场,3.5,单人夏季冰疗水洗套餐,29.9,759
c+clippers发艺工作室,和平区,南市/马路湾,5.0,单人洗剪吹,20.9,721
VIDAL SASSOON高级定制（太原街万达店）,和平区,万达广场,5.0,【高级定制】超值烫染10选1套餐,899,670
阿海造型,和平区,长白地区,5.0,单人精品套餐,30.8,605
On the way（阿海造型二部）,和平区,和平区,5.0,单人精品套餐,30.8,605
1986造型（旗舰店）,和平区,南市/马路湾,5.0,设计师剪发,24.9,495
山林美社（太原街店）,和平区,万达广场,5.0,单人轻奢烫发/染发二选一套餐,158,466
山林美社（三好街店）,和平区,三好街,5.0,单人轻奢烫发/染发二选一套餐,158,466
诚成造型,和平区,西塔/北市场,5.0,单人洗剪吹套餐,11.9,461
Mia咪娅造型（太原街潮牌店）,和平区,中华路,5.0,【520限时特惠】单人精致裁剪 套餐,25.2,445
Mia咪娅造型（高端订制店）,和平区,和平区,5.0,【520限时特惠】单人精致裁剪 套餐,25.2,445
爱度形象设计,和平区,沈阳站,5.0,单人资深设计师剪发套餐,30,388
小义美发（东大校内店）,和平区,五里河/南湖公园,3.6,单人精剪,15,367
凡高无痕接发（太原街旗舰店）,和平区,沈阳站,4.9,单人高级发型师烫+染套餐,258,355
潮牌店 古贝艺术沙龙（时尚地下店）,和平区,中华路,5.0,【私人订制】单人首席艺术总监剪发套餐,28,337
熙恩造型,和平区,西塔/北市场,5.0,单人剪发,28.8,295
摩登万象造型（太原街店）,和平区,和平区,5.0,单人资深发型师洗剪吹1次,25,291
D5造型美发连锁机构（太原街店）,和平区,万达广场,5.0,单人施华蔻烫发/染发套餐,150,290
TiTi私人发型定制,和平区,和平区,5.0,单人剪发套餐,39.9,286
再出发养发馆（奉天街店  沈阳总店））,和平区,彩电塔,4.1,单人高级养发套餐,98,140
迷都形象设计,和平区,和平区,5.0,单人烫发/染发2选1,158,133
3S烫染屋（三好街店）,和平区,三好街,5.0,单人轻奢烫发/染发二选一套餐,158,121
3S烫染屋（太原街店）,和平区,万达广场,5.0,单人轻奢烫发/染发二选一套餐,158,121
艾美发型（三好店）,和平区,三好街,4.3,单人导师剪发套餐,9.9,120
AW-TOP艺术空间,和平区,新华广场,5.0,单人超值剪发套餐,18,118
IAG逆龄女神皮肤管理连锁机构（新世界店）,和平区,三好街,5.0,单人韩式纯植物染发（女发）套餐,99,112
IAG逆龄女神皮肤管理连锁机构（长白万科城店）,和平区,长白地区,5.0,单人韩式纯植物染发（女发）套餐,99,112
IAG逆龄女神皮肤管理连锁机构（世茂五里河店）,和平区,三好街,4.5,单人韩式纯植物染发（女发）套餐,99,112
阿鲁巴日式美发工作室（阿鲁巴日式美发工作室）,和平区,太原北街,5.0,单人纯日式高级发型师精剪1次,68,107
伯爵无痕接发（太原街店）,和平区,中华路,5.0,单人无痕接发65cm+染发体验套餐,998,106
XZ·URANUS（西子形象）,和平区,新华广场,5.0,单人洗剪吹造型1次,51,106
秀剪美发沙龙,和平区,和平区,4.6,剪发一次,25,101
台北soho国际发型机构（太原街总店）,和平区,中华路,5.0,单人欧莱雅奢华烫发/染发,125,100
798艺术发型,和平区,彩电塔,5.0,【专业组】单人精致剪裁+造型 套餐,25,101
染发世家,和平区,长白地区,5.0,单人洗剪吹套餐,38,96
榆树,和平区,南市/马路湾,5.0,单人剪发,45,95
发尊时尚造型,和平区,三好街,5.0,单人店长剪发,40,95
芮拉日式美发沙龙,和平区,中山广场,5.0,单人高级发型师剪发套餐,29,94
怪剪美发（精品店）,和平区,和平区,3.9,单人创意发型师洗剪吹,39.8,85
成发艺美容美发中心（南湖店）,和平区,沙山,4.0,染发+烫发,298,22
美杜莎发型宫殿,和平区,五里河/南湖公园,5.0,单人洗剪吹,38,21
晓贺造型欧莱雅专业店,和平区,万达广场,5.0,单人总监剪发套餐,38,21
Az发艺,和平区,和平区,5.0,单人资深发型师剪发,20,22
YN国际专业潮牌接发,和平区,万达广场,4.9,无痕接发套餐180片,588,17
顶发艺,和平区,五里河/南湖公园,4.1,欧莱雅烫发,158,17
酷发美发连锁沙龙29店（太原街玖伍店）,和平区,中华路,4.4,艺术总监专业精剪造型1次,88,9
coco美发沙龙,和平区,西塔/北市场,3.5,美发套餐,160,8
摩登密码发艺工作室,和平区,南市/马路湾,4.1,单人韩国碧涛染发,87,6
尚美造型,和平区,沙山,3.5,单人店长精剪套餐,18,6
怪剪（万科店）,和平区,长白地区,3.4,单人精剪设计,16,6
海发造型（十三纬路店）,和平区,南市/马路湾,4.1,单人艺术总监洗剪吹套餐,69.9,3
明星造型,和平区,中华路,3.6,染/烫套餐2选1,129,3
爱上美你型我塑,和平区,中山广场,4.4,单人爱上美你型我塑泰式洗头+剪发+烫/染+造型,128,2
炫奇造型,和平区,长白地区,4.3,蜡染,98,2
台北soho国际发型机构（太原街二店）,和平区,万达广场,5.0,单人施华蔻烫发染发,295,2
新时尚烫染专业店,和平区,中山广场,4.0,染烫双项,116,2
1987私人美发会所,和平区,和平区,4.8,单人中短发染发套餐,188,1
大鹏美发工作室,和平区,三好街,4.0,单人护理1次,99.8,1
魅格形象设计,和平区,和平区,3.5,生活妆课程,39,1
潇洒一族,和平区,五里河/南湖公园,3.5,专业施华蔻烫发套餐,128,1
高山美吉美容美发设计沙龙（中兴商业大厦店）,和平区,和平区,3.9,单人欧莱雅烫发或染发2选1,280,1
乌托邦无痕接发专业,和平区,万达广场,3.5,单人体验真发无痕接发一束套餐1次,1,1
格色风美发连锁沙龙（长白店）,和平区,长白地区,4.2,单人首席烫染2选1套餐,588,1
三木发业,和平区,和平区,3.5,单人烫染套餐,159,0
诗缘造型,和平区,长白地区,3.5,烫/染套餐,158,0
阿文造型,和平区,和平区,3.5,单人阿文造型剪发+染发,158,0
万鑫美发阿强造型,和平区,五里河/南湖公园,4.1,【时尚设计师】精致剪裁+造型套餐,80,0
指尖舞造型（太原街店）,和平区,和平区,4.0,时尚烫染2选1套餐,77,0
8090美发沙龙,和平区,中山广场,4.0,单人靓发四选一套餐,360,0
龙少美发工作室,和平区,南市/马路湾,4.8,烫发+染发,130,0
南方领峰美发,和平区,沈阳站,4.1,代金券,19,0
滨尚造型,和平区,太原北街,4.2,单人时尚烫染套餐1次,199,0
德艺发,和平区,西塔/北市场,3.5,女士剪发1次,12.8,0
莎田发舍,和平区,新华广场,3.5,单人染烫综合套餐,388,0
大树美发工作室,和平区,和平区,4.0,单人店长精剪造型套餐,78,0
丝艺造型,和平区,沙山,4.2,蜡染,168,0
香港巨龍美业接发造型全国连锁（东中街店）,沈河区,中街/故宫,4.0,巨龍无痕隐形全头接发超值体验好评热卖,1260,222680
瑞豪专业烫染连锁（和安街礼发公馆店）,沈河区,北站/市府,5.0,【资深设计师】提案+精致裁剪+造型,28.8,107226
美联社·美丽频道造型（金融中心店）,沈河区,北站/市府,4.8,菲灵剪护造型送烫发染发二选一,178,97785
米娜造型（大南街店）,沈河区,长青街,4.0,单人美发套餐5选1,128,35164
米娜造型（大南街店）,沈河区,文艺路/文化路,4.8,单人美发套餐5选1,128,35164
米娜造型（保利花园店）,沈河区,沈河区,5.0,单人欧莱雅高端五选一套餐,198,27357
绚诺soho（北中街店）,沈河区,中街/故宫,3.0,单人资深造型师洗剪吹套餐,29.8,20643
阿三造型（正阳街店）,沈河区,中街/故宫,4.9,单人创意发型师洗剪吹套餐,32,15002
阿三造型（方明店）,沈河区,长青街,5.0,单人创意发型师洗剪吹套餐,32,15002
阿三造型（华府三店）,沈河区,北站/市府,5.0,单人创意发型师洗剪吹套餐,32,15002
阿三造型（南塔店）,沈河区,南塔,5.0,单人创意发型师洗剪吹套餐,32,15002
阿三造型（朝阳街店）,沈河区,中街/故宫,5.0,单人创意发型师洗剪吹套餐,32,15002
阿三造型（VIP店）,沈河区,北站/市府,5.0,单人创意发型师洗剪吹套餐,32,15002
阿三造型（奉天店）,沈河区,北站/市府,5.0,单人创意发型师洗剪吹套餐,32,15002
阿三造型（华府二店）,沈河区,北站/市府,5.0,单人创意发型师洗剪吹+烫/染+造型,228,12261
阿三造型（农大店）,沈河区,沈河区,4.0,单人创意发型师洗剪吹+烫/染+造型,228,12261
阿三造型（中兴新一城店）,沈河区,中街/故宫,5.0,单人创意发型师洗剪吹+烫/染+造型,228,12261
88潮牌美发连锁（万象城PT店）,沈河区,展览馆,5.0,单人美发轻度受损发质烫/染/直,299,12101
丝域养发馆（中街恒隆广场店）,沈河区,中街/故宫,4.0,玫瑰香薰spa+水润头皮护理,88,10637
菲蒙造型,沈河区,中街/故宫,5.0,单人超值剪发造型套餐,12.9,9826
阿三造型（华府一店）,沈河区,北站/市府,4.2,单人资深发型师洗剪吹套餐,48,6207
阿三造型（大西路店）,沈河区,青年大街,4.1,单人剪发代金券,18,4743
绚诺soho（华府店）,沈河区,北站/市府,3.5,单人小资美发 染/烫/柔顺/直发/定位5选1+护理 套餐,148,3312
阿三造型（皇城恒隆广场店）,沈河区,中街/故宫,5.0,单人资深发型师洗剪吹+烫染+护理+造型,476,2747
飞飞想（I-time店）,沈河区,奉天街沿线,5.0,单人洗剪造型+护理+烫/染2选1套餐,178,2186
cozy美发世家（中街店）,沈河区,奉天街沿线,5.0,单人高级洗剪吹,39.9,1554
MengLang美发（梦郎卓展店）,沈河区,北站/市府,4.8,单人剪发造型套餐,59,1459
酷发美发沙龙（市府店）,沈河区,北站/市府,4.9,单人明星设计师剪发1次,38,927
摩登万象造型（奉天街店）,沈河区,奉天街沿线,5.0,单人资深发型师洗剪吹1次,35,885
丝尚造型（西顺城街店）,沈河区,怀远门,4.6,单人精剪1次,20,678
BIGSTYLE（FTC金融店）,沈河区,北站/市府,5.0,单人超值特惠烫或染+造型套餐,150,652
曼SALON曼沙龙（FTC金融店）,沈河区,北站/市府,5.0,单人高级发型师剪发1次,52,609
安东尼造型,沈河区,中街/故宫,5.0,单人首席总监剪发,43,594
默salon,沈河区,展览馆,4.9,单人剪发套餐,40,580
标榜造型全国连锁（中街店）,沈河区,中街/故宫,5.0,[欧莱雅]单人染发+烫发,258,570
艾美私人发型工作室,沈河区,北站/市府,5.0,单人剪发套餐,30,547
Meng Lang美发（梦郎万象城店）,沈河区,展览馆,5.0,单人精剪造型套餐,119,506
HOT Hair Salon（沈阳店）,沈河区,中街/故宫,5.0,单人资深设计师特价烫染2选1套餐,200,499
精英发艺,沈河区,文艺路/文化路,4.0,单人剪发1次,25,480
山林美社（长青街店）,沈河区,长青街,4.9,单人轻奢烫发/染发二选一套餐,158,466
山林美社（沈河店）,沈河区,中街/故宫,5.0,单人轻奢烫发/染发二选一套餐,158,466
根发艺（文化路店）,沈河区,展览馆,5.0,单人创意发型师洗剪吹造型,48,445
歌莉雅发艺沙龙,沈河区,南塔,4.4,Ge莉雅美发套餐,89,395
89美业美发形象设计,沈河区,南塔,4.3,单人染发或烫发套餐二选一套餐,118,379
89美业美容美发连锁（明城花园店）,沈河区,长青街,4.6,单人染发或烫发套餐二选一套餐,118,379
木沙艺术沙龙,沈河区,北站/市府,5.0,单人超值洗剪造型套餐,50,370
美村发型（十一号院艺术区店）,沈河区,十一纬路,5.0,单人精剪设计,35,363
辽美造型,沈河区,中街/故宫,5.0,单人精简造型套餐,38,318
Gana嘎呐造型,沈河区,中街/故宫,5.0,单人总监剪发套餐,19.9,262
美晓宇发型印象,沈河区,文艺路/文化路,4.4,单人洗剪吹套餐,20,262
M密造型（皇城恒隆广场店）,沈河区,中街/故宫,5.0,技术指导单人修剪造型,48,250
漂亮宝贝发艺沙龙（中街店）,沈河区,中街/故宫,5.0,单人首席总监剪发1次,43,249
飞Sexy艺术空间,沈河区,中街/故宫,5.0,单人精剪造型套餐,30,214
MG梵创沙龙,沈河区,沈河区,5.0,单人创意剪发造型一次,25,186
吹美颜美发沙龙,沈河区,五里河,5.0,单人高级发型师洗剪吹1次,29.9,186
丽安美发沙龙（百联购物中心店）,沈河区,青年大街,4.1,单人剪发套餐,48,153
美联美社美发沙龙（中街店）,沈河区,中街/故宫,4.2,单人烫染二选一套餐,128,151
美联美社美发沙龙（华府店）,沈河区,北站/市府,3.0,单人烫染二选一套餐,128,151
再出发防脱发生发养发中心（中山路总店）,沈河区,五爱市场,4.2,单人高级养发套餐,98,140
优端美发设计,沈河区,文艺路/文化路,5.0,单人总监精剪,48,128
悦美丝发型设计,沈河区,五爱市场,4.6,单人美发烫染2选1,98,105
发之道美发,沈河区,中街/故宫,4.6,单人发之道剪发套餐,16,103
F-style,沈河区,中街/故宫,5.0,单人创意总监洗发+头皮按摩+精剪+造型,69,99
巨蟹发艺染烫专业店,沈河区,北站/市府,4.1,单人洗剪吹套餐,14.9,96
九革美发工作室,沈河区,五爱市场,5.0,单人超值剪发套餐,16,87
审美发型设计,沈河区,五爱市场,5.0,单人剪发,9.9,76
Hermosa Salon（赫蒙莎沙龙店）,沈河区,北站/市府,5.0,✂〖洗剪吹+欧莱雅烫发或染发+深层护理〗欧莱雅品牌,288,63
JOY 形象设计,沈河区,中街/故宫,5.0,〖创意组〗精致单人裁剪,35,61
施华洛SPA形象设计（606所丝艺店）,沈河区,沈河区,3.0,施华洛SPA形象设计美发套餐,129,55
BECAUSE比蔻斯发型设计沙龙,沈河区,中街/故宫,5.0,单人剪发套餐,68,54
祉君凯祥·造型工坊,沈河区,小北,5.0,单人高级发型师剪发套餐,35,52
剪立坊国际创美机构,沈河区,中街/故宫,5.0,单人时尚设计师剪发套餐,27,51
新概念美容美发,沈河区,长青街,4.9,单人剪发1次,29,49
伊发造型,沈河区,小北,4.4,单人洗剪吹造型,15,47
根发发艺,沈河区,青年大街,4.1,单人高级剪发,68.8,47
昕薇美容美发会所,沈河区,北站/市府,4.1,单人创意总监韩国染烫二选一,198,44
博发专业染烫,沈河区,北站/市府,4.8,单人剪发套餐,18.8,43
星仔美发工作室,沈河区,五爱市场,4.1,单人洗剪吹套餐,15,40
男孩女孩发型设计,沈河区,文艺路/文化路,4.4,单人染发套餐,149,39
杰森艺术沙龙（彩电塔店）,沈河区,十一纬路,4.8,〖艺术总监〗品质单人剪裁,36,38
精工坊发艺,沈河区,五爱市场,4.6,单人美发套餐,18.8,37
YM发型屋,沈河区,十一纬路,5.0,〖资深设计师〗单人洗剪吹+造型,48,37
M+梦工厂造型,沈河区,北站/市府,5.0,单人染+烫套餐,680,36
jy剪艺造型烫染名店,沈河区,小河沿,4.4,单人欧莱雅染烫,108,31
Mr·G美发工作室,沈河区,北站/市府,4.9,MR·G洗剪吹一次,48,24
魅可发妆,沈河区,中街/故宫,4.9,单人剪发1次,40,21
百美怡美发,沈河区,文艺路/文化路,4.0,单人超值剪发套餐,15,21
星冠美发（长青店）,沈河区,长青街,3.5,单人发型师剪发,35,17
秋野发型文化传播（中心一部）,沈河区,五爱市场,4.8,单人设计师剪发1次,30,17
尔刚造型.美容.养生SPA会所,沈河区,沈河区,4.0,单人高级发型师精剪+造型1次,68,16
富田造型,沈河区,北站/市府,4.2,单人白领138套餐,138,15
思美琪美发连锁机构（五中店）,沈河区,北站/市府,3.5,单人染烫2选一套餐,198,14
思美琪美发连锁机构（奉天街店）,沈河区,奉天街沿线,4.2,单人染烫2选一套餐,198,14
飞短留长造型沙龙,沈河区,沈河区,4.0,〖发型师〗精致单人裁剪,18,14
嘉人Hairdressing（二部）,沈河区,中街/故宫,4.4,单人高级染发套餐,158,13
翊昇形象设计（百联店）,沈河区,青年大街,4.5,单人高级发型师洗剪吹1次,99,12
星冠美发（小河沿店）,沈河区,小河沿,4.0,单人设计师剪发,40,10
思美琪美发连锁机构（新玛特店）,沈河区,中街/故宫,4.4,单人奢华染烫2选一套餐,298,8
梓尚造型,沈河区,北站/市府,3.5,单人总监创意剪发1次,50,1
DK道美发连锁机构（小西路店）,沈河区,北站/市府,4.1,单人【超值】染发烫发2选1套餐,88,0
特美特烫染连锁机构,沈河区,文艺路/文化路,4.2,剪发1次,25,0
名郎美发,沈河区,北站/市府,3.8,单人创意总监剪发1次,40,0
风格造型个人工作室,沈河区,北站/市府,3.5,单人艺术总监剪发,45,0
匠人造型工作室,沈河区,北站/市府,3.5,单人时尚个性挑染1次,252,0
阿彪美发（设计店）,沈河区,怀远门,3.5,单人资深设计师剪发1次,50,0
唐风采增发,沈河区,北站/市府,3.5,单人私人定制织发补发套餐,20000,0
名洋造型,沈河区,北站/市府,4.6,单人剪发＋护理＋烫染二选一＋造型,48,0
酷美造型,沈河区,沈河区,3.5,单人剪发套餐,9.9,0
颜发尚品,沈河区,五里河,4.3,单人创意剪发套餐,38,0
KK造型（时尚码头）,沈河区,文艺路/文化路,4.0,单人50公分特级全真发隐形接发套餐,1480,0
纤纤秀发,沈河区,沈河区,3.5,单人奢华染+烫+护套餐,228,0
赞发艺（奉天街店）,沈河区,北站/市府,4.8,单人纯手工无痕隐形接发,1080,0
佑米造型（铁西万达店）,铁西区,沈辽路万达,5.0,丽人狂欢节-欧莱雅烫/染二选一,228,310622
瑞豪专业烫染连锁（铁西广场店）,铁西区,铁西广场,5.0,【资深设计师】提案+精致裁剪+造型,28.8,107226
美联社&美丽频道造型（万象汇店）,铁西区,铁西广场,5.0,菲灵剪护造型送烫发染发二选一,178,97785
柯琳造型（万达店）,铁西区,沈辽路万达,5.0,【洗剪造型】套餐,29.8,74161
芸熙美人（茂业百货店）,铁西区,沈辽路万达,5.0,欧莱雅烫染拉5选1+高级护理+洗剪单人套餐,229,48633
米娜造型（国美店）,铁西区,铁西广场,4.8,单人美发套餐5选1,128,35164
绚诺soho（北三中店）,铁西区,沈辽路万达,4.4,单人资深造型师洗剪吹套餐,29.8,20643
摩登时尚（沈阳铁西万达店）,铁西区,兴华公园,5.0,【首次体验】烫染三选一,128,19723
阿三造型（铁西万达二店）,铁西区,沈辽路万达,5.0,单人创意发型师洗剪吹套餐,32,15002
阿三造型（诗波特店）,铁西区,兴华公园,4.6,单人创意发型师洗剪吹套餐,32,15002
阿三造型（北一路万达店）,铁西区,北一路万达,5.0,单人创意发型师洗剪吹套餐,32,15002
阿三造型（建大店）,铁西区,云峰街,5.0,单人创意发型师洗剪吹套餐,32,15002
阿三造型（富雅豪临店）,铁西区,铁西区,5.0,单人创意发型师洗剪吹+烫/染+造型,228,12261
阿三造型（铁西万达店）,铁西区,沈辽路万达,5.0,单人创意发型师洗剪吹+烫/染+造型,228,12261
阿三造型（兴隆大都汇店）,铁西区,兴隆大都汇,5.0,单人创意发型师洗剪吹+烫/染+造型,228,12261
阿三造型（云峰街店）,铁西区,云峰街,5.0,单人创意发型师洗剪吹+烫/染+造型,228,12261
丝域养发馆（万象汇店）,铁西区,铁西广场,4.0,玫瑰香薰spa+水润头皮护理,88,10637
飞飞想（I Do店）,铁西区,北一路万达,5.0,单人洗剪造型+护理+烫/染2选1套餐,178,2186
18剪烫染护专业店,铁西区,北一路万达,5.0,单人技术督导剪发套餐,18,2174
主流美发沙龙,铁西区,沈阳工业大学,4.2,单人剪发+造型+染／烫发套餐,88,44
华夷生发健发头部养生会馆（虹桥店）,铁西区,铁西区,4.1,单人防脱健康洗发1次+头部按摩+刮痧1次,19,41
华夷生发健发（艳华街店）,铁西区,沈辽路万达,3.9,单人防脱健康洗发1次+头部按摩+刮痧1次,19,41
华夷生发健发头部养生会馆（铁西店）,铁西区,铁西广场,4.8,单人防脱健康洗发1次+头部按摩+刮痧1次,19,41
东生剪艺,铁西区,云峰北街,4.8,烫染套餐,98,39
洛美丝国际造型,铁西区,兴工南街,4.5,单人烫染二选一套餐,58,38
王府造型,铁西区,沈辽路万达,4.2,78元烫/染2选1套餐,78,34
安阳造型,铁西区,沈辽路万达,4.3,洗剪吹套餐,30,34
美晓伟美发（保工街店）,铁西区,保工街,3.8,单人染烫套餐,198,29
艺剪堂（云峰北街店）,铁西区,云峰北街,5.0,高级烫染2选1套餐,268,28
美格美发沙龙（南十一西路店）,铁西区,劳动公园,4.4,单人染发套餐,68,26
艾K尔造型（工业大学潮店）,铁西区,财富广场,4.3,单人染发/烫发二选一,98,23
SOLO发型定制,铁西区,云峰街,5.0,单人技术总监洗剪吹一次,29.9,22
瑶氏头疗美容中心,铁西区,云峰北街,4.5,单人头皮养护套餐,38,21
尚贝创美（尚贝创美专业美发）,铁西区,重工街,4.6,染烫发二选一,108,20
时尚造型,铁西区,铁西广场,4.1,欧莱雅美发套餐,138,19
剪约经典时尚造型,铁西区,兴隆大都汇,4.3,单人超值烫发套餐,119,18
沐子纤美容美发养生馆,铁西区,财富广场,5.0,单人洗发套餐,5.9,18
美格发型设计,铁西区,艳粉,4.6,美格发型设计,88,16
PTY无痕接发厂家直销,铁西区,沈辽路万达,4.4,55公分单人超值接发套餐,660,16
SEVEN Hair Studio（沈辽路万达店）,铁西区,沈辽路万达,4.5,单人轻奢染发套餐,128,14
阿武造型（万象汇店）,铁西区,铁西广场,4.7,单人高级洗发+按摩+造型套餐,15,14
梵森造型,铁西区,保工街,4.0,单人首席设计师染发1次,128,11
一本造型私人会所,铁西区,沈辽路万达,4.2,发型设计+造型+彩妆设计,168,11
时尚风发型设计,铁西区,兴华公园,3.5,洗剪吹+造型+烫或染2选1,58,10
靓帝美容养生会馆（好青丝养发）,铁西区,沈辽路万达,4.5,单人好青丝养发,88,9
焦丽-Rush,铁西区,星摩尔,3.7,单人圣薇娜烫染2选1,128,8
芭莎形象设计,铁西区,北二西路,5.0,单人染发,98,7
时尚殿堂全国烫染连锁,铁西区,沈辽路万达,4.2,单人超人气染烫套餐,228,7
尚美沙龙,铁西区,铁西广场,4.4,染烫套餐,68,5
金大陆专业美发沙龙--染烫店,铁西区,艳粉,4.6,单人精致健康烫染套餐,198,4
炫彩美发沙龙连锁,铁西区,北二西路,3.0,创意剪发,16.9,3
Mr.G發公社,铁西区,沈辽路万达,5.0,单次单人洗剪吹,48,3
丹丹红发,铁西区,保工街,3.8,蜂疗一次,9.9,3
术豪美发沙龙,铁西区,云峰街,3.5,单人超值A套餐,198,2
发名驰美发店,铁西区,保工街,5.0,发名驰美发店琉璃接发每柳,4,2
台北soho国际发型机构（铁西三店）,铁西区,沈辽路万达,3.0,单人施华蔻烫发染发,295,2
TOP托普造型,铁西区,云峰街,4.6,单人冰疗洗发＋特价烫染三选一,88,1
心动意廊造型,铁西区,兴工南街,3.9,单人染发套餐,88,1
solo发型设计,铁西区,云峰街,4.6,单人动感烫发1次,118,1
佳名发创美连锁（艳粉店）,铁西区,艳粉,4.4,剪发套餐,24,1
v发型（铁西广场店）,铁西区,铁西广场,4.1,单人烫/染/拉/定位套餐,98,1
繁星发型设计,铁西区,云峰北街,4.4,丝泉spa滋润发膜一套,158,0
勇美发连锁,铁西区,铁西区,4.0,单人染发/烫发套餐,128,0
可可造型（艳华店）,铁西区,艳粉,4.8,可可造型私人订制烫染单人套餐,388,0
尚谷造型,铁西区,北二西路,3.0,染发套餐,88,0
恒信美容美发（二部）,铁西区,铁西区,3.5,单人品质染发套餐,128,0
千艺染烫吧（宁官市场店）,铁西区,铁西区,3.9,千艺染烫吧美丽染烫套餐A,198,0
玉妃临美发工作室,铁西区,沈辽路万达,4.2,烫染,98,0
zc家发型设计,铁西区,沈阳站西广场,3.5,单人小Z老师剪发套餐,88,0
ANGEL造型,铁西区,云峰街,3.9,单人剪发,28,0
世纪峰美容美发沙龙（南七东路店）,铁西区,兴工南街,3.5,染/烫2选1套餐,128,0
添泽造型美发连锁（三隆店）,铁西区,铁西区,3.9,单人流离接发套餐,1488,0
世纪峰美容美发沙龙（景星街店）,铁西区,保工街,3.5,染/烫2选1套餐,128,0
怪剪美发（铁西精品店）,铁西区,保工街,3.9,单人剪发套餐,15,0
爱洛斯发型设计,铁西区,铁西广场,3.5,单人超值烫发套餐,88,0
秀发造型,铁西区,云峰街,4.0,单人染/烫2选1,65,0
百合花美发,铁西区,劳动公园,3.5,个人全年剪发套餐,260,0
发仆私人订制（三部）,铁西区,云峰街,4.4,单人烫染2选1套餐,79,0
佑米造型（中街店）,大东区,东中街,5.0,丽人狂欢节-欧莱雅烫/染二选一,228,310622
美联社&美丽频道造型（中街大悦城店）,大东区,东中街,5.0,菲灵剪护造型送烫发染发二选一,178,97785
米娜造型（中街大悦城店）,大东区,东中街,5.0,单人美发套餐5选1,128,35164
柯琳造型（中街大悦城店）,大东区,东中街,5.0,【欧莱雅美奇丝/LIGUI】烫染单项套餐,158,27805
绚诺soho（中街大悦城店）,大东区,大东区,4.6,单人资深造型师洗剪吹套餐,29.8,20643
阿三造型（合作街店）,大东区,东站,5.0,单人创意发型师洗剪吹套餐,32,15002
阿三造型（五中店）,大东区,大东广场,5.0,单人创意发型师洗剪吹套餐,32,15002
阿三造型（八王寺店）,大东区,大东广场,4.4,单人创意发型师洗剪吹套餐,32,15002
阿三造型（沈阳大悦城店）,大东区,东中街,5.0,单人创意发型师洗剪吹+烫/染+造型,228,12261
阿三蚂蚁美肤造型（圣水源店）,大东区,大东广场,5.0,单人创意发型师洗剪吹+烫/染+造型,228,12261
丝域养发馆（大北关街店）,大东区,大东广场,4.8,玫瑰香薰spa+水润头皮护理,88,10637
提拉精剪艺术,大东区,大东区,5.0,单人设计师剪发套餐,25,3862
1号连锁美发专家（沈阳大悦城店）,大东区,东中街,3.5,乔薇尔（JOVIAL)单选,339,2334
cozy美发世家（约美业店）,大东区,大东区,4.9,单人高级洗剪吹,39.9,1554
嘉人创美机构,大东区,大东广场,4.8,单人创意剪发造型,29.9,981
传说造型,大东区,大东广场,5.0,单人创意设计师洗剪吹,18.8,943
酷发美发沙龙（五中店）,大东区,大东广场,5.0,单人明星设计师剪发1次,38,927
名流造型,大东区,大东区,5.0,单人精剪套餐,12.9,709
戈德造型,大东区,东中街,5.0,单人超值剪发套餐,29,705
歆晴懿美烫染连锁店（天姿造型店）,大东区,大东区,3.5,单人优质烫染套餐,268,698
VIDAL SASSOON高级定制（大悦城店）,大东区,东中街,4.8,【高级定制】超值烫染10选1套餐,899,670
曼SALON（曼沙龙大悦城店）,大东区,东中街,5.0,单人高级发型师剪发1次,52,609
so形象设计室,大东区,东中街,5.0,单人首席总监精剪套餐,20,577
标榜造型全国连锁（大悦城店）,大东区,东中街,5.0,[欧莱雅]单人染发+烫发,258,570
ZAGA形象设计（沈阳大悦城店）,大东区,东中街,5.0,【量身打造】单人创意发型师洗剪吹造型,58,466
shell贝壳美发形象工作室,大东区,东中街,5.0,单人超值美发套餐,20,443
if you 私人发型社（大悦城店）,大东区,东中街,5.0,单人洗剪吹1次,20,426
东尼造型（大悦城店）,大东区,东中街,5.0,欧莱雅单人头发护理1次,28,398
东京秀发·全国连锁（大悦城店）,大东区,东中街,5.0,单人接发1柳,1,358
东京秀发·全国连锁（太原街店）,大东区,大东区,5.0,单人接发1柳,1,358
瑞豪专业烫染连锁（天润广场店）,大东区,东中街,4.7,【长发情结】原生态无痕接发,1580,325
尤美发型社,大东区,大东区,5.0,【细致精修】单人技术总监剪发1次,35,276
雅丝美美发,大东区,大东路/东塔,4.3,单人雅丝美造型美发套餐 滂江街,128,269
沙林形象设计管理中心（沈阳大悦城店）,大东区,东中街,5.0,单人洗发+按摩+经络疏通一次,29.9,223
涵舒全国连锁高级发型设计室（中街店）,大东区,东中街,4.9,单人总监剪发套餐,20,221
鼎艺发型工作室（太原街店）,大东区,大东区,5.0,单人顾问发型师套餐,68,212
鼎艺美发美甲工作室（中街店）,大东区,东中街,5.0,单人顾问发型师套餐,68,212
Up Studio,大东区,东中街,5.0,单人精剪,58,188
神圣发艺,大东区,大东广场,3.5,单人美发套餐,89,165
gps美发公社,大东区,东中街,5.0,单人资深设计师洗剪吹,29.9,161
格格梳妆艺术造型中心（格格梳妆）,大东区,东中街,4.4,单人总监设计师剪发+护理+美奇丝/博柔烫/染套餐（短发）,299,3
海发造型（五中店）,大东区,大东广场,3.9,单人艺术总监洗剪吹套餐,69.9,3
名发染烫专家,大东区,九一八纪念馆,3.9,单人数码烫,188,3
邂逅发型公社,大东区,大东广场,3.5,单人设计总监剪发套餐,28,2
米兰造型专业无痕纳米接发（八王寺店）,大东区,大东广场,3.5,单人接发套餐,499,2
王叔叔美业,大东区,东中街,4.8,单人豪华烫染套餐,198,2
ART·造型（天润广场店）,大东区,东中街,3.5,单人精品剪发,39.8,1
THE ONE形象设计,大东区,大东区,4.0,单人烫发/染发2选1,180,1
酷染精剪艺术会所（滂江街店）,大东区,大东区,4.4,单人施华蔻烫发套餐,288,0
胡波造型,大东区,东中街,4.1,单人总监剪发+烫发+染发,398,0
英国toni&guy;造型,大东区,东中街,4.5,单人精剪+烫或染+护理套餐,188,0
Big beard造美工厂,大东区,东中街,3.5,单人设计师剪发＋烫／染发＋顺滑护理套餐,268,0
sky私人发型会社,大东区,东中街,3.5,单人创意染发+护理1次,118,0
韩国美廊发艺,大东区,东中街,3.5,染/烫2选1套餐,68,0
恰美儿私人发型,大东区,东中街,3.9,单人高级染烫套餐,288,0
欧来雅私人定制专业美发（大悦城店）,大东区,大东区,3.0,单人剪+烫+染+水疗套餐,199,0
阿三造型（辽大店）,皇姑区,辽大南校区,5.0,单人创意发型师洗剪吹套餐,32,15002
阿三造型（中海环宇城店）,皇姑区,塔湾,5.0,单人创意发型师洗剪吹套餐,32,15002
阿三造型（沈师二店）,皇姑区,皇姑区,5.0,单人创意发型师洗剪吹套餐,32,15002
阿三造型（万科店）,皇姑区,怒江北街,5.0,单人创意发型师洗剪吹套餐,32,15002
阿三造型（北行经典店）,皇姑区,北行,5.0,单人创意发型师洗剪吹+烫/染+造型,228,12261
阿三造型（沈阳师范大学店）,皇姑区,皇姑区,4.0,单人创意发型师洗剪吹+烫/染+造型,228,12261
酷发美发沙龙（格林梦夏店）,皇姑区,怒江北街,4.5,单人明星设计师剪发1次,38,927
酷发美发沙龙（汇宝国际店）,皇姑区,皇姑屯,4.3,单人明星设计师剪发1次,38,927
酷发美发沙龙（中海店）,皇姑区,塔湾,3.9,单人明星设计师剪发1次,38,927
酷发美发沙龙（昆山西路店）,皇姑区,塔湾,3.5,单人明星设计师剪发1次,38,927
酷发美发沙龙（北行店）,皇姑区,皇姑区,3.9,单人明星设计师剪发1次,38,927
酷发美发沙龙（皇姑乐购店）,皇姑区,辽大南校区,4.4,单人明星设计师剪发1次,38,927
ab造型（五一商店秀美丝店）,皇姑区,龙江广场,4.8,单人时尚造型套餐,148,896
ab造型（北行琪韵店）,皇姑区,北行,4.8,单人时尚造型套餐,148,896
名人发廊,皇姑区,北行,5.0,单人剪发1次,12.8,655
贵族：原创发型会所,皇姑区,北行,5.0,超值剪发套餐,20,625
最美遇见发艺馆,皇姑区,塔湾,5.0,单人设计师精剪+造型,28,446
70号发廊,皇姑区,北行,4.8,单人剪发一次,12.8,420
MoFei墨妃发型设计工作室,皇姑区,鸭绿江街,5.0,单人高级发型师洗剪吹1次,28,416
炫造型,皇姑区,北行,5.0,果酸护理烫染套餐,118,398
ODIN奥丁形象设计,皇姑区,北行,5.0,单人技术总监剪发套餐,50,336
新艺发,皇姑区,辽大南校区,5.0,单人资深发型师剪发1次,40.5,284
丝颜造型美甲美睫（北行店）,皇姑区,北行,5.0,单人高级发型师洗剪吹套餐,30,200
顺子美业（鉴赏欧洲店）,皇姑区,北行,4.8,单人设计师剪发套餐,29.9,147
SMHair（乐天百货店）,皇姑区,龙江广场,5.0,单人发型师精品剪发,68,144
极点（悦丝）发型,皇姑区,皇姑区,5.0,设计师剪发2次加博柔洗发水1瓶,69,132
柠檬造型（岐山路店）,皇姑区,北行,3.5,洗剪吹,19.9,100
時尚精剪美发概念沙龙（大东店）,皇姑区,鸭绿江街,4.7,单人高级设计师剪发套餐,30,100
時尚精剪美发概念沙龙,皇姑区,陵东,5.0,单人高级设计师剪发套餐,30,100
氧发堂天然植物染发养发护发（华山路店）,皇姑区,北行,4.6,单人植物染发全染一次（女士强烈推荐）,128,94
Tim美甲美发沙龙,皇姑区,辽大南校区,5.0,单人精剪套餐,38,88
西丁古田创美连锁,皇姑区,北行,4.0,单人烫染套餐,169,68
古田造型（精品店）,皇姑区,北行,4.6,单人烫染套餐,169,68
韩国李勋美发沙龙120（北行店）,皇姑区,北行,4.9,单人烫/染2选1套餐,118,55
左佐美发美容连锁机构（二店）,皇姑区,皇姑区,4.5,单人技术总监剪发套餐,35,51
鹤目美发美甲（珠江店）,皇姑区,皇姑区,5.0,单人超值染发套餐,69,41
华夷生发健发（皇姑店）,皇姑区,皇姑区,4.1,单人防脱健康洗发1次+头部按摩+刮痧1次,19,41
薇恩造型,皇姑区,北陵,5.0,单人店长剪发,57,38
大国造型（紫金花小区南门）,皇姑区,北行,4.3,单人大国造型剪发,30,34
天地发艺（长江街一店）,皇姑区,北行,4.8,资深发型师剪发套餐,38,30
方文美发,皇姑区,皇姑区,5.0,单人经典烫发套餐,398,2
美高烫染沙龙,皇姑区,北行,4.4,【大咖组】设计剪发,29,1
美天下发型设计,皇姑区,皇姑区,3.5,单人精品染发,79,1
嘉宝烫染专业店,皇姑区,陵东,3.8,单人精品烫染二选一套餐1次,138,1
佳人时代美甲美睫半永久,皇姑区,皇姑区,4.5,单人时尚剪发一次,20,0
经典造型,皇姑区,北行,3.8,精品染发1人,88,0
首席造型,皇姑区,北行,3.6,单人128染烫套餐,128,0
幕后造型,皇姑区,北行,4.8,单人剪发+造型+欧莱雅护发+日本VT烫发/染发套餐,288,0
G.T造型,皇姑区,北行,3.5,单人美发套餐,79,0
波丝湾造型,皇姑区,北陵,3.7,单人烫染组合套餐1次,258,0
哈发造型,皇姑区,皇姑区,3.8,美发套餐,78,0
久久造型,皇姑区,北行,4.3,染烫二选一套餐,57,0
艺尚阿星,皇姑区,长客总站,3.0,单人精品剪发,20,0
佑米造型（浑南店）,浑南区,浑南区,5.0,丽人狂欢节-欧莱雅烫/染二选一,228,310622
美联社&美丽频道造型（奥体万达店）,浑南区,奥体中心,5.0,菲灵剪护造型送烫发染发二选一,178,97785
摩登时尚（浑南奥体万达）,浑南区,浑南区,4.4,【品质优选】设计师定制裁剪,29.8,23679
艺境造型（大奥莱店）,浑南区,奥体中心,4.4,单人施华蔻烫/染/直C套餐,208,20695
阿三造型（河畔店）,浑南区,奥体中心,5.0,单人创意发型师洗剪吹套餐,32,15002
阿三造型（金地琥珀店）,浑南区,奥体中心,4.9,单人创意发型师洗剪吹+烫/染+造型,228,12261
丝域养发馆（浑南店）,浑南区,奥体中心,4.6,玫瑰香薰spa+水润头皮护理,88,10637
阿三造型（兴隆大奥莱店）,浑南区,奥体中心,3.9,单人剪发代金券,18,4743
飞飞想 I U（和平之门店）,浑南区,奥体中心,5.0,单人洗剪造型+护理+烫/染2选1套餐,178,2186
梦艺形象设计,浑南区,奥体中心,5.0,单人超值剪发1次,15.9,1709
cozy美发世家（浑南店）,浑南区,奥体中心,5.0,单人高级洗剪吹,39.9,1554
0度美发沙龙（白塔店）,浑南区,浑南区,5.0,单人美发套餐,17,1461
Only For You私人定制美发工坊,浑南区,奥体中心,5.0,单人创意设计师剪发1次,32.8,804
时尚名廊发型设计,浑南区,奥体中心,5.0,单人发型师精剪,32.8,731
露茜造型,浑南区,奥体中心,5.0,单人时尚剪发套餐,15.8,597
美格造型,浑南区,浑南区,5.0,单人创意总监洗剪吹+造型1次,19.9,478
山林美社（浑南店）,浑南区,浑南区,5.0,单人轻奢烫发/染发二选一套餐,158,466
艺成造型,浑南区,奥体中心,5.0,单人精致剪发造型一次,48,448
石头&形象设计（奥体万达店）,浑南区,奥体中心,5.0,单人设计剪发1次,14.9,420
山水造型美容,浑南区,奥体中心,5.0,单人高级发型师剪发,25.9,401
阿三造型（金域万科店）,浑南区,奥体中心,3.9,单人炫彩动感染发,218,217
IAG逆龄女神皮肤管理连锁机构（浑南首创店）,浑南区,浑南区,5.0,单人韩式剪发套餐,14,204
陶美文化形象店,浑南区,奥体中心,4.9,单人剪发1次,26,198
石头&形象设计（白塔店）,浑南区,浑南区,4.9,单人烫染2选1套餐,98,187
COOL CUT美发沙龙（沈音店）,浑南区,奥体中心,5.0,单人明星设计师剪发,38,173
辉腾造型,浑南区,奥体中心,5.0,单人资深发型师设计,25,157
依美兰亭私人定制染色店,浑南区,奥体中心,5.0,单人设计师剪发1次,15.9,129
乐根发艺,浑南区,奥体中心,4.2,剪发套餐,41.9,113
IAG逆龄女神皮肤管理连锁机构（万科金域蓝湾店）,浑南区,奥体中心,5.0,单人韩式纯植物染发（女发）套餐,99,112
赫本潮社,浑南区,奥体中心,5.0,单人创意总监洗剪吹,21.9,100
Utopia-停留在 潮牌美发沙龙,浑南区,奥体中心,5.0,单人洗剪吹套餐,29,83
美格造型,浑南区,奥体中心,5.0,单人高级发型师剪发套餐,14.9,80
公爵造型（万达店）,浑南区,奥体中心,4.5,单人总监剪发套餐,16.8,59
玛雅美发美容,浑南区,浑南区,4.6,单人资深发型师剪发,35,53
波特造型,浑南区,奥体中心,5.0,单人设计师洗剪吹套餐,19.8,53
发城美业沙龙,浑南区,浑南区,5.0,高级发型师洗剪吹+造型1次,15.8,39
艺非凡美发沙龙,浑南区,奥体中心,5.0,高级发型师洗剪吹+造型1次,19.9,28
皇家盛世发型文化,浑南区,奥体中心,4.8,【女士专享】洗发+造型套餐,9.9,31
阿三造型（碧桂园恒大绿洲店）,于洪区,于洪区,5.0,单人创意发型师洗剪吹套餐,32,15002
阿三造型（松山店）,于洪区,长江北街/黑山路,5.0,单人创意发型师洗剪吹套餐,32,15002
阿三造型（桃源店）,于洪区,国奥现代城,5.0,单人创意发型师洗剪吹套餐,32,15002
阿三造型（于洪广场店）,于洪区,于洪广场,3.9,单人创意发型师洗剪吹套餐,32,15002
88潮牌美发连锁（剪约店）,于洪区,荷兰村,4.0,单人美发轻度受损发质烫/染/直,299,12101
姝秀造型（艺恒风暴造型店）,于洪区,荷兰村,4.2,【爆款】设计师剪裁造型单人,38,1600
酷发美发沙龙（恒大绿洲店）,于洪区,于洪区,3.0,单人明星设计师剪发1次,38,927
摩登万象造型（于洪店）,于洪区,碧桂园银河城,5.0,单人资深发型师洗剪吹1次,35,885
TOP托普造型于洪店,于洪区,开发大道,5.0,单人设计师洗剪吹1次,16.8,721
狐艺造型（阳光100专业店）,于洪区,阳光100,4.5,单人资深设计师剪发1次,35.8,681
狐艺造型（碧桂园银河城专业店）,于洪区,碧桂园银河城,5.0,单人资深设计师剪发1次,35.8,681
狐艺造型（狐艺剪形象店）,于洪区,于洪区,4.2,单人资深设计师剪发1次,35.8,681
艺恒风暴造型（万科魅力店）,于洪区,荷兰村,5.0,单人超值剪发套餐,39,274
艺恒风暴造型（橡树湾店）,于洪区,荷兰村,5.0,单人超值剪发套餐,39,274
艺恒风暴造型（中海城店）,于洪区,荷兰村,5.0,单人超值剪发套餐,39,274
丝域养发馆（松山路店）,于洪区,荷兰村,4.8,单人玫瑰精油养发1次（新升级）,98,197
TWOFACE形象设计,于洪区,阳光100,5.0,单人剪发1次,25,144
再出发（黄海路店）,于洪区,于洪广场,3.9,单人高级养发套餐,98,140
古色美丽订制,于洪区,于洪区,4.6,古色美丽订制+剪发套餐,15.9,130
时尚顶尖美发,于洪区,阳光100,3.7,单人超值精剪套餐,13.9,96
皓瀚国际美发连锁机构（怒江北街店）,于洪区,万科四季花城,5.0,单人特惠染烫二选一套餐,98,75
LM半永久美妆会馆（一店）,于洪区,于洪广场,5.0,单人生活化妆盘发,20,68
LM半永久美妆会馆（二店）,于洪区,于洪广场,4.6,单人生活化妆盘发,20,68
时尚匠人染烫专门店,于洪区,和泰馨城,5.0,时尚匠人魅力体验,88,68
谜底造型,于洪区,阳光100,3.6,单人创意总监洗剪吹+造型1次,36.8,65
天一美发美容养生会馆,于洪区,国奥现代城,5.0,单人设计师剪发+造型套餐,19.8,63
阿艺造型,于洪区,于洪广场,4.2,单人剪发套餐,15,44
唯美流金岁月美容美发,于洪区,于洪广场,4.4,88元染烫二选一套餐,88,36
剪约发型设计,于洪区,国奥现代城,3.5,单人高级精剪,18.8,25
FAR范儿时尚美发美甲工作室,于洪区,阳光100,5.0,单人专属发型定制剪发+造型套餐,39,20
当代造型,于洪区,国奥现代城,3.7,单人经典烫发套餐,128,20
井格染烫二部（三部）,于洪区,于洪广场,5.0,单人韩国Q10烫发套餐,88,7
思淇美发工作室,于洪区,荷兰村,4.0,单人老板精剪套餐,30,9
天娇发艺,于洪区,长江北街/黑山路,4.8,单人精品烫发1次,98,3
梦领域染烫吧,于洪区,迎宾路,4.1,梦领域超值染烫,128,2
爱发者,于洪区,长江北街/黑山路,4.1,单人高级欧莱雅美奇丝烫染套餐,198,1
丽丝缘造型,于洪区,三台子,4.4,单人打蜡护理套餐,128,1
柏雅美发会馆（柏雅美发会馆）,于洪区,荷兰村,4.3,烫后护理,28,0
帝王艺术造型,于洪区,于洪区,4.3,奢华染烫美发套餐,138,0
皓瀚国际美发,于洪区,于洪区,3.5,代金券,48,0
川田美业,于洪区,于洪区,3.0,单人精品烫发,88,0
宇伦美发沙龙,于洪区,沈阳医学院,3.5,染烫套餐,188,0
绚诺soho（唐轩公馆）,沈北新区,沈北新区,5.0,单人资深造型师洗剪吹套餐,29.8,20643
蔓莎造型全国连锁（辽宁大学店）,沈北新区,道义,4.1,单人高级理发师单人洗剪吹,24.8,14279
尚缔美发工作室（分店）,沈北新区,正良,4.8,单人洗剪吹美发套餐,25,2025
尚缔美发工作室（旗舰店）,沈北新区,正良,5.0,单人洗剪吹美发套餐,25,2025
cozy美发世家（正良店）,沈北新区,正良,4.4,单人高级洗剪吹,39.9,1554
AB造型（东木造型）,沈北新区,沈北新区,4.2,单人时尚造型套餐,148,896
ls私人定制发型会所,沈北新区,正良,5.0,剪发套餐,30,684
C&Z;造型,沈北新区,正良,5.0,单人首席设计师洗剪吹,20,323
曼迪SOHO,沈北新区,正良,5.0,剪发体验一次,25,269
Y.H.形象潮店（发型&化妆）,沈北新区,正良,5.0,精致剪发造型,30,243
大树形象设计,沈北新区,正良,4.8,单人剪发,30,231
安妮宝贝美发美容美体会所,沈北新区,正良,4.8,高级染/烫2选1,168,146
艺凡造型,沈北新区,正良,4.8,单人精剪套餐,15,125
糖果盒Hair Salon,沈北新区,正良,5.0,【染/烫】+营养（赠十块打车费哦）,138,65
红星发艺沙龙,沈北新区,道义,5.0,单人明星烫/染/护理套餐,158,59
卓美造型,沈北新区,沈北新区,5.0,单人资深发型师洗剪吹一次,28,58
阿玛尼美发沙龙,沈北新区,正良,5.0,单人总监剪裁+造型套餐,18.8,46
新潮流造型,沈北新区,正良,4.5,首席资深设计师 洗＋剪＋吹＋造型,19,26
千色缘造型,沈北新区,正良,4.6,单人烫染B套餐,138,4
云造型,沈北新区,道义,4.2,单人超值烫发套餐,58.8,1
