﻿商家,区域,商圈,星级,服务,价格,销量
佑米造型（新视界店）,迎泽区,双塔西街,5.0,丽人狂欢节-欧莱雅烫/染二选一,228,310638
佑米造型（柳巷店）,迎泽区,柳巷商业区,5.0,丽人狂欢节-欧莱雅烫/染二选一,228,310638
佛伦斯私人定制烫染名店（铜锣湾店）,迎泽区,五一路,5.0,美芝品系列单人美发套餐,168,143258
佛伦斯私人定制烫染名店（柳巷店）,迎泽区,柳巷商业区,5.0,美芝品系列单人美发套餐,168,143258
欧莱雅私人定制美发连锁（太原柳巷店）,迎泽区,柳巷商业区,5.0,单人洗剪吹/护理套餐2选1,39,101038
施华蔻美发连锁（太原柳巷铜锣湾店）,迎泽区,五一路,5.0,单人施华蔻烫染套餐3选1,208,85651
施华蔻美发连锁（太原大南门海外海店）,迎泽区,迎泽大街,5.0,单人施华蔻烫染套餐3选1,208,85651
她雅发型（烦恼丝店）,迎泽区,柳巷商业区,5.0,单人洗剪吹认证发型师团购价,36,20435
她雅发型（铜锣湾店）,迎泽区,铜锣湾,4.5,单人洗剪吹认证发型师团购价,36,20435
她雅发型（柳北店）,迎泽区,柳巷商业区,4.5,单人洗剪吹认证发型师团购价,36,20435
她雅发型（钟楼街店）,迎泽区,柳巷商业区,5.0,单人洗剪吹认证发型师团购价,36,20435
88潮牌美发连锁（柳巷茂业店）,迎泽区,柳巷商业区,4.7,单人洗剪吹,38.8,20219
椰岛造型（139柴市巷店）,迎泽区,柳巷商业区,5.0,【裁剪+造型】洗剪吹套餐,40,18528
椰岛造型（MF0116五一路店）,迎泽区,朝阳街,4.0,【裁剪+造型】洗剪吹套餐,40,18528
椰岛造型（铜锣湾店MF109）,迎泽区,铜锣湾,5.0,【裁剪+造型】洗剪吹套餐,40,18528
倷丝国际烫染连锁（柳巷店）,迎泽区,柳巷商业区,5.0,单人美芝品美发套餐,168,10611
纤艺发型,迎泽区,双塔西街,5.0,单人洗剪吹,15,5942
佛伦斯私人定制烫染国际连锁（朝阳街店）,迎泽区,朝阳街,5.0,单人美发烫/染套餐（活动）,49,3575
GOLD MISS专业染发接发（铜锣湾店）,迎泽区,五一路,5.0,单人Colour of Heaven色彩世界染发套餐,198,3309
壹号沙龙,迎泽区,迎泽区,5.0,洗剪吹,19.8,1873
可大神剪（柳北店）,迎泽区,柳巷商业区,5.0,单人高级洗剪吹,30,1525
奇葩造型,迎泽区,新建路,5.0,发型设计师洗剪吹造型,19.9,1316
发源地美发（桥头街店）,迎泽区,柳巷商业区,5.0,单人烫或染造型,159,1263
发源地（潮流汇店）,迎泽区,柳巷商业区,5.0,单人烫或染造型,159,1263
洲际造型（开化寺店）,迎泽区,柳巷商业区,5.0,洗剪吹,48,1098
阿扆贝诗美容美发SPA会所（铜锣湾店）,迎泽区,铜锣湾,5.0,单人剪发套餐,29,984
造型.和 美发沙龙,迎泽区,青年路,5.0,洗剪吹,13.8,875
简·爱造型,迎泽区,迎泽区,5.0,仅售19.8元 [复制],19.8,534
瑞豪专业烫染连锁（柳巷店）,迎泽区,迎泽区,5.0,单人高级理发师剪发套餐,19.8,453
M.K漫咖沙龙,迎泽区,迎泽区,5.0,单人总监剪发,39.9,356
TG美发,迎泽区,柳巷商业区,5.0,单人洗剪吹一次,30,287
TOP日系发型工作室,迎泽区,五一路,4.7,单人洗剪吹一次,38,242
你好美美容美发养生会所,迎泽区,双塔东街,4.5,单人设计师剪发,23,219
90GM 发型工作室,迎泽区,柳巷商业区,5.0,单人剪发一次,25,203
金剪风尚美容美发会馆,迎泽区,迎泽区,5.0,高级设计师洗剪吹体验,19.9,157
东尚style造型,迎泽区,柳巷商业区,5.0,单人精致剪发,38,156
艺剪坊烫染店,迎泽区,青年路,3.8,单人洗剪吹,13.8,135
TYPE米儿形象设计工作室,迎泽区,柳巷商业区,5.0,单人设计精剪1次,88,72
丝诺私人订制,迎泽区,五一路,5.0,单人欧莱雅经典美发烫染套餐,268,21
欧文发艺,迎泽区,朝阳街,4.1,单人洗剪吹造型1次,15,4
2026私人形象会所,迎泽区,柳巷商业区,3.0,单人设计师美发套餐,19,3
唯爱美发化妆美甲工作室,迎泽区,双塔西街,5.0,美发套餐,88,0
佑米造型（山西大学店）,小店区,学府街,5.0,丽人狂欢节-欧莱雅烫/染二选一,228,310637
佑米造型（百盛店）,小店区,长风街,4.9,丽人狂欢节-欧莱雅烫/染二选一,228,310637
佛伦斯私人定制烫染国际连锁（新城市商业广场店）,小店区,长治路,5.0,美芝品系列单人美发套餐,168,143258
佛伦斯私人订制烫染国际连锁（财大店）,小店区,坞城路,5.0,美芝品系列单人美发套餐,168,143258
佛伦斯私人定制烫染名店（和信店）,小店区,长风街,5.0,美芝品系列单人美发套餐,168,143258
佛伦斯私人订制烫染国际连锁（恒大影城店）,小店区,真武路,5.0,美芝品系列单人美发套餐,168,143258
佛伦斯私人定制烫染国际连锁（山大学府艺苑店）,小店区,学府街,5.0,美芝品系列单人美发套餐,168,143258
佛伦斯私人定制烫染国际连锁（平阳景苑店）,小店区,平阳路,4.0,美芝品系列单人美发套餐,168,143258
欧莱雅私人定制（长风街百盛店）,小店区,长风街,5.0,单人洗剪吹/护理套餐2选1,39,101038
欧莱雅私人定制连锁（太原康宁大卖场店）,小店区,康宁街,5.0,单人洗剪吹/护理套餐2选1,39,101038
欧莱雅私人定制（太原南內环店）,小店区,南内环街,5.0,单人洗剪吹/护理套餐2选1,39,101038
欧莱雅私人定制美发连锁（太原坞城路山西大学店）,小店区,学府街,5.0,单人洗剪吹/护理套餐2选1,39,101038
施华蔻美发连锁（太原康宁大厦店）,小店区,康宁街,5.0,单人施华蔻烫染套餐3选1,208,85651
施华蔻美发连锁（太原寇庄西路店）,小店区,南内环街,5.0,单人施华蔻烫染套餐3选1,208,85651
施华蔻美发连锁（太原平阳店）,小店区,平阳路,5.0,单人施华蔻烫染套餐3选1,208,85651
美宝莲美发直营连锁（太原长风街百盛店）,小店区,长风街,5.0,施华蔻套餐3选1,208,42708
美宝莲美发直营连锁（太原恒大绿洲店）,小店区,小店区,5.0,施华蔻套餐3选1,208,42708
椰岛造型艾玛专业形象沙龙,小店区,小店区,5.0,超值裁剪设计洗剪吹套餐,30,30435
米娜造型（茂业天地店）,小店区,小店区,5.0,单人欧莱雅高端五选一套餐,198,27358
美天淘日系沙龙（亲贤北街店）,小店区,长风街,5.0,欧莱雅烫发染发直发护理单人套餐,159,24325
她雅发型（梅园店）,小店区,亲贤街,5.0,单人洗剪吹认证发型师团购价,36,20435
她雅发型（长风街店）,小店区,长风街,4.5,单人洗剪吹认证发型师团购价,36,20435
她雅发型（王府井店）,小店区,亲贤街,5.0,单人洗剪吹认证发型师团购价,36,20435
她雅发型（美都汇购物广场店）,小店区,坞城路,5.0,单人洗剪吹认证发型师团购价,36,20435
她雅发型（学府街店）,小店区,学府街,4.8,单人洗剪吹认证发型师团购价,36,20435
88潮牌美发连锁（长风画卷店）,小店区,长风街,5.0,单人洗剪吹,38.8,20219
88潮牌美发连锁（长风北美新天地店）,小店区,长风街,4.7,单人洗剪吹,38.8,20219
88潮牌美发连锁（中正天街店）,小店区,并州路,5.0,单人洗剪吹,38.8,20219
88潮牌美发连锁（长治路店）,小店区,长风街,5.0,单人洗剪吹,38.8,20219
米淇烫染技术全国联盟（平阳景苑店）,小店区,平阳路,4.1,单人利威丝奇幻烫染系列,158,18735
米淇烫染技术全国联盟（恒大影城店）,小店区,真武路,5.0,单人利威丝奇幻烫染系列,158,18735
米淇烫染技术全国联盟（-老军营东巷店）,小店区,南内环街,5.0,单人利威丝奇幻烫染系列,158,18735
米淇烫染技术全国联盟（平阳路店）,小店区,小店区,4.8,单人利威丝奇幻烫染系列,158,18735
椰岛造型（MF0241长风店）,小店区,小店区,5.0,【裁剪+造型】洗剪吹套餐,40,18528
椰岛造型（MF0262梅园店）,小店区,长治路,5.0,【裁剪+造型】洗剪吹套餐,40,18528
椰岛造型（MF190许坦西街店）,小店区,小店区,5.0,【裁剪+造型】洗剪吹套餐,40,18528
椰岛造型（北美店）,小店区,长治路,3.5,【裁剪+造型】洗剪吹套餐,40,18528
椰岛造型（太原11店mf192）,小店区,长治路,4.2,【裁剪+造型】洗剪吹套餐,40,18528
倷丝国际烫染连锁（北美新天地店）,小店区,长风街,5.0,单人美芝品美发套餐,168,10611
零点秀造型,小店区,小店区,4.4,单人资深设计师洗剪吹,19.9,524
丁和李朴（茂业天地店）,小店区,亲贤街,5.0,高端剪发单人套餐,68,469
金匠造型,小店区,小店区,5.0,单人剪发套餐,38.88,461
八号造型,小店区,长风街,5.0,单人私人定制洗剪吹,38,438
新感觉私人形象会所,小店区,平阳路,5.0,剪发单人套餐,29.9,432
万美美容美发,小店区,坞城路,4.4,单人首席洗剪吹套餐,19.8,430
D3-Space发型设计沙龙（北美店）,小店区,长治路,5.0,单人高级设计师洗剪吹1份,58,406
梵珀巴黎法式发艺（D3茂业店）,小店区,小店区,5.0,单人高级设计师洗剪吹1份,58,406
米淇烫染技术全国联盟（长风街沃尔玛店）,小店区,长风街,5.0,单人欧莱雅美发套餐,258,380
Jacky私享 ●发型订制,小店区,康宁街,5.0,洗发+精剪+造型,38,379
贰月贰发艺美发店（工作室）,小店区,长风街,5.0,单人洗剪吹套餐,30,367
日系造型,小店区,亲贤街,5.0,单人洗剪吹,9.9,285
[M·E]沐一形象,小店区,长风街,5.0,单人洗剪吹套餐,19.9,226
木北时尚造型,小店区,小店区,5.0,单人洗剪吹,26.9,224
意境造型,小店区,坞城路,5.0,单人洗剪吹套餐,18.9,219
女神发艺,小店区,长风街,5.0,单人剪发套餐,19.8,206
零点秀造型,小店区,小店区,3.7,单人资深设计师洗剪吹,19.9,195
Colour of Heaven 色彩世界美发私人订制（平阳景苑二店）,小店区,平阳路,5.0,单人剪发套餐,38,188
新形象烫染造型,小店区,坞城路,4.4,单人染烫4选1,88,51
Color美学工作室,小店区,长风街,4.6,精致洗吹造型+护理,35,50
0602发型工作室,小店区,小店区,5.0,单人洗剪吹,38,49
时尚美界,小店区,平阳路,4.1,单人精致剪发,38,47
菲克形象韩国皮肤管理中心,小店区,亲贤街,5.0,总监剪发套餐,30,45
画界造型,小店区,长风街,5.0,日系烫发,398,39
BG私人发型工作室,小店区,小店区,5.0,单人剪发,20,37
橙艺造型（天美新天地店）,小店区,长风街,4.9,导师组单人剪发套餐,138,32
朋友圈造型,小店区,长风街,4.5,单人首席剪发,38,26
朋克造型工作室,小店区,长治路,4.1,洗剪吹+护发、染发套餐,81,18
优姬熙会所,小店区,亲贤街,3.5,单人洗剪吹,28.9,18
星美国际北京明星造型沙龙,小店区,长风街,4.7,单人特惠洗造型,1,17
意境艺术造型（长治路店）,小店区,长治路,4.6,剪发单人套餐,68,15
白少中私人定制发型工作室,小店区,长风街,5.0,姚远单人烫染二选一,367,12
艺新发型,小店区,省体育中心,4.6,单人洗剪吹,20,11
油头先生（北美N1店）,小店区,体育路,5.0,单人总监导师定制裁剪,139,11
TONGA唐棠,小店区,长风街,4.6,精致剪发单人套餐（送时尚挑染）,99,10
M.Z hairsalon（名致形象）,小店区,长风街,4.7,单人高级发型师洗剪吹1次,68,3
soso造型,小店区,太原南站,4.0,设计师剪发,14,2
曼琳空间,小店区,亲贤街,5.0,单人昆布传奇染发,88,2
丝域养发馆,小店区,长风街,4.9,水漾凝肽 AQUA,289,1
（中韩）綉妆茗媛荟所,小店区,小店区,3.9,单人洗剪吹套餐,19.9,1
缪斯秀美发会所,小店区,长风街,4.2,洗剪吹养护套餐,99.9,1
千悦浴场美容美发,小店区,南中环街,3.0,烫/染2选1,58,1
嘉辉发型工作室,小店区,平阳路,4.2,298高端烫染2选一,298,0
发现·她（亲贤店）,小店区,亲贤街,3.9,总监剪发,58,0
曼都造型,小店区,昌盛西街,4.3,单人5次护理+3次剪发,99,0
