﻿商家,区域,商圈,星级,服务,价格,销量
容光美容美发,海曙区,天一广场,4.0,单人高级设计师洗剪吹1次,39.9,1141
e俏私人定制,海曙区,鼓楼,5.0,单人总监洗剪吹＋牛奶水疗,38.8,1059
UU玩美发型时尚订制,海曙区,天一广场,5.0,单人店长创意设计剪发1次,69.8,850
巴黎秀客私人订制（天一广场店）,海曙区,天一广场,5.0,单人资深设计师洗剪吹1次,25,843
SHOW.T秀态造型,海曙区,天一广场,5.0,单人洗剪造型1次,38,744
丝颂潮沙龙,海曙区,天一广场,5.0,单人资深设计师风格美学裁剪1次,58,718
菲秀发型私人定制（天一店）,海曙区,天一广场,5.0,单人首席洗剪吹套餐,38,675
格雅造型,海曙区,鼓楼,4.2,单人总监洗剪吹1次,29.8,572
易生传奇头疗养生会所（望京路店）,海曙区,西门口,4.7,单人韩式红姜养发护理套餐,28,513
起点START美发造型,海曙区,天一广场,5.0,创意总监风格美学洗剪吹套餐,89,460
艾枷创意发型设计,海曙区,青林湾,4.8,单人总监洗剪吹造型1次,39.9,402
新偶像,海曙区,翠柏路沿线,5.0,单人新偶像专业美发套餐,128,396
侨治发型（MS.CHIC）,海曙区,和义大道,5.0,发型师洗剪吹单人套餐,68,335
绝色美场,海曙区,天一广场,5.0,单人总监剪发造型1次,58,307
威斯汀卡博沙龙,海曙区,天一广场,5.0,单人首席设计师风格美学裁剪1次,98,294
丝享造型,海曙区,月湖盛园,5.0,高级设计师洗剪吹造型单人套餐,68,241
花子形象（月湖盛园店）（镇明店）,海曙区,月湖盛园,5.0,单人资深设计师洗剪吹套餐一次,35,238
格范造型沙龙（天一店）,海曙区,天一广场,5.0,单人导师洗吹造型套餐,23,210
格范造型沙龙（南塘店）,海曙区,海曙区,5.0,单人导师洗吹造型套餐,23,210
亚朵A08发型工作室,海曙区,鼓楼,5.0,单人资深设计师风格定制洗剪吹1次,68,196
章光101（县学街店）,海曙区,月湖盛园,4.0,单人养护发套餐,69,185
缔美造型,海曙区,鼓楼,5.0,单人设计师洗剪吹1次,19.8,187
卡曼美甲美发沙龙,海曙区,天一广场,5.0,单人店长洗剪吹套餐,29.8,182
尊尼造型,海曙区,西门口,5.0,单人店长精剪套餐,27.8,176
百莉雅造型护肤spa,海曙区,青林湾,3.7,单人资深设计师洗剪吹1次,25,174
美阁美发沙龙,海曙区,环城西路南段,4.5,单人健康洗吹1次,12.8,170
乔尼专业美发沙龙,海曙区,青林湾,4.9,单人资深设计师洗剪吹1次,45,169
探索时尚沙龙,海曙区,海曙区,5.0,单人设计师洗剪吹+造型,29.9,104
zoe左一私人形象定制工作室,海曙区,月湖盛园,4.5,单人ZOE左一高级私人形象定制1次,380,103
新宇造型,海曙区,城隍庙,3.8,单人美发套餐,128,100
MT4美发沙龙,海曙区,天一广场,5.0,单人潮牌环保烫发/染发/柔顺3选1套餐,128,98
C潮店,海曙区,南塘老街,5.0,单人洗剪吹+PPT锁护套餐一次,29,91
丝域·养发馆（青林湾店）,海曙区,青林湾,4.7,单人养发组合套餐,138,89
丝域·养发馆（天一家园店）,海曙区,环城西路南段,3.6,单人养发组合套餐,138,89
HOT SPOT SALON造型,海曙区,天一广场,5.0,单人设计师洗剪吹1次,58,81
迷上发烫染形象店,海曙区,海曙区,4.7,单人健康植物烫/染5选1套餐,228,81
v-slue发研机构,海曙区,城隍庙,4.7,单人高级设计师洗剪吹套餐,48,77
DY 造型（天一世贸中心店）,海曙区,天一广场,4.2,单人高级设计师洗剪吹1次,29.9,75
再出发脱发白发养发馆（解放南路店）,海曙区,天一广场,4.6,单人健康头皮管理洗发1次,19.8,75
HI-FAIRY凡尔瑞私人订制,海曙区,鼓楼,5.0,HI-FAIRY单人总监洗剪吹,19.8,67
阿兴美容美发美体（鼓楼店）,海曙区,鼓楼,4.7,单人导师组洗剪吹1次,58,47
阿兴美容美发（开明店）,海曙区,和义大道,4.3,单人导师组洗剪吹1次,58,47
八佰伴形象艺术生活馆（八佰伴形象艺术生活馆）,海曙区,高鑫广场,4.0,单人总监洗剪吹1次,56,42
梵宇时尚美发沙龙,海曙区,西门口,5.0,单人洗剪吹套餐,38,35
CL无痕接发,海曙区,海曙区,5.0,单人高端定制无痕接发+品牌染发套餐,1680,31
東道发型屋,海曙区,青林湾,4.8,洗剪吹,28,30
Perfect,海曙区,月湖盛园,4.1,单人高级设计师洗剪吹1次,98,29
MINUS ONE（零下一度）无痕接发染发,海曙区,和义大道,5.0,单人烫护或染护套餐2选1,228,27
新宇造型,海曙区,天一广场,4.3,单人高级设计师剪发1次,38,24
悠美（My shly）,海曙区,天一广场,4.1,单人洗发+护理+造型套餐,38,22
昕薇造型（世纪广场店）,海曙区,天一广场,5.0,单人店长设计裁剪1次,58.8,21
Mita hair salon 烫发染发接发,海曙区,南塘老街,4.7,Mita高级洗剪吹套餐,28.8,14
无痕接发,海曙区,天一广场,5.0,微分子无痕接发,599,20
3D美容美发（3D造型）,海曙区,翠柏路沿线,3.5,单人染/烫套餐,168,15
嬌瑪诗,海曙区,青林湾,4.6,单人洗剪吹+纳米头发抛光套餐,39.9,11
宝立美业,海曙区,西门口,5.0,单人设计师洗剪吹1次,35,11
私人订制美发工作室,海曙区,西门口,4.6,单人紫罗兰烫染护套餐,178,9
上上造型,海曙区,鼓楼,4.0,单人烫染2选1,98,8
丝缘造型,海曙区,环城西路北段,3.5,单人总监洗剪吹1次,58,7
v时尚,海曙区,海曙区,5.0,单人欧莱雅烫染2选1套餐1次,128,7
新丝路发艺,海曙区,环城西路南段,3.0,单人欧莱雅美护套餐,168,6
梵珀发型工作室,海曙区,天一广场,5.0,单人店长私人定制造型设计,128,6
乔万尼（海曙欧尚店）,海曙区,海曙欧尚,4.2,单人督导洗剪吹1次,126,5
木又美发,海曙区,鼓楼,5.0,烫染2选1＋设计＋烫染后护理,108,5
精英专业造型,海曙区,天一广场,3.5,单人洗吹+造型1次,12,4
阿忠时尚造型,海曙区,西门口,4.0,俏丽佳人洗剪吹+一线品牌水疗,48,3
E HOUSE 形象设计,海曙区,南塘老街,4.5,单人剪发＋瑞士兰全新植物热烫套餐,388,3
Mr Wang hair salon,海曙区,天一广场,3.5,Top Stylist頂尖發型師,128,3
EG造型（单店）,海曙区,西门口,4.0,单人高端烫发套餐,498,3
CK造型,海曙区,海曙区,3.5,男士洗剪吹套餐,15,2
飘-美发工作室,海曙区,月湖盛园,3.8,单人超高端精品烫染套餐,288,2
LEO,海曙区,翠柏路沿线,4.0,单人总监洗剪+造型1次,68,2
金碧辉煌（南苑店）,海曙区,南塘老街,3.0,金碧辉煌欧莱雅剪护,58,1
万豪帕玛沙龙,海曙区,和义大道,3.9,单人创意染/烫2选1,980,1
自然美造型,海曙区,海曙区,4.4,单人香颂全新植物染发霜套餐一次,308,1
花都国际造型（南苑街店）,海曙区,南塘老街,3.6,单人烫染套餐,368,1
钓鱼岛美发,海曙区,青林湾,4.0,单人烫染护美发套餐,388,1
西客造型,海曙区,月湖盛园,3.5,单人全真无痕接发1次,1388,0
我型你show,海曙区,海曙区,3.5,单人欧莱雅烫染套餐,168,0
top宁波无痕接发,海曙区,月湖盛园,3.5,单人洗剪吹+烫/染2选1+护理套餐,380,0
上尚纤造型,海曙区,环城西路南段,3.0,染发套餐,128,0
名鑫国际美容美发,海曙区,南塘老街,3.8,单人日本Q8烫染套餐,638,0
佑米造型（彩虹店）,江东区,彩虹广场,5.0,丽人狂欢节-欧莱雅烫/染二选一,228,310622
佛伦斯私人订制烫染名店（上东国际店）,江东区,世纪东方广场,5.0,美芝品系列单人美发套餐,168,143259
佛伦斯私人定制烫染名店（颐高创业大厦店）,江东区,体育中心,5.0,美芝品系列单人美发套餐,168,143259
佛伦斯私人定制烫染国际连锁（世纪联华商场店）,江东区,体育中心,5.0,美芝品系列单人美发套餐,168,143259
瑞豪专业烫染连锁（金丽造型 华润万家店）,江东区,高新区,5.0,【资深设计师】提案+精致裁剪+造型,28.8,107227
罗亚帝（彩虹店）,江东区,彩虹广场,5.0,单人高级设计师洗剪吹套餐,38,8419
发源地（中兴路店）,江东区,体育中心,5.0,单人总监洗剪吹+护理套餐,58.8,5789
UPTOP鼎上造型（世纪东方广场店）,江东区,世纪东方广场,5.0,单人高级设计师剪发造型1次,78,5293
UPTOP鼎上造型（江东福明店）,江东区,世纪东方广场,4.9,单人高级设计师剪发造型1次,78,5293
UPTOP鼎上造型（天伦广场店）,江东区,体育中心,5.0,单人高级设计师剪发造型1次,78,5293
风格发艺,江东区,高新区,5.0,单人洗剪吹1次,29,2888
罗亚帝（花都百丈路店）,江东区,儿童公园,5.0,单人资深设计师洗剪吹1次,55,2408
菲灵造型连锁（永达店）,江东区,兴宁路,5.0,单人设计师洗剪吹1次,30,2278
菲灵造型（宋诏桥路店）,江东区,兴宁路,5.0,单人设计师洗剪吹1次,30,2278
小资派（卡曼尼造型）,江东区,世纪东方广场,5.0,单人设计师洗剪吹1次,35.8,2178
首邦造型,江东区,世纪东方广场,5.0,单人设计师洗剪吹1次,33.8,2001
蓝瑟造型工作室,江东区,彩虹广场,5.0,单人资深设计师洗剪吹1次,88,1761
纤丝万缕形象顾问（江东常青藤店）,江东区,体育中心,5.0,单人资深设计师洗剪吹1次,28,1717
LoGo专业烫染发型设计,江东区,高新区,5.0,单人设计师洗剪吹1次,36,1418
罗亚帝（福明店）,江东区,世纪东方广场,5.0,单人特价洗吹套餐,23.9,1375
罗亚帝&时尚沙龙（宏泰广场店）,江东区,江东区,5.0,单人特价洗吹套餐,23.9,1375
LD美业（黄鹂店）,江东区,江东区,5.0,单人洗剪吹1次,39.8,1242
菲秀发型私人定制（金融硅谷店）,江东区,江东区,5.0,单人首席洗剪吹套餐,38,675
理念美发,江东区,体育中心,5.0,单人洗剪吹1次,29.8,649
AJ时尚造型,江东区,高新区,5.0,单人洗吹剪,30,615
南山造型,江东区,体育中心,5.0,洗剪吹套餐,29.8,496
PIAGET BARBER派加造型,江东区,和丰创意广场,5.0,单人专业发型师洗剪吹1次,58,460
威凡发型艺术工作室（江东店）,江东区,世纪东方广场,5.0,单人高级设计师洗剪吹1次,68,345
IDOL（埃朵）形象设计,江东区,和丰创意广场,5.0,单人资深设计师洗剪吹套餐,88,344
CM美发沙龙,江东区,高新区,5.0,单人洗吹造型,9.9,326
皇金剪造型,江东区,世纪东方广场,4.5,单人高级设计师洗剪吹1次,33.8,252
Top Design蒂赛发型设计,江东区,江东区,5.0,单人剪发+美奇丝洗护套组,58,239
巴伦造型护肤,江东区,世纪东方广场,4.5,单人设计师洗剪吹1次,28.8,235
Cc发型研修机构,江东区,彩虹广场,4.2,指定Tony Yisa洗剪吹1次,68,227
蔷薇造型,江东区,彩虹广场,5.0,单人设计师洗剪吹1次,19.8,209
Colorful door（可拉朵）,江东区,体育中心,5.0,单人风格美学设计洗剪吹1次,48,196
朵语养发会所（兴宁路时代华庭店）,江东区,江东区,5.0,单人健康洗发1次,19.9,192
原理造型,江东区,彩虹广场,5.0,单人高级设计师洗剪吹造型体验,58,186
章光101（江东店）,江东区,体育中心,3.0,单人养护发套餐,69,185
西西发型工作室（锦绣东城店）,江东区,国际会展中心,5.0,单人洗剪吹+菲灵烫/染套餐2选1,380,163
罗亚帝时尚沙龙（世纪东方广场店）,江东区,世纪东方广场,4.6,单人设计师洗剪吹护理+蓝格烫/染2选1套餐,388,125
星艺造型（江东店）,江东区,兴宁路,4.6,单人高级设计师洗剪吹1次,36,116
发尚工坊,江东区,世纪东方广场,4.7,单人健康洗吹一次,20.8,113
皇剪,江东区,世纪东方广场,4.7,总监洗剪吹,28,98
丝域·养发馆（琴桥店）,江东区,彩虹广场,3.6,单人养发组合套餐,138,89
丝域·养发馆（世纪东方广场店）,江东区,世纪东方广场,4.0,单人养发组合套餐,138,89
尚道造型,江东区,彩虹广场,4.0,单人洗吹1次,17.8,86
韩轩色彩潮店,江东区,世纪东方广场,5.0,单人洗剪吹+菲灵烫/染2选1+烫后护理套餐,268,82
领尚造型,江东区,江东区,4.5,精品洗剪吹,30,79
燕韩美发沙龙,江东区,高新区,5.0,单人洗剪吹套餐,20,78
名人造型,江东区,宁波书城,5.0,单人设计师洗剪吹,29,74
MAM美发沙龙（宏泰广场店）,江东区,江东区,5.0,单人新店特惠洗吹1次,28.9,75
AC发型研修机构,江东区,世纪东方广场,4.9,单人高级设计师剪发造型一次,38,64
红人美业,江东区,兴宁路,3.7,单人高级设计师洗剪吹1次,49,61
倾城时尚沙龙,江东区,江东区,5.0,单人首席设计师洗剪吹1次,40,49
原宿国际造型,江东区,彩虹广场,4.0,单人总监洗剪吹1次,78,45
帝梵造型全国连锁（新时尚造型飞虹店）,江东区,兴宁路,4.9,单人多店连锁艾里德奇幻套餐1次,168,34
西村美容美发,江东区,彩虹广场,4.0,单人首席造型师剪发1次,38,34
台湾柏汇形象创意沙龙,江东区,体育中心,4.6,单人导师洗剪吹1次,68,26
time时尚造型,江东区,体育中心,4.6,单人洗剪吹1次,30,20
潮尚美发形象造型工作室,江东区,彩虹广场,4.7,单人总监洗剪吹护理一次,25,21
a级美容美发（中兴路店）,江东区,体育中心,4.6,单人洗剪吹套餐,24,18
张聪发艺沙龙 Well Style,江东区,世纪东方广场,4.0,单人无硅油洗护加洗剪吹1次,36,17
威凡发型艺术工作室（高新区店）,江东区,高新区,3.5,单人设计师洗发造型,19.8,17
佐佐木美发沙龙,江东区,江东区,4.6,单人剪发+设计造型,30,14
卓艺造型,江东区,兴宁路,4.2,染发/烫发/拉直3选1套餐,168,13
名调形象会所,江东区,兴宁路,4.0,洗剪吹,28,11
Style风格造型（江东店）,江东区,兴宁路,3.5,单人设计师洗剪吹1次,52,8
Mr Chen美发沙龙,江东区,江东区,5.0,单人设计师洗剪吹一次,68,9
HAAR赤\赤（世纪东方广场店）,江东区,世纪东方广场,5.0,单人美国嘉珂洗护染发套餐,189,6
易生传奇美容养生会所（江东店）,江东区,江东区,4.5,单人头部养发专业护理套餐,38,6
南艺造型,江东区,彩虹广场,3.8,单人欧莱雅染发套餐,88,4
云锦秀植发,江东区,和丰创意广场,5.0,单人毛囊检测体验单次,9.9,3
静伟美发,江东区,世纪东方广场,3.8,导师洗剪吹,58,1
色古美艺,江东区,彩虹广场,3.5,单人瑞丽色彩染发1次,99,1
柒柒美场,江东区,和丰创意广场,4.0,单人美发套餐,88,1
名人日记,江东区,江东区,3.5,烫发套餐,133,0
美妍坊,江东区,体育中心,3.0,QQ甲美甲,38.8,0
丝艺专业接发,江东区,彩虹广场,3.5,单人手工织真发发套1份,1288,0
卢潮美发人生,江东区,世纪东方广场,3.5,单人资深洗剪,56,0
爱情故事,江东区,宁波书城,3.7,高级染发套餐,168,0
卡诗造型,江东区,体育中心,3.5,美发套餐,120,0
发都专业烫染造型,江东区,滨江商业广场,3.5,烫染套餐1次,180,0
美嘉私人形象定制,江东区,江东区,4.9,单人资深店长洗剪吹套餐,68,0
XD星点造型,江东区,彩虹广场,3.9,单人圣威娜烫发,128,0
DF造型,江东区,江东区,3.0,美发套餐,158,0
红叶造型美甲,江东区,世纪东方广场,3.7,单人柔顺烫发套餐,98,0
韩妆潮人（铭佳名剪店）,鄞州区,鄞州区,4.1,单人资深设计师洗剪吹,58,685
品琪美业,鄞州区,环球城,5.0,单人设计师健康和洗剪吹套餐,55,569
edward私人造型会所,鄞州区,集士港,4.5,单人洗剪吹1次,28,512
路廊形象设计,鄞州区,利时百货,5.0,单人资深设计师洗剪吹1次,38.8,482
蒂凡尼美业,鄞州区,鄞州区,5.0,单人洗剪吹1次,23.8,353
侨治发型（MS CHIC）（印象城店）,鄞州区,印象城,4.9,发型师洗剪吹单人套餐,68,335
剪刀手美容美发（1店）,鄞州区,环球城,5.0,剪刀手美容美发（精品洗剪吹）套餐,28,332
品格造型机构（印象城店）,鄞州区,印象城,5.0,单人洗剪吹套餐1次,35,292
发中发,鄞州区,鄞州区,5.0,单人洗剪吹套餐一次,16,289
发之秀（旗舰店）,鄞州区,鄞奉路沿线,5.0,单人设计师洗剪吹1次,22,279
美格造型,鄞州区,舟宿渡,5.0,单人洗剪吹1次,22,273
LEO.HOUSE美发沙龙,鄞州区,印象城,5.0,单人高级设计师洗剪吹1次,67,269
深霓 Shanice 日式美甲美睫沙龙（Leo house）,鄞州区,印象城,4.8,单人高级设计师洗剪吹1次,67,269
卡咪纳国际美发养生机构,鄞州区,联丰路沿线,5.0,洗剪吹加十送拔罐一次,35,219
格范造型沙龙（东湖店）,鄞州区,印象城,4.0,单人导师洗吹造型套餐,23,210
子阅造型,鄞州区,鄞州万达广场,5.0,单人资深造型师洗剪吹1次,29,196
G&Q;,鄞州区,利时百货,4.2,单人总监洗剪吹,58,193
木森造型,鄞州区,印象城,4.7,单人高级设计师洗剪吹一次,40,187
时尚先锋MIX FASHION,鄞州区,印象城,3.5,单人高级督导洗剪吹1次,86,174
a pish美发沙龙,鄞州区,迪赛明天,4.5,单人设计师洗剪吹1次,39.8,159
发丝名匠,鄞州区,姜山,4.9,单人洗剪吹1次,32.5,150
美度发型会所,鄞州区,鄞州区,5.0,单人洗剪吹造型套餐1次,24.8,143
HALO光环日式造型（鄞州万达店）,鄞州区,鄞州万达广场,4.3,单人高级设计师洗剪吹1次,35,133
HALO光环日式造型（鄞州格兰店）,鄞州区,利时百货,4.0,单人高级设计师洗剪吹1次,35,133
玩美美发沙龙,鄞州区,联盛广场,5.0,单人总监洗吹+剪发+造型1次,68,126
亿星发型（亿星发型）,鄞州区,鄞州区,5.0,单人洗剪吹1次,18,115
芨草洗发养发馆,鄞州区,利时百货,4.7,单人经络健康洗发1次,45,112
皇伽国际,鄞州区,轻纺城,3.9,单人洗剪吹1次,19.8,107
都市造型,鄞州区,鄞州区,5.0,单人首席洗剪吹1次,18.8,103
慕·salon,鄞州区,印象城,4.0,单人特级设计师洗剪吹,80,95
星艺时尚烫染吧,鄞州区,鄞州区,4.7,单人洗吹1次,15,89
港田美业,鄞州区,姜山,5.0,洗剪吹单人风格设计师洗剪吹,35,90
丝域·养发馆（印象城）,鄞州区,印象城,4.0,单人养发组合套餐,138,89
丝域·养发馆（银泰环球城店）,鄞州区,南部商务区,3.5,单人养发组合套餐,138,89
丝域·养发馆（格兰云天店）,鄞州区,利时百货,3.5,单人养发组合套餐,138,89
丝域·养发馆（鄞州万达店）,鄞州区,鄞州万达广场,3.5,单人养发组合套餐,138,89
MAM美发沙龙（银泰环球城店）,鄞州区,环球城,5.0,单人高级设计师洗剪吹1次,68,82
焦点剪烫染专门店,鄞州区,鄞州区,4.7,洗剪吹套餐,20,79
LINE美发沙龙,鄞州区,南部商务区,4.5,单人经典造型设计1次,68,78
品·造型,鄞州区,印象城,4.0,单人设计师洗剪吹1次,40,61
Allen Hair Style（鄞州店）,鄞州区,鄞州万达广场,5.0,单人店长剪发造型1次,68,61
圣相和美发艺术沙龙（天静巷店）,鄞州区,利时百货,4.2,单人设计师洗剪吹1次,39.8,59
蒂梵妮造型（学府院店）,鄞州区,鄞州区,4.0,单人洗剪吹1次,25,55
SHOW吧造型工作室,鄞州区,鄞州万达广场,5.0,单人洗剪吹+护理+烫发+染发套餐,368,50
爱尚护肤造型,鄞州区,轻纺城,4.0,单人洗剪吹1次,29,45
MK造型,鄞州区,利时百货,5.0,单人洗吹+造型,28,44
兄弟美容美发（姜山旗舰店）,鄞州区,姜山,4.0,单人洗剪吹1次,48,41
兄弟美容美发（联盛店）,鄞州区,联盛广场,3.0,单人洗剪吹1次,48,41
千丝物语烫染名店（理工学院）,鄞州区,鄞州万达广场,5.0,单人洗剪吹+圣薇娜烫/染二选一套餐,158,41
印象沙龙,鄞州区,鄞州万达广场,4.6,设计师洗剪吹,39,41
木salon,鄞州区,鄞州万达广场,5.0,单人设计师定制剪发,29.9,40
美道美容美发（轻纺城店）,鄞州区,轻纺城,5.0,单人健康和洗造型,25,36
帝梵造型全国连锁（梦情缘东裕店）,鄞州区,鄞州区,4.7,单人多店连锁艾里德奇幻套餐1次,168,34
WY美甲美发沙龙,鄞州区,轻纺城,4.5,单人洗吹套餐（体验水疗一次）,22.8,34
帝梵造型全国连锁（轻纺城店）,鄞州区,轻纺城,4.0,单人多店连锁艾里德奇幻套餐1次,168,34
BIG STAR无痕接发&烫染（外滩一号店）,鄞州区,鄞州万达广场,5.0,单人资深设计师烫／染二选一套餐,168,33
描素沙龙连锁机构,鄞州区,鄞州区,3.6,单人洗剪吹1次,30,32
e美咖·色彩造型,鄞州区,姜山,4.5,洗吹+造型,19.9,30
MJ明星沙龙,鄞州区,鄞州万达广场,5.0,单人洗剪吹+烫/染2选1套餐,198,25
木村烫染中心（古林店）,鄞州区,鄞州区,4.2,单人烫+染套餐,188,18
木村,鄞州区,鄞州区,4.3,单人烫+染套餐,188,18
辰嫣国际,鄞州区,鄞州区,3.9,单人首席设计师洗剪吹1次,58,16
木易造型,鄞州区,鄞州区,3.9,单人洗剪吹1次,23,15
国颐堂养发 造型,鄞州区,鄞州区,5.0,单人剪发1次,39.8,15
L熙发型设计,鄞州区,联丰路沿线,4.7,单人烫/染2选1套餐,88,12
秀阁造型会所,鄞州区,鄞州区,3.5,单人洗剪吹1次,30,9
田帝造型,鄞州区,鄞州区,4.5,田帝造型短发套餐,88,9
1989精品造型,鄞州区,鄞州万达广场,4.7,单人烫/染2选1套餐,138,8
Lisa美肤美胸造型,鄞州区,印象城,3.0,单人高级设计师洗吹造型＋菲灵护理,198,8
YF-P轻奢潮沙龙,鄞州区,利时百货,5.0,单人钻石美感烫／潮流创意染护套餐1次,228,8
乔万尼（锦寓路店）,鄞州区,利时百货,3.7,单人督导洗剪吹1次,126,5
月雅苑美发,鄞州区,环球城,5.0,单人烫染组合套餐,368,5
卡兰国际形象会所,鄞州区,鄞州区,4.0,单人烫/染2选1套餐,228,5
金帝造型（荣安和院店）,鄞州区,鄞州区,3.5,单人资深设计师洗剪吹1次,28,5
起点专业烫染造型,鄞州区,联丰路沿线,3.5,单人资深设计师洗吹造型1次,20,3
丽加形象,鄞州区,印象城,4.0,单人时尚色彩长发1次,199,3
发际形象会所,鄞州区,鄞州区,3.5,洗剪吹,12,3
芊丝美发,鄞州区,鄞州区,3.0,单人洗剪吹1次,20.5,3
地平线发艺,鄞州区,印象城,3.5,单人染发套餐1次,218,2
上梳坊,鄞州区,鄞州万达广场,4.2,单人店长总监洗剪吹1次,50,2
本色时尚造型,鄞州区,鄞州区,3.5,单人首席顾问洗剪吹1次,39.8,2
阿斌私人形象定制,鄞州区,鄞州万达广场,3.5,单人洗剪吹造型1次,218,2
佳剪乘除,鄞州区,鄞州区,4.5,佳剪乘除,120,2
聚星京洲发型设计,鄞州区,鄞州区,4.0,染烫套餐,168,2
壹加壹造型,鄞州区,鄞州区,3.5,单人造型1次,8,2
豪发造型,鄞州区,鄞州区,4.0,烫染美发套餐,198,2
拉菲美发会所（四明西路店）,鄞州区,联盛广场,3.8,美发套餐,318,1
星期八发吧,鄞州区,集士港,3.0,单人柔顺洗吹造型1次,15,1
热爱美发（美甲形象店）,鄞州区,鄞州区,4.0,单人染发套餐,158,1
Jim Salon 造型（钱湖店）,鄞州区,印象城,4.8,单人施华蔻靓发烫或染套餐二选一,338,1
Beauty 私人订制,鄞州区,鄞州万达广场,4.8,单人洗剪吹+露新兰全新植物热烫套餐,388,1
风采发艺,鄞州区,鄞州区,3.5,单人干洗剪发套餐,35,0
微尚造型美发沙龙,鄞州区,轻纺城,4.7,单人色彩打蜡+奶疗套餐,288,0
东兴造型·美容养生,鄞州区,印象城,3.7,烫染套餐,128,0
小时代发型工作室,鄞州区,鄞州区,3.5,烫发套餐,138,0
伯爵精品形象,鄞州区,鄞州区,3.5,洗剪吹卡1张,150,0
剪艺界,鄞州区,鄞州区,3.5,直发柔顺（长发）,117,0
本来烫染坊,鄞州区,鄞州区,3.0,数码烫套餐,188,0
红光美发沙龙,鄞州区,轻纺城,3.0,离子烫1次,120,0
可乐造型,鄞州区,传奇广场/麦德龙,3.5,单人韩国酸性色彩打蜡1次,368,0
TT哲.美发沙龙,鄞州区,利时百货,3.5,单人洗护1次,228,0
罗亚帝（江北万达店）,江北区,江北万达广场,5.0,单人高级设计师洗剪吹套餐,38,8419
罗亚帝（育才店）,江北区,江北区,5.0,单人高级设计师洗剪吹套餐,38,8419
罗亚帝（外滩店）,江北区,老外滩,5.0,单人高级设计师洗剪吹套餐,38,8419
UPTOP鼎上造型(来福士广场店),江北区,来福士广场,5.0,单人高级设计师剪发造型1次,78,5293
米兰造型(万达江北店),江北区,江北万达广场,5.0,单人高级设计师洗剪吹1次,35,3678
artists发型私人订制（宁波大学店）,江北区,宁波大学农贸,5.0,单人高级设计师剪发造型1次,35,2523
tg时尚造型工作室,江北区,洪塘,5.0,单人洗剪吹1次,22.8,1160
时尚人生美发沙龙,江北区,宁波大学农贸,4.6,洗剪吹套餐,17.8,1131
MT工作室(万达江北店),江北区,江北万达广场,5.0,单人洗剪吹+水疗套餐,39,1065
公主驾到,江北区,洪塘,4.7,单人高级发型师洗剪吹1次,25.8,809
发束造型,江北区,老外滩,5.0,单人高级发型师洗剪吹造型,34.8,219
时尚风标美发,江北区,洪塘,4.6,单人总监洗剪吹1次,29.8,128
春语美发Salon健康丝享会所,江北区,江北万达广场,4.6,单人首席设计师洗剪吹1次,79,123
卡罗利美容美发（洪塘店）,江北区,洪塘,4.3,单人高级设计师洗剪吹,28.8,113
丝域·养发馆（华泰剑桥店）,江北区,江北区,4.5,单人养发组合套餐,138,89
丝域·养发馆（天水家园店）,江北区,江北万达广场,4.5,单人养发组合套餐,138,89
丝域·养发馆(来福士广场店),江北区,来福士广场,3.5,单人养发组合套餐,138,89
精英专业造型,江北区,江北区,5.0,单人简易洗吹1次,10,64
发现造型·Discovery hair salon,江北区,北岸琴森/大剧院,4.0,单人设计督导洗剪吹1次,78,33
巴伦造型护肤,江北区,江北区,3.9,单人洗剪吹1次,25,32
遇见美发,江北区,来福士广场,3.5,单人洗吹1份,30,22
国颐堂养发馆,江北区,洪塘,4.0,皇室洗发➕头部按摩,26,11
美之轩潮流发型（宁波店）,江北区,江北区,4.5,单人美发组合套餐,188,10
原素美学社,江北区,老外滩,4.7,夏日按摩椅洗发造型,25,10
卡罗利,江北区,江北万达广场,3.8,单人菲灵烫/染2选1套餐,218,8
吉吉造型,江北区,宁波大学农贸,4.3,单人吉吉造型美发,268,5
阿廷造型,江北区,江北区,4.2,单人染发1次,69,5
第6间造型,江北区,江北区,4.9,单人专业染护发套餐,108,2
彩艺创新美发沙龙,江北区,江北区,4.3,单人优资堂染发1次,359,0
亚蒂会所,江北区,老外滩,3.8,施华蔻美发,148,0
艾尚美发,江北区,江北区,3.5,单人男士氨基酸烫发1次,98,0
博景发艺,江北区,洪塘,3.5,单人染发,168,0
章光101（北仑店）,北仑区,嵩山路,4.0,单人养护发套餐,69,185
美博造型设计,北仑区,宝山路,5.0,单人设计师洗剪吹套餐一次,39,178
搭客美发,北仑区,保税南区,4.7,洗发造型,18,147
韩俊飞发型工作室,北仑区,邮电大楼,5.0,单人洗剪吹1次,38,138
亿连匠心,北仑区,小港街道,3.9,单人专业发型设计套餐1次,25,115
丝域·养发馆（北仑银泰店）,北仑区,九峰山风景区,4.0,单人养发组合套餐,138,89
易生传奇健发中心（北仑店）,北仑区,北仑行政中心,4.3,单人草本古方乌发养发护理,38,73
爱美丽美发沙龙,北仑区,曼哈顿广场,5.0,单人设计师洗剪吹+水光护理超值套餐,58,63
首都专业美发,北仑区,曼哈顿广场,5.0,单人欧莱雅烫染套餐,288,54
新悦造型,北仑区,大碶镇,4.3,洗吹,14.8,39
LOOK造型（弘基店）,北仑区,宏基广场,3.5,洗剪吹,14.8,27
爱上美甲,北仑区,绍成小学商圈,5.0,美发,59,22
SP形象定制,北仑区,宝山路,4.0,单人洗剪吹1次,54,20
曼都造型,北仑区,小港街道,4.2,染/烫套餐,138,16
菩叶头皮抗衰养发馆（北仑店）,北仑区,星阳菜场,3.5,养发/专业洗护套,48,13
皇子美发机构,北仑区,九峰小区,3.8,单人洗剪吹套餐,38,8
国忠美发沙龙,北仑区,邮电大楼,4.0,高级发型师理发,35,8
艾丽丝经典造型美发,北仑区,九峰小区,5.0,染烫二选一,168,6
芭莎形象设计,北仑区,小港街道,3.5,单人洗剪吹套餐,14.9,4
派头美发沙龙,北仑区,宝山路,3.0,单人总监洗剪吹套餐1次,58,4
新时尚专业烫染（旗舰店）,北仑区,牡丹庄园,3.5,洗剪吹,15,4
萧邦,北仑区,宝山路,4.0,都市壹号护肤造型动感数码烫,188,3
八审美发,北仑区,北仑行政中心,4.0,单人染或烫套餐,58,3
曼都美都（MeToo）,北仑区,曼哈顿广场,3.0,单人洗剪吹1次,26,2
典雅造型 护肤,北仑区,中青文化广场,4.1,典雅造型-护肤泰式洗剪吹,38,2
名模美发沙龙,北仑区,绍成小学商圈,4.3,单人欧莱雅烫/染2选1,118,2
顶尖发型烫染屋,北仑区,大碶镇,3.5,洗剪吹1次,17,2
A8美发会所,北仑区,邮电大楼,3.8,烫+染,158,2
时尚主流国际美发会所（人民南路店）,北仑区,保税南区,4.0,单人LOVIGOR烫染套餐,580,1
万发园,北仑区,柴桥街道,3.9,单人烫染2选1,128,1
蒙霸绿色养发会馆,北仑区,高潮村,3.5,纯天然中草药止脱生发,68,1
姿雅美業,北仑区,星阳菜场,4.0,单人圣罗兰烫/染套餐,168,1
艺术人生专业美发,北仑区,大榭,3.5,韩式打蜡,198,0
名姿美发,北仑区,大榭,3.0,单人女士剪发1次,16.9,0
芭莎造型,北仑区,邮电大楼,4.0,单人护理1次,49,0
漂亮宝贝美发,北仑区,绍成小学商圈,4.1,单人欧莱雅烫染套餐,228,0
自由女神,北仑区,老街,3.8,专业烫染1次,269,0
JACK造型（宏基二店）,北仑区,宏基广场,4.1,单人染发套餐1次,68,0
Tang唐·造型,北仑区,绍成小学商圈,4.0,高品质烫发或染发一次,228,0
美丽家族发型研习沙龙,北仑区,老街,3.0,单人精致洗剪吹套餐,29.8,0
标榜第二间连锁沙龙,北仑区,星阳菜场,4.2,单人洗剪吹1次,35,0
JACK造型（小夜市店）,北仑区,绍成小学商圈,4.5,单人染发套餐1次,68,0
JACK造型（三店）,北仑区,高塘,4.2,单人染发套餐1次,68,0
尚品美发,北仑区,邮电大楼,4.5,植物复活烫/染,138,0
浪波湾美发广场,北仑区,凤洋二路,3.5,单人烫染套餐,188,0
JACK造型（宏基旗舰店）,北仑区,宏基广场,4.1,单人染发套餐1次,68,0
鑫都美容美发全国连锁店,北仑区,小港街道,3.5,四星级洗剪吹,28,0
南都美发,北仑区,小港街道,3.5,店长健康烫/染,298,0
时尚芭莎,北仑区,九峰小区,3.0,单人中端染发/烫发,149,0
倷丝国际烫染连锁（商贸大厦店）,镇海区,宁波大学北区,5.0,单人美芝品美发套餐,168,10611
罗亚帝时尚沙龙(1902万科店),镇海区,庄市街道,5.0,单人资深设计师洗剪吹1次,55,2408
小资派,镇海区,骆驼街道,5.0,单人设计师洗剪吹1次,35.8,2178
V.1造型,镇海区,庄市街道,4.0,单人洗剪吹1次,29.8,875
菲秀发型私人定制（宁大店）,镇海区,宁波大学北区,5.0,单人首席洗剪吹套餐,38,675
章光101（镇海店）,镇海区,城关,4.0,单人养护发套餐,69,185
白金汉宫,镇海区,骆驼街道,4.5,单人男士洗剪吹1次,35,155
名丝钻石形象创意沙龙,镇海区,蛟川街道,3.8,仅售21元！原价35元的洗剪吹一次！,28,75
名都美发,镇海区,骆驼街道,5.0,单人洗剪吹套餐,33.98,63
差异化造型,镇海区,宁波大学北区,5.0,单人洗剪吹造型1次,58,60
DY东艺造型（宁大北区店）,镇海区,宁波大学北区,4.7,单人欧雅黛烫染2选1套餐,88,46
蓝格美发会所,镇海区,宁波大学北区,4.7,单人烫染1次,158,39
心艺美业,镇海区,骆驼街道,3.7,单人洗吹精剪+经典染发1次,198,19
以诺形象工作室,镇海区,庄市街道,5.0,资深设计师,38,15
1989美发沙龙,镇海区,骆驼街道,4.0,仅售24元！价值30元洗剪吹1次！,24,14
DY德艺美发（兴庄路店）,镇海区,宁波大学北区,3.4,单人品牌烫发1次,298,5
国溙美业,镇海区,庄市街道,4.2,单人三星总监洗剪吹1次,110,4
皇冠明姿美发沙龙（骆驼新城店）,镇海区,骆驼街道,4.2,单人品牌烫发套餐1次,268,3
顶尚型专业烫染,镇海区,九龙湖风景区,4.0,单人烫染护套餐,216,2
名爵M.J创意沙龙,镇海区,骆驼街道,4.2,单人烫染2选1套餐,268,2
苍奚美业,镇海区,庄市街道,4.2,单人欧莱雅烫/染2选1套餐,88,1
精工坊,镇海区,宁波大学北区,4.3,单人定型空气刘海1次,55,0
美琪人生,镇海区,骆驼街道,4.0,美琪 护理,78,0
本色,镇海区,城关,3.5,单人洗吹1次,15,0
易生传奇健发中心（长安路店）,余姚市,余姚,4.0,单人草本古方乌发养发护理,38,73
丝艺造型,余姚市,南雷路,3.7,单人艺丝发型工作室染烫B套餐,158,73
杰杰美发美甲（泗门店）,余姚市,泗门,4.1,单人洗吹1次,15,11
丝语造型,余姚市,余姚,3.5,单人烫染护套餐,328,0
艺之剪美容美发,余姚市,余姚,4.2,单人艺之剪美容美发烫发造型,298,0
地球村（坎墩店）,慈溪市,坎墩街道,5.0,单人代金券,8.9,45837
地球村（周巷店）,慈溪市,周巷,5.0,单人代金券,8.9,45837
地球村（逍林店）,慈溪市,逍林,5.0,单人代金券,8.9,45837
地球村（新都汇店）,慈溪市,上林坊,5.0,单人代金券,8.9,45837
地球村（新城大道店）,慈溪市,新城大道,5.0,单人代金券,8.9,45837
地球村（横河店）,慈溪市,慈溪,5.0,单人代金券,8.9,45837
地球村（观海卫1店）,慈溪市,观海卫,5.0,单人代金券,8.9,45837
地球村（银泰店）,慈溪市,慈溪银泰城,5.0,单人代金券,8.9,45837
地球村（匡堰店）,慈溪市,慈溪,5.0,单人代金券,8.9,45837
地球村（总店）,慈溪市,三北西大街,5.0,单人代金券,8.9,45837
地球村（长河店）,慈溪市,慈溪,4.5,单人代金券,8.9,45837
地球村（胜山店）,慈溪市,慈溪,4.2,单人代金券,8.9,45837
地球村（新浦店）,慈溪市,慈溪,4.6,单人代金券,8.9,45837
地球村（孙塘北路店）,慈溪市,孙塘街道,5.0,单人代金券,8.9,45837
地球村（庵东店）,慈溪市,慈溪,5.0,单人代金券,8.9,45837
地球村（孙塘南路店）,慈溪市,孙塘街道,3.8,单人代金券,8.9,45837
韩艺美容美发,慈溪市,上林坊,5.0,单人洗剪吹套餐,27,5700
mina米娜,慈溪市,浒山街道,5.0,单人首席设计师洗剪吹1次,49.8,2098
尚煊（观城店）,慈溪市,观海卫,4.5,单人经理洗剪吹1次,25,1552
MQH美发沙龙,慈溪市,财富中心,5.0,单人风格设计剪裁套餐,58,1099
贝尼造型,慈溪市,观海卫,4.5,单人设计师洗剪吹1次,35,1045
斌松标榜美发沙龙（匡堰店）,慈溪市,慈溪,4.5,单人设计师洗剪吹1次,21.9,1031
斌松标榜美发沙龙（桥头店）,慈溪市,逍林,4.5,单人设计师洗剪吹1次,21.9,1031
名尚发艺工作室,慈溪市,周巷,4.0,名尚发艺工作室洗剪吹1次,29,576
乔志发型设计,慈溪市,三北西大街,4.0,单人发型设计烫染,188,434
海洋造型（观海卫店）,慈溪市,观海卫,3.8,单人洗吹造型一次,18,423
西选造型MOOK店,慈溪市,慈溪银泰城,5.0,资深设计师洗剪吹➕护理➕烫染三选一套餐,188,422
芭莎造型（绿城慈园店）,慈溪市,浒山街道,4.2,单人资深设计师洗剪吹套餐,72,420
momo时尚造型,慈溪市,周巷,5.0,单人总监洗剪吹+精品烫/染套餐,138,364
GOLDMISS花园式美发沙龙（金黄商厦店）,慈溪市,上林坊,5.0,单人洗吹造型套餐,19.9,351
丝艺（利时广场店）,慈溪市,杭州湾新区,4.1,单人洗剪吹套餐,28.8,297
蓝溪美美发,慈溪市,上林坊,4.6,单人设计师洗吹1次,15,281
MG魔术造型,慈溪市,上林坊,5.0,单人洗吹造型套餐,20,244
szt狮子头沙龙,慈溪市,慈溪,3.7,单人设计师洗吹1次,12.8,236
无名发,慈溪市,浒山街道,3.8,单人高级发型师洗剪吹+烫/染2选1套餐,138,190
炫美造型,慈溪市,观海卫,3.8,单人洗剪吹1次,13,185
章光101（慈溪店）,慈溪市,新城大道,4.0,单人养护发套餐,69,185
大自然会所（新浦店）,慈溪市,慈溪,4.0,单人染发/烫发2选1套餐,168,156
大自然时尚造型（逍林店）,慈溪市,逍林,4.0,单人染发/烫发2选1套餐,168,156
大自然时尚造型（周巷店）,慈溪市,周巷,3.8,单人染发/烫发2选1套餐,168,156
朵儿美甲,慈溪市,浒山街道,4.7,单人盘发1次,2,117
琛琳美发,慈溪市,观海卫,4.7,单人琛琳美发烫染套餐,188,63
至尊美业,慈溪市,观海卫,4.5,单人洗剪吹1次,15,63
丝语造型（乌山路店）,慈溪市,浒山街道,4.7,洗吹+水疗,26.8,48
名爵（掌起店）,慈溪市,掌起,4.0,单人名爵造型纳米接发1次,1368,47
型色烫染接私人会所,慈溪市,新城大道,5.0,单人潮人造型师洗剪吹1次,28,39
美丽佳私人定制,慈溪市,上林坊,5.0,单人水晶接发一束,1.3,31
发源地美发工作室,慈溪市,慈溪,4.1,单人染烫造型1次,78,28
巴黎世家美发会所,慈溪市,慈溪,4.7,单人亮彩染发套餐,128,27
尚彩造型,慈溪市,上林坊,5.0,店长洗剪➕护理➕造型套餐,88,26
美丝形象创意沙龙,慈溪市,逍林,4.5,单人圣薇娜烫染2选1套餐,98,22
欣崇尚,慈溪市,古塘街道,4.3,单人胶原蛋白护发套餐,88,9
欣崇尚（坎墩店）,慈溪市,坎墩街道,4.6,单人胶原蛋白护发套餐,88,9
欣崇尚（宗汉店）,慈溪市,宗汉街道,4.7,单人胶原蛋白护发套餐,88,9
真亦假发制品经营部,慈溪市,浒山街道,3.5,单人假发清洗套餐,18,4
海跃美容美发设计,慈溪市,浒山街道,4.5,单人海跃美容美发设计 烫染2选1,138,3
佛伦斯私人订制烫染名店（象山店）,象山县,象山,5.0,美芝品系列单人美发套餐,168,143259
章光101（象山店）,象山县,象山,3.0,单人养护发套餐,69,185
1026美发工作室,象山县,象山,4.6,单人剪发体验套餐,19.9,113
原理工作室,象山县,象山,3.5,单人洗吹1次,35,5
阿彬美业会所,象山县,石浦镇,3.5,单人女士护理1次,70,0
