﻿商家,区域,商圈,星级,服务,价格,销量
摩登时尚hair salon（大坪店）,渝中区,大坪,5.0,单人摩登奢华烫/染/拉直3选1套餐,258,11968
摩登时尚hair salon（较场口店）,渝中区,较场口,5.0,单人摩登奢华烫/染/拉直3选1套餐,258,11968
丝域养发馆（龙湖·时代天街店）,渝中区,大坪,5.0,玫瑰香薰spa+水润头皮护理,88,10636
童话造型（解放碑店）,渝中区,解放碑,5.0,单人洗剪吹,30,10147
琦品美业美容美发（解放碑VIP店）,渝中区,解放碑,4.7,单人精致洗吹（尊享头部舒缓解压按摩）,35,9885
巴罗国际烫染连锁（时代天街店）,渝中区,大坪,4.0,单人超值烫发/染发套餐5选2,378.8,7934
倷丝国际烫染连锁（解放碑旗舰店）,渝中区,解放碑,5.0,单人VIP美发套餐,128,5897
西文烫染工作室（大坪店）,渝中区,大坪,5.0,单人洗剪吹1次,38,5423
唯艺造型烫染工作室（石油路店）,渝中区,大坪,5.0,单人精致洗剪吹套餐,30,5379
熙禾造型（解放碑店）,渝中区,解放碑,4.1,单人洗剪吹,28.8,5128
墨吉 MJ SaLon（解放碑重庆总店）,渝中区,解放碑,5.0,单人施华蔻烫染四选一,398,5062
玛莎国际专业接发潮牌（渝中店）,渝中区,上清寺,4.4,单人全真无痕隐形接发（55cm）拆卸无残留,780,3954
朋克发型社（D馆店）,渝中区,大坪,5.0,单人精剪+水疗护理套餐,38,3682
朋克发型社（A馆店）,渝中区,大坪,5.0,单人精剪+水疗护理套餐,38,3682
Sieson丝颂沙龙（恒大聚派店）,渝中区,大坪,4.8,单人剪发造型套餐,58,3501
简舞（望龙门店）,渝中区,朝天门,5.0,单人洗剪吹套餐,35.8,2418
简舞（解放碑店）,渝中区,解放碑,5.0,单人洗剪吹套餐,35.8,2418
艺剪坊,渝中区,大坪,5.0,单人洗剪吹造型1次,29.8,2239
直角造型,渝中区,大坪,5.0,【手艺】精致设计＋裁剪,29.7,1968
米咔造型（时代天街店）,渝中区,渝中区,3.5,单人店长总监高端烫染3选1,398,1898
米咔造型（解放碑店）,渝中区,解放碑,4.9,单人店长总监高端烫染3选1,398,1898
好久不见,渝中区,大坪,5.0,单人资深设计师洗剪吹,35.8,1765
剪约烫染基地（大坪品质店）,渝中区,大坪,5.0,单人精品洗剪吹1次,29,1697
丽人榜美业,渝中区,大坪,4.4,单人洗剪吹套餐,25,1688
9℃烫染工作室（大坪店）,渝中区,大坪,5.0,单人设计总监洗剪吹套餐,35.9,1598
歆晴懿美烫染连锁店（美美时代家苑店）,渝中区,解放碑,4.0,单人时尚白领烫/染套餐,148,1533
AC潮牌沙龙（解放碑店）,渝中区,解放碑,5.0,【特惠】欧莱雅烫/染/拉3选1美发,198,1532
AC潮牌沙龙（时代天街品质店）,渝中区,大坪,5.0,【特惠】欧莱雅烫/染/拉3选1美发,198,1532
AC潮牌沙龙（天街D馆线下体验店）,渝中区,大坪,5.0,【特惠】欧莱雅烫/染/拉3选1美发,198,1532
美工坊（时代天街潮店）,渝中区,大坪,5.0,总监洗剪吹1次,29,1446
美工坊（解放碑潮店）,渝中区,解放碑,5.0,总监洗剪吹1次,29,1446
6号沙龙潮牌连锁（大坪店）,渝中区,大坪,4.6,单人总监洗剪吹套餐,38,1383
九门一型色定制（解放碑店）,渝中区,解放碑,5.0,单人洗吹造型【荣耀WZ6折】,19.9,1249
美好时光（时代天街店）,渝中区,大坪,5.0,单人资生堂烫染套餐,298,1191
崇美造型.美甲.美联社（大坪店）,渝中区,大坪,4.5,单人洗剪吹造型套餐,38,1186
美尚佳懿整体造型（解放碑店）,渝中区,解放碑,5.0,单人创意总监精剪套餐,29,1165
美尚佳懿整体造型（大坪店）,渝中区,解放碑,5.0,单人创意总监精剪套餐,29,1165
Color Style 可伦美发沙龙（花园主题店）,渝中区,解放碑,5.0,单人精致洗吹造型套餐,29.8,941
简舞（八一路店）,渝中区,解放碑,5.0,单人资深设计师洗吹套餐,29.9,923
港禾发艺空间,渝中区,解放碑,5.0,单人洗剪吹套餐,38,916
古匠造型（江北店）,渝中区,解放碑,3.5,单人欧莱雅烫/染套餐3选1(人气推荐商家),158,856
TOP design私人定制美发会所（大坪总店）,渝中区,大坪,5.0,【匠师】施华蔻洗护+造型,21,839
回头率烫染连锁（大坪英利店）,渝中区,大坪,5.0,单人欧莱雅烫染双项,298,828
零度烫染工作室（马家堡店）,渝中区,大坪,3.0,单人洗剪吹套餐,38,781
UPTOP鼎上造型（时代天街A馆二店）,渝中区,大坪,4.7,单人高级设计师剪发+造型,78,777
UPTOP鼎上造型（时代天街D馆一店）,渝中区,大坪,5.0,单人高级设计师剪发+造型,78,777
袭色空中花园,渝中区,大坪,5.0,单人时尚修剪套餐,68,753
回归纯造型,渝中区,两路口,5.0,单人洗剪吹1次,22.8,709
发修美发（瑞安重庆天地70店）,渝中区,化龙桥/重庆天地,4.2,单人潮流趋势烫染发2选1,298,691
卡诗私人定制烫染连锁（大坪时代A馆店）,渝中区,大坪,5.0,单人资深发型师洗剪吹/护理2选1套餐,29.8,686
Hyun Color 炫色沙龙,渝中区,大坪,5.0,单人资深发型师剪裁+造型,35,655
匠人1+1造型（大坪店）,渝中区,大坪,3.9,精油护理 非烫染套餐 限短发,1.1,633
厚吉演绎美发沙龙,渝中区,解放碑,4.6,单人专业洗剪吹,39.9,617
曲拉时尚工作室,渝中区,解放碑,5.0,单人专业修剪造型套餐,62,612
Ck烫染工作室（时代天街店）,渝中区,大坪,4.0,单人超值单剪浏海,288,588
木子造型（时代天街店）,渝中区,大坪,5.0,单人首席精剪套,29.9,586
米娅美发（解放碑美美店）,渝中区,解放碑,5.0,【品质】蓝钻烫染套餐2选1,288,570
DG潮店→私人订制接发烫染连锁（大坪龙湖店）,渝中区,大坪,5.0,单人轻度受损发质烫染顺直3选1【一对一服务】,258,552
唯慕造型,渝中区,大坪,4.2,单人洗剪吹,30,37
lp造型私人定制,渝中区,较场口,4.9,单人总监造型师洗剪吹,128,34
永琪美容美发（渝州路店）,渝中区,两路口,3.7,精品洗剪吹套餐,28,33
洛安尼尼造型沙龙,渝中区,大坪,5.0,单人洗吹造型套餐,19.8,33
名尊造型,渝中区,较场口,3.7,单人洗吹套餐,18,32
ZACC专业发型定制,渝中区,解放碑,4.0,头发柔顺受损护理还原酸,38,26
宝格丽护肤造型中心（解放碑店）,渝中区,解放碑,4.7,设计组洗吹,29.9,17
SHOW发型工作室,渝中区,大坪,4.1,单人洗剪吹套餐,35,15
潘多拉造型（鼎峰护肤造型）,渝中区,化龙桥/重庆天地,3.5,潘多拉时尚烫发,158,12
完美形象（解放碑店）,渝中区,解放碑,4.0,洗吹,15,12
和风创艺发型工作室（DHM 造型）,渝中区,解放碑,3.6,单人精致洗剪吹,128,10
南派多多,渝中区,较场口,4.6,单人多多店长私人定制洗剪吹套餐,19.8,10
私家美业,渝中区,大坪,4.5,施华蔻烫/染发,178,8
天然美绣（石油路万科景城店）,渝中区,大坪,4.1,单人明星眼线套餐,880,7
罗艺发型工作室（解放碑店）,渝中区,解放碑,4.0,单人技术总监洗剪吹+蚕丝蛋白护理套餐,158,6
idol造型（大坪店）,渝中区,大坪,4.5,单人精致烫染单项,168,6
小逸丝美发工作室,渝中区,朝天门,4.0,洗吹造型,18.8,6
云髻,渝中区,大坪,4.6,【单人裁剪】,88,5
众达美业（龙湖天街店）,渝中区,大坪,3.0,单人洗剪吹,29.8,4
芊手造型,渝中区,解放碑,3.5,单人专业洗吹1次,30,4
ME造型馆（时代天街店）,渝中区,大坪,4.2,单人洗剪吹1次,25.9,3
海生美业,渝中区,七星岗,3.9,洗剪吹烫染直三选一,88,3
RS美发沙龙,渝中区,解放碑,4.2,单人总监设计剪发套餐,88,2
术北造型,渝中区,解放碑,4.7,单人接发,1,2
MC2 Hair&Tattoo; Salon,渝中区,解放碑,3.5,单人洗剪吹1次,79,1
优尼克国际烫染连锁（解放碑旗舰店）,渝中区,解放碑,3.5,单人发彩烫染系列一次,198,1
丝艺造型,渝中区,上清寺,5.0,顺柔修护,68,1
Jack发型工作室,渝中区,解放碑,3.0,超值优惠洗剪吹套餐,30,1
蘭坊NAFG,渝中区,上清寺,3.5,单人明星烫染护套餐,288,0
艾昕美业,渝中区,解放碑,3.8,单人施华蔻烫染2选1,168,0
美创发型连锁,渝中区,大坪,3.7,单人时尚烫染套餐,268,0
乔薇尔发艺空间,渝中区,解放碑,3.5,单人高端工作室风格设计+单人法国乔薇尔护理烫发+洗剪吹,1280,0
源发苑美发新概念连锁店（化龙桥店）,渝中区,化龙桥/重庆天地,3.7,单人私人定制资生堂烫发＋护理＋首席艺术设计剪发,588,0
佑米造型（观音桥店）,江北区,观音桥,5.0,丽人狂欢节-欧莱雅烫/染二选一,228,310662
佛伦斯私人定制烫染名店（观音桥店）,江北区,观音桥,5.0,美芝品系列单人美发套餐,168,143258
佛伦斯私人定制烫染国际连锁（红旗河沟店）,江北区,红旗河沟北,5.0,美芝品系列单人美发套餐,168,143258
佛伦斯私人定制烫染国际连锁（新新PARK时尚店）,江北区,东原新新PARK购物中心,5.0,美芝品系列单人美发套餐,168,143258
瑞豪专业烫染连锁（东原新新PARK店）,江北区,东原新新PARK购物中心,4.7,【资深设计师】提案+精致裁剪+造型,28.8,107245
瑞豪专业烫染连锁（观音桥店）,江北区,观音桥,4.4,【资深设计师】提案+精致裁剪+造型,28.8,107245
欧莱雅私人定制美发连锁（重庆江北店）,江北区,观音桥,5.0,单人洗剪吹/护理套餐2选1,39,101054
施华蔻美发连锁（重庆朗晴广场店）,江北区,观音桥,5.0,单人施华蔻烫染套餐3选1,208,85658
米娜造型【观音桥店】,江北区,观音桥,4.3,单人美发套餐5选1,128,35162
摩登时尚hair salon（东原D7店）,江北区,东原新新PARK购物中心,5.0,【品质优选】设计师定制裁剪,29.8,23686
摩登时尚hair salon（观音桥店）,江北区,观音桥,5.0,【品质优选】设计师定制裁剪,29.8,23686
诺澜时尚烫染工作室（观音桥店）,江北区,观音桥,5.0,单人沙宣人气套餐3选1,288,22348
88潮牌美发连锁（茂业百货店）,江北区,北城天街/九街,5.0,单人洗剪吹,38.8,20227
88潮牌美发连锁（大石坝店）,江北区,东原新新PARK购物中心,5.0,单人洗剪吹,38.8,20227
椰岛造型（江北建新东路天桥店）,江北区,观音桥,3.8,【裁剪+造型】洗剪吹套餐,40,18533
椰岛造型（江北富力广场店）,江北区,观音桥,5.0,【裁剪+造型】洗剪吹套餐,40,18533
椰岛造型（江北阳光城店）,江北区,观音桥,5.0,【裁剪+造型】洗剪吹套餐,40,18533
Craftsman手艺人（品质店）,江北区,观音桥,5.0,单人B施华蔻人气品质烫染套餐3选1,258,16449
卡玛发艺（观音桥店）,江北区,观音桥,5.0,【靓丽精剪造型】单人女士专享精致洗剪吹,21,15110
1号连锁美发专家（东原D7直营店）,江北区,东原新新PARK购物中心,5.0,单人首席洗剪吹套餐,38,14348
1号连锁美发专家（北城旺角店）,江北区,观音桥,3.5,单人首席洗剪吹套餐,38,14348
1号连锁美发专家（观音桥店）,江北区,观音桥,5.0,单人首席洗剪吹套餐,38,14348
88潮牌美发连锁（LZ赛博店）,江北区,观音桥,5.0,单人美发轻度受损发质烫/染/直,299,12101
倷丝国际烫染连锁（观音桥店）,江北区,观音桥,5.0,单人美芝品美发套餐,168,10611
童话造型,江北区,观音桥,5.0,单人洗剪吹,30,10147
琦品美业美容美发（江北阳光城菲秀店）,江北区,观音桥,5.0,单人精致洗吹（尊享头部舒缓解压按摩）,35,9885
巴罗国际烫染连锁（柏菲沙龙店）,江北区,观音桥,4.5,单人超值烫发/染发套餐5选2,378.8,7934
小p老师-pstyle造型（重庆明星店）,江北区,北城天街/九街,5.0,单人美发烫、染套餐二选一,398,7171
墨吉 MJ SaLon（观音桥重庆总店）,江北区,观音桥,5.0,单人施华蔻烫染四选一,398,5062
海滨岛烫染全国连锁,江北区,东方家园,3.5,单人烫染护+首席洗剪吹套餐,188,4134
玛莎国际专业接发潮牌（观音桥店）,江北区,观音桥,4.6,单人全真无痕隐形接发（55cm）拆卸无残留,780,3954
元木发艺,江北区,观音桥,5.0,单人元木洗剪吹,39,3176
梵古（阳光世纪购物中心店）,江北区,观音桥,5.0,【设计师】单人裁剪造型,78,2824
Ace造型馆（大融城店观音桥店）,江北区,观音桥,5.0,单人欧莱雅烫/染拉直套餐,198,2804
Ace造型馆（北城天街香港城店）,江北区,江北区,4.9,单人欧莱雅烫/染拉直套餐,198,2804
V8潮店•无痕接发烫染连锁（总店-九街店）,江北区,北城天街/九街,5.0,单人导师洗剪吹【互联网推荐店】,19.9,2527
多米造型（江北观音桥店）,江北区,观音桥,5.0,单人洗剪吹套餐,38,2523
新时代品质美发连锁,江北区,北城天街/九街,4.9,单人欧莱雅烫染套餐3选1,128,2293
素雅造型（观音桥店）,江北区,观音桥,4.5,单人欧莱雅烫染套餐3选1,128,2293
GM烫染接（叁M江北店）,江北区,观音桥,5.0,单人无痕接发全头品质推荐,980,2197
叁M烫染（江北店）,江北区,观音桥,4.9,单人无痕接发全头品质推荐,980,2197
DG潮店→私人订制接发烫染连锁（九街店）,江北区,北城天街/九街,5.0,单人首席设计师洗剪吹【互联网推荐商家】,39,2062
DG潮店→无痕接发烫染连锁（东原总店）,江北区,东原新新PARK购物中心,5.0,单人首席设计师洗剪吹【互联网推荐商家】,39,2062
爱美丽烫染造型空间,江北区,观音桥,5.0,单人洗吹塑形,25,1793
AM烫染潮牌沙龙,江北区,观音桥,5.0,单人洗吹塑形,25,1793
剪约烫染基地,江北区,东原新新PARK购物中心,5.0,单人精品洗剪吹1次,29,1697
浪漫飞丝烫染工作室（观音桥店）,江北区,观音桥,4.0,单人精品洗剪吹1次,29,1697
优格造型,江北区,观音桥,5.0,单人洗剪吹总监精剪,28,1671
谜尚造型,江北区,大庙/红旗河沟,5.0,单人日式定制剪裁,35.9,1602
川和潮人,江北区,观音桥,4.0,〖品质特惠〗日系轻奢烫/染,380,1565
AC潮牌沙龙（观音桥店）,江北区,观音桥,5.0,【特惠】欧莱雅烫/染/拉3选1美发,198,1532
美度造型（万汇中心店）,江北区,北城天街/九街,5.0,【造型师】单人裁剪造型预售套餐,78,1517
美工坊潮店（观音桥店）,江北区,观音桥,5.0,总监洗剪吹1次,29,1446
天赋美艺,江北区,东原新新PARK购物中心,5.0,单人洗剪吹套餐,46,1410
创美造型（观音桥艺术沙龙店）,江北区,北城天街/九街,5.0,单人导师洗剪吹造型套餐,45,1339
DC SALON烫染（北城天街店）,江北区,观音桥,5.0,洗吹造型+肩颈舒缓按摩,18,1302
安娜造型,江北区,观音桥,4.9,单人安娜造型施华蔻烫染套餐,278,1292
手艺人造型社,江北区,观音桥,5.0,单人8年功年设计师洗剪吹,48,1288
重庆style韩式整体造型,江北区,观音桥,5.0,单人8年功年设计师洗剪吹,48,1288
佐伊沙龙（香港城总店）,江北区,观音桥,5.0,单人洗剪吹＋造型,35,1269
佐伊沙龙（网潮店）,江北区,观音桥,5.0,单人洗剪吹＋造型,35,1269
女主角国际烫染连锁（观音桥店）,江北区,观音桥,5.0,VIP全头无痕接发【全真发】,1,1262
九门一型色定制（观音桥店）,江北区,观音桥,5.0,单人洗吹造型【荣耀WZ6折】,19.9,1249
唯美烫染工作室（观音桥店总店）,江北区,观音桥,5.0,单人督导洗剪吹,29.8,1216
美好时光烫染工作室,江北区,江北区,5.0,单人资生堂烫染套餐,298,1191
美好时光烫染工作室（观音桥店）,江北区,观音桥,5.0,单人资生堂烫染套餐,298,1191
发尔美美发工作室（观音桥店）,江北区,观音桥,5.0,单人资生堂烫染套餐,298,1148
鼎尚形象私人设计（江北总店）,江北区,观音桥,5.0,【资深设计】单人精剪,68,1123
美尚韩式经典,江北区,花卉园,4.9,超值经典洗剪吹套餐,29.8,1094
重庆无痕接发（观音桥店）,江北区,观音桥,4.4,单人烫染二选一套餐,380,1093
HOT色彩接发潮店,江北区,观音桥,3.8,单人烫染二选一套餐,380,1093
浪潮屋烫染工作室,江北区,观音桥,5.0,单人施华蔻烫染2选1套餐,178,1037
coco接发烫染造型（红鼎国际店）,江北区,观音桥,5.0,COCO升级版无痕接发,700,1031
T.W潮流接发造型（观音桥店）,江北区,观音桥,4.7,COCO升级版无痕接发,700,1031
非非想own style,江北区,北城天街/九街,5.0,单人洗吹造型套餐,14.9,991
团团转发型工作室（东和城店）,江北区,观音桥,4.6,单人施华蔻烫染套餐,338,954
YJ时尚造型（观音桥艺念造型店）,江北区,观音桥,3.5,彩带接发,0.2,949
漂亮宝贝美发（漂亮宝贝）,江北区,观音桥,5.0,【限时特惠】单人设计师洗吹+造型,15,948
出彩国际·色彩专家（红旗河沟店）,江北区,江北区,4.2,总监精剪,89,694
出彩国际·色彩专家（洋河店）,江北区,洋河花园,4.6,总监精剪,89,694
发修美发（同创国际90店）,江北区,洋河花园,4.4,单人潮流趋势烫染发2选1,298,691
发修美发（金科天湖美镇99店）,江北区,洋河花园,4.3,单人潮流趋势烫染发2选1,298,691
发修美发（东原D7，82店）,江北区,东原新新PARK购物中心,4.7,单人潮流趋势烫染发2选1,298,691
发修美发（金科十年城97店）,江北区,江北区,4.9,单人潮流趋势烫染发2选1,298,691
发修美发（东原D7，80店）,江北区,江北大石坝,4.1,单人潮流趋势烫染发2选1,298,691
MT Art & 麦田艺术（观音桥店）,江北区,北城天街/九街,4.7,单人资生堂/施华蔻套餐,368,672
CJ发型（醉美店）,江北区,北滨路/金源/星悦荟,5.0,单人总监洗剪吹套餐,59,662
多尼丝护肤造型（金岗店）,江北区,观音桥,4.3,创意总监洗剪吹,79,660
艾琪美容美发（观音桥店）,江北区,建新东路/大兴村,3.8,单人高级导师洗剪吹套餐,55,593
艾琪美容美发（观音桥建东店）,江北区,建新东路/大兴村,4.8,单人高级导师洗剪吹套餐,55,593
欧克发型工坊（江北店）,江北区,北城天街/九街,4.9,单人洗吹造型1次,28,567
TOP design私人定制美发会所,江北区,盘溪/南桥寺,5.0,单人资深设计师精剪+专业施华蔻洗护套餐,38,556
名琦造型（观音桥店）,江北区,北城天街/九街,4.2,正品施华蔻双项套餐（单人）,258,555
DG潮店美甲·美睫·韩式眉（东原新新PARK店）,江北区,江北区,5.0,单人轻度受损发质烫染顺直3选1【一对一服务】,258,552
Tony接发烫染名店,江北区,观音桥,5.0,单人无痕接发套餐（超值套餐）,988,552
AE造型（观音桥店）,江北区,观音桥,4.7,总监洗剪吹,50,543
艺恒烫染工作室,江北区,观音桥,5.0,单人洗剪吹,29.8,542
汤尼盖无痕接发烫染直营店,江北区,观音桥,5.0,单人施华蔻烫染护理套餐,368,541
蜜蜜美屋（时尚烫染）,江北区,北城天街/九街,5.0,单人总监精剪,69,509
TOP无痕接发,江北区,观音桥,4.7,单人总监洗剪吹套餐,68,499
BOB潮牌染色沙龙（观音桥店）,江北区,观音桥,5.0,单人总监设计+精剪,39.8,493
蒙娜丽莎的微笑,江北区,观音桥,5.0,单人设计师裁剪套餐,25,484
美缔定制（金科十年城店）,江北区,江北区,5.0,单人养生禅洗+创艺组剪发套餐,78.9,480
美缔定制,江北区,东原新新PARK购物中心,4.5,单人养生禅洗+创艺组剪发套餐,78.9,480
卡思5号（观音桥店）,江北区,北城天街/九街,5.0,单人《高级发型师》修剪,118,463
卡思5号（解放碑店）,江北区,北城天街/九街,5.0,单人《高级发型师》修剪,118,463
Miss艾莫莉（法式马卡龙主题沙龙）,江北区,北城天街/九街,5.0,单人时尚修剪套餐,78,447
TR烫染组合造型美发私人定制,江北区,北城天街/九街,4.7,单人洗吹套餐,18,447
米朵造型,江北区,观音桥,4.9,单人施华蔻烫/染套餐,148,446
贰伍壹肆形象艺术中心,江北区,观音桥,5.0,【开业特惠】单人精致剪裁设计,38,444
风尚造型,江北区,五里店/江北嘴,4.0,单人精致洗剪吹,25,434
As【爱丝】造型无痕接发,江北区,观音桥,5.0,单人洗吹造型,25,422
雅琪造型,江北区,北城天街/九街,5.0,单人无痕接发1束/全真发,1,417
雅琪造型（红旗河沟店）,江北区,江北区,4.9,单人无痕接发1束/全真发,1,417
ED造型私人定制,江北区,北城天街/九街,5.0,单人洗吹套餐,18,396
suflorence发型定制空间,江北区,观音桥,5.0,单人洗剪吹套餐,28,382
香港H.J潮牌发型定制,江北区,观音桥,5.0,单人总监洗剪吹,48,364
伊秀韩式造型,江北区,观音桥,5.0,代金券,0.1,268
刺陵美发纹绣工作室,江北区,观音桥,4.5,单人精致洗剪吹,28,262
西宝造型攻略潮牌屋,江北区,观音桥,5.0,单人洗吹造型套餐,15.8,254
ITS尚品汇（伊迪丝）,江北区,北城天街/九街,4.1,单人超值洗吹套餐,29,248
悠轩造型,江北区,北城天街/九街,3.9,单人超值洗吹套餐,29,248
北木日式美发沙龙,江北区,北城天街/九街,5.0,单人导师洗吹造型,35,242
指尖舞美甲（江北店）,江北区,五里店/江北嘴,4.1,单人金丝彩带接发套餐,1,234
品艺美业连锁旗舰店,江北区,大石坝北,5.0,单人洗剪吹套餐,28,234
彭东升ExclusiveSalon（九街玩家店）,江北区,北城天街/九街,5.0,单人导师组精剪1次,128,218
彭东升family美发工作室,江北区,北城天街/九街,4.0,单人导师组精剪1次,128,218
ELLE造型设计,江北区,北城天街/九街,5.0,单人首席设计师洗吹造型,19.9,214
维嘉斯美容美发连锁（总店）,江北区,五里店/江北嘴,5.0,单人洗剪吹套餐,55,211
凯诗美业形象店（凯诗美业旗舰店）,江北区,盘溪/南桥寺,4.6,单人资深设计师洗剪吹套餐,27,207
发源尚美,江北区,北滨路/金源/星悦荟,5.0,单人洗剪吹套餐,22.8,198
MG日系造型,江北区,北城天街/九街,5.0,单人洗吹+日系电棒造型,19.8,192
曲直造型,江北区,建新东路/大兴村,5.0,单人洗剪吹套餐,35,182
潮发馆私人定制,江北区,观音桥,5.0,首席设计师洗剪吹,29.8,176
雅典娜私人定制美发（观音桥店）,江北区,北城天街/九街,5.0,首席设计师洗剪吹,29.8,176
塑美造型,江北区,观音桥,5.0,单人施华蔻烫+染双项套餐,226,106
云丝美髻（北城天街购物广场店）,江北区,北城天街/九街,4.9,单人专业精剪套餐,108,105
Lisa造型,江北区,北城天街/九街,5.0,洗吹+造型套餐,38,104
豆豆造型升级店（丝悦整妆美发沙龙）,江北区,北城天街/九街,5.0,单人设计师日系精剪造型1次,68,100
星源美发&烫染潮牌（君豪大饭店店）,江北区,北滨路/金源/星悦荟,5.0,【单吹】单人单吹,9.9,98
坤尚造型,江北区,北城天街/九街,4.4,单人坤尚造型洗发,39,98
A&H;美发沙龙（AH美发沙龙）,江北区,北城天街/九街,4.8,单人烫染单项,258,98
Queen造型（重庆无痕接发）,江北区,观音桥,5.0,【限时抢购】单人洗吹造型一次,18.8,97
美丝美幻私人美发会所,江北区,北城天街/九街,4.2,单人专业定制设计裁剪,88,97
MoMo.salon（香港设计师）,江北区,北城天街/九街,5.0,【正品FEELING菲灵】健康低温烫/染单人美发套餐,328,86
波浪湾全民造型,江北区,江北区,4.0,单人洗剪吹一次,20,85
丝域养发馆（珠江太阳城店）,江北区,五里店/江北嘴,4.5,单人丝域健康洗头（含基础按摩 只吹干头发 不吹造型）,38,76
N/S.hair do烫染接发机构,江北区,观音桥,5.0,【洗吹】单人女士特惠洗吹套餐,19.8,71
匠心独运发型工作室,江北区,观音桥,4.6,单人匠心獨運美发套餐,268,70
木森发型,江北区,观音桥,4.8,单人时尚修剪＋专业头发护理一次,84,66
發型空间,江北区,洋河花园,4.4,单人洗剪吹+护理套餐,29,66
悠美护理造型,江北区,五里店/江北嘴,5.0,洗剪吹,32,63
TAILOR塔罗造型（九街店）,江北区,洋河花园,4.2,单人潮流烫染单项套餐,468,62
伍藝造型（伍艺造型）,江北区,北城天街/九街,4.9,洗剪吹,38,62
重庆88潮牌定制沙龙,江北区,东原新新PARK购物中心,4.4,单人施华蔻烫发套餐,228,61
马来风美业工作室（江北店）,江北区,观音桥,5.0,单人洗剪吹套餐,30,61
TG潮人,江北区,观音桥,5.0,单人烫染二选一,2.88,59
Godhands日系造型,江北区,观音桥,5.0,洗吹套餐,25,57
谢先森发型工作室,江北区,北城天街/九街,5.0,单人首席发型师精剪,100,55
接发专家,江北区,观音桥,4.9,接发专家水晶线无痕接发,168,54
接发专家（新上海大厦店）,江北区,观音桥,3.5,接发专家水晶线无痕接发,168,54
摩尼恩佐专业发型工作室,江北区,北城天街/九街,4.6,单人洗剪吹VIP体验套餐,78,51
PT造型,江北区,北城天街/九街,4.1,单人专业精剪设计,80,50
HAIR STORY,江北区,五里店/江北嘴,4.0,单人设计师剪发造型套餐,120,48
ML私人定制,江北区,观音桥,5.0,韩国植物烫/染/直3选1套餐,98,47
唯诺发型设计,江北区,观音桥,5.0,单人洗剪吹,78,45
艾尚卓越店（分店）,江北区,观音桥,4.0,单人精致美发套餐,128,38
皓梦造型工作室,江北区,洋河花园,4.2,单人设计师洗剪吹,30,38
美容美发工作室,江北区,盘溪/南桥寺,4.9,单人精剪套餐,28,37
A&D;潮牌烫染工作室,江北区,观音桥,5.0,欧莱雅美发烫发特价优惠,20,37
领航形象设计,江北区,花卉园,4.7,单人设计师洗剪吹,15.8,37
M.S发型私人定制,江北区,小苑/鸿恩寺,4.5,单人特惠总监洗剪吹,46.8,36
Magic Hands发型工作室,江北区,观音桥,4.5,单人JANE烫染单项美发套餐,259,35
星工坊（五江路店）,江北区,五里店/江北嘴,3.8,单人洗剪吹,25,35
松与田发型,江北区,观音桥,4.0,单人洗吹套餐,20,34
m&y;美约造型,江北区,北滨路/金源/星悦荟,4.9,施华蔻单人精剪+时尚造型套餐,40,31
微蜜潮牌店（烫染会所）（微蜜潮牌店）,江北区,观音桥,5.0,【时尚白领】玩转色彩／定制造型+首席设计师,188,31
菲菲style美甲美妆,江北区,观音桥,4.5,美甲手护单人套餐,9.9,30
名匠工作室,江北区,洋河花园,4.3,单人洗剪吹造型,32,30
那茉形象（重庆店）,江北区,观音桥,3.7,单人彩色无痕接发,1,27
九号工作室,江北区,东方家园,5.0,【首次体验券】单人九折烫染（二选一）,1,24
发线艺术沙龙,江北区,东原新新PARK购物中心,4.0,单人好轻松洗发1次,29,24
K in C韩国美发沙龙,江北区,北城天街/九街,4.2,“清凉盛夏”洗剪吹,68,23
14号公社,江北区,北城天街/九街,5.0,创意总监剪发造型,60,23
艺剪美造型工作室,江北区,观音桥,5.0,单人洗剪吹套餐,35,21
花颜彩妆半永久工作室,江北区,观音桥,5.0,单人发型制作（烫发/卷发/盘发）,20,21
手艺人,江北区,北城天街/九街,4.7,单人设计师烫染拉直三选一套餐,340,20
真纱廊,江北区,观音桥,5.0,单人-创意导师洗剪吹,28,18
东尼私人定制,江北区,北城天街/九街,4.3,导师精剪,29.9,18
丝情发艺烫染造型（二店）,江北区,观音桥,4.2,时尚发型设计裁剪,38,16
20GM造型（观音桥店）,江北区,观音桥,4.3,欧莱雅烫/染/拉直/3选1,188,15
派.发型形象设计,江北区,北城天街/九街,4.7,单人创作设计师剪发,80,13
芒果造型,江北区,东方家园,5.0,洗剪造型,20,13
兰妮形象设计,江北区,五里店/江北嘴,3.5,洗剪吹套餐,18,1
S.H.E发型私人定制（一店）,江北区,观音桥,4.7,单人植物香薰烫染2选1套餐,78,1
改型地带（北城天街店）,江北区,东原新新PARK购物中心,3.7,单人施华蔻烫/染套餐2选1,568,0
菲秀（观音桥店）,江北区,北城天街/九街,3.5,【专属】孔老师定制剪发（满意为止）,298,0
微光发艺工作室,江北区,北城天街/九街,4.4,科学秘密头发打蜡,268,0
唐风采织发补发假发中心,江北区,北城天街/九街,3.5,单人私人定制织发补发套餐,20000,0
v8潮店 烫染接发半永久,江北区,北城天街/九街,3.5,【正品威娜】单人烫染二选一套餐,398,0
瑞田美发设计中心,江北区,观音桥,3.8,瑞田烫染套餐,156,0
维哲私人美发会所,江北区,观音桥,3.5,染烫套餐,498,0
安琪韩式半永久整体造型工作室,江北区,观音桥,3.9,单人单束无痕接发套餐,1,0
首艺造型,江北区,东方家园,3.5,单人洗剪吹1次,29,0
丝享,江北区,观音桥,4.0,单人施华蔻烫发一次,352,0
风剪云造型,江北区,洋河花园,4.1,单人洗护造型套餐,48,0
尊品发艺工作室,江北区,北城天街/九街,3.5,单人美发烫染2选1套餐,168,0
源发苑美发新概念连锁店（同创店）,江北区,洋河花园,4.2,单人私人定制资生堂烫发＋护理＋首席艺术设计剪发,588,0
A级视觉设计VOGUE集合店,江北区,北滨路/金源/星悦荟,4.0,国内品牌基础烫染2选1,198,0
ag国际造型,江北区,北滨路/金源/星悦荟,3.9,单人高爵/欧莱雅美奇丝烫发套餐,138,0
千姿造型,江北区,东方家园,4.0,单人奢华品质拉直／烫／染3选1＋烫后spa,139,0
艺念造型,江北区,观音桥,3.5,单人烫染拉直3选1,380,0
禾＋发,江北区,观音桥,3.5,代金券,39,0
米娜造型（陈家桥店）,沙坪坝区,大学城,4.2,单人欧莱雅美奇丝超值烫发/染发二选一美发套餐,168,15876
卡玛发艺（沙坪坝店）,沙坪坝区,三峡广场,5.0,【靓丽精剪造型】单人女士专享精致洗剪吹,21,15110
1号连锁美发专家（大学城熙街2期店）,沙坪坝区,大学城,5.0,单人首席洗剪吹套餐,38,14348
1号连锁美发专家（沙坪坝融信店）,沙坪坝区,三峡广场,5.0,单人首席洗剪吹套餐,38,14348
1号连锁美发专家（沙坪坝店）,沙坪坝区,三峡广场,5.0,单人首席洗剪吹套餐,38,14348
1号连锁美发专家（熙街3期直营店）,沙坪坝区,大学城,5.0,单人首席洗剪吹套餐,38,14348
迪美造型（融汇新时代店）,沙坪坝区,三峡广场,4.6,单人设计师洗剪吹1次,29.8,13350
酷琪造型（重大A区【潮店】）,沙坪坝区,三峡广场,5.0,单人洗剪吹,20,12351
酷琪造型（汉渝路店）,沙坪坝区,小龙坎,5.0,单人洗剪吹,20,12351
酷琪造型（沙中路店）,沙坪坝区,三峡广场,5.0,单人洗剪吹,20,12351
INSI Hair Salon（三峡广场店）,沙坪坝区,三峡广场,5.0,单人全头无痕接发65cm(120片),1099,10785
沙宣烫染连锁（煌华店）,沙坪坝区,三峡广场,5.0,单人高级施华蔻烫染3选1套餐,290,10095
琦品美业美容美发（沙坪坝旗舰店）,沙坪坝区,三峡广场,4.9,单人精致洗吹（尊享头部舒缓解压按摩）,35,9885
热发型（热潮店）,沙坪坝区,大学城,5.0,单人精剪造型套餐,22,9091
热发型（科技学院店）,沙坪坝区,大学城,5.0,单人精剪造型套餐,22,9091
热发型（医专店）,沙坪坝区,大学城,5.0,单人精剪造型套餐,22,9091
热发型（网潮店）,沙坪坝区,大学城,5.0,单人精剪造型套餐,22,9091
热发型（熙街店）,沙坪坝区,大学城,5.0,单人精剪造型套餐,22,9091
美学·星工坊（大学城店）,沙坪坝区,大学城,4.1,单人总监欧莱雅美奇丝烫染套餐,158,7519
倷丝国际烫染连锁（三峡广场炫地店）,沙坪坝区,三峡广场,5.0,单人VIP美发套餐,128,5897
艾美丽烫染工作室,沙坪坝区,大学城,5.0,单人洗剪吹套餐（仅限女士使用）,9.9,1703
剪约直营连锁（康田漫城、美琪店）,沙坪坝区,大学城,5.0,单人精品洗剪吹1次,29,1697
巴黎造型工作室,沙坪坝区,大学城,5.0,单人剪发套餐限时特惠,15.8,1679
225烫染工作室（沙坪坝王府井店）,沙坪坝区,三峡广场,5.0,单人洗剪吹,24.8,1600
cozy美发世家（天黎路店）,沙坪坝区,天星桥,3.9,单人高级洗剪吹,39.9,1554
时尚王·复古欧范烫染（潮人基地）,沙坪坝区,三峡广场,5.0,【特惠】欧莱雅烫/染/拉3选1美发,198,1532
LC美发沙龙（三峡广场店）,沙坪坝区,三峡广场,5.0,单人洗剪吹,24.8,1482
私人定制（假日造型店）,沙坪坝区,大学城,5.0,单人洗剪吹,17.8,1451
美工坊（王府井店）,沙坪坝区,小龙坎,4.9,总监洗剪吹1次,29,1446
美工坊（沙坪坝店）,沙坪坝区,三峡广场,5.0,总监洗剪吹1次,29,1446
爱随意1店,沙坪坝区,大学城,5.0,单人导师精剪1次,19.9,1433
安琪造型沙龙,沙坪坝区,三峡广场,5.0,单人洗剪吹,28.8,1408
一号造型,沙坪坝区,天星桥,5.0,单人洗剪造型套餐,29.9,1345
壹号造型（熙街店）,沙坪坝区,大学城,5.0,单人洗剪造型套餐,29.9,1345
baby秀烫染工作室,沙坪坝区,大学城,5.0,单人总监洗剪吹（仅限女士使用）,9.9,1336
The Six 한국어（韩系沙龙）,沙坪坝区,三峡广场,5.0,单人首席洗剪吹,48,1320
发源地烫染工作室,沙坪坝区,大学城,5.0,单人剪发套餐,15.8,1210
萌哒哒烫染工作室,沙坪坝区,三峡广场,5.0,萌哒哒洗剪吹,29.8,1194
美好时光烫染工作室（小龙坎正街店）,沙坪坝区,小龙坎,3.5,单人资生堂烫染套餐,298,1191
美好时光（ 烈士墓潮店）,沙坪坝区,烈士墓,5.0,单人资生堂烫染套餐,298,1191
北纬30度造型,沙坪坝区,三峡广场,5.0,单人洗剪吹套餐,28.8,1190
崇美造型（三峡广场店）,沙坪坝区,三峡广场,4.1,单人洗剪吹造型套餐,38,1186
美地亚主题发型会所（沙坪坝店）,沙坪坝区,三峡广场,4.0,单人洗剪吹造型套餐,29.8,1083
coco造型接发烫染专家（沙坪坝店）,沙坪坝区,三峡广场,4.3,COCO升级版无痕接发,700,1031
一方造型（重大A区店）,沙坪坝区,重庆大学,4.7,单人首席洗剪吹套餐,23.9,1003
YJ时尚造型（沙坪坝三峡广场店）,沙坪坝区,三峡广场,4.3,彩带接发,0.2,949
MS&CHIC;造型沙坪坝总店（王府井潮店）,沙坪坝区,三峡广场,5.0,单人欧莱雅水润烫染护二选一套餐,288,920
康美发工作室,沙坪坝区,三峡广场,5.0,单人专业裁剪设计+造型,18.8,878
写森造型,沙坪坝区,大学城,4.2,专业洗剪吹1次（单人）,23.8,870
绯秘造型,沙坪坝区,大学城,5.0,单人欧莱雅单烫/染/直/送护理,9.9,863
Forever 21潮人馆（旗舰店）,沙坪坝区,三峡广场,5.0,（施华蔻）烫+染+拉（3选1）,198,845
回头率烫染连锁（大学城店）,沙坪坝区,大学城,5.0,单人欧莱雅烫染双项,298,828
她他国际连锁烫染工作室（三峡广场分店）,沙坪坝区,三峡广场,4.3,单人洗剪吹,29,788
潮艺烫染专家（创格店）,沙坪坝区,大学城,4.1,单人设计精剪,29.9,744
得艺造型,沙坪坝区,三峡广场,5.0,单人洗剪吹套餐,16.8,736
伊藤造型,沙坪坝区,三峡广场,5.0,欧莱雅烫染（单人）,118,720
LIV Salon（主题式美发沙龙）,沙坪坝区,三峡广场,5.0,单人洗剪吹造型,38,699
丝艺造型工作室,沙坪坝区,大学城,5.0,设计剪发单人套餐,19.8,696
so发型公社（三峡广场店）,沙坪坝区,三峡广场,4.3,单人施华蔻烫染系列,268,689
卡诗私人定制烫染连锁（沙坪坝店）,沙坪坝区,三峡广场,5.0,单人资深发型师洗剪吹/护理2选1套餐,29.8,686
卡诗私人定制烫染连锁（双碑店）,沙坪坝区,沙坪坝区,3.2,单人资深发型师洗剪吹/护理2选1套餐,29.8,686
左颜私人工作室,沙坪坝区,大学城,5.0,单人设计师精剪套餐,14.9,677
MT Art & 麦田艺术（沙坪坝店）,沙坪坝区,三峡广场,4.7,单人资生堂/施华蔻套餐,368,672
心忆美发（炫地店）,沙坪坝区,三峡广场,5.0,单人洗剪吹套餐,18.8,666
仟姿造型（大学城熙街店）,沙坪坝区,大学城,5.0,单人洗剪吹套餐,19.9,660
muses潮牌沙龙,沙坪坝区,大学城,5.0,【几何修剪技术】高级设计师精剪,20,641
艾莎烫染工作室,沙坪坝区,三峡广场,5.0,单人店长洗剪吹,19.9,629
Y·S造型（烫染专家）,沙坪坝区,三峡广场,5.0,单人洗剪吹套餐,26.8,629
纤艺烫染工作室,沙坪坝区,三峡广场,4.7,单人生态膜无痕接发,400,624
你好漂亮（潮发店）,沙坪坝区,烈士墓,5.0,单人VOILET烫染2选一套餐,188,589
壹格造型,沙坪坝区,三峡广场,4.2,单人施华蔻烫发/染发/打蜡/无痕接发套餐,258,589
飘.形象公社（新时代店）,沙坪坝区,三峡广场,5.0,单人精致修剪造型美发套餐,68,573
米娅美发（沙坪坝店）,沙坪坝区,三峡广场,5.0,【品质】蓝钻烫染套餐2选1,288,570
欧克发型工坊（三峡广场店）,沙坪坝区,三峡广场,5.0,单人洗吹造型1次,28,567
轩意（熙街店）,沙坪坝区,大学城,5.0,时尚造型,30,546
审美造型,沙坪坝区,大学城,5.0,单人洗剪吹套餐,15.8,541
专为成功人士定制,沙坪坝区,大学城,5.0,单人时尚剪发,22.8,536
DC.1186私人订制烫染名店,沙坪坝区,大学城,5.0,单人精剪造型套餐,21.8,533
7cm造型,沙坪坝区,大学城,5.0,单人精剪,1,529
美丽造型（西南医院店）,沙坪坝区,天星桥,4.4,单人资生堂·烫/染套餐2选1加护理,488,516
美联社&美丽造型（三峡广场王府井店）,沙坪坝区,三峡广场,5.0,单人资生堂·烫/染套餐2选1加护理,488,516
Art song艺首造型（无痕接发）,沙坪坝区,三峡广场,5.0,单人洗剪吹,28.8,486
美格韩发造型,沙坪坝区,天星桥,5.0,单人洗剪吹一次,20,477
贝拉微型无痕接发潮色（三峡广场店）,沙坪坝区,三峡广场,5.0,全头微型无痕接发(55cm)一捆全真发,320,452
贝拉微型无痕接发潮色（沙坪坝店）,沙坪坝区,三峡广场,5.0,全头微型无痕接发(55cm)一捆全真发,320,452
D.O造型,沙坪坝区,三峡广场,5.0,单人洗吹造型,16.8,451
纤艺造型中心,沙坪坝区,磁器口,5.0,单人洗剪吹,21,450
TR烫染组合造型美发私人定制（沙坪坝店）,沙坪坝区,三峡广场,5.0,单人洗吹套餐,18,447
vivi 时光 发艺沙龙（沙坪坝店）,沙坪坝区,小龙坎,5.0,单人设计师洗剪吹1次互联网推荐,38,435
F S  HAIR SALON（三峡广场店）,沙坪坝区,三峡广场,5.0,单人修剪造型1次,38,434
HOT造型,沙坪坝区,三峡广场,5.0,单人定制洗剪吹,39.8,428
聚美专注品质发艺（沙坪坝店）,沙坪坝区,三峡广场,4.6,单人洗剪吹套餐,21,416
WILL造型（龙湖·U城天街店）,沙坪坝区,大学城,5.0,洗剪吹精致剪裁体验套餐,23,409
黑尔美发造型,沙坪坝区,磁器口,5.0,黑尔美发洗剪设计造型,16,392
来自星星的发型屋,沙坪坝区,三峡广场,5.0,星星屋欧莱雅烫染2选1,268,381
太阳风美发（华宇店）,沙坪坝区,三峡广场,5.0,单人导师洗剪吹,38,380
AAA造型工作室,沙坪坝区,三峡广场,5.0,单人洗吹造型,13.8,363
TS雅望形象,沙坪坝区,三峡广场,5.0,单人设计师精剪套餐,48,361
Alone美发沙龙,沙坪坝区,大学城,5.0,单人洗剪吹,22,355
意念烫染造型（龙湖·U城天街店）,沙坪坝区,大学城,4.7,单人洗剪吹,27.8,326
魔幻剪发咖,沙坪坝区,三峡广场,4.9,单人高级设计师剪裁造型,45,321
你好漂亮（重大店）,沙坪坝区,重庆大学,5.0,靓丽精剪造型单人套餐,28,319
沙宣（重庆大学城熙街店）,沙坪坝区,大学城,5.0,单人发型总监精致裁剪造型,25,317
n次元专业美发,沙坪坝区,三峡广场,5.0,洗剪吹／洗吹抵扣券,0.5,292
素艺日式造型（沙坪坝店）,沙坪坝区,沙坪坝区,4.9,单人素艺。优资堂烫染系列（二选一）,168,287
剪约烫染基地,沙坪坝区,三峡广场,3.5,单人优资堂烫染套餐,279,276
飘逸发秀烫染工作室,沙坪坝区,三峡广场,5.0,单人优资堂烫染套餐,279,276
MVP造型,沙坪坝区,大学城,5.0,单人洗剪吹套餐,9.9,274
红人潮牌造型（龙湖尖顶坡店）,沙坪坝区,大学城,5.0,单人洗剪吹开业钜惠套餐,22,244
直觉美发（原托尼盖沙坪坝店）,沙坪坝区,三峡广场,5.0,单人时尚剪发,78,227
飘.形象公社（炫地店）,沙坪坝区,三峡广场,4.5,单人精致修剪造型超值套餐,48,204
上帝之手造型,沙坪坝区,大学城,5.0,洗吹造型+一次性小纹身,8.8,198
米迦造型（融汇店）,沙坪坝区,烈士墓,4.7,单人洗吹套餐,29,196
艺剪发型设计,沙坪坝区,大学城,3.8,单人洗剪吹,25,191
点缀国际连锁烫染工作室,沙坪坝区,三峡广场,5.0,单人烫染套餐,88,190
Bill私人形象会所,沙坪坝区,三峡广场,4.5,单人专业定制烫/染套餐C,188,182
BID日韩风专业烫染定制（沙坪坝店）,沙坪坝区,重庆大学,4.7,单人专业定制烫/染套餐C,188,182
I T studio,沙坪坝区,大学城,5.0,单人爆款洗剪吹套餐,21,179
U美时尚造型（三峡广场2店）,沙坪坝区,三峡广场,4.8,单人洗剪吹,38,178
U尚造型（三峡广场1店）,沙坪坝区,三峡广场,4.4,单人洗剪吹,38,178
匠心美发工作室,沙坪坝区,三峡广场,5.0,单人精致裁剪,38,176
阿鏡造型,沙坪坝区,三峡广场,5.0,单人总监洗剪吹一份,16.8,166
shita美发沙龙,沙坪坝区,大学城,5.0,【开业特惠】单人专业洗剪吹,29.9,164
惟立私人订制美发美甲工作室,沙坪坝区,三峡广场,5.0,单人洗剪吹,24.9,157
LMY美发形象工作室,沙坪坝区,三峡广场,5.0,欧莱雅单人定制套餐,128,153
TOP造型,沙坪坝区,大学城,5.0,【超值】单人洗剪吹套餐,9.9,143
创酷发型定制,沙坪坝区,大学城,4.0,单人护发面膜+VIP草本烫/染/顺(五选二）套餐,98,142
JINX美发沙龙,沙坪坝区,三峡广场,5.0,单人总监洗吹造型,16,141
MOMO造型沙龙,沙坪坝区,三峡广场,5.0,【超值优惠烫/染/顺】三选一单人套餐,188,138
重庆时尚芭莎沙坪坝店,沙坪坝区,三峡广场,4.0,单人总监精剪2选一,19.8,136
轩意（西康公寓店）,沙坪坝区,大学城,4.7,单人洗剪吹,16,130
Free player 匠心,沙坪坝区,三峡广场,4.9,单人单次时尚裁剪设计体验,38,127
13号公社SaLon,沙坪坝区,三峡广场,5.0,单人精剪造型,38,121
AG 烫染专家（三峡广场创意店）,沙坪坝区,三峡广场,5.0,单人导师精致裁剪一次,25.8,117
225烫染工作室（沙坪坝店）,沙坪坝区,三峡广场,5.0,单人欧莱雅烫/染2选1,128,110
尖端发艺（沙坪坝店）,沙坪坝区,三峡广场,4.1,单人设计师洗剪吹,68,105
YOLO潮发·设计,沙坪坝区,大学城,5.0,▼   洗剪·造型,22.8,100
审美造型（重大B区店）,沙坪坝区,三峡广场,5.0,审美艺术总监洗剪吹套餐,20,100
小苏形象设计工作室,沙坪坝区,三峡广场,5.0,单人洗剪吹5选4,26.8,96
卓艺造型,沙坪坝区,大学城,5.0,单人精致裁剪,16.9,91
快手国际专业接发潮牌（沙坪坝店）,沙坪坝区,三峡广场,4.6,单人施华寇烫染拉直3选一套餐,178,84
名朗丽冠（华宇店）,沙坪坝区,三峡广场,3.7,单人总监组洗剪吹套餐,78,82
顶尚堂养发馆（沙坪坝店）,沙坪坝区,小龙坎,4.2,单人顶尚头部熏蒸,68,78
藤野时尚（熙街店）,沙坪坝区,大学城,4.7,单人首席设计师洗剪吹,28,74
理发公社,沙坪坝区,小龙坎,4.1,单人剪发+造型,11.1,73
壹个理发师,沙坪坝区,大学城,5.0,单人洗剪吹+造型+护理套餐,28.8,68
JFree姬芙瑞私人发型定制,沙坪坝区,三峡广场,4.7,单人专业烫/染二选一,388,57
原创造型,沙坪坝区,重庆大学,4.4,单人茵多澜烫染套餐,168,57
私人定制,沙坪坝区,三峡广场,4.4,单人洗剪吹套餐,39,55
宝罗造型（沙坪坝店）,沙坪坝区,三峡广场,4.0,欧莱雅烫染双项套餐,288,49
艾造型,沙坪坝区,三峡广场,5.0,单人店长洗剪吹套餐,98,48
MOMO无痕接发潮色（三峡广场店）,沙坪坝区,三峡广场,4.9,隐型无痕接发（50cm）全真发,10,45
MOMA摩玛（日系发型设计师店）,沙坪坝区,小龙坎,4.7,明星专用造型师单人精剪,120,45
托尼盖国际美发沙龙（熙街店）,沙坪坝区,大学城,3.9,单人欧莱雅烫／染2选1套餐,188,43
尊妮美业,沙坪坝区,大学城,4.1,单人烫染2选1,198,39
鬓鬟美业连锁沙龙（高端•品质•私人管家）,沙坪坝区,大学城,5.0,单人设计师烫/染二选一套餐,168,37
丝域养发馆（金沙港湾店）,沙坪坝区,小龙坎,4.5,单人丝域养发,48,33
丝美造型形象设计工作室【沙坪坝】（丝美造型）,沙坪坝区,三峡广场,4.6,单人技术店长洗剪吹,38,29
与你有约,沙坪坝区,三峡广场,3.5,单人概念挑染,98,29
MG造型（尖顶坡）,沙坪坝区,大学城,4.7,单人洗剪吹,28.8,29
love's hair,沙坪坝区,三峡广场,5.0,单人概念挑染,98,29
love's hair（2店）,沙坪坝区,三峡广场,4.1,单人概念挑染,98,29
发丝.记忆（煌华店）,沙坪坝区,三峡广场,4.7,高人气品牌施华蔻烫染套餐,128,23
发丝.记忆（碧水云天店）,沙坪坝区,大学城,3.8,高人气品牌施华蔻烫染套餐,128,23
发丝.记忆,沙坪坝区,大学城,3.5,高人气品牌施华蔻烫染套餐,128,23
尚城国际美发沙龙,沙坪坝区,大学城,4.9,单人超值烫染套餐,198,20
时尚指南护肤造型中心（都市花园店）,沙坪坝区,三峡广场,5.0,泰皇式健康洗剪吹设计发型,26.8,20
首美造型,沙坪坝区,三峡广场,4.2,单人总监剪发套餐,25.8,20
可遇发型工作室,沙坪坝区,大学城,4.6,单人店长洗剪吹套餐,26,19
你好漂亮（总店）,沙坪坝区,重庆大学,5.0,单人你好漂亮欧莱雅品质套餐,268,18
艾美丽Amily salon,沙坪坝区,大学城,4.7,单人洗吹套餐,9.9,15
众达美业（汉渝路店）,沙坪坝区,小龙坎,4.4,单人洗剪吹,29.8,4
米洛造型,沙坪坝区,大学城,4.0,创造师组洗剪吹,49,3
TY hair salon田野发艺,沙坪坝区,三峡广场,4.1,单人施华蔻烫染双项+护理精油套餐,329,3
金色永其美发（富力城倾城店）,沙坪坝区,大学城,3.0,单人3D染发+3“0”烫发套餐,258,2
金色永其美发（龙湖睿城店）,沙坪坝区,大学城,3.5,单人3D染发+3“0”烫发套餐,258,2
爱尚728美发沙龙,沙坪坝区,大学城,4.9,单人欧莱雅烫染套餐,158,2
轩意（锦华里店）,沙坪坝区,烈士墓,4.0,单人轩意欧莱雅护理,88,0
其其美发沙龙,沙坪坝区,三峡广场,3.5,欧莱雅染烫双项及护理套餐,118,0
cucu专业接发,沙坪坝区,三峡广场,4.0,单人辫接55cm6捆,680,0
佛伦斯私人订制烫染国际连锁（回兴店）,渝北区,回兴,5.0,美芝品系列单人美发套餐,168,143258
佛伦斯私人定制烫染国际连锁（江北黄泥塝店）,渝北区,黄泥塝,5.0,美芝品系列单人美发套餐,168,143258
佛伦斯私人订制烫染国际连锁（重百商场店）,渝北区,两路,5.0,美芝品系列单人美发套餐,168,143258
佛伦斯私人订制烫染国际连锁（仁安·龙城国际店）,渝北区,龙头寺,5.0,美芝品系列单人美发套餐,168,143258
佛伦斯私人订制烫染国际连锁（-水木天地店）,渝北区,一碗水,5.0,美芝品系列单人美发套餐,168,143258
佛伦斯私人订制烫染国际连锁（新科国际店）,渝北区,汽博中心,5.0,美芝品系列单人美发套餐,168,143258
瑞豪专业烫染连锁（金易都会店）,渝北区,两路,5.0,【资深设计师】提案+精致裁剪+造型,28.8,107245
欧莱雅私人定制美发连锁（重庆冉家坝店）,渝北区,紫都城/沃尔玛,5.0,单人洗剪吹/护理套餐2选1,39,101055
紫尚造型（重庆冉家坝店）,渝北区,冉家坝,5.0,【人气】单人烫染直三选一美发套餐,159,59506
紫尚造型（重庆金港国际店）,渝北区,两路,5.0,【人气】单人烫染直三选一美发套餐,159,59506
米娜造型（黄泥磅店）,渝北区,黄泥塝,4.9,单人欧莱雅高端五选一套餐,198,27359
摩登时尚hair salon（汽博店）,渝北区,汽博中心,5.0,【品质优选】设计师定制裁剪,29.8,23686
摩登时尚hair salon（两路金港国际店）,渝北区,两路,5.0,【品质优选】设计师定制裁剪,29.8,23686
绚诺soho（两路店）,渝北区,两路,4.6,单人资深造型师洗剪吹套餐,29.8,20647
88潮牌美发连锁（金易都会店）,渝北区,两路,5.0,单人洗剪吹,38.8,20228
1号连锁美发专家（两路金易都会店）,渝北区,两路,5.0,单人首席洗剪吹套餐,38,14348
1号连锁美发专家（汽博中心店）,渝北区,汽博中心,5.0,单人首席洗剪吹套餐,38,14348
丝域养发馆（镜泊西路店）,渝北区,人和,4.0,玫瑰香薰spa+水润头皮护理,88,10636
丝域养发馆（重庆财富购物中心店）,渝北区,渝北区,4.9,玫瑰香薰spa+水润头皮护理,88,10636
丝域养发馆（红黄路店）,渝北区,黄泥塝,4.0,玫瑰香薰spa+水润头皮护理,88,10636
美工坊（旗舰店）,渝北区,渝北区,5.0,总监洗剪吹1次,29,1446
臻 style salon,渝北区,黄泥塝,5.0,【总监定制】单人总监＋提案＋洗＋剪＋吹＋日系烫／染套餐,369,1211
美好时光烫染工作室（紫都星座店）,渝北区,紫都城/沃尔玛,5.0,单人资生堂烫染套餐,298,1191
美好时光烫染工作室（西政旗舰店）,渝北区,回兴,5.0,单人资生堂烫染套餐,298,1191
MS&CHIC;造型（鸳鸯烫染时尚店）,渝北区,鸳鸯,5.0,单人欧莱雅水润烫染护二选一套餐,288,920
9度色潮色订制,渝北区,西政,5.0,单人总监裁剪+水密码洗护次,26.8,906
卡地亚美发美甲,渝北区,西政,5.0,单人私人洗剪吹套餐,22,893
資生の社（星汇两江N37店）,渝北区,星汇两江购物中心,4.9,单人日系修剪、造型,58,828
潮艺烫染专家（发拉丽店）,渝北区,渝北区,5.0,单人设计精剪,29.9,744
米诺造型,渝北区,黄泥塝,5.0,单人总监洗剪吹 仅限女性,29.8,726
发修美发（龙湖紫都城75店）,渝北区,紫都城/沃尔玛,4.6,单人潮流趋势烫染发2选1,298,691
发修美发（东和春天88店）,渝北区,渝北区,4.6,单人潮流趋势烫染发2选1,298,691
发修美发（龙湖水晶郦城92店）,渝北区,龙湖/水晶郦城,4.6,单人潮流趋势烫染发2选1,298,691
发修美发（鲁能星城86店）,渝北区,鲁能星城,4.9,单人潮流趋势烫染发2选1,298,691
发修美发（锦上华庭83店）,渝北区,新牌坊北,4.2,单人潮流趋势烫染发2选1,298,691
发修美发（金科天湖美镇71店）,渝北区,人和,5.0,单人潮流趋势烫染发2选1,298,691
发修美发（保利香槟花园91店）,渝北区,龙头寺,4.3,单人潮流趋势烫染发2选1,298,691
发修美发（鲁能星城93店）,渝北区,鲁能星城,4.1,单人潮流趋势烫染发2选1,298,691
发修美发（鸳鸯67店）,渝北区,汽博中心,4.7,单人潮流趋势烫染发2选1,298,691
美缔定制（奥园2店）,渝北区,汽博中心,4.9,单人养生禅洗+创艺组剪发套餐,78.9,480
莱尚国际私人定制（两路总店（直营品牌））,渝北区,两路,4.9,单人资深设计师洗剪吹,38,462
唯艺美发Experts,渝北区,冉家坝,4.9,单人高级发型导师专业剪发套餐1次,40.9,453
Miss 艾莫莉（英伦复古主题沙龙）,渝北区,鲁能星城,5.0,单人时尚修剪套餐,78,447
名典艺术沙龙,渝北区,鸳鸯,4.1,单人精致洗剪吹,35,444
艾美整体形象设计,渝北区,两路,5.0,单人名师洗剪吹,38,438
vivi 时光 发艺沙龙（黄泥磅店）,渝北区,黄泥塝,5.0,单人设计师洗剪吹1次互联网推荐,38,435
品艺整体形象设计室,渝北区,两路,5.0,单人导师洗剪吹,39,356
丝格造型（东和春天店）,渝北区,东和春天,5.0,单人修剪造型1次,68,348
丝格造型（劲力五星店）,渝北区,龙湖/水晶郦城,5.0,单人修剪造型1次,68,348
缪斯,渝北区,加州花园,4.7,单人缪斯洗剪吹,36.8,341
意廊造型,渝北区,汽博中心,5.0,单人高级设计师精剪,78,334
发界线（西政店）,渝北区,西政,4.3,单人精致洗剪吹,22.8,321
纤翼美容美发养身（渝北店）,渝北区,渝北区,5.0,单人精致洗吹,24,316
格莱美潮牌烫染接发连锁（黄泥磅店）,渝北区,黄泥塝,5.0,伊诺思健康烫染美发套餐,218,315
林晨私人订制染烫（两路店）,渝北区,渝北区,5.0,单人首席洗剪吹套餐,45,300
品艺形象设计（龙头寺店）,渝北区,龙头寺,4.0,品艺形象设计洗剪吹,28,297
薇格丝艺发型会所,渝北区,汽博中心,5.0,单人总监级剪发套餐,42,292
素艺日系造型（大坪店）,渝北区,黄泥塝,3.0,单人素艺。优资堂烫染系列（二选一）,168,287
丝域养发馆（紫都城店）,渝北区,紫都城/沃尔玛,4.3,丝域头部香薰spa,69,275
丝域养发馆（东和春天店）,渝北区,渝北区,4.0,丝域头部香薰spa,69,275
丝域养发馆（万科缇香郡店）,渝北区,人和,4.0,丝域头部香薰spa,69,275
丝域养发馆（重庆水晶郦城店）,渝北区,龙湖/水晶郦城,4.0,丝域头部香薰spa,69,275
KD·汤造型,渝北区,龙溪镇,4.7,总监洗剪吹,35,257
隐客美发人,渝北区,黄泥塝,5.0,单人设计师洗剪吹套餐,19.9,253
JT潮牌美发沙龙,渝北区,两路,5.0,单人咖啡洗吹＋造型,19.8,246
达客发艺（DKSalon专业烫染设计机构）,渝北区,加州花园,5.0,【精致女人】纳米补水护理+精致修剪,68,238
尚园造型,渝北区,回兴,4.6,单人洗剪吹套餐,25,234
爱尚造型,渝北区,渝北区,3.9,单人洗剪吹,17,233
DAS美业,渝北区,空港新城,5.0,单人洗+剪+吹,21.8,232
贝蒙烫染会所,渝北区,空港新城,4.7,单人精致剪发,28,225
MD（唯美发艺店）,渝北区,紫都城/沃尔玛,5.0,单人资深设计师洗剪吹套餐,29.8,218
维嘉斯美容美发美甲（招商花园店）,渝北区,龙头寺,5.0,单人洗剪吹套餐,55,211
聚互护肤造型中心（龙湖西苑店）,渝北区,龙湖/水晶郦城,4.3,单人洗吹套餐,28,202
春意美发（美联店）,渝北区,两路,4.6,单人指定产品烫染二选一+水疗套餐,188,160
A&J;精致烫染连锁（水木天地店）,渝北区,一碗水,5.0,单人洗剪吹,39,158
米兰坊发型工作室（新科国际店）,渝北区,汽博中心,4.0,单人总监洗剪吹,38,157
星工坊烫染名店,渝北区,渝北区,5.0,单人导师洗剪吹,29.8,147
蜕变天成,渝北区,黄泥塝,4.9,单人设计师洗剪吹套餐,78,138
重庆芮西个人形象设计,渝北区,龙溪镇,4.7,单人自我化妆速成课,58,136
名彩国际（四号桥店）,渝北区,两路,5.0,单人洗剪吹,29,133
Me Two发型定制工作室（龙头寺店）,渝北区,龙头寺,5.0,单人洗剪吹套餐,38,137
琦品高端抗衰SPA私佳美场（中渝店）,渝北区,中渝广场,5.0,【首次体验秒杀】洗吹扮美造型美发套餐,19.8,128
时尚达人发型创作名店,渝北区,回兴,5.0,单人特惠洗剪吹,23.9,127
完美组合烫染连锁店,渝北区,龙头寺,5.0,单人洗吹套餐,18.9,116
美德形象2号公馆,渝北区,两路,4.9,单人高级形象设计师裁剪,48,113
逸彩轩美发连锁（大竹林店）,渝北区,大竹林,3.8,男士单人剪发,26,112
宝格丽护肤造型中心（天骄俊园店）,渝北区,黄泥塝,5.0,设计组洗吹＋造型,19.9,110
超琦麗美发会所,渝北区,黄泥塝,4.5,单人洗剪吹,36,109
云丝美髻,渝北区,龙湖/水晶郦城,4.1,单人专业精剪套餐,108,105
雅树发型,渝北区,金港国际,4.3,单人洗吹剪,29.8,103
魔幻剪（回兴店）,渝北区,空港广场,3.0,魔幻剪洗剪吹美发套餐,36,102
魔幻剪美容美发（魔幻剪回兴店）,渝北区,回兴,3.7,魔幻剪洗剪吹美发套餐,36,102
卡麦伦造型,渝北区,汽博中心,4.5,单人卡麦伦造型烫染2选1,198,97
左颜造型,渝北区,长安锦绣城,4.3,单人总监修剪,29.8,90
小谢名店美发（胜利路店）,渝北区,两路,3.7,单人按摩养生床洗吹,19.9,77
潮百汇,渝北区,中渝广场,5.0,单人洗剪吹,68,66
夕口发型公社,渝北区,汽博中心,4.5,单人特惠洗吹造型,18.8,61
德秀,渝北区,中渝广场,3.3,单人资深设计师烫染单项套餐,268,9
MINI专业美发,渝北区,渝北区,3.0,单人首席VIP洗剪吹,29.8,7
贺彩养发会馆（黄泥磅店）,渝北区,黄泥塝,4.5,单人2次养发活动套餐,88,6
DG（Art  time店）,渝北区,黄泥塝,5.0,【开业特惠】单人总监洗剪吹套餐,66,6
剪约摩艺,渝北区,渝北区,4.1,单人精致烫发套餐,188,5
作发美业,渝北区,黄泥塝,4.6,单人洗剪吹造型艺术总监组,46,5
众达美业（龙头寺鲁能星城店）,渝北区,渝北区,3.0,单人洗剪吹,29.8,4
众达美业（新城丽都店）,渝北区,冉家坝,4.1,单人洗剪吹,29.8,4
众达美业（龙寿支路店）,渝北区,人和,4.0,单人洗剪吹,29.8,4
美德形象1号公馆,渝北区,一碗水,4.2,单人原塑自然烫发,188,4
至柔（爱加西西里店）,渝北区,汽博中心,4.5,单人养生禅洗套餐,39.9,4
益友形象设计,渝北区,回兴,4.1,益友形象设计欧莱雅烫+染套餐,198,4
众达美业（民心佳园）,渝北区,渝北区,3.5,单人洗剪吹,29.8,4
东尼艾美,渝北区,鸳鸯,4.5,美奇丝烫 染 拉（4选1）,268,3
创艺名剪,渝北区,龙头寺,3.5,单人洗吹造型,18,3
缔诗护肤造型（龙湖西苑店）,渝北区,龙湖/水晶郦城,3.8,单人聚互护肤造型烫染套餐,198,0
英伦天地造型沙龙,渝北区,新牌坊北,4.7,单人欧莱雅烫,398,0
熙漾造型,渝北区,龙湖/水晶郦城,3.5,单人精致剪发套餐,40,0
sky造型,渝北区,两路,3.5,单人sky造型,88,0
源发苑（国宾店）,渝北区,中渝广场,4.4,单人私人定制资生堂烫发＋护理＋首席艺术设计剪发,588,0
轩意（金易都会店）,渝北区,两路,4.0,单人黄金组合烫,580,0
新境界发艺,渝北区,一碗水,3.0,单人染发套餐,88,0
佑米造型（新天泽广场店）,大渡口区,新天泽国际广场,5.0,丽人狂欢节-欧莱雅烫/染二选一,228,310662
佛伦斯私人定制烫染国际连锁（新天泽广场店）,大渡口区,新天泽国际广场,5.0,美芝品系列单人美发套餐,168,143258
紫尚造型（重庆新天泽广场店）,大渡口区,新天泽国际广场,5.0,【人气】单人烫染直三选一美发套餐,159,59507
米娜造型（新天泽广场店）,大渡口区,新天泽国际广场,5.0,单人美发套餐5选1,128,35162
美天淘日系沙龙（大渡口建设村店）,大渡口区,大渡口区,5.0,欧莱雅烫发染发直发护理单人套餐,159,24325
摩登时尚hair salon（大渡口步行街店）,大渡口区,新天泽国际广场,5.0,【品质优选】设计师定制裁剪,29.8,23686
88潮牌美发连锁（松青路店）,大渡口区,新天泽国际广场,5.0,单人洗剪吹,38.8,20228
1号连锁美发专家（新天泽广场店）,大渡口区,新天泽国际广场,5.0,单人首席洗剪吹套餐,38,14348
熙禾造型（新天泽店）,大渡口区,新天泽国际广场,4.7,单人洗剪吹,28.8,5128
艾美造型,大渡口区,九宫庙,5.0,洗剪吹,22,2176
艾美造型（潮派店）,大渡口区,春光购物广场,5.0,洗剪吹,22,2176
AC潮牌沙龙（大渡口店）,大渡口区,新天泽国际广场,5.0,【特惠】欧莱雅烫/染/拉3选1美发,198,1532
歆晴懿美烫染连锁,大渡口区,新天泽国际广场,4.1,单人高级设计师洗剪吹,25.8,1254
回头率烫染连锁（新天泽广场店）,大渡口区,新天泽国际广场,4.9,单人欧莱雅烫染双项,298,828
她他国际连锁烫染工作室（大渡口店）,大渡口区,新天泽国际广场,5.0,单人洗剪吹,29,788
嘉华美业,大渡口区,香港城,5.0,单人洗剪吹,22.5,761
艺剪,大渡口区,九宫庙,4.9,单人艺剪美发（男士）,19.8,705
匠人1+1造型（半岛逸景店）,大渡口区,大渡口区,4.5,精油护理 非烫染套餐 限短发,1.1,633
米娅美发（新天泽店）,大渡口区,新天泽国际广场,5.0,【品质】蓝钻烫染套餐2选1,288,570
LMJ形象设计工作室,大渡口区,新天泽国际广场,5.0,单人烫or染,268,524
艾美丽美业（新世纪店）,大渡口区,九宫庙,4.4,单人洗剪吹,26,376
邓氏发艺形象设计中心（佳人店）,大渡口区,九宫庙,3.8,单人专业烫染套餐2选1,168,300
邓氏发型（壹街店）,大渡口区,壹街,4.2,单人专业烫染套餐2选1,168,300
丝艺坊发型设计工作室,大渡口区,新天泽国际广场,5.0,单人资深设计师洗剪吹套餐,38,240
星吧美业私人定制（大渡口店）,大渡口区,新天泽国际广场,5.0,洗吹套餐特价促销,14.9,222
顶尚堂养发馆（大渡口店）,大渡口区,大渡口区府,4.1,单人顶尚头部熏蒸,68,78
魅力发艺,大渡口区,九宫庙,4.4,单人烫染2选1套餐,96,74
名门·秀宴私人形象定制主题沙龙（大渡口步行街店）,大渡口区,九宫庙,5.0,单人洗剪吹,29.8,72
美佳工作室,大渡口区,九宫庙,4.5,单人高级洗剪吹,25,61
莎沙SPA美容会所,大渡口区,香港城,3.7,单人泰式洗头明星设计师剪发,25,21
东意烫染造型,大渡口区,九宫庙,3.8,蛋白无氨陶瓷烫（送染发）,258,1
佑米造型潮牌沙龙（石桥铺店）,九龙坡区,石桥铺,5.0,丽人狂欢节-欧莱雅烫/染二选一,228,310662
佑米造型杨家坪店（杨家坪形象店）,九龙坡区,杨家坪,5.0,丽人狂欢节-欧莱雅烫/染二选一,228,310662
佛伦斯私人定制烫染国际连锁（石桥铺店）,九龙坡区,石桥铺,5.0,美芝品系列单人美发套餐,168,143258
佛伦斯私人订制烫染国际连锁（杨家坪西城天街店）,九龙坡区,杨家坪,5.0,美芝品系列单人美发套餐,168,143258
美联社&美丽频道造型（杨家坪西城天街店）,九龙坡区,杨家坪,5.0,菲灵剪护造型送烫发染发二选一,178,97788
紫尚造型（重庆杨家坪店）,九龙坡区,杨家坪,5.0,【人气】单人烫染直三选一美发套餐,159,59507
芸熙美人（盘龙新城金茂悦店）,九龙坡区,巴国城,5.0,欧莱雅烫染拉5选1+高级护理+洗剪单人套餐,229,48633
芸熙美人（西城天街店）,九龙坡区,杨家坪,5.0,欧莱雅烫染拉5选1+高级护理+洗剪单人套餐,229,48633
米娜造型（杨家坪店）,九龙坡区,杨家坪,4.9,单人美发套餐5选1,128,35162
摩登时尚hair salon（大洋店）,九龙坡区,杨家坪,3.5,【品质优选】设计师定制裁剪,29.8,23686
摩登时尚hair salon（杨家坪店）,九龙坡区,杨家坪,5.0,【品质优选】设计师定制裁剪,29.8,23686
诺澜时尚烫染工作室（杨家坪店）,九龙坡区,九龙坡区,4.9,单人沙宣人气套餐3选1,288,22348
艺境造型（杨家坪店）,九龙坡区,杨家坪,3.5,单人施华蔻烫/染/直C套餐,208,20695
88潮牌美发连锁（美丝顿潮牌店）,九龙坡区,杨家坪,5.0,单人洗剪吹,38.8,20228
椰岛造型（斌鑫世纪城店）,九龙坡区,杨家坪,5.0,【裁剪+造型】洗剪吹套餐,40,18534
Craftsman手艺人（杨家坪店）,九龙坡区,杨家坪,5.0,单人B施华蔻人气品质烫染套餐3选1,258,16449
卡玛发艺（石桥铺店）,九龙坡区,石桥铺,5.0,【靓丽精剪造型】单人女士专享精致洗剪吹,21,15110
1号连锁美发专家（杨家坪店）,九龙坡区,杨家坪,5.0,单人首席洗剪吹套餐,38,14348
1号连锁美发专家（石桥铺店）,九龙坡区,石桥铺,5.0,单人首席洗剪吹套餐,38,14348
88潮牌美发连锁（西城天街店）,九龙坡区,九龙坡区,5.0,单人美发轻度受损发质烫/染/直,299,12101
丝域养发馆（华润二十四城店）,九龙坡区,万象城,4.6,玫瑰香薰spa+水润头皮护理,88,10636
倷丝国际烫染连锁（西城天街店）,九龙坡区,杨家坪,5.0,单人美芝品美发套餐,168,10611
琦品美业美容美发（杨家坪店）,九龙坡区,杨家坪,5.0,单人精致洗吹（尊享头部舒缓解压按摩）,35,9885
西文烫染工作室（杨家坪店）,九龙坡区,杨家坪,5.0,单人洗剪吹1次,38,5423
西文烫染工作室（石桥铺店）,九龙坡区,石桥铺,4.7,单人洗剪吹1次,38,5423
领衔烫染工作室（西城天街店）,九龙坡区,杨家坪,5.0,单人洗剪吹,25,3803
安杰威（石桥铺店）,九龙坡区,石桥铺,4.7,单人总监级洗剪吹套餐,29.8,2956
梵古（龙湖西城天街店）,九龙坡区,杨家坪,5.0,【设计师】单人裁剪造型,78,2824
壹格造型（杨家坪店）,九龙坡区,杨家坪,4.7,单人欧莱雅烫发/染发打蜡/无痕接发套餐,218,2263
美缔发型（春江花月南区店）,九龙坡区,谢家湾,5.0,单人首席设计师洗剪吹,29.9,2155
美缔发型（黄家码头店）,九龙坡区,谢家湾,5.0,单人首席设计师洗剪吹,29.9,2155
剪约烫染基地（杨家坪店）,九龙坡区,杨家坪,4.7,单人精品洗剪吹1次,29,1697
AE造型（袁家岗店）,九龙坡区,袁家岗,3.8,洗剪吹店长,50,1596
简及发型工作室（石桥铺一城精英店）,九龙坡区,石桥铺,5.0,洗剪吹,19.8,1575
简及发型工作室（石桥铺高创数码店）,九龙坡区,石桥铺,5.0,洗剪吹,19.8,1575
AC潮牌沙龙（杨家坪店）,九龙坡区,杨家坪,5.0,【特惠】欧莱雅烫/染/拉3选1美发,198,1532
美工坊潮店（杨家坪品质店）,九龙坡区,杨家坪,5.0,总监洗剪吹1次,29,1446
风尚美业（飘纱店）,九龙坡区,九龙坡区,3.5,单人染+烫后精品护理套餐二,328,1340
DC SALON烫染专家（石桥铺店）,九龙坡区,巴国城,5.0,洗吹造型+肩颈舒缓按摩,18,1302
佐伊沙龙（杨家坪店）,九龙坡区,杨家坪,5.0,单人洗剪吹＋造型,35,1269
唯美烫染工作室（大洋百货店）,九龙坡区,杨家坪,5.0,单人督导洗剪吹,29.8,1216
美好时光烫染工作室（杨家坪店）,九龙坡区,杨家坪,5.0,单人资生堂烫染套餐,298,1191
崇美造型（杨家坪店）,九龙坡区,杨家坪,4.0,单人洗剪吹造型套餐,38,1186
YJ时尚造型（杨家坪西城天街店）,九龙坡区,杨家坪,4.5,彩带接发,0.2,949
MS&CHIC;造型（西城天街店）,九龙坡区,杨家坪,3.9,单人欧莱雅水润烫染护二选一套餐,288,920
My angel烫染工作室,九龙坡区,杨家坪,5.0,单人洗剪吹套餐,19.8,898
回头率烫染连锁（杨家坪店）,九龙坡区,杨家坪,4.1,单人欧莱雅烫染双项,298,828
宝贝秀专家美发沙龙（华润店）,九龙坡区,万象城,5.0,单人高级设计师套餐,68,826
UPTOP鼎上造型（立丹店）,九龙坡区,杨家坪,5.0,单人高级设计师剪发+造型,78,777
尚古烫染工作室（杨家坪店）,九龙坡区,杨家坪,4.9,洗剪吹造型,30,714
尚古烫染工作室（万象城店）,九龙坡区,万象城,5.0,洗剪吹造型,30,714
卡诗私人定制烫染连锁（石桥铺店）,九龙坡区,石桥铺,5.0,单人资深发型师洗剪吹/护理2选1套餐,29.8,686
卡诗私人订制烫染连锁（石桥广场店）,九龙坡区,石桥铺,4.9,单人资深发型师洗剪吹/护理2选1套餐,29.8,686
米兰形象设计,九龙坡区,杨家坪,5.0,男士首单专享洗剪吹套餐,9.9,681
Ace造型馆（石桥铺店）,九龙坡区,杨家坪,4.2,单人新施华蔻烫染套餐,288,659
匠人1+1造型（石桥铺店）,九龙坡区,石桥铺,4.1,精油护理 非烫染套餐 限短发,1.1,633
艾show造型,九龙坡区,杨家坪,5.0,单人精致洗剪吹套餐,28,624
艾琪美容美发（石坪桥店）,九龙坡区,石桥铺,4.0,单人高级导师洗剪吹套餐,55,593
美多拉（杨家坪店）,九龙坡区,杨家坪,3.7,单人洗剪吹1次,48,525
唯艺造型烫染工作室（杨家坪店）,九龙坡区,杨家坪,5.0,单人原装施华蔻,398,507
卡门造型,九龙坡区,杨家坪,5.0,单人资深设计师洗剪吹套餐,28,488
米朵造型（杨家坪店）,九龙坡区,杨家坪,4.6,单人施华蔻烫/染套餐,148,446
纽艾顿专业发型美容连锁机构,九龙坡区,杨家坪,5.0,单人高级设计师洗剪吹,58,441
payphone,九龙坡区,杨家坪,3.8,单人高级设计师洗剪吹,58,441
雅顺专业私人美发会馆,九龙坡区,袁家岗,4.6,单人洗剪吹,40,422
迪文美业,九龙坡区,杨家坪,5.0,【新店特惠】洗剪吹套餐,19.9,416
剪约专业美发沙龙,九龙坡区,万象城,4.1,单人洗剪吹,31,345
蜕变造型工作室,九龙坡区,杨家坪,4.7,单人洗剪吹,70,328
格莱美潮牌烫染接发连锁（杨家坪店）,九龙坡区,杨家坪,5.0,伊诺思健康烫染美发套餐,218,315
丝域养发馆（珠江花园店）,九龙坡区,杨家坪,4.0,丝域头部香薰spa,69,275
奇艺造型,九龙坡区,黄桷坪,3.9,单人洗剪吹,25,269
奇艺形象设计中心,九龙坡区,黄桷坪,3.7,单人洗剪吹,25,269
美丽100烫染工作室（杨家坪店）,九龙坡区,杨家坪,5.0,单人正品施华蔻系列烫染单项套餐,158,269
点缀美业,九龙坡区,九龙坡区,3.7,洗剪吹,19.8,237
MM by Hair Code 芭曲发型（重庆万象城旗舰店）,九龙坡区,万象城,4.7,【专业组】单人裁剪+菲灵焕彩发膜,118,235
顶艺美发,九龙坡区,杨家坪,4.3,单人洗剪吹套餐,19.9,225
星吧美业私人定制（万象城店）,九龙坡区,万象城,3.5,洗吹套餐特价促销,14.9,222
星吧美业私人定制（钢花路店）,九龙坡区,马王场,3.5,洗吹套餐特价促销,14.9,222
星吧美业私人定制（杨家坪店）,九龙坡区,杨家坪,5.0,洗吹套餐特价促销,14.9,222
首艺造型（西城天街店）,九龙坡区,杨家坪,5.0,洗剪吹,20,215
小伙伴美发工作室,九龙坡区,杨家坪,4.4,单人施华蔻烫染3选1套餐,338,200
美姿源驻颜造型,九龙坡区,杨家坪,4.0,施华蔻烫染2选1套餐,128,189
吉米造型（石桥铺店）,九龙坡区,石桥铺,5.0,（开业特惠）单人首席洗剪吹套餐,24.8,179
元素造型,九龙坡区,袁家岗,4.0,元素造型,128,171
春意美发（西城天街旗舰店）,九龙坡区,杨家坪,5.0,单人指定产品烫染二选一+水疗套餐,188,160
子木hair salon,九龙坡区,杨家坪,5.0,【创意组】单人洗剪吹套餐,48,143
爱尚造型,九龙坡区,九龙坡区,5.0,单人洗剪吹,19,138
美艺美容美发会所,九龙坡区,巴国城,4.7,美艺洗剪吹超值套餐,26.8,136
米娜造型（石坪桥店）,九龙坡区,石桥铺,4.0,烫染5选一套餐,200,128
Q.s美发沙龙（龙湖·西城天街店）,九龙坡区,杨家坪,5.0,单人设计师精剪套餐,49,126
Daniel.chan陈畅喆造型工作室,九龙坡区,九龙坡区,5.0,单人首席洗剪吹,58,122
Fashion show私人定制,九龙坡区,杨家坪,5.0,单人总监剪发,68,117
225烫染工作室（杨家坪店）,九龙坡区,杨家坪,4.7,单人欧莱雅烫/染2选1,128,110
尖端发艺（立丹店）,九龙坡区,杨家坪,4.1,单人设计师洗剪吹,68,105
尖端发艺（石桥铺店）,九龙坡区,石桥铺,4.2,单人设计师洗剪吹,68,105
健康·美美容养发中心,九龙坡区,杨家坪,5.0,单人洗护套餐三选一,59,93
名师造型,九龙坡区,九龙坡区,3.5,单人洗剪吹一次,29,79
至尊造型,九龙坡区,九龙坡区,4.4,单人洗剪吹一次,29,79
顶尚堂养发馆（石桥铺店）,九龙坡区,石桥铺,4.0,单人顶尚头部熏蒸,68,78
顶尚堂养发馆（杨家坪店）,九龙坡区,动物园,3.9,单人顶尚头部熏蒸,68,78
彩甲轩美发美甲美睫（杨家坪店）,九龙坡区,杨家坪,5.0,单人男士金典洗剪吹套餐,13.9,76
G.M私人定制,九龙坡区,杨家坪,5.0,【洗剪吹】单人设计师造型套餐,30,64
yi.f专业发型订制沙龙spa馆,九龙坡区,九龙坡区,4.3,单人3D头等舱按摩洗吹套餐,19.9,61
曼鼎造型,九龙坡区,杨家坪,5.0,单人精致洗剪吹造型,26.8,58
闺蜜造型,九龙坡区,开发区,5.0,单人导师设计洗剪吹套餐,29.9,51
宝罗造型（石桥铺店）,九龙坡区,石桥铺,4.5,欧莱雅烫染双项套餐,288,49
聚美美发美甲工作室（巴国城）,九龙坡区,巴国城,5.0,单人洗吹造型套餐,14.8,48
唯薇养生发型连锁,九龙坡区,石桥铺,3.8,单人烫染1次,299,44
艾曼丝剪烫精致店,九龙坡区,石桥铺,4.4,艾曼丝烫染2选1,188,41
美丽佳,九龙坡区,袁家岗,4.4,单人总监剪发,35,35
coco主题式连锁沙龙（石桥铺店）,九龙坡区,石桥铺,5.0,单人欧莱雅烫/染/拉3选1套餐,388,34
永琪美容美发（石坪桥店）,九龙坡区,石桥铺,3.8,精品洗剪吹套餐,28,33
永琪美容美发,九龙坡区,石桥铺,3.4,精品洗剪吹套餐,28,33
天姿美誉（旗舰店）,九龙坡区,杨家坪,4.1,单人洗剪吹,50,31
匠发型工作室,九龙坡区,杨家坪,4.6,单人烫染2选一,108,31
仟丝缘,九龙坡区,杨家坪,4.1,单人专业磐发1次,1,28
名匠发艺Salon,九龙坡区,万象城,5.0,【裁剪+造型 】洗剪吹套餐,38,30
爱情故事美发,九龙坡区,黄桷坪,3.9,单人洗剪吹套餐,24,23
改型地带（科创路店）,九龙坡区,石桥铺,3.7,单人超值优惠洗剪吹套餐,39,20
墨昇当代美业（马王场店）,九龙坡区,巴国城,4.7,【店长推荐】单人烫染二选一套餐,88,14
CEO造型私人定制会所,九龙坡区,杨家坪,3.7,单人首席设计师洗剪吹1次,28,17
名鼎发艺,九龙坡区,九龙坡区,4.4,单人烫染二选一套餐,108,15
DJ造型,九龙坡区,巴国城,3.9,DJ造型烫染组合,198,13
佐格沙龙连锁,九龙坡区,石桥铺,3.5,【夏季特惠】单人洗剪吹套餐,29,12
艾美汇美容美发（凯德广场店）,九龙坡区,动物园,3.5,单人精致洗吹造型套餐,19.8,11
摩卡发型设计（石桥铺店）,九龙坡区,九龙坡区,4.7,【总监】单人精致洗剪吹,29.9,10
伊然整体发型设计工作室,九龙坡区,万象城,3.5,洗剪吹,40,10
晶琳融娜健发館,九龙坡区,直港大道,4.0,单人皂角SPA洗头护发,38,9
安杰威形象工作室（南坪总店）,南岸区,万达广场,5.0,单人总监级洗剪吹套餐,29.8,2956
V8潮店•无痕接发烫染连锁（亚太商谷店）,南岸区,南坪,4.6,单人导师洗剪吹【互联网推荐店】,19.9,2527
V8潮店•无痕接发烫染连锁（二小区店）,南岸区,南岸区,5.0,单人导师洗剪吹【互联网推荐店】,19.9,2527
裁道（万达广场）,南岸区,万达广场,4.9,单人精致导师组洗剪吹套餐,46,2452
壹格造型（南坪万达旗舰店）,南岸区,万达广场,5.0,单人欧莱雅烫发/染发打蜡/无痕接发套餐,218,2263
壹格造型·发轩造型（回龙路店）,南岸区,回龙湾,4.9,单人欧莱雅烫发/染发打蜡/无痕接发套餐,218,2263
美缔发型（国际社区店）,南岸区,弹子石,5.0,单人首席设计师洗剪吹,29.9,2155
椰岛造型（南坪万达店）,南岸区,万达广场,4.5,至臻精致裁剪-洗剪吹套餐,68,2143
椰岛造型（百联南岸上海城店）,南岸区,上海城,3.6,至臻精致裁剪-洗剪吹套餐,68,2143
鬓之恋时尚烫染会所（南坪店）,南岸区,南坪,5.0,单人洗剪吹,38,2116
DG潮店→私人订制接发烫染连锁（星尚美业店）,南岸区,四公里,4.5,单人首席设计师洗剪吹【互联网推荐商家】,39,2062
美丝坊烫染专家（南坪时尚店）,南岸区,万达广场,5.0,单人欧莱雅烫/染4选2 含护理【品牌推荐】,268,1945
浪漫飞丝烫染工作室（南坪万达店）,南岸区,万达广场,4.2,单人精品洗剪吹1次,29,1697
发言人,南岸区,南坪,4.0,单人洗剪吹,25,1697
9℃烫染工作室（南坪店）,南岸区,万达广场,4.3,单人设计总监洗剪吹套餐,35.9,1598
潮牌沙龙（形像店）,南岸区,南坪,5.0,【特惠】欧莱雅烫/染/拉3选1美发,198,1532
AC潮牌沙龙（南坪旗舰店）,南岸区,万达广场,5.0,【特惠】欧莱雅烫/染/拉3选1美发,198,1532
宇轩私人定制（南坪万达）,南岸区,万达广场,5.0,单人专业洗剪吹+造型套餐,24.9,1386
MING SHOW,南岸区,万达广场,5.0,单人首席设计师洗剪吹套餐,25.8,1359
风尚美业（翡翠店）,南岸区,南坪,5.0,单人染+烫后精品护理套餐二,328,1340
风尚美业（简约店）,南岸区,南坪,3.5,单人染+烫后精品护理套餐二,328,1340
琦逸创意工作室,南岸区,万达广场,5.0,单人总监洗剪吹造型,27.9,1295
美伦私人定制工作室,南岸区,南坪,5.0,单人8年功年设计师洗剪吹,48,1288
S烫染造型（南坪万达店）,南岸区,万达广场,5.0,单人8年功年设计师洗剪吹,48,1288
重庆style韩式整体造型（南坪万达广场旗舰店）,南岸区,南坪,5.0,单人8年功年设计师洗剪吹,48,1288
女主角国际烫染连锁（南坪时尚店）,南岸区,万达广场,5.0,VIP全头无痕接发【全真发】,1,1262
歆晴懿美烫染连锁（万达广场店）,南岸区,万达广场,4.1,单人高级设计师洗剪吹,25.8,1254
九门—型色定制（南坪店）,南岸区,万达广场,5.0,单人洗吹造型【荣耀WZ6折】,19.9,1249
美好时光烫染工作室（万达广场店）,南岸区,万达广场,5.0,单人资生堂烫染套餐,298,1191
北纬30度造型（南坪店）,南岸区,协信星光时代广场,5.0,单人洗剪吹套餐,28.8,1190
顶尚阁私人定制发型工作室,南岸区,万达广场,5.0,单人特惠欧莱雅烫染四选二套餐,298,1183
ZO日系造型（日系形象设计师）,南岸区,协信星光时代广场,4.2,单人欧莱雅L'OREAL热发/染发/冷烫3选1套餐,268,1144
崔锋造型,南岸区,回龙湾,5.0,单人洗剪吹套餐,30,1102
M烫染造型（南坪万达店）,南岸区,万达广场,5.0,单人洗剪吹造型套餐,29.8,1083
ZY造型（南坪旗舰店）,南岸区,万达广场,5.0,【夏日特惠】专业洗剪吹+造型套餐,19.9,1079
缪斯造型,南岸区,南坪,5.0,单人超值洗吹,15,989
MS&CHIC;造型（南坪万达旗舰店）,南岸区,万达广场,5.0,单人欧莱雅水润烫染护二选一套餐,288,920
卡思5号（GD造型南坪店）,南岸区,回龙湾,5.0,单人时尚修剪套餐,35,889
聚美烫染造型会所（南坪万达广场店）,南岸区,南坪,5.0,专业剪洗吹+护理套餐,24.9,862
古匠造型（南坪万达旗舰店）,南岸区,万达广场,5.0,单人欧莱雅烫/染套餐3选1(人气推荐商家),158,856
YFD私人定制（南坪店）,南岸区,万达广场,4.9,单人洗剪吹造型,48,847
她他国际连锁烫染潮牌店（协信星光店）,南岸区,协信星光时代广场,5.0,单人洗剪吹,29,788
COOL形象设计,南岸区,五公里,3.8,单人专业洗剪吹,28,749
发修美发（中海国际社区85店）,南岸区,弹子石,4.7,单人潮流趋势烫染发2选1,298,691
So发型公社（协信店）,南岸区,协信星光时代广场,4.3,单人施华蔻烫染系列,268,689
SoSo烫染工作室（南坪店）,南岸区,南坪,5.0,单人施华蔻烫染系列,268,689
卡诗私人定制烫染连锁（南坪万达广场店）,南岸区,万达广场,5.0,单人资深发型师洗剪吹/护理2选1套餐,29.8,686
佳美姿造型,南岸区,万达广场,4.3,洗剪吹套餐,29,650
MIKE私人订制发社（南坪万达旗舰店）,南岸区,万达广场,5.0,单人私人定制洗发+精剪,25.8,647
匠人1+1造型（长生桥店）,南岸区,南坪,4.1,精油护理 非烫染套餐 限短发,1.1,633
克拉定制造型（日系定制）,南岸区,南坪,5.0,单人日系风格裁剪．复古油头,26.8,592
木北造型,南岸区,城市广场,5.0,木北造型专业造型师剪发套餐,21.8,579
EZ品质烫染连锁,南岸区,万达广场,5.0,单人首席洗剪吹,19.9,575
韩熙美发烫染工作室,南岸区,万达广场,5.0,单人洗剪吹+造型［剪发体验套餐］,17.8,558
私悦汇（美式LOFT沙龙）,南岸区,万达广场,5.0,精剪造型（洗剪吹）,38,526
品质烫染连锁（南坪店）,南岸区,万达广场,5.0,单人总监洗剪吹,38,525
原野日系烫染定制,南岸区,万达广场,5.0,技术总监主理定制洗剪吹（体验价）,68,514
波比发型定制,南岸区,万达广场,5.0,技术总监主理定制洗剪吹（体验价）,68,514
美缔定制（南坪店）,南岸区,南岸区,4.7,单人养生禅洗+创艺组剪发套餐,78.9,480
Gubar古芭私人定制（南坪万达品质店）,南岸区,万达广场,5.0,施华蔻烫染4选1,258,443
艺秀造型（南坪万达店）,南岸区,万达广场,5.0,单人施华蔻烫染4选2套餐,398,441
S3Z造型 眉眼唇比例调整,南岸区,万达广场,5.0,【品质推荐】资深设计师精致裁剪+造型套餐,68,428
欧尚造型（南岸店）,南岸区,万达广场,5.0,单人欧莱雅4选2含护理（不满意30天免费重做）,268,421
美美烫染造型会所（南坪店）,南岸区,万达广场,5.0,施华蔻烫/染/拉/顺+植物蛋白护理（四选一）套餐,188,392
格魅创意定制工作室,南岸区,万达广场,5.0,单人总监洗剪吹造型,24.9,390
木川造型,南岸区,万达广场,5.0,单人洗剪吹套餐,19.8,387
永恒美发沙龙,南岸区,弹子石,4.7,单人洗剪吹1次,29.9,370
容丽和（百联南岸上海城店）,南岸区,上海城,3.7,单人洗吹套餐（含吹发一次+头发养疗一次）,29.8,354
名琦造型（南坪万达广场店）,南岸区,万达广场,5.0,单人首席洗剪吹,25,336
格莱美潮牌烫染接发发连锁（南坪万达店）,南岸区,万达广场,5.0,伊诺思健康烫染美发套餐,218,315
蒂斯诺发艺空间,南岸区,万达广场,4.6,单人蒂斯诺美发剪发,19.8,311
满意度发型订制（南坪万达店）,南岸区,万达广场,5.0,单人洗剪吹套餐,68,303
VPN造型（协信星光时代广场店）,南岸区,南岸区,5.0,单人1星导师洗吹造型,48,301
YT造型,南岸区,万达广场,5.0,【开业特惠】单人洗吹+造型套餐,16.8,297
蓝调造型,南岸区,万达广场,4.5,单人蓝调造型洗吹,15,296
顶尚千丝,南岸区,南坪,4.9,单人导师洗剪吹造型一次,19.9,287
聚美造型（长生桥店）,南岸区,南岸区,4.4,单人辛达美业洗剪吹,19.8,284
BOY 造型 -烫染（南坪万达广场店）,南岸区,万达广场,5.0,免预约-单人剪发-造型,19.99,284
TT造型,南岸区,万达广场,4.6,单人N次方护理套餐,38,281
玩美者日式定制（日系美发造型社）,南岸区,协信星光时代广场,5.0,单人日式定制裁剪,56,276
丝域养发馆（重庆南湖店）,南岸区,南岸区,3.5,丝域头部香薰spa,69,275
博卡·Fashion潮牌（南坪万达店）,南岸区,万达广场,5.0,〔限时活动价〕洗·剪·吹【烫染发套餐请下滑】,19.9,271
领衔主演时代店,南岸区,四公里,5.0,单人洗剪吹造型,46,270
领衔主演（骑龙店）,南岸区,南岸区,3.5,单人洗剪吹造型,46,270
领衔主演总店（总店）,南岸区,南坪,4.9,单人洗剪吹造型,46,270
领衔主演（风采店）,南岸区,南岸区,4.2,单人洗剪吹造型,46,270
美丽100烫染工作室（南坪店）,南岸区,万达广场,4.0,单人正品施华蔻系列烫染单项套餐,158,269
重庆《东诚空间》名师俱乐部！,南岸区,南坪,5.0,单人技术总监精致裁剪,38,265
品焱至合,南岸区,万达广场,5.0,单人洗剪吹,39.9,264
宇渡美发（美发·烫染）,南岸区,万达广场,5.0,单人专业洗剪吹套餐,29.8,261
3M（万达时尚店）,南岸区,万达广场,5.0,开业特惠单人洗剪吹,25.8,248
指尖舞美甲（万达店）,南岸区,万达广场,4.5,单人金丝彩带接发套餐,1,234
首秀（social ）造型,南岸区,万达广场,5.0,【开业特惠】单人洗剪吹+造型套餐,25,233
依墨studio,南岸区,弹子石,5.0,单人精品洗剪吹,28,230
井上日系定制,南岸区,万达广场,5.0,【限时秒杀】日系老师定制洗吹,29.9,228
3N Hair Salon,南岸区,南坪,5.0,日系风格 裁剪造型及复古油头,58,223
YU TA 造型,南岸区,南坪,5.0,[特惠]资深设计单人裁剪造型,38,211
丝密丝生发养发馆,南岸区,弹子石,4.9,单人中度头皮问题护理（醋疗）去屑｜防脱,98,46
米诺造型,南岸区,万达广场,4.7,(新店开业)单人烫染拉3选1套餐,138,43
万千源私人美发会所,南岸区,弹子石,4.4,单人洗剪吹造型套餐,38,43
雅丝造型,南岸区,南岸区,3.9,精品洗剪吹（女士）,31,42
亿美·美业主题沙龙会所,南岸区,协信星光时代广场,4.7,单人洗吹造型1次,19.9,42
伊尚私人定制,南岸区,万达广场,5.0,单人总监洗剪吹,30,41
x-w美发屋（南平店）,南岸区,万达广场,4.2,单人洗剪吹,19.8,40
Fifth Avenue Hairculture（第五大道工作室）,南岸区,南岸区,4.9,单人技术总监级剪发套餐,88,39
AM美发造型（城南分店）,南岸区,南岸区,3.8,单人洗剪吹套餐,39,39
靓典美业（整装待发店）,南岸区,南岸区府,3.0,单人热/冷烫（2选1）套餐,148,35
永琪美容美发（罗马假日小区店）,南岸区,南岸区,4.4,精品洗剪吹套餐,28,33
佳美品质美馆,南岸区,南岸区,3.9,单人洗剪吹1次,21,28
丹瑞诗,南岸区,万达广场,3.7,单人总监洗剪吹,28,27
闺阁形象设计,南岸区,万达广场,4.1,精品洗剪吹,29.8,24
发裁轩美发（罗马店）,南岸区,南岸区,3.9,精品烫发套餐,298,24
ME造型馆（南坪万达店）,南岸区,万达广场,4.3,单人总监洗剪吹套餐,18.8,17
发怡轩烫染公社（南坪万达店）,南岸区,万达广场,4.6,洗吹,12.8,16
头条时尚,南岸区,万达广场,4.1,头条时尚资深设计师单人洗剪吹一次,38,15
品伦造型,南岸区,南岸区,3.5,单人导师组洗剪吹,29.9,14
3号烫染连锁,南岸区,万达广场,5.0,单人烫/染套餐6选1+护理,98,14
多美迪雅美发工作室,南岸区,协信星光时代广场,4.7,【开业活动】单人洗吹套餐,9.9,12
亚飞Hair salon,南岸区,万达广场,4.6,单人欧莱雅微菁油烫/欧莱雅伊诺雅iNOA染发3选1套餐,698,11
发现美业,南岸区,南坪,4.0,双人潮色混搭,400,9
迪梵造型,南岸区,南坪,4.6,精品洗剪吹,30,9
JGO美发专家（十七年美发连锁沙龙）,南岸区,万达广场,4.0,单人修剪造型套餐,90,8
JGO美业明星榜（健康美发连锁沙龙）,南岸区,南坪,3.5,单人修剪造型套餐,90,8
剪吧（万达店）,南岸区,万达广场,3.5,单人修剪造型套餐,90,8
西唯造型（万达广场店）,南岸区,万达广场,3.5,单人烫染直4选1+洗剪吹+护理套餐,268,7
金斯工作室,南岸区,南岸区,4.1,单人烫发套餐,98,5
宏声魅力发艺形象设计中心,南岸区,南坪,3.5,单人洗剪吹,22,5
众达美业（汇龙路店）,南岸区,南岸区,3.5,单人洗剪吹,29.8,4
众达美业（南坪万达广场店）,南岸区,万达广场,4.1,单人洗剪吹,29.8,4
水丽方美发会所,南岸区,南坪,4.1,欧莱雅烫染套餐,288,3
美工坊（万达广场店）,南岸区,万达广场,5.0,单人时尚潮色系列套餐,520,3
蜥蜴造型（南坪店）,南岸区,万达广场,4.0,洗护套餐,9.9,3
渝悦形象色彩工作室,南岸区,南坪,3.5,魅力妆容周末班,980,0
佑米造型（万达五号潮人店）,巴南区,龙洲湾,5.0,丽人狂欢节-欧莱雅烫/染二选一,228,310663
佛伦斯私人订制烫染国际连锁（万达时尚店）,巴南区,龙洲湾,5.0,美芝品系列单人美发套餐,168,143258
佛伦斯私人定制烫染国际连锁（-巴南商社汇店）,巴南区,商社汇,5.0,美芝品系列单人美发套餐,168,143258
佛伦斯私人订制烫染国际连锁（李家沱都和广场店）,巴南区,李家沱,5.0,美芝品系列单人美发套餐,168,143258
紫尚造型（重庆商社汇店）,巴南区,鱼洞,5.0,【人气】单人烫染直三选一美发套餐,159,59507
米娜造型（巴南万达店）,巴南区,龙洲湾,5.0,单人美发套餐5选1,128,35162
美天淘日系沙龙（铜锣湾步行街店）,巴南区,鱼胡路,5.0,欧莱雅烫发染发直发护理单人套餐,159,24325
美天淘日系沙龙（龙洲湾万达广场店）,巴南区,龙洲湾,4.8,欧莱雅烫发染发直发护理单人套餐,159,24325
摩登时尚hair salon（巴南万达店）,巴南区,鱼胡路,5.0,【品质优选】设计师定制裁剪,29.8,23686
88潮牌美发连锁（巴南万达广场店）,巴南区,巴南区,4.6,单人洗剪吹,38.8,20229
88潮牌美发连锁（界石店）,巴南区,巴南区,5.0,单人洗剪吹,38.8,20229
1号连锁美发专家（李家沱店）,巴南区,李家沱,5.0,单人首席洗剪吹套餐,38,14348
1号连锁美发专家（鱼洞店）,巴南区,鱼洞,5.0,单人首席洗剪吹套餐,38,14348
1号连锁美发专家（巴南万达店）,巴南区,龙洲湾,3.5,单人首席洗剪吹套餐,38,14348
V8潮店•无痕接发烫染连锁（巴南万达店）,巴南区,鱼胡路,4.6,单人导师洗剪吹【互联网推荐店】,19.9,2527
纤艺造型（协信广场店）,巴南区,鱼洞,4.5,单人风采设计剪裁（洗剪吹）+毛鳞片护理重组套餐,49,2240
DG潮店→私人订制接发烫染连锁（花园式万达店）,巴南区,龙洲湾,5.0,单人首席设计师洗剪吹【互联网推荐商家】,39,2062
美地亚主题发型会所（鱼洞万达店）,巴南区,龙洲湾,3.5,单人洗剪吹造型套餐,29.8,1083
雲丝•美髻私人订制（鱼洞店）,巴南区,商社汇,5.0,单人洗剪吹套餐,29.8,989
雲丝·美髻私人订制（巴南万达店）,巴南区,龙洲湾,5.0,单人洗剪吹套餐,29.8,989
雲丝·美髻私人订制（李家沱店）,巴南区,李家沱,5.0,单人洗剪吹套餐,29.8,989
MS&CHIC;造型（都和广场店）,巴南区,李家沱,3.5,单人欧莱雅水润烫染护二选一套餐,288,920
美雅（总店）,巴南区,商社汇,4.7,单人洗剪吹,43,715
美雅（华夏店）,巴南区,中干道,4.5,单人洗剪吹,43,715
美雅（鱼胡路店）,巴南区,鱼胡路,4.0,单人洗剪吹,43,715
美雅（龙洲湾店）,巴南区,龙洲湾,4.4,单人洗剪吹,43,715
琦艺造型私人订制接发烫染连锁（巴南万达店）,巴南区,龙洲湾,4.7,单人轻度受损发质烫染顺直3选1【一对一服务】,258,552
唐·专业美发（巴南万达店）,巴南区,龙洲湾,5.0,首席洗剪吹＋造型（不卖卡、免费办卡）,29.9,432
V8潮店•无痕接发烫染连锁（鱼洞店）,巴南区,商社汇,5.0,单人H：新无痕接发加染（专业接发团队）,1088,425
阿玛尼形象设计,巴南区,李家沱,4.3,单人精致洗剪吹一次,34,339
尚美造型,巴南区,红光,4.0,洗剪吹超值套餐,18.8,323
满意度发型订制（李家沱店）,巴南区,李家沱,5.0,单人洗剪吹套餐,68,303
辛达美业（理工大学店）,巴南区,红光,4.4,单人辛达美业洗剪吹,19.8,284
家朋工作室,巴南区,商社汇,4.9,单人洗剪吹1次,31.9,258
髮丝缘私人订制,巴南区,龙洲湾,5.0,单人洗剪吹套餐,19.9,182
劲彩造型美甲美睫纹绣,巴南区,李家沱,5.0,（开业特惠）单人首席洗剪吹套餐,24.8,179
米娜·美甲美睫纹绣刺青（岔路口店）,巴南区,李家沱,5.0,单人高级烫染套餐,218,157
美集时尚,巴南区,红光,3.9,特优烫染护超值套餐,236,3
艾美造型,巴南区,鱼洞,4.0,单人香薰生化烫套餐,88,1
漂亮宝贝,巴南区,巴南区,3.5,单人洗剪吹套餐,25,0
纤一 劲彩 美业,巴南区,李家沱,3.5,纤一劲彩美业国际品牌施华蔻烫发染发二选一,368,0
时尚芭莎,万州区,王牌路,4.4,单人洗剪吹1次,25,176
慕思,万州区,万达广场/移民广场,4.9,单人女士洗剪吹套餐,40.8,171
雅丝发艺,万州区,高笋塘/白岩路,4.0,雅丝发艺单人洗剪吹,25,151
金桥美甲,万州区,高笋塘/白岩路,4.1,单人洗剪吹,29.9,126
金桥发艺,万州区,高笋塘/白岩路,3.5,单人洗剪吹,29.9,126
金桥发艺（西山车站店）,万州区,王牌路,3.9,单人洗剪吹,29.9,126
6C HAIR SALON（万达店）,万州区,万达广场/移民广场,5.0,单人烫染二选一,500,120
标榜发型刺青定制（万里城墙店）,万州区,国本路/孙家书房,5.0,单人洗剪吹,28,103
A咖公社美发店（北滨大道店）,万州区,万达广场/移民广场,5.0,单人设计师洗剪吹,38.5,89
邻居发艺,万州区,高笋塘/白岩路,4.9,单人洗剪吹套餐,28,82
造艺（金泉阳光花园店）,万州区,观音岩/外贸,4.6,单人洗剪吹,22,81
今亿造型,万州区,高笋塘/白岩路,4.6,洗剪吹,38,50
白雪公主私人潮牌造型会所,万州区,高笋塘/白岩路,5.0,烫染二选一➕柔顺护理一次,98,48
爱出色时尚造型,万州区,高笋塘/白岩路,4.0,烫、染二选一,218,40
涵美烫染连锁（万州店）,万州区,高笋塘/白岩路,5.0,单人欧莱雅品质烫/染/拉直三选二,258,34
爱心宝贝专业儿童理发店,万州区,高笋塘/白岩路,4.1,儿童普通理发,15,32
秀发利昂,万州区,高笋塘/白岩路,4.9,单人烫染套系,268,24
美剪造型,万州区,五桥,4.7,单人洗剪吹,15,20
艺人美造型,万州区,垫江,3.5,单人洗剪吹套餐,25,15
阿贵美发,万州区,高笋塘/白岩路,3.5,烫染套餐,168,12
欧莱雅私人定制美发连锁（重庆移通学院店）,合川区,大学城,5.0,单人洗剪吹/护理套餐2选1,39,101058
1号连锁美发专家（大润发店）,合川区,交通街,4.2,单人首席洗剪吹套餐,38,14348
美天淘日系沙龙（合川总店）,合川区,大学城,4.9,首席精剪洗剪吹,58,7964
首都形象设计 专注短发,合川区,大学城,4.7,单人无痕接发,1,3570
Us纤姿造型,合川区,大学城,5.0,单人技术总监洗剪吹1次,21,1275
风格发艺,合川区,瑞山西路,4.9,风格发艺单人洗吹剪,25,571
尚北潮牌美发店（华川店）,合川区,合川,5.0,单人总监洗剪吹套餐,29,317
佰度旗舰店,合川区,久长步行街,4.3,单人洗吹剪套餐,35,287
佰度美业（塔尔门店）,合川区,塔耳门,4.7,单人洗吹剪套餐,35,287
齐聚hair art,合川区,瑞山西路,5.0,单人修剪造型套餐,48,255
首艺美业（久长路店）,合川区,久长步行街,3.6,单人洗剪吹套餐,32,233
首艺美业（永辉超市店）,合川区,南津街,4.2,单人洗剪吹套餐,32,233
美美造型沙龙,合川区,瑞山西路,4.7,单人烫染套餐,148,206
唯迦发型设计,合川区,南津街,4.9,单人导师洗剪造型,39,154
新发路,合川区,瑞山西路,4.5,单人新发路-洗剪吹套餐,9.9,111
原野发艺,合川区,瑞山西路,3.8,单人原野发艺烫/染/拉直三选一套餐,88,25
简约美烫染造型,合川区,南津街,4.0,烫染护造型,98,13
发秀国际（人民广场潮牌店）,永川区,人民广场,4.7,单人烫／染／拉／美发套餐,98,129
丝域养发馆（永川店）,永川区,巨宇江南,4.1,丝域玫瑰精油养发,68,107
黑曼8,永川区,人民广场,5.0,单人洗剪吹套餐,30,106
卡妮美容美发,永川区,兴龙湖,5.0,#新店开业#单人设计师洗剪吹套餐,29.9,102
国度烫染护发沙龙,永川区,老城区,4.2,单人洗剪吹套餐,22,92
国度美业,永川区,永川,5.0,单人洗剪吹套餐,32,58
美发店美集美业,永川区,老城区,4.1,单人洗剪吹,18,31
新天地形象设计,永川区,人民广场,4.3,单人洗吹,15.8,27
美人制造烫染私人定制全国连锁,永川区,永川,5.0,单人首席洗剪吹套餐,28,19
美加美美发工作室,永川区,渝西广场,3.5,单人烫染套餐,188,9
首都名剪,永川区,人民广场,3.5,单人烫染2选1,78,4
名匠,永川区,永川,3.0,单人烫染套餐,380,1
品格美业,永川区,老城区,4.4,单人单烫单染套餐,98,1
名标榜烫染会所,永川区,永川,4.1,单人烫发套餐,98,1
名匠,永川区,人民广场,3.5,单人烫染套餐,380,1
美多发艺沙龙,永川区,老城区,4.9,单人烫染组合套餐,238,1
so.180发型美甲工作室,永川区,人民广场,3.5,单人烫染套餐,128,0
88潮牌美发连锁（零零奇艺雕美业店）,黔江区,黔江区,5.0,单人美发轻度受损发质烫/染/直,299,12101
88潮牌美发连锁（黔江教委店）,黔江区,黔江区,3.5,单人美发轻度受损发质烫/染/直,299,12101
世爵美业,黔江区,黔江区,5.0,单人世爵美业洗剪吹1次,24.8,89
米娜造型（綦江店）,綦江区,綦江区,5.0,单人美发套餐5选1,128,35162
美天淘日系沙龙（綦江店）,綦江区,綦江区,5.0,欧莱雅烫发染发直发护理单人套餐,159,24325
星吧美业私人定制（綦江店）,綦江区,綦江区,4.6,洗吹套餐特价促销,14.9,222
摩登时尚（美丽艺人店）,铜梁区,铜梁,5.0,【品质优选】设计师定制裁剪,29.8,23687
88潮牌美发连锁（名匠店）,铜梁区,新城区,5.0,单人洗剪吹,38.8,20230
米淇染烫技术全国联盟（盖艺奇艺坊店）,铜梁区,铜梁,5.0,单人利威丝奇幻烫染系列,158,18735
1号连锁美发专家（铜梁店）,铜梁区,新城区,4.4,单人首席洗剪吹套餐,38,14349
《1号连锁》美发专家（铜梁二店）,铜梁区,铜梁,4.0,单人首席洗剪吹套餐,38,14349
88潮牌美发连锁（秀美发艺丽舍店）,铜梁区,新城区,5.0,单人美发轻度受损发质烫/染/直,299,12101
缔美美业工作室（铜梁店）,铜梁区,新城区,5.0,洗剪吹单人套餐,19.9,3898
style私人订制美发连锁（中兴路店）,铜梁区,铜梁,5.0,单人欧莱雅美发套系,158,3606
尚欧,铜梁区,新城区,4.9,单人超值洗剪吹套餐,24.8,1992
尚欧美发连锁（总店）,铜梁区,新城区,4.7,单人超值洗剪吹套餐,24.8,1992
美地亚主题发型会所（铜梁店）,铜梁区,铜梁,4.4,单人洗剪吹造型套餐,29.8,1083
美轮美社,铜梁区,铜梁,5.0,(剪发)洗剪吹单人套餐,26,113
铜龙湾连锁美业（三分店）,铜梁区,新城区,4.0,铜龙湾连锁美业品质单人时尚烫,398,26
尚妆彩妆工作室,铜梁区,新城区,4.0,多彩无痕接发,3,7
佑米造型（大足商贸中心）,大足区,大足区,5.0,丽人狂欢节-欧莱雅烫/染二选一,228,310665
紫尚造型,大足区,大足区,4.9,【人气】单人烫染直三选一美发套餐,159,59509
88潮牌美发连锁（大足印象店）,大足区,大足区,4.6,单人洗剪吹,38.8,20230
米淇烫染技术全国联盟（-大足印象店）,大足区,大足区,5.0,单人利威丝奇幻烫染系列,158,18735
《1号连锁》美发专家（大足店）,大足区,大足区,3.8,单人首席洗剪吹套餐,38,14349
米娜护肤造型,大足区,大足区,5.0,单人洗剪吹套餐,25,120
纯美造型,大足区,大足区,4.4,单人洗发+吹风造型,15,63
时尚美发,大足区,大足区,4.0,单人洗吹,12.8,24
名匠组合,大足区,大足区,4.1,单人名匠组合导师,98,9
爱丝坊养发馆,大足区,大足区,4.8,单人减压型草本养发,58,4
尖东美发连锁,大足区,大足区,3.9,单人染发,119,3
时尚发艺馆,大足区,大足区,3.9,洗吹套餐,16,3
丝朗,大足区,大足区,3.8,单人烫发+染,180,0
