﻿商家,区域,商圈,星级,服务,价格,销量
佑米造型（三里庵合肥总店）,蜀山区,三里庵,5.0,丽人狂欢节-欧莱雅烫/染二选一,228,310645
佑米造型（高新区合家福店）,蜀山区,大铺头,5.0,丽人狂欢节-欧莱雅烫/染二选一,228,310645
佛伦斯私人定制烫染国际连锁（港汇广场店）,蜀山区,望潜交口,5.0,美芝品系列单人美发套餐,168,143257
瑞豪专业烫染连锁（东至路店）,蜀山区,蜀山区,3.7,【资深设计师】提案+精致裁剪+造型,28.8,107232
欧莱雅私人定制（港汇人气网红店）,蜀山区,望潜交口,5.0,单人洗剪吹/护理套餐2选1,39,101038
欧莱雅私人定制（合肥旗舰店）,蜀山区,三里庵,5.0,单人洗剪吹/护理套餐2选1,39,101038
施华蔻美发连锁（新华国际店）,蜀山区,望潜交口,5.0,单人施华蔻烫染套餐3选1,208,85654
施华蔻美发连锁（合肥总店）,蜀山区,三里庵,5.0,单人施华蔻烫染套餐3选1,208,85654
美宝莲美发直营连锁,蜀山区,望潜交口,4.6,施华蔻套餐3选1,208,42708
柯琳造型（三里庵鑫鹏大厦店）,蜀山区,三里庵,4.6,【欧莱雅美奇丝/LIGUI】烫染单项套餐,158,27806
米娜造型（三里庵店）,蜀山区,三里庵,5.0,单人欧莱雅高端五选一套餐,198,27358
米娜造型（东至路店）,蜀山区,根据地美食广场,5.0,单人欧莱雅高端五选一套餐,198,27358
可唻咿造型（安粮城市广场恋尚店）,蜀山区,蜀山区,5.0,高级设计师洗剪吹,29.8,27044
可唻咿造型（长江西路三里庵总店）,蜀山区,三里庵,5.0,高级设计师洗剪吹,29.8,27044
启明星·时尚（港汇广场店）,蜀山区,望潜交口,5.0,美发套餐,128,24643
启明星·时尚（合肥三里庵店）,蜀山区,三里庵,5.0,美发套餐,128,24643
美天淘日系沙龙（鑫鹏大厦店）,蜀山区,三里庵,4.9,欧莱雅烫发染发直发护理单人套餐,159,24325
美天淘日系沙龙（港汇广场店）,蜀山区,望潜交口,4.8,欧莱雅烫发染发直发护理单人套餐,159,24325
绚诺soho（三里庵店）,蜀山区,三里庵,4.1,单人资深造型师洗剪吹套餐,29.8,20643
88潮牌美发连锁（大学城店）,蜀山区,蜀山区,5.0,单人洗剪吹,38.8,20221
皇贵妃私人定制（合肥总店）,蜀山区,大唐国际乐购,5.0,韩国卡梦思阿尔刚果无受损烫/染,348,10890
Hi拉妃（中环城购物中心店）,蜀山区,蜀山区,5.0,单人欧莱雅烫/染二选一（含护理）,168,9018
Hi拉妃（大唐国际购物广场店）,蜀山区,望潜交口,4.6,单人欧莱雅烫/染二选一（含护理）,168,9018
Hi拉妃（国购广场店）,蜀山区,三里庵,5.0,单人欧莱雅烫/染二选一（含护理）,168,9018
米咔造型（中环城店）,蜀山区,蜀山区,5.0,单人欧莱雅超人气金典烫染套餐3选1,198,7844
美学·星工坊（三里庵店）,蜀山区,三里庵,4.0,单人总监欧莱雅美奇丝烫染套餐,158,7519
尚美形象（绩溪店）,蜀山区,蜀山区,3.5,综合烫染套餐,418,4195
设计坊SHE造型（港汇广场店）,蜀山区,望潜交口,5.0,代金券,5,4185
意造型（港汇广场琳琅街店）,蜀山区,望潜交口,5.0,单人洗剪吹,30,4097
剪约风（贵池路店）,蜀山区,摩尔广场,5.0,洗剪吹套餐,22.9,3391
黑白秀形象设计中心（琥珀店）,蜀山区,蜀山区,5.0,代金券,98,3232
千潮烫染接发潮牌连锁,蜀山区,蜀山区,4.5,单人施经典超人气烫染套餐私人订制,288,2535
艾比丽私人订制全国烫染连锁（万丝如艺店）,蜀山区,长江西路华联,5.0,单人资深设计师洗剪吹,19.8,2380
艾比丽私人订制全国烫染连锁（鑫鹏大厦店）,蜀山区,三里庵,3.8,单人烫发染发2选1,168,2100
艾比丽私人订制全国烫染连锁（你我他造型店）,蜀山区,中科大,4.7,单人烫发染发2选1,168,2100
姝秀造型,蜀山区,大铺头,4.0,【爆款】设计师剪裁造型单人,38,1600
姝秀造型（名丝国际旗舰店）,蜀山区,青阳路,4.0,【爆款】设计师剪裁造型单人,38,1600
你我她造型连锁（中科大店）,蜀山区,中科大,5.0,单人洗剪吹1次,22.8,1506
私属造型（之心城店）,蜀山区,之心城,5.0,督导剪发+酸性护理,480,1210
JK潮牌沙龙（天门湖店）,蜀山区,蜀山区,5.0,洗吹造型单人套餐,15,1204
JK潮牌沙龙（中环城店）,蜀山区,蜀山区,5.0,洗吹造型单人套餐,15,1204
CoCo时尚色彩造型,蜀山区,三里庵,5.0,【CoCo】奢华施华蔻烫发/染发2选1（含护理）,368,1102
纪梵希护肤造型连锁（1912街区店）,蜀山区,1912街区,5.0,【资深设计师】洗剪吹1次,28,1016
木本造型,蜀山区,蜀山区,5.0,剪发套餐,14.9,921
365天天漂亮造型会所（望园店）,蜀山区,大铺头,5.0,单人高级造型师设计精剪套餐1次,35,807
小世界.潮沙龙（国购店）,蜀山区,三里庵,5.0,总监单人剪发,29,687
阿玛尼视觉造型（安徽大学九龙街店）,蜀山区,蜀山区,5.0,单人总监剪发套餐1次,28.8,613
Tangmu's汤木造型,蜀山区,华邦伊赛特,5.0,单人洗剪吹,42.8,602
伊丽莎私人定制工作室（百大时尚潮店）,蜀山区,望潜交口,5.0,单人首席总监洗剪吹1次,30,601
名门秀烫染会所,蜀山区,三里庵,3.8,单人烫染套餐,258,570
名发世家（农大店）,蜀山区,蜀山区,3.6,【护发节】}洗发+剪发+护发+日韩造型1次,55,554
一木造型设计（鑫鹏大厦店）,蜀山区,三里庵,4.9,单人总设计师洗剪吹套餐,36.8,538
一木造型设计（旺城大厦店）,蜀山区,三里庵,5.0,单人总设计师洗剪吹套餐,36.8,538
艾美造型总店,蜀山区,蜀山区,5.0,单人资深设计师洗剪吹1次,24.8,529
艾美造型,蜀山区,贵池路美食街,4.6,单人资深设计师洗剪吹1次,24.8,529
丝域养发馆（新华学府店）,蜀山区,蜀山区,4.3,丝域玫瑰水润SPA单人套餐,69,525
丝域养发馆（香樟雅苑店）,蜀山区,蜀山区,4.5,丝域玫瑰水润SPA单人套餐,69,525
丝域养发馆（华地店）,蜀山区,蜀山区,4.3,丝域玫瑰水润SPA单人套餐,69,525
丝域养发馆（琥珀山庄店）,蜀山区,蜀山区,4.6,丝域玫瑰水润SPA单人套餐,69,525
丝域养发馆（国轩苑店）,蜀山区,清溪路大润发,4.1,丝域玫瑰水润SPA单人套餐,69,525
玛莎造型护肤,蜀山区,青阳路,4.2,单人奢华烫染套餐,228,450
星尚造型专业烫染,蜀山区,大铺头,5.0,资深发型师洗剪吹单人美发套餐,15,435
Crazy Design（CD设计）,蜀山区,三里庵,5.0,单人首席剪发1次,68,412
DH秀（青阳路店）,蜀山区,青阳路,5.0,单人高级发型师设计洗剪吹套餐,24,351
only工作室,蜀山区,望潜交口,5.0,单人时尚洗剪吹一次,30,327
尚雅造型护肤（西园店）,蜀山区,三里庵,4.9,合肥尚雅15元套餐,15,277
璎莎烫染连锁店,蜀山区,摩尔广场,4.4,单人高级设计师裁剪套餐,20.9,267
SHK定制美发沙龙,蜀山区,三里庵,5.0,单人欧莱雅美奇丝烫染2选1,158,262
Eleven私人形象设计工作室,蜀山区,华润五彩城,5.0,形象设计师剪发（单人）,58,243
UNDERCUT&SALON;,蜀山区,三里庵,5.0,单人施华蔻烫、染、拉套餐3选1,208,213
T-top创意沙龙,蜀山区,望潜交口,5.0,单人首席设计修剪套餐,38,208
DM美发美甲沙龙,蜀山区,长江西路华联,5.0,单人设计师洗剪吹造型,19.9,206
Big up艺术形象设计,蜀山区,望潜交口,5.0,单人总监剪发,38,203
CIC造型女士专享店,蜀山区,三里庵,5.0,单人总监洗剪吹1次,50,185
艾熙韩式半永久纹绣（中环城店）,蜀山区,蜀山区,5.0,单人新锐设计师定制修剪一次,19.8,172
百度造型（华联商厦店）,蜀山区,长江西路华联,4.5,首席洗剪吹单人套餐,25,169
CL美发沙龙,蜀山区,华润五彩城,5.0,单人剪发1次,38,161
金艺美发（琥珀山庄店）,蜀山区,清溪路大润发,4.4,金艺美容美发会所烫发套餐,88,155
追尚发型印象,蜀山区,蜀山区,5.0,追尚发型印象单人洗剪吹,17.6,150
皇家名剪,蜀山区,凤凰城,5.0,单人洗剪+造型套餐,25,144
丝域养发馆（中央美域店）,蜀山区,蜀山区,4.0,玫瑰精油养发,68,5
角色美发沙龙,蜀山区,三里庵,5.0,单人创意总监烫染二选一送护理,169,5
曼秀美容美发美甲,蜀山区,青阳路,5.0,单人首席精剪,25.8,4
金紫雨植物养发馆,蜀山区,蜀山区,3.5,染养发单人套餐,99,4
玛莎造型养生会所,蜀山区,大铺头,3.8,单人资深洗发师剪发+美发师洗发水洗/干洗,20,3
艺容术形象定制中心,蜀山区,蜀山区,4.0,（新锐组）精洗细剪套餐,58,3
Up hair salon,蜀山区,华润五彩城,5.0,单人形象顾问洗吹造型,25,3
七种人明星工坊（合肥店）,蜀山区,华润五彩城,4.6,烫+染单人套餐,377,2
丝路造型,蜀山区,蜀山区,4.2,单人烫发套餐,98,1
Angel造型,蜀山区,蜀山区,3.5,单人精品烫染二选一套餐,168,1
丝艺造型,蜀山区,黄潜交口,3.0,单人烫发式染发套餐A,158,0
美尚造型,蜀山区,蜀山区,4.0,总监烫/染2选1品牌美发单人套餐,298,0
品发艺廊,蜀山区,蜀山区,3.5,蕴特优能发质护理套餐,88,0
皇冠假日酒店美发沙龙（黄山路店）,蜀山区,蜀山区,3.8,单人欧莱雅烫染2选1美发套餐,258,0
白厦美容（琥珀店）,蜀山区,蜀山区,3.9,烫发染发2选1,458,0
卡迪诗美容美发（华府骏苑店）,蜀山区,蜀山区,3.5,单人造型烫+染发+护发,368,0
丝艺工作室,蜀山区,凤凰城,4.5,单人欧莱雅抛光打蜡套餐,158,0
薇梦造型,蜀山区,蜀山区,4.3,单人洗剪吹+护理+烫染套餐,398,0
卡迪诗美容美发（大溪地店）,蜀山区,凤凰城,3.5,单人造型烫+染发+护发,368,0
乔威亚护肤造型中心（史河路店）,蜀山区,凤凰城,3.5,时尚烫染发套餐,998,0
LK梵珀巴黎美发沙龙（LK梵珀巴黎美发沙龙）,蜀山区,根据地美食广场,4.4,单人烫染套餐1次,398,0
唐风采织发补发假发中心,蜀山区,之心城,3.5,单人私人定制织发补发套餐,20000,0
佑米造型（新天地广场旗舰店）,庐阳区,白水坝,5.0,丽人狂欢节-欧莱雅烫/染二选一,228,310649
欧莱雅私人定制美发连锁（合肥新天地广场店）,庐阳区,白水坝,5.0,单人洗剪吹/护理套餐2选1,39,101038
可唻咿造型（合肥步行街总店）,庐阳区,宿州路,5.0,高级设计师洗剪吹,29.8,27044
可唻咿造型（蜀山区港汇广场明星店）,庐阳区,银泰百货,4.8,高级设计师洗剪吹,29.8,27044
启明星·时尚（百花井炫彩店）,庐阳区,百花井,5.0,美发套餐,128,24643
88潮牌美发连锁（百花井店）,庐阳区,百花井,5.0,单人洗剪吹,38.8,20221
迪美造型（信地城市广场店）,庐阳区,宿州路,4.7,【品质特惠】单人欧莱雅烫/染5选1+护理,128,14350
88潮牌美发连锁（银泰中心店）,庐阳区,银泰百货,5.0,单人美发轻度受损发质烫/染/直,299,12101
美天淘日系沙龙（万豪广场店）,庐阳区,双岗,4.7,单人设计师洗剪吹,28,9974
Hi拉妃（宿州路旗舰店）,庐阳区,百花井,5.0,单人欧莱雅烫/染二选一（含护理）,168,9018
Hi拉妃（新天地店）,庐阳区,白水坝,5.0,单人欧莱雅烫/染二选一（含护理）,168,9018
美学·星工坊（步行街店）,庐阳区,银泰百货,4.0,单人总监欧莱雅美奇丝烫染套餐,158,7519
设计坊SHE造型（银泰中心店）,庐阳区,红星路,5.0,代金券,5,4185
设计坊SHE造型（百花井店）,庐阳区,百花井,5.0,代金券,5,4185
玛莎国际专业接发潮牌（步行街旗舰店）,庐阳区,宿州路,5.0,单人全真无痕隐形接发（55cm）拆卸无残留,780,3954
绚诺soho造型（步行街旗舰店）,庐阳区,宿州路,4.3,单人小资美发 染/烫/柔顺/直发/定位5选1+护理 套餐,148,3311
黑白秀形象设计中心（红星路二店）,庐阳区,红星路,3.8,代金券,98,3232
乔蔚造型（女人街店）,庐阳区,三孝口,5.0,单人洗剪吹造型套餐,35,3166
玛莎国际专业接发潮牌（女人街店）,庐阳区,宿州路,5.0,单人全真无痕隐形接发（75cm）拆卸无残留,1280,3158
至品造型,庐阳区,三孝口,4.7,单人创意总监洗剪吹1次,27.9,2574
新元素造型（淮河路店）,庐阳区,银泰百货,4.4,单人首席洗剪吹造型1次,35,2480
艾比丽私人订制全国烫染连锁（上城国际店）,庐阳区,凤台路大润发,5.0,单人资深设计师洗剪吹,19.8,2380
艾比丽私人订制全国烫染连锁（蓝筹国际店）,庐阳区,庐阳区,5.0,单人资深设计师洗剪吹,19.8,2380
1号连锁美发专家（步行街绿都商城店）,庐阳区,庐阳区,3.5,乔薇尔（JOVIAL)单选,339,2334
艾比丽私人订制全国烫染连锁（欧尚店）,庐阳区,步行街,5.0,单人烫发染发2选1,168,2100
艾比丽私人订制全国烫染连锁（步行街潮色店）,庐阳区,宿州路,4.9,单人烫发染发2选1,168,2100
艾比丽私人订制全国烫染连锁（银泰中心店）,庐阳区,银泰百货,5.0,单人烫发染发2选1,168,2100
米咔造型专业接发烫染店（欧尚店）,庐阳区,步行街,4.6,单人店长总监高端烫染3选1,398,1898
米咔造型（步行街潮色店）,庐阳区,宿州路,4.2,单人店长总监高端烫染3选1,398,1898
剪艺工作室,庐阳区,阿奎利亚,5.0,单人洗剪吹,14.8,1111
名将造型（双岗店）,庐阳区,双岗,5.0,单人洗剪吹套餐,38,1103
名将造型（阜阳路店）,庐阳区,凤台路大润发,5.0,单人洗剪吹套餐,38,1103
CoCo时尚色彩造型（百花井店）,庐阳区,百花井,5.0,【CoCo】奢华施华蔻烫发/染发2选1（含护理）,368,1102
JK潮牌沙龙（银泰中心高端店）,庐阳区,银泰百货,3.0,烫染代金券,4.9,1071
杰梵琪发型（商之都店）,庐阳区,红星路,5.0,单人高级洗剪吹套餐,29,899
回忆私人定制,庐阳区,宿州路,4.7,单人洗剪吹套餐,35,842
TONI&GUY;汤尼英盖美发沙龙（银泰中心店）,庐阳区,银泰百货,5.0,【专业组】精雕裁剪1次,139,711
小世界.潮沙龙（三孝口店）,庐阳区,三孝口,4.0,总监单人剪发,29,687
经典美业（合肥店）,庐阳区,庐阳区,4.2,烫/染/拉直柔顺人气套餐,148,675
直觉品质烫染连锁（融侨店）,庐阳区,宿州路,5.0,单人首席洗剪吹造型套餐,31,98
直觉潮牌造型连锁（三中店）,庐阳区,宿州路,4.9,单人首席洗剪吹造型套餐,31,98
H-color潮牌造型沙龙,庐阳区,白水坝,5.0,（剪发）单人总监洗剪吹一次,29.9,92
T G同根设计（步行街店）,庐阳区,步行街,5.0,单人资深发型师洗剪吹1次,38,81
白厦美容美发（万科森林公园店）,庐阳区,庐阳区,5.0,【高级】精剪套餐一次,30,78
网红FS美发沙龙,庐阳区,宿州路,5.0,潮人洗剪吹,20,74
国颐堂养发spa馆,庐阳区,亳州路,4.4,皇室健康清调洗头,36,69
金克斯潮流沙龙,庐阳区,白水坝,3.8,单人剪发,19,66
卓玛护肤造型（汇银广场店）,庐阳区,汇银广场,4.3,单人洗剪吹造型一次,20,65
卡玛造型,庐阳区,凤台路大润发,4.2,高级发型师洗剪吹单人套餐,25,64
J-pop烫发染发接发（女人街店）,庐阳区,女人街,5.0,J-pop网红造型师单人体验裁剪+时尚造型套餐,68,64
倪龙·潮沙龙（步行街店）,庐阳区,宿州路,3.6,单人资深设计师洗剪吹造型,55,60
卡其美发沙龙,庐阳区,祥源广场,4.0,单人洗剪吹+时尚烫染2选1套餐,128,59
newhouse吾名手作,庐阳区,女人街,5.0,【开业特惠】高级发型师洗剪吹,50,58
Mr、Zomer 琢磨先生,庐阳区,四里河,5.0,总监洗剪吹单人套餐,59,50
artist艺术形象设计沙龙（银泰中心店）,庐阳区,银泰百货,5.0,单人首席设计师洗剪吹,49,42
都市风情（宿州路店）,庐阳区,宿州路,3.6,烫染套餐,168,41
顶美造型,庐阳区,宿州路,4.6,高级设计师剪发单人套餐,29,39
品尚发型私享订制,庐阳区,银泰百货,5.0,高级设计师剪发造型,58,35
森林氧吧养生阁,庐阳区,银泰百货,5.0,单人汗蒸+面部水疗,68,32
时尚造型,庐阳区,庐阳区,4.1,单人洗剪吹套餐,25,30
家和生活馆,庐阳区,蒙城北路,4.2,单人专业植物养发套餐,9.9,28
東田造型（银泰中心店）,庐阳区,银泰百货,4.0,单人品牌高级发型师洗剪吹1次,252,22
美尚造型,庐阳区,电子16所,4.0,洗剪吹单人套餐,28,21
宝贝隐形接发纹绣工作室,庐阳区,宿州路,5.0,单人纳米无痕接发体验1次,7.8,19
Top Design,庐阳区,财富广场,3.6,单人首席洗剪吹+威娜烫/染2选1+高级护理套餐,298,19
id  Hair Salon（银泰中心店）,庐阳区,银泰百货,3.8,美发券,0.1,16
梦巴黎,庐阳区,庐阳区,5.0,单人剪发套餐,18,15
创星剪艺,庐阳区,汇银广场,4.2,单人烫/染2选1单人套餐,149,15
Solo Hair Salon美发 sopen美甲,庐阳区,四牌楼,3.8,韩系塑性烫+剪发/潮流纯色染发+剪发（单人）,299,15
名都美发（大富绿洲店）,庐阳区,凤台路大润发,3.8,单人洗剪吹+烫发/染发2选1时尚套餐,158,14
星秀造型（百大CBD店）,庐阳区,三孝口,3.7,首席洗剪吹单人套餐,38,14
艾洛斯造型,庐阳区,女人街,4.6,单人洗剪吹+烫染2选1+护理套餐,198,14
颠峰造型（财富广场店）,庐阳区,庐阳区,3.5,高级设计师洗剪吹单人套餐,30,13
尚匠潮沙龙,庐阳区,凤台路大润发,4.6,单人首席洗剪吹套餐,22,11
艾希日韩沙龙,庐阳区,双岗,4.5,总监剪发套餐（单人）,40,11
Me Hair Salon,庐阳区,银泰百货,3.8,高级设计师剪发单人套餐,30,10
真沙龙,庐阳区,红星路,3.6,单人时尚剪发,58,8
Bobby私人订制,庐阳区,庐阳区,4.0,bobby私人订制洗剪造型+品牌烫/染二选一+巴西生命果精华护理单人,398,5
Bang发型工作室,庐阳区,百花井,3.8,洗吹造型单人套餐,22,4
A/m造型工作室,庐阳区,四牌楼,4.6,单人洗剪吹+精品白领染烫2选1,198,4
缘形象设计,庐阳区,四牌楼,3.5,单人总监剪发+造型1次,59,3
聚点形象工作室,庐阳区,亳州路,3.5,修眉单人套餐,4.9,3
Top Design（顶尖设计）,庐阳区,汇银广场,4.4,单人可莉秀烫/染套餐,268,3
小杰纹绣,庐阳区,宿州路,3.5,接发（单人）,100,2
ANGEL ART天使高端私人定制,庐阳区,银泰百货,3.5,[剪发]单人精修剪+营养护理次,88,2
银湖专业造型护肤,庐阳区,蒙城北路,4.2,单人尊享烫/染+护理套餐,168,1
发品秀,庐阳区,双岗,3.7,单人头发护理套餐,58,1
百汇造型美甲,庐阳区,橡树湾,5.0,单人洗剪吹,15,1
Smart Salon沙玛特造型,庐阳区,凤台路大润发,3.6,店长洗剪吹单人套餐,48,1
Mr.C小虫造型,庐阳区,白水坝,4.0,【女士专享】精致单人裁剪,20,1
GZ  Noble（贵族发艺）,庐阳区,银泰百货,3.5,学生专属烫染2选1单人套餐,218,1
倪龙造型（双岗店）,庐阳区,双岗,3.8,韩式烫/染单人套餐,228,0
简艺沙龙,庐阳区,凤台路大润发,3.9,烫染2选1单人套餐,78,0
艺接发,庐阳区,步行街,4.2,单人55cm10片无痕原辫接发1次,200,0
创艺私人定制造型,庐阳区,阜南路,3.0,创意总监烫/染2选1单人套餐,298,0
简艺（三孝口店）,庐阳区,女人街,3.8,露新兰烫发+染发+护理单人套餐,168,0
佑米造型（瑶海万达壹造型店）,瑶海区,瑶海万达广场,5.0,丽人狂欢节-欧莱雅烫/染二选一,228,310649
欧莱雅私人定制（听莎沙龙店）,瑶海区,瑶海万达广场,5.0,单人洗剪吹/护理套餐2选1,39,101038
欧莱雅私人定制（菲纹形象设计店）,瑶海区,武里山天街,4.9,单人洗剪吹/护理套餐2选1,39,101038
米娜造型（万达金街店）,瑶海区,瑶海万达广场,4.6,单人美发套餐5选1,128,35164
佑美乐造型,瑶海区,新亚汽车站,4.7,单人剪发套餐1份,39.8,28761
可唻咿造型（宝业东城广场总店）,瑶海区,宝业东城广场,5.0,高级设计师洗剪吹,29.8,27044
可唻咿造型（私人定制听沙造型店）,瑶海区,瑶海万达广场,4.2,高级设计师洗剪吹,29.8,27044
可唻咿造型（家天下生活广场店）,瑶海区,家天下,4.8,高级设计师洗剪吹,29.8,27044
启明星·时尚（宝业东城广场名人店）,瑶海区,宝业东城广场,5.0,美发套餐,128,24643
绚诺soho造型（琥珀名城店）,瑶海区,长江东路,4.1,单人资深造型师洗剪吹套餐,29.8,20643
迪美造型（瑶海万达总店）,瑶海区,瑶海万达广场,5.0,单人设计师洗剪吹1次,29.8,13349
Hi拉妃（城市之光店）,瑶海区,裕溪路,5.0,单人欧莱雅烫/染二选一（含护理）,168,9018
Hi拉妃（瑶海万达品质店）,瑶海区,瑶海万达广场,5.0,单人欧莱雅烫/染二选一（含护理）,168,9018
Hi拉妃（宝业东城合肥总店）,瑶海区,宝业东城广场,5.0,单人欧莱雅烫/染二选一（含护理）,168,9018
尚美形象（城市之光店）,瑶海区,裕溪路,3.5,综合烫染套餐,418,4195
设计坊SHE造型私人订制（合肥总店）,瑶海区,宝业东城广场,5.0,代金券,5,4185
设计坊SHE造型（瑶海万达店）,瑶海区,瑶海万达广场,5.0,代金券,5,4185
MS玛莎国际专业接发潮牌（合肥总店）,瑶海区,宝业东城广场,4.9,单人全真无痕隐形接发（55cm）拆卸无残留,780,3954
亮姿美（中绿广场店）,瑶海区,火车站,3.5,单人烫染套餐,221,2387
艾比丽私人订制全国烫染连锁（传奇人生店）,瑶海区,和平路,5.0,单人资深设计师洗剪吹,19.8,2380
艾比丽私人订制全国烫染连锁（元一名城店）,瑶海区,元一名城,3.5,单人资深设计师洗剪吹,19.8,2380
艾比丽私人订制（宝业东城广场店）,瑶海区,宝业东城广场,5.0,单人资深设计师洗剪吹,19.8,2380
艾比丽私人订制全国烫染连锁（原创生活店）,瑶海区,瑶海家具大世界,4.1,单人资深设计师洗剪吹,19.8,2380
卡斯私人定制烫染名店（合肥总店）,瑶海区,宝业东城广场,5.0,单人施华蔻烫/染/拉3选1豪华套餐,368,2104
艾比丽私人订制全国烫染连锁（莱迪广场店）,瑶海区,明光路汽车站,5.0,单人烫发染发2选1,168,2100
姝秀造型（吴氏烫染店）,瑶海区,长江批发市场,4.7,【爆款】设计师剪裁造型单人,38,1600
维丝特造型,瑶海区,家天下,4.3,单人洗剪吹造型,14.8,1538
名发轩造型,瑶海区,火车站,5.0,单人时尚精剪+洗+吹套餐,13.8,986
小世界发型定制（和平路店）,瑶海区,瑶海区,3.5,总监单人剪发,29,687
经典美业（五洲商城店）,瑶海区,火车站,4.0,烫/染/拉直柔顺人气套餐,148,675
发线美,瑶海区,大通路,5.0,合肥发线美洗剪吹一次,15,647
名发世家美容美发（琅琊店）,瑶海区,元一广场,3.6,【护发节】}洗发+剪发+护发+日韩造型1次,55,554
名发世家美容美发（临泉路店）,瑶海区,临泉路,3.8,【护发节】}洗发+剪发+护发+日韩造型1次,55,554
丝域养发馆（元一名城店）,瑶海区,元一名城,4.0,丝域玫瑰水润SPA单人套餐,69,525
听莎发型设计沙龙（家天下店）,瑶海区,家天下,4.7,[剪发]单人资深设计师精剪一次,25,444
听莎发型设计沙龙（万达店）,瑶海区,瑶海万达广场,5.0,[剪发]单人资深设计师精剪一次,25,444
艾比丽杭派烫染（文忠苑旗舰店）,瑶海区,磨店,5.0,洗剪吹,18.8,438
东尼造型,瑶海区,磨店,4.1,洗剪吹,10.9,419
慧敏美容美发,瑶海区,瑶海区,3.5,洗剪吹一次,14,379
琪峰造型,瑶海区,磨店,4.8,单人 首席洗剪吹套餐,17.9,371
鸿尚美发,瑶海区,生态公园,5.0,洗+剪+造型套餐,15.8,345
金尚国际烫染会所,瑶海区,磨店,5.0,单人精剪套餐,19.8,340
壹造型（瑶海万达店）,瑶海区,瑶海万达广场,5.0,单人首席定制修剪,28,305
壹造型（琥珀名城店）,瑶海区,东二环,5.0,单人首席定制修剪,28,305
剪艺造型,瑶海区,磨店,4.7,单人洗剪吹套餐,14.9,279
卡尔形象设计,瑶海区,瑶海区,4.7,名媛国际创意精剪,19.9,265
谱瑞缇丝,瑶海区,武里山天街,5.0,首席设计师洗剪吹一次,20,265
skill·品,瑶海区,瑶海万达广场,4.9,资深设计师洗剪吹套餐（单人）,26,243
逼格工作室,瑶海区,火车站,5.0,总监剪发,34,231
妞妞麻吉造型（和平盛世店）,瑶海区,和平路,5.0,【男士专享】精致单人裁剪1次,40,231
曼莎国际专业接发潮牌（宝业东城合肥总店）,瑶海区,宝业东城广场,5.0,单人全真无痕隐形接发（55c m）,10,226
東成造型（格兰店）,瑶海区,瑶海区,4.6,单人洗剪吹套餐,18,203
Big up艺术形象设计（飞发走丝店）,瑶海区,磨店,5.0,单人总监剪发,38,203
南国秀（南国秀N1）,瑶海区,临泉路,4.2,烫染2选1,130,9
欧泉国际瑜伽造型,瑶海区,火车站,4.9,单人设计师洗剪吹一次,20,8
丽容阁护肤造型,瑶海区,瑶海区,4.3,染烫二选一套餐（单人）,88,7
飞发走丝烫染店,瑶海区,瑶海区,3.5,单人洗+剪+吹,20,5
聚星珍珍美发美容连锁店（2店）,瑶海区,和平路,3.8,单人洗剪吹+时尚烫染套餐,88,4
Lookme 造型,瑶海区,长江东路,3.0,单人洗+剪+吹套餐,20,2
髪时代时尚专业品质店,瑶海区,瑶海区,4.6,单人超值烫染2选1,89,2
Lookme 造型（元一名城店）,瑶海区,元一名城,3.8,单人洗+剪+吹套餐,20,2
时尚沣情,瑶海区,新亚汽车站,4.3,单人洗剪吹+短发新潮烫染护3选1套餐,139,1
pandora潘多拉护肤造型,瑶海区,和平路,4.1,单人洗吹套餐,25,1
发拉丽造型,瑶海区,临泉路,3.0,单人洗+剪+吹套餐,20,1
爱莎造型,瑶海区,瑶海区,3.5,单人洗剪吹+时尚染发套餐,88,0
爱莎造型（长江东路店）,瑶海区,长江批发市场,3.6,单人洗剪吹+时尚染发套餐,88,0
金静韩美容推拿美发沙龙,瑶海区,瑶海区,3.5,单人超值日本菲灵烫染套餐,480,0
佑米造型（万达茂旗舰店）,包河区,滨湖万达文化旅游城,5.0,丽人狂欢节-欧莱雅烫/染二选一,228,310649
佑米造型（马鞍山路旗舰店）,包河区,万达广场,5.0,丽人狂欢节-欧莱雅烫/染二选一,228,310649
佑米造型（大摩广场日系店）,包河区,高铁南站,5.0,丽人狂欢节-欧莱雅烫/染二选一,228,310649
佛伦斯私人定制烫染名店（科技大学店）,包河区,百脑汇,5.0,美芝品系列单人美发套餐,168,143257
瑞豪专业烫染连锁（百脑汇明星店）,包河区,百脑汇,4.9,【资深设计师】提案+精致裁剪+造型,28.8,107232
欧莱雅私人定制（合肥绿地悦荟城店）,包河区,太湖路,4.9,单人洗剪吹/护理套餐2选1,39,101038
佑美乐造型（滨湖万科城店）,包河区,悦方IDMALL,5.0,单人剪发套餐1份,39.8,28761
佑美乐造型（高级私人定制万达店）,包河区,万达广场,5.0,单人剪发套餐1份,39.8,28761
佑美乐造型（星光天地店）,包河区,太湖路,4.7,单人剪发套餐1份,39.8,28761
可唻咿造型（美丽频道包河区万达店）,包河区,万达广场,5.0,高级设计师洗剪吹,29.8,27044
88潮牌美发连锁（蓓丽店）,包河区,马鞍山路,4.0,单人洗剪吹,38.8,20222
迪美造型（宁国路店）,包河区,包河区,4.6,单人设计师洗剪吹1次,29.8,13349
丝域养发馆（滨湖万科蓝山店）,包河区,包河区,4.0,玫瑰香薰spa+水润头皮护理,88,10636
Hi拉妃（绿地悦荟城店）,包河区,马鞍山路,5.0,单人欧莱雅烫/染二选一（含护理）,168,9018
尚美形象（望湖店）,包河区,包河区,3.9,综合烫染套餐,418,4195
玛莎国际专业接发潮牌（包河店）,包河区,宁国路,4.7,单人全真无痕隐形接发（55cm）拆卸无残留,780,3954
精工发型（桐城路店）,包河区,桐城南路,5.0,精工造型洗剪吹,20.9,3234
精工发型桐城路店（青弋江路店）,包河区,徽州大道,5.0,精工造型洗剪吹,20.9,3234
黑白秀形象设计中心（红星路一店）,包河区,桐城路,5.0,代金券,98,3232
黑白秀形象设计中心（桐城路旗舰店）,包河区,太湖路,4.8,代金券,98,3232
黑白秀形象设计中心（南苑店）,包河区,太湖路,5.0,代金券,98,3232
莫奈私人订制店,包河区,太湖路,3.0,单人资深设计师洗剪吹,19.8,2380
艾比丽私人订制（莫奈沙龙店）,包河区,宁国路,5.0,单人资深设计师洗剪吹,19.8,2380
艾比丽私人订制全国烫染连锁（宁国路DR店）,包河区,宁国路,5.0,单人烫发染发2选1,168,2100
私属造型（包河万达店）,包河区,万达广场,4.9,督导剪发+酸性护理,480,1210
名将造型（卫岗旗舰店）,包河区,太湖路,5.0,单人洗剪吹套餐,38,1103
韩影私人订制（米娜造型）,包河区,太湖路,3.5,韩影单人品质靓发套系B,178,1037
阿里造型（格林雅地店）,包河区,包河苑,5.0,单人品质染烫造型定制,199.9,1017
HANGREAT韩概造型（包河万达店）,包河区,万达广场,5.0,【总监】精剪+造型,69,884
M1G HAIR salon 日系店,包河区,宁国路,5.0,单人总监洗剪吹+造型,25.8,875
丽妍春天养生SPA会所（马鞍山路旗舰店）,包河区,马鞍山路,5.0,单人洗剪吹一次,25,851
乔姿工作室,包河区,马鞍山路,5.0,乔姿·董杰工作室烫发/染发2选1,108,761
NICETIME 那时美发沙龙（滨湖万达茂店）,包河区,滨湖万达文化旅游城,5.0,单人督导剪发套餐,49,760
小世界.潮沙龙（宁国路店）,包河区,宣城路,3.5,总监单人剪发,29,687
小世界.潮沙龙（望湖城店）,包河区,包河区,4.1,总监单人剪发,29,687
小世界.潮沙龙（卫岗店）,包河区,徽州大道,5.0,总监单人剪发,29,687
小世界.潮沙龙（淝河路店）,包河区,淝河路,3.5,总监单人剪发,29,687
小世界美容美发（包河苑店）,包河区,包河苑,3.5,总监单人剪发,29,687
小世界美容美发（银杏苑店）,包河区,徽州大道,3.5,总监单人剪发,29,687
飘柔美容美发中心（万振逍遥苑店）,包河区,马鞍山路,4.9,单人高级发型师洗剪吹1次,64,259
亿流造型,包河区,望江东路,4.2,单人总监洗剪吹+造型套餐,22,229
Sieson 丝颂沙龙（万达店）,包河区,万达广场,5.0,单人资深设计师剪发造型一次,45,222
品尚.Hair Salon,包河区,徽州大道,5.0,单人造型+品牌烫染二选一,288,215
L  style造型室,包河区,太湖路,5.0,首席设计师精剪+造型,39,207
睿造型,包河区,太湖路,4.5,总监剪发单人套餐,30,201
小香港形象沙龙,包河区,万达广场,4.4,洗剪吹,23,177
佳人有约美容美发,包河区,包河区,5.0,洗剪吹,15.8,170
韩国美发沙龙,包河区,太湖路,5.0,洗剪吹套餐,20,164
首选名匠,包河区,南一环,4.0,设计师洗剪吹,36,164
名艺造型,包河区,太湖路,4.6,单人洗发+精剪+造型,26,148
蔓丝国际专业接发潮牌（总店）,包河区,包河区,5.0,单人全真无痕隐形接发（75cm）,10.8,145
飘逸煌霆国际美容美发（马鞍山路店）,包河区,新都会家乐福,3.7,设计师剪发单人套餐1次,24.8,140
维斯沙龙,包河区,包河区,4.8,洗剪吹,30,127
震天美业潮牌沙龙（望湖店）,包河区,高铁南站,4.6,B套餐洗剪吹（单人）,22.8,123
瑞丝造型.潮Salon（南一环店）,包河区,桐城南路,5.0,单人首席剪发1次,28,118
1986连锁造型,包河区,宁国路,4.1,单人首席设计师剪发一次,28,117
品尊造型（威斯汀店）,包河区,万达广场,4.9,首席发型师洗剪吹套餐,49,116
塑型形象设计,包河区,包河区,4.9,单人资深设计师洗剪吹,18,91
魅力造型专业烫染,包河区,望江东路,4.7,单人洗剪吹套餐,15.8,88
马威斯沙龙私人工作室（铂金汉宫店）,包河区,马鞍山路,5.0,首席设计师剪发单人套餐,45,84
发之泓养发馆（太湖店）,包河区,太湖路,4.7,发之泓养发护理套餐  39,39,59
划时代美发,包河区,包河区,3.7,单人资深设计师洗剪吹一次,20,59
玛丽艳好丽美容会所,包河区,万达广场,4.5,荟新丝润养发套餐,19.8,46
Belle蓓丽造型,包河区,望江东路,5.0,单人总监定制修剪+造型,45,41
YH-hairsalon,包河区,万达广场,4.9,[开业钜惠]单人设计师剪发+造型一次,48,41
左岸造型公社,包河区,包河苑,4.3,单人订制剪发+护发套餐,69.9,40
伊妮坊美丽会所,包河区,宁国路,3.9,艺术总监剪发单人套餐,25,38
飘柔美容美发中心（芜湖路店）,包河区,芜湖路,4.9,【新客特惠】单人高级发型师剪发,38,37
tp造型,包河区,万达广场,3.5,总监剪发单人套餐,18,37
玖锦生发黑发护发,包河区,太湖路,5.0,纯中草茶麸养发 任何脱发护理,30,31
仲俊私人设计工作室,包河区,周谷堆,5.0,单人设计师洗剪吹一次,28.8,29
艺流,包河区,包河苑,5.0,单人烫染项目通用,1,28
东尼形象沙龙（芜湖路店）,包河区,芜湖路,4.1,单人洗剪吹套餐,39,28
艾熙韩式半永久纹绣（包河万达店）,包河区,万达广场,5.0,单人冰点OPT脱.毛体验一次,58,23
雅丝专业烫染,包河区,包河区,5.0,烫发染发2选1,88,22
柒颜HairSalon,包河区,宿松路,4.6,总监精致裁剪+造型,58,22
丝域养发馆（太湖路店）,包河区,太湖路,4.3,玫瑰精油养发单人套餐,68,15
华俪发艺造型,包河区,南一环,4.4,华俪造型烫染套餐,78,12
太阳风美容美发（小世界旗下品牌店）,包河区,太湖路,3.5,资深发型师单人烫染护套餐,358,10
佑米造型（中环城店）,经开区,大学城,5.0,丽人狂欢节-欧莱雅烫/染二选一,228,310649
佛伦斯私人定制烫染名店（中环城店）,经开区,大学城,5.0,美芝品系列单人美发套餐,168,143257
佛伦斯私人定制烫染名店（明珠广场店）,经开区,经开区,5.0,美芝品系列单人美发套餐,168,143257
欧莱雅私人定制（中环城国际公寓店）,经开区,中环城,5.0,单人洗剪吹/护理套餐2选1,39,101038
佑美乐造型（明筑花园店）,经开区,经开区,4.7,单人剪发套餐1份,39.8,28761
可唻咿造型（中环城店）,经开区,大学城,5.0,高级设计师洗剪吹,29.8,27044
JK潮牌沙龙（锦绣店）,经开区,经开区,5.0,洗吹造型单人套餐,15,1204
杰梵琪发型（港澳广场店）,经开区,港澳广场,5.0,单人高级洗剪吹套餐,29,899
小世界.潮沙龙（百乐门店）,经开区,经开区,3.8,总监单人剪发,29,687
发之轩,经开区,经开区,5.0,单人洗剪吹套餐,17.8,613
阿玛尼视觉造型（大学城店）,经开区,大学城,5.0,单人总监剪发套餐1次,28.8,613
丝艺造型,经开区,经开区,5.0,单人丝艺造型洗剪吹,17.8,561
名发世家（明珠广场店）,经开区,明珠广场,4.4,【护发节】}洗发+剪发+护发+日韩造型1次,55,554
HOT WIND（港澳广场店）,经开区,港澳广场,5.0,单人资深设计师洗剪吹1次,29.8,472
完美选择,经开区,经开区,4.6,精剪造型套餐,18,413
欧乐造型,经开区,经开区,4.7,洗剪吹套餐,16.8,326
365天天漂亮造型会所（玫瑰园店）,经开区,大学城,4.6,烫发单人美发套餐,280,82
格格梳美发,经开区,大学城,5.0,单人设计洗剪吹一次,23.9,67
名廊造型连锁机构,经开区,经开区,4.1,单人洗剪吹套餐1次,15,57
遇见天后潮牌沙龙,经开区,大学城,5.0,单人烫发套餐,109,43
凡高美发美甲,经开区,经开区,4.7,设计师洗剪吹单人体验1次,15.9,41
汇星美容美发沙龙（工大店）,经开区,经开区,5.0,单人剪发体验一次,23,39
俏佳人美业（大学城店）,经开区,大学城,3.7,单人设计师剪发体验,30,29
ARMANI海派（中环店）,经开区,经开区,3.7,单人洗剪吹1次,28,26
美尚烫染造型,经开区,经开区,3.5,资深发型师剪发单人套餐,17.8,21
港尚造型,经开区,经开区,3.0,欧莱雅生化烫或染,88,7
show私人发型定制,经开区,港澳广场,3.5,单人洗剪吹造型,59,5
视觉造型会所,经开区,经开区,3.5,单人烫发1次,88,3
国颐堂养发养生sap会馆,经开区,经开区,3.5,单人皇室健康清调洗头套餐,38,2
色谷美学中心（旗舰店）,政务区,天鹅湖万达广场,5.0,单人洗剪吹套餐,88,63
发之泓养发馆（天鹅湖店）,政务区,天鹅湖万达广场,3.8,养发护理套餐,39,54
ONE 一个工作室,政务区,天鹅湖万达广场,4.5,单人银子老师定制造型,189,30
ANSWERS安泽西发型,政务区,天鹅湖万达广场,5.0,【新客特惠】首席设计师剪发套餐,78,30
天妮美发形象设计（凯旋门店）,政务区,新地中心,5.0,艺术总监洗剪吹,49,25
靓点美容美发,政务区,政务区,5.0,单人精致洗剪吹套餐,19.9,25
青丝木香养发馆,政务区,天鹅湖万达广场,4.9,国际一线品牌卡诗洗护1次,30,16
丝享造型,政务区,天鹅湖万达广场,4.2,丝享造型158元套餐,158,7
Cosy Hair Studio,政务区,天鹅湖万达广场,3.5,可丝造型,80,5
蓝梦空间发艺公社,政务区,天鹅湖万达广场,3.5,柔顺护理单人套餐,48,3
裁丝阁形象沙龙,政务区,天鹅湖万达广场,4.2,单人烫发/染发护理套餐,168,2
雅莲养发spa生活馆,政务区,天鹅湖银泰城,5.0,单人斑秃/产后脱发2选1套餐1次,158,2
J&S;私人形象定制,政务区,天鹅湖万达广场,4.0,单人剪发+设计发型,142,2
women 17美发沙龙,政务区,天鹅湖万达广场,3.5,东阳剪发设计一次,80,0
布莱森国际烫染连锁（天俄湖万达广场店）,政务区,天鹅湖万达广场,3.5,布莱森国际烫染连锁,298,0
佑米造型（滨湖高速时代广场店）,滨湖区,高速滨湖时代广场,5.0,丽人狂欢节-欧莱雅烫/染二选一,228,310650
佑米造型（滨湖店）,滨湖区,滨湖世纪城,5.0,丽人狂欢节-单人洗剪吹1份,29.8,289480
佑美乐造型（滨湖世纪城店）,滨湖区,滨湖世纪城,5.0,单人剪发套餐1份,39.8,28761
可唻咿造型（滨湖世纪城店）,滨湖区,滨湖世纪城,5.0,高级设计师洗剪吹,29.8,27044
Hi拉妃（滨湖店）,滨湖区,滨湖世纪城,5.0,单人欧莱雅烫/染二选一（含护理）,168,9018
美学·星工坊（滨湖店）,滨湖区,滨湖世纪城,4.1,单人总监欧莱雅美奇丝烫染套餐,158,7519
玛莎国际专业接发潮牌（滨湖世纪城店）,滨湖区,滨湖世纪城,5.0,单人全真无痕隐形接发（55cm）拆卸无残留,780,3954
FC salon,滨湖区,滨湖世纪城,4.6,单人FC Salon洗剪吹造型,18,1751
姝秀造型（第五元素美发店）,滨湖区,滨湖区,4.0,【爆款】设计师剪裁造型单人,38,1600
名发世家（滨湖店）,滨湖区,滨湖世纪城,4.4,【护发节】}洗发+剪发+护发+日韩造型1次,55,554
丝域养发馆（世纪金源店）,滨湖区,滨湖世纪城,4.0,丝域玫瑰水润SPA单人套餐,69,525
时光造型私人订制烫染全国连锁（滨湖店）,滨湖区,滨湖世纪城,4.7,【资深剪发】资深设计师洗剪吹套餐,19.8,437
Wendy hair salon（温蒂美发沙龙）,滨湖区,滨湖世纪城,4.9,单人洗剪吹套餐,28.9,169
美爵造型（临滨苑店）,滨湖区,滨湖世纪城,5.0,欧莱雅系列单人,148,159
老夏理发店,滨湖区,高速滨湖时代广场,5.0,单人洗剪吹体验,9.9,126
曼莎国际专业接发潮牌（滨湖店）,滨湖区,滨湖世纪城,4.7,单人全真无痕隐形接发（75cm）,12.8,115
香姿美发,滨湖区,滨湖区,4.6,单人洗剪吹套餐,19.9,106
DU美发工作室,滨湖区,滨湖世纪城,5.0,单人剪发➕日韩轻烫/定制染,499,57
Mind hair salon麦德美发工作室,滨湖区,滨湖世纪城,5.0,单人洗剪吹体验一次,29.8,51
组合造型,滨湖区,滨湖区,3.9,单人剪发,25,44
大上海美容美发（世纪金源店）,滨湖区,滨湖区,4.2,单人设计师洗剪吹1次,28,36
WD接发潮牌,滨湖区,滨湖世纪城,4.7,单人全真无痕隐形接发（65cm）,9.9,9
尚之艺国际美业传奇,滨湖区,滨湖世纪城,3.5,单人冷塑造型,258,0
皇贵妃私人订制•名店（沃尔玛店）,巢湖市,东方新世界,5.0,韩国卡梦思阿尔刚果无受损烫/染,348,10890
皇贵妃私人订制•名店（人民路老凤祥总店）,巢湖市,巢湖百大购物中心,5.0,韩国卡梦思阿尔刚果无受损烫/染,348,10890
宇宣发艺,巢湖市,巢湖,5.0,洗剪吹套餐,17.8,948
一诺美业,巢湖市,安德利购物中心,4.4,美发精剪套餐,20,447
東方名剪,巢湖市,安德利购物中心,4.7,C级产品烫发染发2选1,198,136
阿七发艺,巢湖市,巢湖火车站,4.2,洗剪吹一次,10,121
完美造型,巢湖市,巢湖,4.1,洗剪吹套餐,10,29
宇琪美容美发,巢湖市,东方新世界,3.9,单人首席设计师洗剪吹造型一次,15,22
天道造型,巢湖市,巢湖,4.2,天道单人艾文烫发套餐,198,6
艾丝美容美发,巢湖市,巢湖,4.0,烫发/染发2选1,188,2
顶尖一族,巢湖市,东方新世界,3.0,剪烫套餐,118,1
金色麦浪,巢湖市,巢湖,3.0,单人单次剪发造型,18,0
Hi拉妃（名邦广场店）,肥西县,名邦广场,5.0,单人欧莱雅烫/染二选一（含护理）,168,9018
木子造型,肥西县,水晶城,4.8,木子造型单人洗剪吹套餐,16.8,412
美约造型连锁,肥西县,名邦广场,4.2,美约造型美发套餐,16.9,268
爱美形象,肥西县,名邦广场,5.0,高级单人洗剪吹套餐,19.9,226
蒂玛国际美容美发（上派店）,肥西县,水晶城,4.5,单人高级设计师洗剪吹一次,18,75
时光美发沙龙,肥西县,肥西县,4.4,单人洗剪吹+造型1次,19,68
魔发师国际造型连锁（名邦广场店）,肥西县,名邦广场,5.0,[剪发]高级单人洗剪吹套餐,19.9,59
北国spa会所,肥西县,水晶城,3.9,北国SPA会所,29.9,33
新界发型,肥西县,肥西县,4.4,新界发型染发/烫发套餐,68,32
梵潮造型,肥西县,水晶城,4.4,【新店特惠】洗剪+吹干套餐,17.9,27
洪滨造型,肥西县,肥西县,3.5,单人总监洗剪吹1次,30,24
明珠国际美容美发（肥西店）,肥西县,肥西县,4.4,单人染发造型,139,3
