﻿商家,区域,商圈,星级,服务,价格,销量
佑米造型（新都心麦凯乐店）,市北区,新业广场,5.0,丽人狂欢节-欧莱雅烫/染二选一,228,310626
佑米造型（青岛市台东店）,市北区,台东步行街商圈,5.0,丽人狂欢节-欧莱雅烫/染二选一,228,310626
佑米造型（延吉路万达店）,市北区,万达CBD,4.5,丽人狂欢节-欧莱雅烫/染二选一,228,310626
佑米造型（合肥路店）,市北区,市北区,5.0,丽人狂欢节-欧莱雅烫/染二选一,228,310626
欧莱雅私人定制（理工大学店）,市北区,市北区,5.0,单人洗剪吹/护理套餐2选1,39,101034
欧莱雅私人定制美发连锁（青岛CBD万达店）,市北区,万达CBD,5.0,单人洗剪吹/护理套餐2选1,39,101034
欧莱雅私人定制（新都心麦凯乐店）,市北区,凯德广场,5.0,单人洗剪吹/护理套餐2选1,39,101034
施华蔻美发连锁（青岛永旺广场店）,市北区,浮山后,5.0,单人施华蔻烫染套餐3选1,208,85651
欧莱雅私人定制（青岛佳世客店）,市北区,浮山后,5.0,单人施华蔻烫/染/拉3选1套餐,209,70159
米娜造型（青岛台东店）,市北区,台东步行街商圈,5.0,单人美发套餐5选1,128,35164
摩登时尚（时尚几何店）,市北区,市北家乐福,5.0,【品质优选】设计师定制裁剪,29.8,23679
丝域养发馆（四季景园店）,市北区,市北区,4.0,玫瑰香薰spa+水润头皮护理,88,10637
丝域养发馆（新业广场店）,市北区,新业广场,4.5,玫瑰香薰spa+水润头皮护理,88,10637
丝域养发馆（新都心店）,市北区,凯德广场,5.0,玫瑰香薰spa+水润头皮护理,88,10637
亮姿美（书院路店）,市北区,海琴广场,5.0,单人烫发/染发2选1,399,6017
和一形象サロン（市立医院店）,市北区,市北区,5.0,单人欧莱雅美奇丝订制烫染套餐,228,3882
和一形象サロン（合肥路店）,市北区,市北区,4.4,单人欧莱雅美奇丝订制烫染套餐,228,3882
和一形象サロン（台东旗舰店）,市北区,台东步行街商圈,4.8,单人欧莱雅美奇丝订制烫染套餐,228,3882
和一形象サロン（台东店）,市北区,台东步行街商圈,4.6,单人欧莱雅美奇丝订制烫染套餐,228,3882
十号造型,市北区,万达CBD,5.0,十号造型烫染套餐,298,3692
米狸造型（延吉路万达店）,市北区,台东步行街商圈,5.0,单人米狸造型超值洗剪吹,38,3637
可妮造型,市北区,台东步行街商圈,5.0,单人洗剪吹造型,23.8,3389
绚诺soho（九条造型工作室）,市北区,台东步行街商圈,4.0,单人小资美发 染/烫/柔顺/直发/定位5选1+护理 套餐,148,3311
绚诺soho（台东万佳广场店）,市北区,台东步行街商圈,3.0,单人小资美发 染/烫/柔顺/直发/定位5选1+护理 套餐,148,3311
伊尔蓝造型（四方利群店）,市北区,台东步行街商圈,5.0,单人经典洗剪吹加护理,29.9,2308
风暴造型,市北区,台东步行街商圈,5.0,单人设计师精致裁剪套餐,15.9,2116
欣媛萱（台柳路店）,市北区,凯德广场,5.0,单人洗剪吹套餐,38,1595
聚众美业（靓客店）,市北区,市北家乐福,4.8,单人55公分接发套餐,7.5,1160
潇洒名派美发连锁机构（台东三店）,市北区,台东步行街商圈,4.4,单人魅力剪发＋水[疗]spa一次,42,1037
潇洒名派（辽宁路八店）,市北区,科技街,4.6,单人魅力剪发＋水[疗]spa一次,42,1037
玲珑造型●日韩发型文化,市北区,台东步行街商圈,5.0,时尚单人洗剪吹套餐,29.8,877
红人馆日系形象（台东万达店）,市北区,台东步行街商圈,5.0,单人发型师精致裁剪,19.9,859
爵仕美发,市北区,海琴广场,5.0,单人精剪+洗吹,28,702
IM时尚造型沙龙（科技街店）,市北区,科技街,3.5,单人德国施华蔻私人订制烫染套餐,298,640
木兰街美发沙龙（二店）,市北区,台东步行街商圈,4.3,单人超值精致洗剪吹套餐,39.9,620
J-Flying艺术形象设计（凯德mall新都心店）,市北区,凯德广场,5.0,单人资深设计师日韩剪裁1次,50,574
欣媛萱美容美发养生会所（伊春路店）,市北区,凯德广场,5.0,单人洗剪吹套餐,28,521
亮姿美（历城路店）,市北区,台东步行街商圈,4.6,单人烫染拉直3选1套餐,338,505
only美发连锁机构,市北区,海琴广场,4.8,单人专业洗剪吹套餐,22,500
菲比寻常美发新文化,市北区,万达CBD,5.0,单人限时特价资深设计师修剪+洗吹造型,39,469
麻林造型（万达店）,市北区,万达CBD,5.0,单人精剪造型,54,436
MG接发造型,市北区,小村庄,5.0,单人开业活特价烫染二选一套餐,1,345
品尚发艺沙龙,市北区,海云庵,4.6,单人洗剪吹造型,19.8,339
五贝子天然染发养发馆（凯德广场店）,市北区,凯德广场,5.0,单人设计师精剪1次,22.9,308
浮山后五贝子染发养发馆（浮山后店）,市北区,浮山后,5.0,单人设计师精剪1次,22.9,308
形象革命接发造型（山东路北站店）,市北区,海琴广场,5.0,快速一小时烫发染发套餐,178,280
形象革命接发造型（崂山店）,市北区,市北区,5.0,快速一小时烫发染发套餐,178,280
私人订制,市北区,万达CBD,5.0,单人精剪造型,18.8,249
乔美丝形象,市北区,万达CBD,5.0,单人日式精剪,59,217
MX-王东造型（延吉路店）,市北区,万达CBD,5.0,【发型顾问】单人洗剪吹,69,194
loft salon品牌连锁（CBD万达店）,市北区,万达CBD,4.7,微型无痕接发套餐,1380,190
搜雅SOYA日系美发美甲沙龙（佳世客店）,市北区,市北区,5.0,单人精致剪裁+时尚造型,45,188
悦美形象（麦凯乐店）,市北区,凯德广场,5.0,单人资深设计师裁剪,38,190
铭阳天下烫染,市北区,台东步行街商圈,5.0,单人总监精致洗剪吹,19.8,182
乐享荟,市北区,海琴广场,5.0,单人超值经济洗剪吹,19.9,178
I'M 休闲沙龙,市北区,万达CBD,5.0,单人私人订制剪裁+造型,39,169
MARCO馬可形象（悦荟店）,市北区,小村庄,5.0,单人设计师洗剪吹,32,166
柒尚造型（台东店）,市北区,台东步行街商圈,5.0,单人精品剪发,24.8,160
Coco造型,市北区,浮山后,4.2,单人洗剪吹造型,25,157
原宿 形象（CBD万达店）,市北区,万达CBD,4.3,头发营养护理+单人专业洗吹,168,154
奇异恩典美发沙龙,市北区,市北家乐福,3.5,洗剪吹,14.9,148
上禾烫染定制沙龙,市北区,万达CBD,5.0,【高级发型师】精致剪发,46,149
发澜特美发专业会所（云salon）,市北区,市北区,5.0,单人店长/总监日系订制裁剪,40,138
Jazzy Lady 造型,市北区,台东步行街商圈,5.0,单人日系总监剪裁1次,28,135
女主角美发会所,市北区,台东步行街商圈,5.0,单人资深设计师洗剪吹1次,29,127
CIM日系沙龙（万达店）,市北区,台东步行街商圈,5.0,单人资深设计师洗剪吹1次,29,127
铭爵造型,市北区,海琴广场,4.5,单人设计师洗剪吹1次,28,127
尚引美发,市北区,凯德广场,4.9,单人精致剪发套餐,21,121
V·ONE 潮牌美发工作室,市北区,万达CBD,5.0,女士裁剪套餐/次,37,115
MiTO HAIR,市北区,万达CBD,5.0,单人资深小伟老师洗剪造型,49,111
慕沐造型工作室,市北区,新业广场,5.0,单人设计师洗剪吹造型,55,100
她雅（Ta · Ya） 艺术家的工作室,市北区,万达CBD,4.6,单人洗剪吹精致裁剪套餐,68,77
TOPHAIR造型会所,市北区,万达CBD,4.8,单人烫发/保养护发/挑染/冷烫/热烫套餐5选1,598,75
海泉造型,市北区,新业广场,3.8,单人精剪1次,25,75
漂亮宝贝发社,市北区,海琴广场,4.1,单人剪发套餐,18.8,66
Victory salon 形象设计（凯德店）,市北区,凯德广场,5.0,单人总监洗剪吹套餐,50,62
瑞美淇韩式发艺,市北区,小村庄,4.4,单人洗剪吹+造型,24.8,60
优品发型设计工作室,市北区,台东步行街商圈,5.0,单人技术总监剪发造型,25,60
MX发型托管中心（CBD万达店）,市北区,万达CBD,5.0,单人精致剪发1次,68,56
木棉藤美妆造型,市北区,科技街,5.0,【时尚设计师】精致剪发,30,55
古川造型,市北区,万达CBD,4.4,单人资深发型师+提案+洗+剪+造型套餐,30,52
银谷造型,市北区,台东步行街商圈,5.0,单人精剪＋造型,22,47
空间秀造型,市北区,台东步行街商圈,3.6,精剪套餐,28,42
潇洒名派（台东一路店）,市北区,台东步行街商圈,4.4,单人高级发型师精致剪发,49,41
潇洒名派（台东十一店）,市北区,台东步行街商圈,5.0,单人高级发型师精致剪发,49,41
迷尚美发沙龙,市北区,市北家乐福,4.3,单人技术总监/店长洗剪吹+造型,29.9,34
木府造型,市北区,大港/小港,5.0,单人店长剪发/造型+韩国洗发,55,34
J-S私人定制美发沙龙（新都心店）,市北区,新业广场,5.0,单人风格设计裁剪,36.8,33
Di’a 荻安,市北区,万达CBD,5.0,荻安形象 单人精致修剪,59.9,30
千面美发沙龙,市北区,海琴广场,3.5,单人设计师洗剪吹,19.8,26
红发集造型沙龙,市北区,台东步行街商圈,4.5,单人洗剪吹+造型,28,25
CU美发沙龙,市北区,万达CBD,4.0,CU家庭美发馆单人洗剪吹,58,25
Spiritual Home美发,市北区,万达CBD,4.0,单人洗剪吹造型套餐,29.8,25
新感觉时尚烫染专业造型,市北区,海云庵,4.4,单人剪发,15.8,24
Esse salon,市北区,新业广场,4.6,Esse salon单人精致剪发套餐,26,23
金客莱美发（乐陵路店）,市北区,科技街,3.8,单人奢华烫染二选一,98,22
金客莱美发（广饶路店）,市北区,台东步行街商圈,4.2,单人奢华烫染二选一,98,22
金客莱美发（洮南路店）,市北区,市北区,4.6,单人奢华烫染二选一,98,22
双鱼造型,市北区,万达CBD,4.2,单人精剪＋造型1次,39.9,21
欧巴美发美容spa养生（四季店）,市北区,市北区,4.1,单人欧巴造型美发套餐,158,20
完美境界,市北区,海琴广场,4.1,烫染套餐2选1,68,19
起业造型,市北区,科技街,3.7,单人泰式洗发,16.8,19
大富豪美发,市北区,海云庵,3.5,单人精致洗剪吹套餐,30,17
丝域养发馆（延吉路万达店）,市北区,万达CBD,3.4,单人玫瑰精油养发,68,15
唯雍美业,市北区,台东步行街商圈,4.4,时尚单人洗剪吹套餐,18.8,14
阿波造型,市北区,浮山后,5.0,单人烫染二选一,338,12
巴洛克韩国发艺（市北区镇江路店）,市北区,市北家乐福,4.3,单人韩式烫+染套餐,649,10
高欢烫染会所,市北区,市北区,3.5,单人洗剪吹1次,12.88,10
欣悦时尚烫染,市北区,台东步行街商圈,4.6,欣悦 单人烫/染2选1,78,10
艺格发型工作室,市北区,台东步行街商圈,4.1,单人剪发造型,29.8,9
XD烫染造型,市北区,海琴广场,4.7,XD造型,158,9
益铭苑发型私享,市北区,凯德广场,5.0,女宾专享  单人精致剪裁+造型,58,7
美宣女子烫染,市北区,海琴广场,3.0,单人柔顺拉直1次,110,7
海泉造型1店（李家秘制小龙虾）,市北区,市北区,4.3,单人欧莱雅烫发套餐,168,0
天资美发沙龙,市北区,小村庄,4.3,巴黎欧莱雅烫发套餐,199,0
美格造型,市北区,小村庄,3.5,单人烫发＋染发＋护理套餐,280,0
欧芭造型（阳光山色店）,市北区,市北区,3.0,烫染3选1,125,0
酷烫烫染工作室,市北区,科技街,3.5,染发套餐,88,0
东一造型,市北区,万达CBD,4.0,单人欧莱雅美奇丝魅旋塑形烫／染二选一,198,0
卓夫美发沙龙,市北区,新业广场,4.1,单人烫加染套餐,499,0
魔发匠,市北区,台东步行街商圈,4.6,单人魔法匠渐变/打蜡二选一,188,0
和形象设计（台东店）,市北区,台东步行街商圈,3.5,单人资深烫+染+双项护理,399,0
艺迩隆形象塑造中心（同乐三路店）,市北区,市北区,3.5,单人韩国珍珠技术染发,180,0
帝姿美发连锁沙龙,市北区,万达CBD,4.6,欧莱雅烫染护套餐,218,0
富源美容美发（同和路店）,市北区,浮山后,4.1,单人总监烫染二选一,238,0
琪美琪美发沙龙,市北区,浮山后,4.0,单人质感染烫二选一,299,0
好形象专业美发沙龙,市北区,新业广场,3.9,单人单次护理套餐,39,0
时尚几何美发,市北区,市北家乐福,4.0,单人奢华烫/染2选1套餐,388,0
CD.克里斯汀,市北区,小村庄,3.5,单人经典品质烫发1次,168,0
磐丝U格,市北区,台东步行街商圈,3.5,单人染+烫+护理套餐,298,0
火星发型设计（丰县路店）,市北区,万达CBD,3.5,单人欧莱雅烫染套餐,238,0
天琪造型,市北区,台东步行街商圈,3.0,洗剪吹,13.8,0
品尚造型,市北区,海云庵,3.5,烫染套餐,198,0
木造型,市北区,万达CBD,3.5,烫染套餐2选1,168,0
永乐造型,市北区,科技街,3.9,单人技术总监染发,189,0
优雅绣时尚烫染,市北区,海琴广场,5.0,单人精致染发,98,0
聚众美业（漳州路店）,市南区,闽江路,4.1,单人55公分接发套餐,7.5,1160
聚众美业（金都花园店）,市南区,五四广场商圈,5.0,单人55公分接发套餐,7.5,1160
众联美业,市南区,香港中路沿线,3.5,单人55公分接发套餐,7.5,1160
聚众美业（湖北路店）,市南区,火车站/团岛,3.0,单人55公分接发套餐,7.5,1160
宫-9CM日系沙龙（Goddess麦岛店）,市南区,麦凯乐,5.0,单人洗剪吹造型,49,1096
众联美业（湖北路店）,市南区,火车站/团岛,3.5,单人烫染套餐,29,1085
潇洒名派（漳州路五店）,市南区,香港中路沿线,5.0,单人魅力剪发＋水[疗]spa一次,42,1037
潇洒名派（南京路总店）,市南区,云霄路,4.6,单人魅力剪发＋水[疗]spa一次,42,1037
麻林造型（青岛宁夏路店）,市南区,大润发,5.0,单人资深设计师洗剪吹,45,894
Hair color 素人改造,市南区,五四广场商圈,3.5,深度剪裁@素人改造,99,888
亮姿美（漳州一路店）,市南区,闽江路,3.5,单人烫染套餐,498,833
大大士大美发沙龙（百丽店）,市南区,百丽广场,5.0,单人资深设计师精致修剪造型1次,49,745
发源秀色（麦凯乐店）,市南区,香港中路沿线,5.0,单人洗剪吹套餐,38,591
J - Flying艺术形象设计（澳门路店）,市南区,市南区,5.0,单人资深设计师日韩剪裁1次,50,574
j-flying艺术形象设计（金茂湾店）,市南区,火车站/团岛,3.0,单人资深设计师日韩剪裁1次,50,574
巴黎拉斐派瑞美发沙龙（银座店）,市南区,市南区,5.0,单人设计师修剪一次,68,504
DO MY HAIR造型,市南区,万象城,5.0,单人技术指导精剪,38,492
淞逸造型美发沙龙,市南区,闽江路,5.0,单人精致洗剪吹1次,28,470
goodboy造型,市南区,中联广场,5.0,单人限时特价资深设计师修剪+洗吹造型,39,469
太古时尚美发沙龙,市南区,闽江路,5.0,单人高级设计师洗剪+造型,36.8,450
SWEET SALON（总店）,市南区,奥帆中心商圈,5.0,资深设计师日系剪裁一次,89,372
SWEET SALON（概念店）,市南区,百丽广场,5.0,资深设计师日系剪裁一次,89,372
发元素造型（湖北路店）,市南区,市南区,5.0,单人资深发型师剪发体验套餐,29,352
发源秀色（澳门路贵宾店）,市南区,市南区,5.0,单人资深设计师洗剪吹造型,58,333
香港尊尼美发连锁（徐州路店）,市南区,浮山所,4.9,单人风格发型师剪裁1次,39,287
一片云美术发型,市南区,五四广场商圈,5.0,单人洗剪吹1次,39,273
IDea·爱帝美容美发,市南区,闽江路,5.0,单人IDea首席设计师洗剪吹套餐,38,270
P+Super Star 英式艺术Salon,市南区,中联广场,5.0,单人TONI GUY总监英式裁剪,29.9,269
了烦自信（大尧三路店）,市南区,大润发,5.0,单人欧典酸香陶瓷烫/单人炫彩染色2选1,128,263
HAIR HERE日系发型设计沙龙（海景花园店）,市南区,市南区,5.0,【资深高级发型师】单人日式剪裁,90,259
M-time形象沙龙（颐中皇冠假日店）,市南区,香港中路沿线,5.0,单人高级发型师洗剪吹一次,49.8,247
傅军造型（燕儿岛路店）,市南区,远洋广场,4.6,洗剪吹护理,59,238
傅军造型（海门路店）,市南区,万象城,4.8,洗剪吹护理,59,238
傅军造型（五矿大厦店）,市南区,闽江路,4.6,洗剪吹护理,59,238
北京致青春美业,市南区,浮山所,4.6,单人洗剪吹,28,237
名洋造型,市南区,中联广场,4.6,单人洗剪吹,14.9,235
Better me 青岛无痕接发salon,市南区,中联广场,5.0,单人资深设计师剪发,88,227
尚蒂利造型（阳光店）,市南区,五四广场商圈,5.0,单人精致洗剪吹,47,218
Muse three 造型,市南区,远洋广场,5.0,单人洗发卷发造型,9.9,214
发源秀色（乐邦店）,市南区,麦凯乐,4.4,单人精致洗剪吹,45,205
造型.李,市南区,麦凯乐,3.5,正品泰国伊卡璐烫发,388,0
韩国风尚,市南区,镇宁桥,3.7,单人私人定制烫发＋营养护理1次,280,0
吉美造型,市南区,湛山/太平角,4.4,烫染2选1套餐,138,0
英凯华艺美发工作室,市南区,市南区,3.5,单人施华蔻陶瓷数码烫1次,99,0
CHINESE-style,市南区,市南区,4.4,唐人造型单人烫发染发,378,0
铭磊造型,市南区,麦凯乐,3.5,单人洗剪吹,50,0
哥俩好美发沙龙,市南区,火车站/团岛,4.8,VEKO染发,99,0
新富豪专业美发（闽江路店）,市南区,闽江路,3.6,单人烫染2选1,198,0
源创造型（漳州路店）,市南区,市南区,4.6,单人炫彩染发一次,88,0
源创造型（镇江路店）,市南区,镇宁桥,4.0,单人炫彩染发一次,88,0
尼丝卡美容美发（大尧三路店）,市南区,市南区,3.9,单人总监烫染二选一,238,0
momo造型,市南区,镇宁桥,3.0,单人Momo造型私人订制,208,0
宇田造型,市南区,市南区,3.6,单人洗剪吹＋热烫＋烫后护理1次,328,0
戴维造型,市南区,火车站/团岛,3.5,单人接发染色护理套餐,998,0
和形象设计（西仲一路店）,市南区,镇宁桥,3.5,单人资深烫+染+双项护理,399,0
和形象设计（大尧路店）,市南区,市南区,3.5,单人资深烫+染+双项护理,399,0
新发展发艺,市南区,湛山/太平角,3.0,单人烫染2选1,96,0
发元素造型（漳州一路店）,市南区,闽江路,4.0,单人奢华烫染3选1套餐,298,0
韩国so造型,市南区,镇宁桥,3.9,单人欧莱雅烫染套餐,238,0
和艺坊发型工作室（大尧三路店）,市南区,市南区,3.5,烫/染套餐,168,0
佑米造型（金水路店）,李沧区,李沧区,5.0,丽人狂欢节-欧莱雅烫/染二选一,228,310626
佑米造型（百通大厦李村店）,李沧区,维客广场,5.0,丽人狂欢节-欧莱雅烫/染二选一,228,310626
欧莱雅私人定制美发连锁（青岛形象店）,李沧区,维客广场,5.0,单人洗剪吹/护理套餐2选1,39,101034
施华蔻美发连锁（青岛乐客城店）,李沧区,维客广场,5.0,单人施华蔻烫染套餐3选1,208,85651
施华蔻美发连锁（青岛巨峰路店）,李沧区,万达广场,5.0,单人施华蔻烫染套餐3选1,208,85651
欧莱雅私人定制（青岛李沧区旗舰店）,李沧区,李沧商圈,5.0,单人欧莱雅美奇丝烫/染/拉3选1套餐),159,76410
芸熙美人（中海御城店）,李沧区,李沧区,5.0,欧莱雅烫染拉5选1+高级护理+洗剪单人套餐,229,48633
佑美乐（皇朝店）,李沧区,维客广场,5.0,单人剪发套餐1份,39.8,28762
沐雅造型,李沧区,维客广场,5.0,单人资深设计师剪发,23.8,11989
丽媄汇,李沧区,维客广场,5.0,单人无痕接发套餐,300,10894
丝域养发馆（李沧万达店）,李沧区,万达广场,4.0,玫瑰香薰spa+水润头皮护理,88,10637
丝域养发馆（绿城蓝庭店）,李沧区,九水东路,4.0,玫瑰香薰spa+水润头皮护理,88,10637
亮姿美（李村万达店）,李沧区,万达广场,5.0,单人烫发/染发2选1,399,6017
亮姿美（河北商城店）,李沧区,维客广场,5.0,单人烫发/染发2选1,399,6017
亮姿美（下王埠店）,李沧区,李沧区,4.7,单人烫发/染发2选1,399,6017
伊上美发韩式会所,李沧区,维客广场,5.0,单人洗剪吹套餐,16.8,4457
亮姿美,李沧区,维客广场,4.8,单人总监剪发,30,3736
亮姿美（十梅庵店）,李沧区,李沧区,4.6,单人洗剪吹+烫染2选1+护理套餐,198,3362
潇洒名派（李村二店）,李沧区,维客广场,5.0,单人导师精剪设计套餐,39,145
李村万达阿玛尼,李沧区,万达广场,4.2,单人洗剪吹,18.8,140
g木创意沙龙,李沧区,万达广场,4.4,单人3D立体剪,24.9,126
小香港造型,李沧区,李沧区,3.9,单人剪发,16,124
FASHION 秀 艺术沙龙（大崂路店）,李沧区,维客广场,5.0,单人总监定制剪裁,29.8,105
世纪美业,李沧区,李沧区,4.4,单人总监剪发,29.8,103
倾城美容美发会馆,李沧区,九水东路,5.0,高级设计师专属裁剪造型单人,29,96
莱莎造型-LESHINE HAIR SALON,李沧区,李沧区,5.0,LESHINE 资深发型师精裁+造型,38,89
贝丽丝美发,李沧区,万达广场,4.1,单人洗剪吹套餐,18,79
艺匠潮沙龙,李沧区,万年泉路,5.0,单人日系设计裁剪,38,74
剪艺坊造型,李沧区,李沧商圈,3.7,单人洗剪吹套餐,16.8,71
March三月.私人订制,李沧区,李沧商圈,5.0,单人资深设计师洗剪吹,19.9,74
LMH韩式形象设计,李沧区,君峰路沿线,4.1,单人精致洗剪吹套餐,1,68
东方风尚,李沧区,李沧区,4.3,单人东方风尚-烫染2选1,78,57
8.0国际专业发型设计,李沧区,维客广场,3.9,单人超值精致洗剪吹一次,15,55
新时尚美发,李沧区,书院路,4.4,店长精剪,19.9,55
大大士大美发沙龙（李沧万达店）,李沧区,万达广场,5.0,【资深设计师】精致修剪造型,49,53
美甲之家（奥克斯店）,李沧区,维客广场,3.5,尊贵单人烫染护套餐,138,38
宝姿造型,李沧区,李沧区,4.0,单人洗剪吹套餐,20,34
木子悦颜（绿城喜来登专门店）,李沧区,李沧区,4.9,资深设计师单人剪发＋造型体验套餐,40,24
尚格.丝想（公园店）,李沧区,李村公园商圈,3.6,美发套餐2选1,128,0
宏伟专业烫染,李沧区,李沧商圈,3.5,单人数码烫+染发套餐,228,0
金色年华烫染沙龙,李沧区,李沧商圈,4.1,单人超值烫发套餐,88,0
8023造型工作室,李沧区,维客广场,3.5,洗剪吹烫染套餐,138,0
佑米造型（青岛香港东路店）,崂山区,崂山区,5.0,丽人狂欢节-欧莱雅烫/染二选一,228,310626
佑米造型（崂山区旗舰店）,崂山区,香港东路沿线,5.0,丽人狂欢节-欧莱雅烫/染二选一,228,310626
欧莱雅私人定制（海尔路天宝国际店）,崂山区,香港东路沿线,5.0,单人洗剪吹/护理套餐2选1,39,101034
欧莱雅私人定制美发连锁（崂山区旗舰店）,崂山区,大拇指广场,5.0,单人洗剪吹/护理套餐2选1,39,101034
施华蔻美发连锁（青岛深蓝公寓店）,崂山区,大拇指广场,5.0,单人施华蔻烫染套餐3选1,208,85651
丝域养发馆（崂山丽达购物中心店）,崂山区,丽达购物广场,4.5,玫瑰香薰spa+水润头皮护理,88,10637
丝域养发馆（金狮店）,崂山区,香港东路沿线,3.5,玫瑰香薰spa+水润头皮护理,88,10637
丝域养发馆（麦岛路店）,崂山区,麦岛,4.0,玫瑰香薰spa+水润头皮护理,88,10637
丝域养发馆（证大大拇指店）,崂山区,大拇指广场,3.6,玫瑰香薰spa+水润头皮护理,88,10637
亮姿美（恒星学院店）,崂山区,崂山风景区,4.4,单人烫发/染发2选1,399,6017
和一形象サロン（科大之路店）,崂山区,丽达购物广场,5.0,单人欧莱雅美奇丝订制烫染套餐,228,3882
和一形象サロン（香港东路店）,崂山区,崂山区,5.0,单人欧莱雅美奇丝订制烫染套餐,228,3882
聚众美业（鹏丽南华公馆店）,崂山区,崂山区,4.8,单人55公分接发套餐,7.5,1160
V+STAR发型设计沙龙（丽达店）,崂山区,丽达购物广场,5.0,【资深设计师】精致剪裁造型一次,79,907
V+STAR发型设计沙龙（大拇指广场店）,崂山区,大拇指广场,5.0,【资深设计师】精致剪裁造型一次,79,907
V+STAR发型设计沙龙（利群 金鼎广场店）,崂山区,香港东路沿线,5.0,【资深设计师】精致剪裁造型一次,79,907
V+STAR发型设计沙龙（海尔路店）,崂山区,香港东路沿线,5.0,【资深设计师】精致剪裁造型一次,79,907
麻林造型（证大大拇指店）,崂山区,大拇指广场,4.4,单人资深设计师洗剪吹,45,894
爵仕美发（青大店）,崂山区,青岛大学麦岛,5.0,单人精剪+洗吹,28,702
搜雅SOYA日系美发美甲沙龙（崂山店）,崂山区,香港东路沿线,5.0,单人总监烫染2选1,198,101
早晚烫染沙龙（青大东校区）,崂山区,崂山区,3.5,单人高级发型师洗剪吹造型1次,39,95
早晚专业烫染沙龙,崂山区,丽达购物广场,3.0,单人高级发型师洗剪吹造型1次,39,95
太子造型（兴业源店）,崂山区,崂山风景区,5.0,品质精剪,15,83
丽萱造型,崂山区,丽达购物广场,4.1,单人精致洗剪吹,22.8,80
主流美业烫染连锁机构,崂山区,青岛大学麦岛,3.8,单人精致洗剪吹1次,19.9,76
非凡造型,崂山区,丽达购物广场,4.0,单人洗剪吹,19.99,60
缪斯私人造型会所（金狮广场店）,崂山区,石老人海水浴场商圈,4.6,单人高级发型师洗剪吹+水疗护理1次,98,58
凤凰名流-日系SALON（育才中学店）,崂山区,丽达购物广场,5.0,单人资深设计师剪发+造型,49,54
zrfz自然发则美发沙龙,崂山区,丽达购物广场,4.5,单人洗吹造型,29,51
Mu's慕丝艺术沙龙,崂山区,香港东路沿线,5.0,单人资深造型师精致剪裁+头发营养护理,58,49
自由剪造型,崂山区,崂山区,3.9,全套品牌套餐,268,42
卓越领秀,崂山区,极地海洋世界,4.6,明星设计师精剪单人体验套餐,128,41
云 · 创意发型工作室（1号工作室）,崂山区,丽达购物广场,4.4,单人欧莱雅烫发一次,88,40
红豆恩赐美发店,崂山区,崂山风景区,4.1,单人精致洗剪吹1次,28,40
Craft hair,崂山区,大拇指广场,5.0,单人创意总监定制裁剪套餐,45,40
植润堂头发保养会所（大拇指店）,崂山区,大拇指广场,4.0,单人本草养发水疗SPA体验套餐,49,34
唯美佳形象设计中心,崂山区,香港东路沿线,3.5,单人精致洗剪吹+水疗套餐,39,29
M-time 形象空间（远洋风景店）,崂山区,国信体育中心,4.6,单人中档烫发或染发套餐,328,22
蒂诺造型,崂山区,崂山区,3.8,单人洗剪吹1次,28.8,22
新中发烫染名店,崂山区,崂山区,3.5,单人烫染套餐,138,1
沙宣美发,崂山区,崂山风景区,3.0,单人酸性色彩护理打蜡长发,168,0
审美精品烫染店,崂山区,崂山区,3.0,单人韩式定位烫发套餐,58,0
琦彩理发店,崂山区,崂山区,3.5,头发救星ppt,39.9,0
沙宣,崂山区,崂山区,3.0,单人花香染发套餐,59,0
爱尚造型,崂山区,大拇指广场,4.6,单人唯美男士纹理烫,88,0
遇见美发,崂山区,香港东路沿线,4.0,欧莱雅烫/染2选1套餐,318,0
韩国颜靓体靓美容会所,崂山区,崂山区,4.4,单人韩式头皮护理,68,0
鼎尊匠造型,崂山区,国信体育中心,3.5,单人韩国阿丽德烫发1次,238,0
米莉莎经典美发,崂山区,国信体育中心,4.0,臻致营养烫,368,0
尚姿美发连锁,崂山区,崂山区,3.5,单人精致烫染二选一套餐,199,0
曼都发型（一店）,崂山区,国信体育中心,4.0,单人头皮养护1次,168,0
卡迪亚美发,崂山区,国信体育中心,3.5,单人韩式酸性染发1次,258,0
蒂诺造型,崂山区,崂山区,3.5,单人宝莱雅营养染发1次,158,0
永琪美容美发（麦岛路店）,崂山区,麦岛,3.6,单人水谷染烫1次套餐,384,0
百丽儿,崂山区,崂山区,3.5,单人烫染2选1,168,0
丝享美发艺术沙龙,崂山区,大拇指广场,3.5,美发套餐2选1,128,0
精美格美发沙龙,崂山区,丽达购物广场,4.0,单人高端甄选烫发套餐,398,0
章光101（崂山同安路店）,崂山区,丽达购物广场,3.5,单人专业去屑止痒养发1次,16.8,0
非凡,崂山区,崂山区,3.0,时尚烫发套餐,88,0
上上嘉品头部SPA馆（石老人店）,崂山区,石老人海水浴场商圈,4.0,头部SPA原液养发套餐九部曲,99,0
韩国颜靓体靓美容会所（凯旋店）,崂山区,青岛大学麦岛,4.1,单人韩式头皮护理,68,0
欧芭造型（左岸3店）,崂山区,崂山区,3.0,烫染3选1,125,0
纤丝美发,崂山区,崂山区,3.5,单人洗剪吹套餐,20,0
帝尚造型,崂山区,崂山区,3.5,单人韩国晶莹蜡染1次,198,0
三木造型,黄岛区,铁山路,4.8,单人剪发,20,593
三毛美发,黄岛区,马濠公园,4.6,单人洗剪吹套餐,26,568
湖北梦美美发,黄岛区,马濠公园,5.0,单人洗剪吹,19.8,506
都市造型,黄岛区,长江路沿线,5.0,单人洗+剪+造型1次,19.88,486
欧若拉形象公社,黄岛区,黄岛,5.0,单人技术总监设计剪发一次,23,437
庆翠堂烫染养发馆（原丫丫）,黄岛区,长江路沿线,3.8,单人养发蜗牛养发套餐,39.9,416
蒂尚美发名店,黄岛区,马濠公园,4.6,单人洗剪吹套餐,17.8,416
庆翠堂茶麸养发馆,黄岛区,黄岛,4.4,单人养发蜗牛养发套餐,39.9,416
飘丝坊美发名店,黄岛区,马濠公园,5.0,单人飘丝坊经典洗剪吹,16.8,404
NS整体形象设计,黄岛区,长江路沿线,5.0,单人NS男神女神体验项目剪发一次,29.8,368
秀色坊美发工作室,黄岛区,长江路沿线,5.0,单人 精致洗剪吹,45.8,317
贰拾叁號美容美发会所,黄岛区,黄岛,5.0,付式养发育发,58,313
80后造型,黄岛区,官厅,5.0,剪发套餐,20,251
标榜发艺,黄岛区,保税区,3.9,单人洗剪吹一次,15,228
美格发艺,黄岛区,钱塘江路,4.4,单人洗剪吹套餐,14.8,206
MJ Hair Salon（银领国际店）,黄岛区,黄岛,5.0,单人设计裁剪+品质烫染2选1+护理,198,194
loft salon品牌连锁（家佳源店）,黄岛区,长江路沿线,5.0,微型无痕接发套餐,1380,190
搜雅SOYA日系沙龙（金石广场）,黄岛区,黄岛,4.9,单人精致剪裁+时尚造型,45,188
搜雅SOYA日系沙龙（麦凯乐店）,黄岛区,黄岛,5.0,单人精致剪裁+时尚造型,45,188
头发乱了,黄岛区,珠海路,4.8,单人施华蔻烫/染套餐,388,182
名发型美容美发烫染专业店,黄岛区,马濠公园,5.0,名发型脏辫潮色馆 单人精剪洗吹造型套餐,17.9,181
雅铃美发会所,黄岛区,胶南,5.0,洗剪吹,21.8,179
永琪美容美发（黄岛店）,黄岛区,家佳源佳世客,3.3,单人永琪美容美发烫发、染发2选1套餐,128,162
艺人风尚私人订制,黄岛区,长江路沿线,5.0,单人设计裁剪+烫/染/柔顺/定位4选1+水疗1次,188,161
菲凡发艺,黄岛区,黄岛,5.0,单人剪发+造型套餐,16.8,153
W12美发会所,黄岛区,宏程新天地,5.0,W12美发会所 单人高级设计师剪发套餐,33.9,153
形象革命接发造型,黄岛区,马濠公园,4.5,单人总监染发/烫发/拉直/蜡染4选1,288,152
主流先锋,黄岛区,马濠公园,4.3,单人洗剪吹1次,19.8,148
零角度,黄岛区,保税区,5.0,单人洗剪吹套餐,14.9,125
MD美发会所,黄岛区,隐珠,4.6,烫染2选1（含护理）,158,112
HAIR秀国际发型主题会所,黄岛区,珠海路,4.4,单人高级发型师洗剪吹美发套餐,15,110
顶尚文化,黄岛区,宏程新天地,4.8,单人高级发型师洗剪吹美发套餐,15,110
名人美发连锁机构（科大北门店）,黄岛区,科技大学,3.9,单人洗剪吹+护理+烫/染套餐,78,109
名发世家烫染专门店,黄岛区,长江路沿线,5.0,名发世家烫染专门店单人烫染拉造型,109,107
美卡秀美妆潮色馆,黄岛区,家佳源佳世客,5.0,单人发型设计精致剪发+造型,29.9,106
宝姿美发沙龙,黄岛区,家佳源佳世客,4.6,单人高级发型师剪发＋热能烫发套餐,198,101
梦之美接发,黄岛区,长江路沿线,5.0,单人洗剪吹（精剪）,23,101
尚艺美发,黄岛区,人民路,4.4,剪发套餐,22.8,99
韩潮美发,黄岛区,保税区,5.0,单人洗剪吹套餐,22,99
宝姿美发珠江路店,黄岛区,黄岛,5.0,单人技术总监洗剪吹套餐,35,97
D3·space（第三空间美发沙龙）,黄岛区,长江路沿线,4.6,D3.space   单人设计师精剪套餐,29.9,91
D3.space 美发沙龙,黄岛区,长江路沿线,3.5,D3.space   单人设计师精剪套餐,29.9,91
她雅美发,黄岛区,黄岛,4.8,精致洗剪吹,16.8,88
热浪美发,黄岛区,长江路沿线,4.6,单人烫染2选1,228,84
黑桃k美发造型,黄岛区,隐珠,5.0,单人资深设计师洗剪吹,15,84
北斗之星美发店,黄岛区,胶南,4.6,北斗之星美发店,35,79
知名度形象室,黄岛区,胶南,4.4,烫、染、拉直3选1,108,74
SD-sidamey（丝达美）,黄岛区,黄岛,4.7,丝达美 单人形象设计精剪+造型,39,74
绽放星生明星造型机构,黄岛区,长江路沿线,4.4,单人设计师剪裁造型,49,62
头头美发（珠江路店）,黄岛区,黄岛,5.0,韩国艾尔巴烫染二选一,198,60
春艺美发,黄岛区,黄岛,5.0,单人春艺美发洗剪吹,18.8,58
崇尚发艺,黄岛区,黄岛,4.2,单人精剪一次,15,58
安强造型,黄岛区,马濠公园,4.4,单人精致剪发1次,12.8,56
至尊名扬烫染名店,黄岛区,滨海学院,3.9,单人剪发1次,26.8,56
龍帝造型,黄岛区,老黄岛,4.6,单人洗剪吹造型套餐,19.9,56
昕微造型,黄岛区,黄海学院,4.1,时尚洗剪吹,18,54
馨姿美容美发spa高级会所,黄岛区,黄岛,5.0,单人设计师精剪,15.8,57
尚美国际美发沙龙,黄岛区,科技大学,3.9,单人烫/染套餐2选1,98,48
卡其发艺工作室,黄岛区,长江路沿线,4.3,单人洗剪吹,20,42
沙宣美发,黄岛区,黄岛,4.6,代金券,2,8
非凡旭剪,黄岛区,黄岛,3.5,单人设计师洗剪吹一次,17,8
美宣女子烫染（泰华步行街店）,黄岛区,胶南,4.1,单人柔顺拉直1次,110,7
东尼美发工作室,黄岛区,黄岛,3.9,超值烫染套餐,98,7
金剪刀造型,黄岛区,宏程新天地,3.9,韩国自然拉直,138,6
名爵美发,黄岛区,黄岛,3.9,单人染发打蜡套餐,148,6
老男孩形象设计,黄岛区,宏程新天地,5.0,单人染发套餐,80,3
选择造型,黄岛区,科技大学,3.9,单人A烫/染套餐2选1 套餐,88,3
审美造型,黄岛区,珠海路,4.4,单人烫发，染发，拉直三选一,198,2
顶头尚丝,黄岛区,黄岛,4.2,单人精致烫发1次,128,2
剪·love烫染名店,黄岛区,胶南,3.7,单人植物打蜡套餐,119,2
森朗精致烫染连锁沙龙（石桥店）,黄岛区,胶南,4.3,单人时尚热烫+设计+营养三次套餐,188,2
名艺烫染名店,黄岛区,滨海学院,3.9,单人染发套餐,78,1
康美汇美容养生馆,黄岛区,钱塘江路,3.5,单人芦荟精华面部刮痧1次,18,1
舒美专业烫染,黄岛区,长江路沿线,3.9,单人染发套餐,88,1
名匠造型（开发区店）,黄岛区,家佳源佳世客,3.9,单人清香无味烫染二选一套餐,138,1
发彩美发（伟业花园店）,黄岛区,香江路,4.1,单人发彩美发-染发/烫发二选一,58,1
星工坊专业美发设计室,黄岛区,钱塘江路,3.5,单人洗剪吹套餐,14.9,1
时尚做头烫染会所（滨海学院店）,黄岛区,滨海学院,3.9,单人烫染套餐,108,1
蒙妮坦美发名店（紫金山路店）,黄岛区,紫金山路,4.3,享受生活单人美发套餐,298,0
名流美发（紫金山路店）,黄岛区,紫金山路,3.9,烫/染套餐2选1,128,0
风尚烫染会所,黄岛区,马濠公园,4.1,氨基酸陶瓷烫染套餐,268,0
时尚殿堂美发沙龙,黄岛区,胶南,3.5,含洗剪吹烫染,298,0
蒙妮坦美发名店（庐山路店）,黄岛区,庐山路,4.4,享受生活单人美发套餐,298,0
汤尼英盖美发名店,黄岛区,马濠公园,3.9,洗剪吹+水疗套餐,25,0
黄岛佳丽美发中心,黄岛区,长江路沿线,4.1,单人洗剪吹+营养护理1次,39,0
发工坊,黄岛区,家佳源佳世客,3.5,单人烫发套餐,128,0
阿龙发型工作室,黄岛区,长江路沿线,4.7,单人无痕接发70cm（真发）,1280,0
崇尚汇精致造型,黄岛区,胶南,4.1,烫染2选1套餐,158,0
阿里郎韩国美发,黄岛区,科技大学,3.0,单人营养护理,30,0
顶上文化,黄岛区,黄岛,4.2,单人总监烫染二选一,198,0
倩丽美发,黄岛区,马濠公园,3.5,单人圣薇娜柔顺拉直1次,138,0
明莎廊美发沙龙,黄岛区,科技大学,3.0,单人剪发+洗吹,14.9,0
靓格美发,黄岛区,钱塘江路,3.5,染发套餐,88,0
康美汇社区生活馆,黄岛区,庐山路,4.4,汗蒸+健身体验,18,0
佑米造型（时代中心店）,城阳区,青特上豪/家佳源,4.7,丽人狂欢节-欧莱雅烫/染二选一,228,310627
佑米造型（中联大润发店）,城阳区,农业大学,5.0,丽人狂欢节-欧莱雅烫/染二选一,228,310627
欧莱雅私人定制美发连锁（青岛崇尚发艺）,城阳区,青特上豪/家佳源,5.0,单人洗剪吹/护理套餐2选1,39,101034
施华蔻美发连锁（青岛蝴蝶店）,城阳区,东方城,5.0,单人施华蔻烫染套餐3选1,208,85651
施华蔻美发连锁（青岛家佳源店）,城阳区,青特上豪/家佳源,5.0,单人施华蔻烫染套餐3选1,208,85651
欧莱雅私人定制美发连锁（青岛锁蝴蝶造型店）,城阳区,东方城,5.0,单人欧莱雅美奇丝烫/染/拉3选1套餐),159,76410
摩登时尚（28度C美发会馆）,城阳区,城阳,5.0,【品质优选】设计师定制裁剪,29.8,23679
佑美乐（鲁邦国际店）,城阳区,时代中心,4.3,单人专业形象设计精品靓发套餐,198,9915
亮姿美（城阳国货店）,城阳区,国货,4.1,单人烫发/染发2选1,399,6017
亮姿美（宝龙广场店）,城阳区,宝龙城市广场,4.1,单人烫发/染发2选1,399,6017
Start形象设计中心,城阳区,水悦城,5.0,单人Start专业剪发,29.8,6011
大秀爱发型设计（一号店）,城阳区,世纪公园,5.0,单人发型师剪发1次,29.8,4036
大秀爱发型设计（水悦城二号店）,城阳区,水悦城,5.0,单人发型师剪发1次,29.8,4036
和一形象サロン（圣乔维斯店）,城阳区,青特上豪/家佳源,3.5,单人欧莱雅美奇丝订制烫染套餐,228,3882
绚诺soho（鲁邦国际店）,城阳区,鲁邦国际风情街,3.9,单人小资美发 染/烫/柔顺/直发/定位5选1+护理 套餐,148,3311
艺公馆互联网潮牌SALON,城阳区,青特上豪/家佳源,5.0,单人超值洗剪吹套餐,32.8,2591
MY HAIR日系造型签约SAION,城阳区,水悦城,4.0,单人超值洗剪吹套餐,32.8,2591
Muse美发艺术沙龙,城阳区,宝龙城市广场,5.0,单人洗剪吹1次,23.99,2120
至尊形象美发美甲,城阳区,华城路,5.0,单人洗剪吹套餐,26,1855
蓝Hair艺术美发沙龙,城阳区,青特上豪/家佳源,5.0,单人技术总监私人定制裁剪+造型,22.8,1483
美辰艺术沙龙,城阳区,国货,5.0,单人发型师精致裁剪（女士）,19,1316
美辰艺术沙龙,城阳区,时代中心,5.0,单人发型师精致裁剪（女士）,19,1316
MC轻奢潮店（城阳店）,城阳区,农业大学,5.0,单人资深发型师洗剪吹+造型,28.8,1236
JYP美发工作室,城阳区,青特上豪/家佳源,5.0,限量特惠单人资深发型师剪发造型1次,25.8,1225
韩家子发研社,城阳区,华城路,5.0,单人设计师洗剪吹套餐,26.8,1200
佳腾美业（鲁邦风情街店）,城阳区,鲁邦国际风情街,5.0,单人洗剪吹套餐,24.9,1056
冻龄发型会所,城阳区,水悦城,5.0,单人洗剪吹套餐,19.8,943
汇美天下（国货店）,城阳区,城阳,3.5,单人设计染/烫2选1,98,796
汇美天下（商贸城店）,城阳区,国货,4.5,单人设计染/烫2选1,98,796
汇美天下（正阳路店）,城阳区,时代中心,5.0,单人设计染/烫2选1,98,796
标榜造型,城阳区,惜福镇,4.6,单人洗剪吹一次,20.9,730
妍色美容美发连锁（青岛利群城阳中路店）,城阳区,青特上豪/家佳源,5.0,单人精致洗剪吹套餐,25.8,627
丽娃造型（惜福镇店）,城阳区,惜福镇,5.0,单人洗剪吹造型2选1,22.8,592
妍色美容美发连锁（鲁邦风情街店）,城阳区,鲁邦国际风情街,5.0,单人首席设计师洗剪吹套餐,25.8,588
金政国美发沙龙,城阳区,青特上豪/家佳源,5.0,单人店长精致洗剪吹,53.8,579
东田造型,城阳区,城阳,4.8,单人洗剪吹,18.9,557
熙格美业,城阳区,农业大学,5.0,资深设计师精剪造型,38,497
阿玛尼造型,城阳区,鲁邦国际风情街,4.4,单人高级设计师精致洗剪吹,28,469
s美发沙龙,城阳区,世纪公园,5.0,单人剪发套餐,29,437
悦FASHION艺术美发沙龙（鲁邦店）,城阳区,鲁邦国际风情街,5.0,单人杂志风格裁剪(仅限一次）,26.8,436
工匠先生美发沙龙,城阳区,鲁邦国际风情街,5.0,单人精致洗剪吹,35,411
佰丽造型,城阳区,国货,5.0,洗剪吹套餐,16.8,393
嘉艺造型（东方城店）,城阳区,东方城,4.6,短发烫发护发套餐,108,377
炫美专业烫染会所,城阳区,中城路,4.8,洗剪吹套餐,9.9,335
十年美发沙龙,城阳区,青特上豪/家佳源,5.0,单人设计师剪发,21.8,313
奥利美甲美发,城阳区,青特上豪/家佳源,5.0,超值洗剪吹,16.8,310
印象美业连锁机构,城阳区,青特上豪/家佳源,4.9,单人超值洗剪吹套餐,26.8,269
loft salon品牌连锁（正阳路利群店）,城阳区,青特上豪/家佳源,4.6,微型无痕接发套餐,1380,190
青城秀客发型工作室,城阳区,惜福镇,5.0,单人专业剪发,21.9,188
品阁造型室,城阳区,世纪公园,4.6,单人精致烫/染二选一,168,185
茵茵哆来咪美发,城阳区,惜福镇,4.8,洗剪吹套餐,15.8,183
明星美业,城阳区,国货,5.0,单人洗剪吹造型套餐,21.9,178
派和形象潮牌沙龙,城阳区,水悦城,5.0,单人杂志风格设计师剪发,26.8,175
美源SOSO造型（利客来店）,城阳区,国货,4.4,单人高级烫发或染发,228,170
木子造型美容美发会所,城阳区,青特上豪/家佳源,4.1,精品烫发/精品染发2选1套餐,158,136
吸引力美发,城阳区,农业大学,5.0,单人烫发/顺直/染发/男士定位烫4选1套餐,88,128
M·秀形象设计,城阳区,青特上豪/家佳源,5.0,单人M·秀精致裁剪,33.8,127
崔慧贞美发,城阳区,青特上豪/家佳源,4.1,染烫2选1,280,94
发型师,城阳区,国货,5.0,单人剪护套餐,17.5,93
阿玛尼,城阳区,宝龙城市广场,4.1,单人精致洗剪吹,23,77
秀（日式精致剪烫复合式店）,城阳区,青特上豪/家佳源,4.8,单人日韩式精致剪发,25.8,74
ME美发会所（金艺美）,城阳区,农业大学,5.0,单人“88“元优质套餐,98,73
秀时尚美发,城阳区,青特上豪/家佳源,4.5,洗剪吹,20,71
王子style造型,城阳区,惜福镇,4.4,精致洗剪吹套餐,9.9,64
东尼造型,城阳区,东方城,4.1,洗剪吹单次,17.9,61
讴歌美发美容,城阳区,青特上豪/家佳源,4.1,单人剪发,15,59
YJ发型社美发美甲,城阳区,鲁邦国际风情街,5.0,单人资深设计师剪发,28.8,63
MX发型托管中心（城阳店）,城阳区,城阳,4.1,单人精致剪发1次,68,56
七克拉美容美发（崇阳路店）,城阳区,青特上豪/家佳源,5.0,单人精剪,29.8,50
名洋学院,城阳区,城阳,4.7,洗剪吹,14,49
AD私人形象工作室,城阳区,水悦城,5.0,单人洗剪吹套餐,19.9,49
审美造型,城阳区,宝龙城市广场,4.6,洗剪吹套餐,29.9,46
MARCO馬可形象（东方城店）,城阳区,东方城,4.7,单人高级发型师洗剪吹,40,40
维纳斯形象设计,城阳区,城阳,4.5,单人洗剪吹套餐,29.9,37
曼 HAIR SALON,城阳区,农业大学,4.6,单人资深造型师洗剪吹套餐,21.9,38
H D hair salon 美发美甲,城阳区,水悦城,5.0,单人资深设计师精剪洗剪吹,29.8,35
汇·时尚美发,城阳区,青特上豪/家佳源,4.7,单人美发套餐,88,32
秀发地带专业烫染造型,城阳区,城阳,4.0,洗剪吹套餐,18,31
韩秀发社,城阳区,华城路,4.7,单人洗剪吹套餐,14.9,30
金美华美发工作室,城阳区,宝龙城市广场,4.1,剪发一次,26.8,30
凯瑞美发沙龙,城阳区,青特上豪/家佳源,4.4,单人店长精剪护理吹洗,28,28
千美发型室,城阳区,农业大学,4.0,烫染套餐,168,27
名语美发连锁机构,城阳区,城阳,3.9,单人洗剪吹造型套餐,13.9,27
颐欣源美容养生连锁（城阳店）,城阳区,时代中心,4.6,韩式编发,20,25
秀丝顿植物养发馆,城阳区,中城路,4.1,植物染发套餐,78,23
俊立美发,城阳区,惜福镇,3.5,洗剪吹一次,19.9,23
王子独品造型,城阳区,中城路,4.1,洗剪吹套餐,13.8,22
feel美容美发,城阳区,城阳,5.0,单人洗剪吹,16.8,21
AONE HAIR孙亮理发室,城阳区,国货,4.6,创意总监精致洗剪吹单人套餐,80,20
摩卡造型,城阳区,青特上豪/家佳源,5.0,单人明星风格洗剪吹,25.8,18
欧尚造型,城阳区,农业大学,3.8,欧尚造型烫染拉套餐,168,15
沙宣造型,城阳区,城阳,4.0,单人洗剪吹造型一次,11.9,14
丝域养发馆（广告产业园店）,城阳区,世纪公园,3.5,单人玫瑰水润SPA养发护理,69,13
曼秀美发（明阳路店）,城阳区,中城路,3.0,单人剪发一次,30,11
男神女神美发,城阳区,城阳,4.0,洗剪吹1次,14.9,11
曼秀美发（德阳路总店）,城阳区,城阳,3.5,单人剪发一次,30,11
Sugar·salon日式风格,城阳区,农业大学,4.7,单人杂志风格裁剪,16.8,11
曼秀美发美容SPA会所,城阳区,时代中心,3.9,单人剪发一次,30,11
Ai-Di 造型,城阳区,国货,3.7,单人品质烫染2选1,89.9,11
爵士剪吧,城阳区,农业大学,4.0,洗剪吹,18,10
123美发,城阳区,青特上豪/家佳源,3.3,单人烫+染套餐,338,9
瑞丽美容美发,城阳区,国货,5.0,单人专业染发,158,6
UrbanHair 妸儿翉美发店,城阳区,世纪公园,4.5,单人韩式冷烫植物营养套餐,198,5
欧尼造型,城阳区,宝龙城市广场,4.3,韩式烫发/染发2选1+营养一次,88,4
碧美美容美发会所（正阳中路店）,城阳区,鲁邦国际风情街,4.1,单人”149“烫|染套餐2选一,149,4
颐扬健发养颜,城阳区,青特上豪/家佳源,3.5,全息头疗 改善头疼、睡眠不好,48,4
美宣造型（春阳路大润发店）,城阳区,农业大学,4.0,烫发/染发2选1套餐,88,4
妃琦发型工作室,城阳区,城阳,3.0,COCO芳香拉直,99,3
尚谷造型,城阳区,青特上豪/家佳源,3.5,单人剪发一次,12,3
喜来吉美发美甲,城阳区,青特上豪/家佳源,5.0,韩式单人染烫二选一,268,3
江南美发,城阳区,宝龙城市广场,3.5,单人染发套餐,58,2
muse发型设计,城阳区,城阳,4.7,单人染发套餐,88,2
长发仔烫染造型,城阳区,宝龙城市广场,3.0,洗剪吹套餐,9.9,2
雅美丝美发沙龙,城阳区,农业大学,4.2,烫染2选1套餐,198,2
东田造型,城阳区,东方城,4.2,日式柔顺烫或烫（ 长发）染2选1,199,1
梁龙发艺,城阳区,青特上豪/家佳源,4.8,单人烫发+染色+护理套餐,298,1
永琪美容美发（大润发店）,城阳区,农业大学,3.6,烫发、染发套餐2选1,198,0
爱诗秀美容美体养生馆,城阳区,农业大学,4.9,单人纯茶麸养发,68,0
漂亮宝贝专业烫染连锁机构,城阳区,流亭机场/重庆北路,3.0,单人烫染套餐,268,0
尚岛salon女人发型设计专家（王沙路店）,城阳区,城阳,4.1,洗剪吹+护发套餐,68,0
欧汎美丽王国,城阳区,青特上豪/家佳源,4.4,单人风格烫发／染发／柔顺／护理4选1,197,0
汇美美容美发,城阳区,城阳,3.0,单人剪护套餐,29,0
浪漫神话（棘洪滩店）,城阳区,城阳,3.5,美发套餐,326,0
永琪美容美发（青威路店）,城阳区,青特上豪/家佳源,3.7,烫发、染发套餐2选1,198,0
金氏美发造型,城阳区,国货,4.4,秀魅活力烫染套餐含型,368,0
佑米造型（新兴路店）,即墨市,即墨,5.0,丽人狂欢节-欧莱雅烫/染二选一,228,310627
亮姿美（大同街店）,即墨市,即墨,5.0,单人烫发/染发2选1,399,6017
私人订制（鹤山路店）,即墨市,正发利群,5.0,单人剪发套餐,19.9,4283
美辰艺术沙龙,即墨市,即墨,5.0,单人发型师精致裁剪（女士）,19,1316
wendy温蒂轻奢潮牌沙龙,即墨市,宝龙城市广场,5.0,单人设计师洗剪吹套餐,25.8,936
汇美天下（鹤山路店）,即墨市,即墨,3.9,单人设计染/烫2选1,98,796
亮姿美（大润发店）,即墨市,即墨,4.4,单人烫染拉直3选1套餐,338,505
亮姿美（国美电器店）,即墨市,即墨,4.1,单人烫染拉直3选1套餐,338,505
东方名剪,即墨市,正发利群,5.0,单人精致洗剪吹1次,19.9,496
艺蒂雅,即墨市,宝龙城市广场,4.1,单人洗剪吹套餐,25,362
MG魔术造型,即墨市,即墨,5.0,单人MG潮流设计剪发,13.9,364
发之缘美发,即墨市,即墨,4.6,洗剪吹套餐,25,224
鑫千黛形象设计会所,即墨市,新利群商场,4.6,单人丝柔护理烫发,97,86
新金典时尚造型,即墨市,文化路,4.8,剪发,25.5,78
梦尚小香港理容会所（大同街店）,即墨市,即墨,5.0,单人发型师精致剪发,29.8,79
天意发型设计,即墨市,服装市场,4.2,单人精致剪发,15,60
鑫兴美烫发会所,即墨市,即墨,4.4,鑫兴美烫发会所  烫发/染发  二选一,118,46
名剪专业烫染造型,即墨市,即墨,4.8,单人洗剪吹造型,16.9,44
韩尚秀烫染美甲彩妆名店,即墨市,即墨,4.7,单人设计师洗剪吹一份,14.9,44
飘丝坊美容美发会所,即墨市,即墨,5.0,韩国还原烫染护一次,268,34
爱尚造型,即墨市,即墨,4.1,单人健康环保烫/染2选1,79,24
逸菲美容美发会所,即墨市,服装市场,4.4,烫染护一次,138,23
珍妮LOVE国际美发沙龙,即墨市,即墨,3.0,洗剪吹造型1次,9.9,20
私人造型会所-S SHOW,即墨市,即墨,4.3,单人洗剪吹套餐,28,6
米兰造型,即墨市,开发区,4.3,单人烫染护3选1,258,5
TT美发沙龙,即墨市,即墨,4.3,TT沙龙专业烫发,99,4
星宇丽都,即墨市,文化路,4.4,精致烫染套餐,199.9,3
新运国际发型,即墨市,即墨,4.6,单人新运造型烫染2选1,228,3
轩尼美约,即墨市,即墨,4.1,单人时尚烫发套餐,158,3
秀场韩式美发沙龙,即墨市,文化路,4.8,单人韩国优质烫+染+护,198,2
顶点,即墨市,服装市场,3.0,完美烫染套餐,239,1
阿维造型,即墨市,正发利群,4.3,单人时尚烫发套餐,88,1
时尚芭莎,即墨市,宝龙城市广场,3.9,单人时尚芭莎洗剪吹,25,0
富源美容美发（家佳源店）,即墨市,家佳源,3.0,单人露新兰烫发一次,158,0
聚美美容美发,即墨市,宝龙城市广场,3.9,单人资深总监剪发+护理+欧莱雅烫/染/拉直3选1,128,0
群星造型,即墨市,大润发,4.4,单人深层顺柔护发套餐,25.9,0
审美造型,即墨市,即墨,4.0,单人洗剪吹套餐,28,0
头发乱了专业烫染,即墨市,即墨,4.8,单人头发乱了专业烫染高级烫发染发套餐,268,0
创美造型,平度市,平度,4.0,洗剪吹,20,8
58街发艺,平度市,利群/尚街,4.6,单人洗剪吹套餐,9.9,8
发缘秀经典设计,平度市,维客/百货商圈,4.3,头发闭鳞护理一次,39,6
皇朝造型,平度市,维客/百货商圈,4.4,单人韩国色彩打蜡,99,6
现代美叶子理容会馆,平度市,利群/尚街,4.0,单人烫染套餐[复制],99,5
香港鹤轩时尚空间,平度市,利群/尚街,4.3,单人单次染发,158,1
名阳造型,平度市,利群/尚街,4.1,单人烫加染套餐,178,0
木子造型烫染会所,平度市,平度,5.0,打蜡,88,0
至尊美发,平度市,平度,4.8,炫丽染色加荧光打蜡,180,0
风格造型 烫染名店,平度市,平度,3.5,烫染套餐,168,0
