﻿商家,区域,商圈,星级,服务,价格,销量
佛伦斯私人定制烫染名店（傲成大厦店）,五华区,南屏片区,5.0,美芝品系列单人美发套餐,168,143258
佛伦斯私人定制烫染国际连锁（南屏店）,五华区,南屏片区,5.0,美芝品系列单人美发套餐,168,143258
佛伦斯私人定制烫染国际连锁（瓦仓庄店）,五华区,小西门,5.0,美芝品系列单人美发套餐,168,143258
佛伦斯私人订制烫染国际连锁（正大紫都城店）,五华区,丰宁小区,5.0,单人首席洗剪吹套餐,39,131977
瑞豪专业烫染连锁（财大店）,五华区,云南财经大学,5.0,【资深设计师】提案+精致裁剪+造型,28.8,107231
瑞豪专业烫染连锁（天骄北麓店）,五华区,天骄北麓,5.0,【资深设计师】提案+精致裁剪+造型,28.8,107231
瑞豪专业烫染连锁（南屏时代店）,五华区,南屏片区,5.0,【资深设计师】提案+精致裁剪+造型,28.8,107231
瑞豪专业烫染连锁（龙泉路店）,五华区,云南财经大学,5.0,【资深设计师】提案+精致裁剪+造型,28.8,107231
欧莱雅私人定制（昆明泰旸欣城店）,五华区,云南财经大学,5.0,单人洗剪吹/护理套餐2选1,39,101037
欧莱雅私人定制（昆明戎锦花园店）,五华区,北教场,5.0,单人洗剪吹/护理套餐2选1,39,101037
欧莱雅私人定制美发连锁（昆明小花园店）,五华区,南屏片区,5.0,单人洗剪吹/护理套餐2选1,39,101037
欧莱雅私人定制（昆明和谐世纪店）,五华区,和谐世纪,5.0,单人洗剪吹/护理套餐2选1,39,101037
欧莱雅私人定制（建设路店）,五华区,建设路,5.0,单人洗剪吹/护理套餐2选1,39,101037
欧莱雅私人定制美发连锁（昆明香宫国际店）,五华区,小西门,5.0,单人洗剪吹/护理套餐2选1,39,101037
欧莱雅私人定制（时代公寓店）,五华区,高新区,5.0,单人洗剪吹/护理套餐2选1,39,101037
欧莱雅私人定制连锁（昆明正大紫都城店）,五华区,丰宁小区,5.0,单人洗剪吹/护理套餐2选1,39,101037
欧莱雅私人定制（春城慧谷店）,五华区,高新商学院,5.0,单人洗剪吹/护理套餐2选1,39,101037
欧莱雅私人定制（学府路昆冶金学校店）,五华区,建设路,5.0,单人洗剪吹/护理套餐2选1,39,101037
施华蔻美发连锁（昆明和谐世纪店）,五华区,和谐世纪,5.0,单人施华蔻烫染套餐3选1,208,85651
施华蔻美发连锁（昆明南屏店）,五华区,南屏片区,5.0,单人施华蔻烫染套餐3选1,208,85651
施华蔻美发连锁（昆明春城慧谷一期店）,五华区,高新商学院,5.0,单人施华蔻烫染套餐3选1,208,85651
施华蔻美发连锁（昆明泰旸欣城店）,五华区,云南财经大学,5.0,单人施华蔻烫染套餐3选1,208,85651
施华蔻美发连锁（昆明小西门蓝钻工作室）,五华区,小西门,5.0,单人施华蔻烫染套餐3选1,208,85651
施华蔻美发连锁（昆明假日城市店）,五华区,高新区,5.0,单人施华蔻烫染套餐3选1,208,85651
米娜造型（苏宁电器店）,五华区,小西门,5.0,单人美发套餐5选1,128,35164
88潮牌美发连锁（宝善店）,五华区,三市街,4.9,单人洗剪吹,38.8,20217
88潮牌美发连锁（世纪广场店）,五华区,南屏片区,4.6,单人洗剪吹,38.8,20217
88潮牌美发连锁（兴华店）,五华区,五华区,5.0,单人洗剪吹,38.8,20217
米淇烫染技术全国联盟（香宫国际店）,五华区,小西门,5.0,单人利威丝奇幻烫染系列,158,18735
米娜造型（傲城大厦店）,五华区,五华区,4.0,单人欧莱雅美奇丝超值烫发/染发二选一美发套餐,168,15876
迪美造型（青年路店）,五华区,翠湖公园,4.1,【品质特惠】单人欧莱雅烫/染5选1+护理,128,14350
名之成爱美发折扣店,五华区,小西门,5.0,单人专业发型师形象设计1次,18,11982
摩登时尚,五华区,圆通山,4.3,单人摩登奢华烫/染/拉直3选1套餐,258,11968
美奇丝私人订制（傲城大厦店）,五华区,南屏片区,5.0,【特价】单人高级施华蔻烫染拉美发套餐3选1,388,10402
美奇丝私人订制（圆通北路店）,五华区,圆通山,5.0,【特价】单人高级施华蔻烫染拉美发套餐3选1,388,10402
沙宣烫染连锁（昆明和谐世纪店）,五华区,和谐世纪,4.9,单人高级施华蔻烫染3选1套餐,290,10095
沙宣烫染连锁（昆明建设路店）,五华区,五华区,5.0,单人高级施华蔻烫染3选1套餐,290,10095
美天淘日系沙龙（南屏时代大厦店）,五华区,三市街,4.9,单人设计师洗剪吹,28,9974
巴罗国际烫染连锁（鼎易天城店）,五华区,高新区,5.0,单人超值烫发/染发套餐5选2,378.8,7934
莱芮姿美发（东风西路店）,五华区,小西门,3.0,【美奇丝】烫染单项套餐,168,6917
久星国际（科发路鼎易天成店）,五华区,高新区,5.0,单人美发套餐4选1,198,4789
千发屋美容美发连锁机构（建设路店）,五华区,建设路,5.0,高级设计师单人洗剪吹1次,25,4130
千发屋美容美发连锁机构（圆西路店）,五华区,圆通山,5.0,高级设计师单人洗剪吹1次,25,4130
玛莎国际专业接发潮牌（昆明店）,五华区,南屏片区,5.0,单人全真无痕隐形接发（55cm）拆卸无残留,780,3954
阿水造型（正义店）,五华区,翠湖公园,5.0,高级设计师精致洗剪吹,25.8,3904
阿水造型（小西门店）,五华区,五华区,5.0,高级设计师精致洗剪吹,25.8,3904
椰岛造型（王府井店）,五华区,南屏片区,5.0,超值限量洗吹单人套餐,22,3841
FRIDAY专业发型沙龙（旗舰店）,五华区,三市街,5.0,高级发型师剪发单人套餐,39,3044
姿尚（小花园店）,五华区,南屏片区,5.0,单人施华蔻刘海,58,2690
维多利亚,五华区,南屏片区,5.0,单人洗剪吹,48,2484
1号连锁美发专家（小花园店）,五华区,小西门,3.5,乔薇尔（JOVIAL)单选,339,2334
FRIDAY专业发型沙龙（柏联广场店）,五华区,三市街,5.0,特级修剪造型单人套餐,68,2181
love秀（金碧店）,五华区,南屏片区,4.9,精致洗剪吹套餐,32.8,2096
love秀（鼎易天景店）,五华区,黄土坡,4.7,精致洗剪吹套餐,32.8,2096
名之成美发（星座店）,五华区,三市街,5.0,单人创意组发型师洗+剪+造型,68,1789
黑人头烫染沙龙（小花园店）,五华区,南屏片区,5.0,单人总监洗剪吹1次,29.8,1416
黑人头烫染沙龙（小西门店）,五华区,小西门,4.7,单人总监洗剪吹1次,29.8,1416
巴黎卡诗专业烫染接发美发连锁（家乐福店）,五华区,丰宁小区,4.3,【特价】单人全真无痕纳米接发55cm(120片),1280,1222
雅琪创意专业美发连锁（西城店）,五华区,高新区,5.0,洗剪吹单人套餐,19.9,1202
延伸空间（新西南店）,五华区,南屏片区,5.0,单人技术总监精剪+造型,58,1019
国际之星（龟背桥店）,五华区,小西门,4.6,店长剪发送保养一次,19.9,918
国际之星总店（苏宁易购店）,五华区,小西门,5.0,店长剪发送保养一次,19.9,918
威娜美奇丝烫染造型（福满宾馆店）,五华区,小西门,5.0,店长剪发送保养一次,19.9,918
supreme潮牌工作室,五华区,五华区,4.7,无痕接发套餐（到胸包括染色),880,909
阿飞私人专属,五华区,南屏片区,5.0,无痕接发套餐（到胸包括染色),880,909
梵帝丝发艺,五华区,丰宁小区,5.0,单人精修洗剪吹,19.8,908
GD绽放星生,五华区,三市街,5.0,单人设计师洗剪吹,38,609
GD STYLE,五华区,南屏片区,5.0,单人设计师洗剪吹,38,609
原玮Hair Salon,五华区,翠湖公园,5.0,单人剪发设计,38,581
CIC私人形象管理,五华区,南屏片区,5.0,特级设计师剪发造型单人体验套餐,38,579
芭比私人定制（小花园店）,五华区,南屏片区,5.0,欧莱雅烫染套餐发长不限,126,563
蒂森美发烫染定制（南屏街总店）,五华区,南屏片区,5.0,单人国际品牌SHK烫染套餐,328,535
聚匠阁秀发场,五华区,五华区,4.1,聚匠阁秀发城美发套餐,99,527
名剪艺人,五华区,月牙潭,3.8,单人洗剪吹,28,525
艾伦造型工作室,五华区,南屏片区,5.0,艾伦设计师洗剪吹单人套餐,18.8,505
Workshop美发工作室,五华区,三市街,5.0,单人首席设计师洗剪吹套餐,68,504
TY私人定制造型,五华区,南屏片区,5.0,单人倒膜护理1次,12,499
阿梁造型,五华区,小西门,5.0,单人洗剪吹,26.9,487
质感发艺,五华区,小西门,5.0,洗剪吹单人套餐,28.8,455
Lady House造型工作室,五华区,南屏片区,5.0,【首席高端】洗剪吹单人套餐,58,420
闺蜜私人订制（青年路店）,五华区,南屏片区,5.0,单人美发烫/染套餐,176,397
美丽人生,五华区,五华区,5.0,单人洗剪吹套餐,23.9,375
汤米美容美发沙龙,五华区,三市街,5.0,单人剪发造型一次,28,339
Master私人形象工作室,五华区,和谐世纪,5.0,单人教育总监洗剪吹,58,333
可可私人定制（美晨百货店）,五华区,小西门,4.1,单人特色优惠烫发套餐,148,317
米琪造型（鼎易天城店）,五华区,高新区,3.9,单人烫染2选1,88,310
CARBA卡巴造型,五华区,南屏片区,4.9,卡巴洗吹造型,29.9,304
酷美发美甲沙龙,五华区,黄土坡,4.7,洗剪吹单人套餐,16.8,299
丝域养发馆（翠湖俊园店）,五华区,翠湖公园,4.1,丝域头部香薰spa,69,275
KOO香港国际连锁沙龙（1206发型会所）,五华区,南屏片区,5.0,单人督导总监洗剪套餐,59,269
MD摩登形象定制,五华区,南屏片区,4.7,精油限时抢购单人1瓶,1,255
D-one造型,五华区,南屏片区,4.4,单人订制烫/染套餐,198,50
TOP 1843,五华区,南屏片区,5.0,菲灵时尚烫染2选1单人套餐,180,47
蝶变造型（佰腾数码广场店）,五华区,圆通山,4.7,单人施华蔻烫染套餐,328,45
pop专业无痕接发潮牌,五华区,南屏片区,5.0,单人全真无痕接发（65cm）拆卸无残留,880,41
new look style,五华区,五华区,5.0,单人施华蔻烫染,68,40
仁助隆RZL造型工作室,五华区,南屏片区,5.0,剪发单人套餐,48,39
SHOU美私人工作室,五华区,五华区,5.0,单人烫发、染发、直发3选1,158,39
威龙造型,五华区,五华区,5.0,【限量抢】品质洗剪吹单人套餐,38,33
丝域养发馆（王府井店）,五华区,南屏片区,5.0,健康洗发+养发套餐+头皮护理套餐,128,33
Queen私人形象定制,五华区,丰宁小区,5.0,Queen 无痕接发（烫染）套餐,5.8,33
隆妆盛宴养生馆,五华区,天骄北麓,5.0,单人头发水疗1次,19.8,32
华真养发（北市区店）,五华区,美璟新城,4.0,单人华真招牌养发,488,31
古极造型,五华区,南屏片区,3.9,精致洗+剪+造型单人套餐,88,30
88潮牌（宝善店）,五华区,南屏片区,5.0,单人美奇丝烫、染2选1,198,28
胡润造型养发会所（顺城购物中心店）,五华区,南屏片区,4.6,胡润单人圣威娜烫染2选1套餐,128,26
浪艺烫染名店,五华区,五华区,4.4,单人欧莱雅烫染套餐,238,25
姿尚全国连锁,五华区,南屏片区,4.9,特级无痕接发,1500,21
ART  OF  HANDS  SALON 手的艺术美发沙龙,五华区,三市街,5.0,洗发造型养护套餐,22,20
永琪美容美发（小康店）,五华区,和谐世纪,4.0,单人首席设计师冷烫套餐,268,19
魔发造型专业烫染,五华区,北教场,3.7,精剪组精致裁剪单人套餐,28.8,16
手艺人美发,五华区,高新商学院,4.8,单人手艺人技术总监剪裁,38,14
佳艺美容美发,五华区,五华区,4.7,佳艺高级设计师洗剪吹单人体验套餐,29.8,13
魅艺造型工作室,五华区,小西门,4.9,单人洗剪吹一次,29,12
ME艺术形象设计,五华区,南屏片区,4.5,形象设计剪发（单人套餐）,78,11
YANPOWER颜动力美颜美发共享平台,五华区,南屏片区,3.5,高级发型师洗剪吹套餐,50,11
发厨美业发型订制,五华区,美璟新城,4.5,染或烫+发厨健康洗+总监组剪发,98,10
百里挑一美发工作室,五华区,小西门,4.7,单人欧莱雅烫/染/直发,148,10
索菲丝美发沙龙,五华区,南屏片区,4.6,技术总监洗剪吹套餐,198,8
爱发,五华区,黄土坡,4.6,烫发套餐,98,7
图轩精品造型,五华区,丰宁小区,4.4,单人超值烫染,88,7
sophies造型会所,五华区,三市街,4.7,中短发烫发定制单人套餐,1088,6
SK（总店）,五华区,五华区,4.5,代金券,1,6
东岛造型,五华区,南屏片区,4.2,单人特价洗吹造型套餐,16.6,4
首艺造型专业烫染店,五华区,建设路,3.9,单人染发套餐,108,4
新势力专业美发名店,五华区,五华区,3.5,新势力专业美发名店洗剪吹,28,3
MR.barber高级发型定制,五华区,南屏片区,3.5,高端烫染2选1,298,2
金氏造型,五华区,南屏片区,3.5,单人韩国酸性蛋白护理1次,68,1
MOMO造型美发会所（南屏时代店）,五华区,三市街,4.0,欧莱雅单人烫染套餐,118,1
IN 4美发表现工作室,五华区,小西门,4.1,单人烫护套餐,198,1
k-造型,五华区,南屏片区,4.5,单人烫染套餐,288,1
斯范儿美甲美发定制,五华区,高新区,5.0,单人剪发套餐,39.8,1
女主播化妆美甲美睫韩式半永久,五华区,丰宁小区,4.4,单人韩式无痕接发,1700,0
路人甲美甲,五华区,高新区,4.7,代金券,70,0
菲凌国际烫染美发连锁（南屏店）,五华区,南屏片区,5.0,无痕接生态膜发片接套餐,1580,0
爱情故事美发会所（金鹰店）,五华区,南屏片区,4.9,单人欧莱雅水润烫/染,188,0
鹿港小镇美甲,五华区,五华区,5.0,单人烫染二选一套餐,198,0
墨沙龙,五华区,三市街,5.0,施华蔻烫染拉三选一套餐,298,0
技术空间发型设计,五华区,小西门,3.0,超值优惠套餐,198,0
名人会,五华区,南屏片区,4.5,单人无痕纳米十字接发,5.8,0
DreamHouse美发美甲工作室,五华区,南屏片区,3.5,单人BC焗油膏，头发滋润奢华护理,198,0
FL.HAIR SALON（同德广场店）,盘龙区,同德昆明广场,5.0,店长发型设计修剪（女士单人剪发）,49.8,412
资生堂烫染连锁（北辰店）,盘龙区,盘龙区,5.0,单人美发烫/染套餐,176,397
love秀（同德广场店）,盘龙区,同德昆明广场,4.5,单人施华寇奢华订制发型套餐,268,318
帝凡美容美发（时光店）,盘龙区,凤凰新村,5.0,干洗按摩精剪造型套餐,12.8,304
帝凡美容美发（滨江店）,盘龙区,滨江俊园,5.0,干洗按摩精剪造型套餐,12.8,304
新标榜（22店）,盘龙区,金泉小区,4.3,单人精致烫染套餐,128,284
美奇丝烫染造型（金色年华总店）,盘龙区,金星小区,5.0,总监单人洗剪吹,19.8,284
丝域养发馆（北辰店）,盘龙区,北辰财富中心,4.8,丝域头部香薰spa,69,275
丝域养发馆（同德广场店）,盘龙区,同德昆明广场,5.0,丝域头部香薰spa,69,275
M H私人订制,盘龙区,北辰财富中心,5.0,单人剪发送水疗一次,38,252
奥琪造型,盘龙区,新迎小区,5.0,奥琪首席组 洗剪 造型 护理 长发不限 免预约,59,239
MK私人发型订制工作室,盘龙区,同德昆明广场,5.0,私人定制裁剪,98,229
KS潮牌专业无痕接发（汇都国际店）,盘龙区,盘龙区,5.0,日本菲灵烫染,12.8,225
m·r造型工作室,盘龙区,北辰财富中心,5.0,单人店长剪发,39,220
刘勇发艺（欣龙花园店）,盘龙区,新迎小区,4.4,单人高级理发师洗剪吹,28.8,218
Enzo美发潮店（滨江店）,盘龙区,滨江俊园,5.0,单人资深设计师精剪造型,38,217
LACA莱卡私人造型,盘龙区,同德昆明广场,5.0,私人定制裁剪套餐,58,192
中药姜疗养发阁,盘龙区,北辰财富中心,4.7,本草姜疗养发体验单人套餐,38,185
莲荷禅院高端身心灵养身会所,盘龙区,同德昆明广场,4.8,莲荷禅院色彩烫染单人体验套餐,298,169
禾一日係原创,盘龙区,同德昆明广场,5.0,单人日式发型设计,68,165
透明度美发沙龙,盘龙区,桃源广场,4.8,洗剪吹,20,145
国兴发艺（三分店）,盘龙区,穿金路,4.1,单人施华蔻欧莱雅烫染+总监洗剪吹+设计+造型,138,136
雕刻时光美发（金星店）,盘龙区,金星小区,4.3,雕刻时光美发洗头+剪发+造型,24.9,134
88潮牌美发连锁（同德店）,盘龙区,金星小区,5.0,单人洗剪吹套餐,9.9,130
巴黎欧珀莱私人造型欧莱雅体验店,盘龙区,欣都龙城,5.0,精致裁剪洗吹造型/护理2选1,35,114
新标榜（昆明广场店）,盘龙区,同德昆明广场,5.0,高级设计精剪,58,106
TT造型私人定制,盘龙区,盘龙区,5.0,单人洗剪吹套餐,19.9,105
佑美乐（北京路店）,盘龙区,凤凰新村,3.5,单人日本资深堂烫/染发2选1套餐,368,98
Darry Ring戴瑞美发形象订制烫染工作室（江东花园店）,盘龙区,北辰财富中心,5.0,FEELING日本菲灵蜂蜜烫发/氨基酸打蜡/唯蔻染发4选1,188,89
剪爱美业,盘龙区,滨江俊园,4.7,时尚单人烫染2选1套餐,288,71
玖良_1958造型会所,盘龙区,北辰财富中心,4.1,总监定制洗剪吹套餐,68,59
天琪造型,盘龙区,穿金路,5.0,单人烫/染套餐2选1,68,48
GS私人订制,盘龙区,同德昆明广场,4.5,洗发造型单人套餐,28,34
初见美发私人定制,盘龙区,桃源广场,4.5,初见美发私人定制女士专业形象设计,28,26
阿髓国际发型,盘龙区,北辰财富中心,3.8,阿髓国际发型98单人烫染2选1,98,24
yam美发设计工作室,盘龙区,凤凰新村,4.1,单人设计师洗剪吹套餐,28.8,21
凯伦国际美业中心,盘龙区,金泉小区,5.0,单人设计师精剪套餐,20,14
西泽·瀚森专业美发,盘龙区,同德昆明广场,5.0,资深发型师洗剪吹,29,14
zm众诚美业连锁（金实店）,盘龙区,金实小区,4.4,单人总监洗剪吹1次,50,11
轻奢造型,盘龙区,金实小区,5.0,3D塑型烫或染,228,11
杨洋私制空域,盘龙区,盘龙区,4.9,高级发型师洗剪吹套餐,68,9
纤指佰魅整体造型,盘龙区,同德昆明广场,4.7,单人编发造型1次,19.8,8
雅妆美业（第十一店）,盘龙区,云南印象,3.8,洗剪吹套餐,18,8
雅妆美业（龙泉花园店）,盘龙区,凤凰新村,4.1,洗剪吹套餐,18,8
FF潮牌造型,盘龙区,同德昆明广场,4.0,创艺组精致裁剪,56,4
MY造型工作室（顺城总店）,盘龙区,云南印象,4.7,单人魅力女王烫染套餐,368,4
dream美甲接发工作室,盘龙区,金星小区,4.7,单人护理染发套餐,88,4
小天飞理发店,盘龙区,金实小区,4.3,单人植物生化烫/染/拉直柔顺套餐,168,0
欧莎发型机构,盘龙区,金实小区,3.5,染发国际一级,108,0
米兰国际,盘龙区,王旗营,4.0,米兰国际私人定制单人烫染B套餐,188,0
佛伦斯私人定制烫染国际连锁（南亚风情店）,西山区,南亚第一城,5.0,美芝品系列单人美发套餐,168,143258
佛伦斯私人订制烫染国际连锁（西山万达店）,西山区,万达广场,5.0,美芝品系列单人美发套餐,168,143258
瑞豪专业烫染连锁（爱琴海购物公园店）,西山区,西山区,5.0,【资深设计师】提案+精致裁剪+造型,28.8,107231
欧莱雅私人定制美发连锁（昆明万达店）,西山区,万达广场,5.0,单人洗剪吹/护理套餐2选1,39,101037
欧莱雅私人定制（昆明西山区政府店）,西山区,西山区政府,5.0,单人洗剪吹/护理套餐2选1,39,101037
欧莱雅私人定制（昆明爱琴购物公园店）,西山区,红星爱琴海购物公园,5.0,单人洗剪吹/护理套餐2选1,39,101037
欧莱雅私人定制美发连锁（南亚风情店）,西山区,南亚第一城,5.0,单人洗剪吹/护理套餐2选1,39,101037
欧莱雅私人定制美发连锁 （昆明东寺街店）,西山区,金马碧鸡坊片区,5.0,单人洗剪吹/护理套餐2选1,39,101037
施华蔻美发连锁（昆明南亚星光苑店）,西山区,南亚第一城,5.0,单人施华蔻烫染套餐3选1,208,85651
施华蔻美发连锁（昆明万达公寓店）,西山区,万达广场,5.0,单人施华蔻烫染套餐3选1,208,85651
欧莱雅私人定制（公园1903店）,西山区,公园1903,5.0,单人欧莱雅美奇丝烫/染/拉3选1套餐),159,76411
海飞丝烫染连锁（西山区万达店）,西山区,万达广场,5.0,单人高级施华蔻烫/染套餐3选1,288,29443
摩登时尚（万达店）,西山区,西山区,4.1,【品质优选】设计师定制裁剪,29.8,23680
椰岛造型（254昆明7爱情海店）,西山区,红星爱琴海购物公园,5.0,【裁剪+造型】洗剪吹套餐,40,18527
倷丝国际烫染连锁（南亚风情店）,西山区,南亚第一城,4.6,单人美芝品美发套餐,168,10611
美奇丝私人订制（万达广场店）,西山区,万达广场,5.0,【特价】单人高级施华蔻烫染拉美发套餐3选1,388,10402
美天淘日系沙龙（南亚店）,西山区,南亚第一城,4.2,单人设计师洗剪吹,28,9974
巴罗国际烫染连锁（万达广场店）,西山区,万达广场,4.0,单人超值烫发/染发套餐5选2,378.8,7934
韩妆潮人（弥尚店）,西山区,南亚第一城,4.6,B:单人首席/设计师烫/染2选1套餐,288,4838
千发屋美容美发连锁机构（西山店）,西山区,西山区政府,5.0,高级设计师单人洗剪吹1次,25,4130
永琪美容美发（万达店）,西山区,万达广场,5.0,单人首席洗剪吹,38,431
永琪美容美发（东寺街店）,西山区,金马碧鸡坊片区,5.0,单人首席洗剪吹,38,431
SK（公园1903店）,西山区,公园1903,5.0,单人风格造型洗剪吹,158,392
澳琪连锁机构,西山区,金马碧鸡坊片区,5.0,单人洗剪吹套餐,30,389
까 ·韩国CCA国际连锁（昆明总店）,西山区,西山区,5.0,技术总监,98,369
三道杠造型,西山区,金马碧鸡坊片区,5.0,单人洗剪吹套餐,98,352
密码国际美发连锁（大商汇店）,西山区,西山区,5.0,施华寇烫/染单人套餐,188,335
潮流创意空间美发连锁（万达广场店）,西山区,万达广场,4.5,施华寇烫/染单人套餐,188,335
东林造型（四店）,西山区,金马碧鸡坊片区,4.2,东林造型美发套餐,118,313
丝域养发馆(万达广场西山店),西山区,万达广场,5.0,丝域头部香薰spa,69,275
丝域养发馆(爱琴海购物公园店),西山区,红星爱琴海购物公园,5.0,丝域头部香薰spa,69,275
丝域养发馆（千禧龙庭店）,西山区,西山区政府,3.5,丝域头部香薰spa,69,275
柏雅造型,西山区,广福中华美食城,4.7,单人博雅造型超值洗剪吹,25,250
ks专业无痕接发潮牌（爱琴海购物中心店）,西山区,西山区,5.0,日本菲灵烫染,12.8,225
ZG《阁》 美发私人订制美发连锁,西山区,万达广场,5.0,单人总监洗剪吹造型,48,222
源本日系美发私人定制,西山区,南亚第一城,5.0,单人洗吹,25,220
美丽有约主题沙龙,西山区,西山区,5.0,单人无痕纳米接发套餐,880,215
迷你美容美发养生会所（香榭丽园店）,西山区,大商汇,3.9,剪护套餐,26,210
YG/Studio发型工作室,西山区,南亚第一城,5.0,单人YG发型总监裁剪,68,155
幕雅国际美发,西山区,西山区,4.9,单人首席设计,50,139
资生堂私人订制国际连锁（欧莱雅指定体验店）,西山区,万达广场,5.0,单人进口施华蔻烫/染3选1美发套餐,388,132
顶尖发艺,西山区,西山区,5.0,单人店长造形,29.8,124
蓝咖造型salon,西山区,白马,5.0,单人蓝咖造型主理人洗剪吹套餐,45,117
新丝露发型,西山区,西山区,4.9,洗吹造型,16,117
卡诗美发全球连锁直营店,西山区,南亚第一城,4.6,私人设计师洗剪吹套餐,9.9,78
丝颂美容美发潮沙龙,西山区,西山区,4.8,单人高级设计师洗剪吹造型,38,51
PP明星造型会所,西山区,南亚第一城,5.0,接发1束,1,50
温泉之旅美发沙龙,西山区,南亚第一城,4.7,单人精致洗吹造型套餐,38,48
林师发艺,西山区,西山区政府,4.9,烫发染发二选一套餐,88,41
芭莎美业,西山区,西山区,4.9,单人精致裁剪,39,34
丝域养发馆（南亚店）,西山区,南亚第一城,4.6,健康洗发+养发套餐+头皮护理套餐,128,33
IDA私人发型,西山区,金马碧鸡坊片区,5.0,施华蔻烫染享会员价专用劵,10,32
华真养发（气象路店）,西山区,西山区,4.0,单人华真招牌养发,488,31
红点形象,西山区,西山区,4.0,红点私人发型定制设计修剪,108,30
新艺Amani,西山区,金马碧鸡坊片区,4.1,首席洗剪吹单人体验套餐,38,27
起点造型,西山区,西山区政府,4.3,单人起点造型烫/染2选1,88,26
胡润形象公社,西山区,南亚第一城,4.2,胡润单人圣威娜烫染2选1套餐,128,26
新艺造型,西山区,西山区,4.7,新艺造型无痕接发,1200,21
时尚前线,西山区,大观楼,4.4,时尚前线剪发造型,12.6,20
D7私人订制,西山区,西山区,5.0,D7洗吹造型,9.9,15
魅俐睐光辉城市店（光辉城市店）,西山区,大商汇,3.5,光辉店1,128,11
R&D;轻奢主义造型机构,西山区,南亚第一城,4.6,单人发型督导剪发+施华蔻水疗,98,11
perfect私人定制,西山区,金马碧鸡坊片区,4.6,单人精致剪发造型一次,98,9
悦美,西山区,云纺,3.7,单人名师剪发套餐,38,9
瑞尼国际美发（第一店）,西山区,西山区,3.8,洗剪吹套餐,18,8
cm专业烫染沙龙,西山区,金马碧鸡坊片区,3.5,时尚烫发染发套餐,78,4
美尚化妆造型工作室,西山区,万达广场,4.9,星级轻感无痕妆,268,1
佛伦斯私人定制烫染名店（环城南路店）,官渡区,吴井路,5.0,美芝品系列单人美发套餐,168,143258
佛伦斯私人定制烫染名店（体育城店）,官渡区,新亚洲体育城,5.0,美芝品系列单人美发套餐,168,143258
佛伦斯私人定制烫染国际连锁（金源国际公寓店）,官渡区,世纪城,5.0,美芝品系列单人美发套餐,168,143258
瑞豪专业烫染连锁（昆明学院店）,官渡区,经开区,5.0,【资深设计师】提案+精致裁剪+造型,28.8,107231
欧莱雅私人定制（新亚洲体育城店）,官渡区,新亚洲体育城,5.0,单人洗剪吹/护理套餐2选1,39,101037
欧莱雅私人定制美发连锁（昆明关上店）,官渡区,关上,5.0,单人洗剪吹/护理套餐2选1,39,101037
欧莱雅私人定制（昆明学院西门店）,官渡区,经开区,5.0,单人洗剪吹/护理套餐2选1,39,101037
欧莱雅私人定制（昆明世纪华联店）,官渡区,新螺蛳湾,5.0,单人洗剪吹/护理套餐2选1,39,101037
欧莱雅私人定制（官南大道大润发店）,官渡区,官南大道,5.0,单人洗剪吹/护理套餐2选1,39,101037
欧莱雅私人定制（昆明世纪城店）,官渡区,世纪城,5.0,单人洗剪吹/护理套餐2选1,39,101037
施华蔻美发连锁（昆明星都国际店）,官渡区,新亚洲体育城,5.0,单人施华蔻烫染套餐3选1,208,85651
施华蔻美发连锁（昆明海伦国际）,官渡区,世纪城,5.0,单人施华蔻烫染套餐3选1,208,85651
施华蔻美发连锁（昆明官南大道大润发店）,官渡区,官南大道,5.0,单人施华蔻烫染套餐3选1,208,85651
佑美乐（世纪城店）,官渡区,世纪城,4.9,单人剪发套餐1份,39.8,28762
米娜造型【千紫园店】,官渡区,官渡区,4.0,单人欧莱雅高端五选一套餐,198,27358
绚诺soho（新亚洲体育城店）,官渡区,新亚洲体育城,4.9,单人资深造型师洗剪吹套餐,29.8,20644
绚诺SOHO（北京路店）,官渡区,万象城,4.3,单人资深造型师洗剪吹套餐,29.8,20644
绚诺soho造型（百汇商业广场店）,官渡区,官渡区,4.0,单人资深造型师洗剪吹套餐,29.8,20644
88潮牌美发连锁（美沙专业店）,官渡区,世纪城,5.0,单人美发轻度受损发质烫/染/直,299,12101
丝域养发馆（银海尚御分店）,官渡区,关上,4.6,丝域头部香薰spa,69,275
东旭新妆造型理疗会所,官渡区,官渡区,5.0,【专业组】单人发型设计师洗剪吹套餐,48.8,228
迷你美容美发中心（双桥路店）,官渡区,关上,3.7,剪护套餐,26,210
迷你美容美发养生会所（官南城店）,官渡区,官渡区,3.7,剪护套餐,26,210
博莱雅私人定制·烫染名师名店,官渡区,官渡区,5.0,欧莱雅超人气烫染定制套餐,198.9,175
丝堡丽形象沙龙（世纪金源店）,官渡区,世纪城,5.0,单人设计师精致裁剪,38,174
Cc私人定制潮牌工作室（大润发总店）,官渡区,官南大道,5.0,单人总监洗剪吹套餐,38,117
IAG逆龄女神皮肤管理连锁机构（银海尚御店）,官渡区,关上,5.0,单人韩式纯植物染发（女发）套餐,99,112
粤华烫染沙龙,官渡区,关上,4.0,单人剪发套餐,19,109
英皇造型,官渡区,经开区,4.0,高级发型师单人精剪套餐,23,100
伊莱美美容会所,官渡区,世纪城,5.0,单人洗吹+造型套餐,18.8,93
美一天私人定制,官渡区,官渡区,5.0,单人洗剪吹护理二选一套餐,38,90
名域美发沙龙（玫瑰湾店）,官渡区,官南大道,4.6,名域单人设计师洗吹体验套餐,19.9,89
金熊国际美容美发（金熊总店）,官渡区,世纪城,5.0,精致裁剪单人套餐,58,86
发之彩美发机构,官渡区,官渡古镇,5.0,单人精剪洗吹造型,18,64
俏思美发造型会所,官渡区,世纪城,5.0,单人洗剪吹套餐,28,64
美莱造型私人订制会所,官渡区,经开区,4.2,单人洗剪吹,16.8,61
T米美发工作室,官渡区,新亚洲体育城,5.0,单人总监洗剪吹套餐,48,56
新潮美业私人订制工作室,官渡区,新亚洲体育城,5.0,单人洗剪吹套餐,24.8,55
88潮牌美发连锁（宜良店）,宜良县,宜良县,5.0,单人洗剪吹,38.8,20217
发典发型工作室,石林彝族自治县,石林彝族自治县,3.0,时尚烫染套餐,398,0
