﻿商家,区域,商圈,星级,服务,价格,销量
巴罗国际烫染连锁（和平路店）,滨海新区,外滩/金街,4.7,单人超值烫发/染发套餐5选2,378.8,7934
巴罗国际烫染连锁（贻成尚北店）,滨海新区,塘沽工农村,4.3,单人超值烫发/染发套餐5选2,378.8,7934
巴罗国际烫染连锁（友谊广场店）,滨海新区,汉沽城区,4.0,单人超值烫发/染发套餐5选2,378.8,7934
巴罗国际烫染连锁（远洋城店）,滨海新区,滨海新区,4.0,单人超值烫发/染发套餐5选2,378.8,7934
巴罗国际烫染连锁（2号路店）,滨海新区,新港,4.0,单人超值烫发/染发套餐5选2,378.8,7934
巴罗国际烫染连锁（绿游天地店）,滨海新区,经济开发区,4.0,单人超值烫发/染发套餐5选2,378.8,7934
巴罗国际烫染连锁（贻正嘉和店）,滨海新区,塘沽工农村,4.1,单人超值烫发/染发套餐5选2,378.8,7934
巴罗国际烫染连锁（德克士店）,滨海新区,经济开发区,4.3,单人超值烫发/染发套餐5选2,378.8,7934
私人形象定制（中心北路店）,滨海新区,滨海新区,3.0,单人超值烫发/染发套餐5选2,378.8,7934
巴罗国际烫染连锁（万通新城店）,滨海新区,经济开发区,4.0,单人超值烫发/染发套餐5选2,378.8,7934
巴罗国际烫染连锁（国翔公寓店）,滨海新区,经济开发区,3.5,单人超值烫发/染发套餐5选2,378.8,7934
巴罗国际烫染连锁（解放路店）,滨海新区,外滩/金街,5.0,单人超值烫发/染发套餐5选2,378.8,7934
喵星人（猫咖啡店）,滨海新区,滨海新区,4.2,单人超值烫发/染发套餐5选2,378.8,7934
巴罗国际烫染连锁（千百汇店）,滨海新区,经济开发区,4.0,单人超值烫发/染发套餐5选2,378.8,7934
巴罗国际烫染连锁（首创国际店）,滨海新区,塘沽工农村,4.7,单人超值烫发/染发套餐5选2,378.8,7934
巴罗国际烫染连锁（蓝山国际店）,滨海新区,塘沽工农村,5.0,单人超值烫发/染发套餐5选2,378.8,7934
巴罗国际烫染连锁（海尚店）,滨海新区,滨海新区,3.8,单人超值烫发/染发套餐5选2,378.8,7934
巴罗国际烫染连锁（洞庭路店）,滨海新区,经济开发区,5.0,单人超值烫发/染发套餐5选2,378.8,7934
巴罗国际烫染连锁（外滩店）,滨海新区,外滩/金街,5.0,单人超值烫发/染发套餐5选2,378.8,7934
巴罗国际烫染店（上海道店）,滨海新区,外滩/金街,5.0,单人超值烫发/染发套餐5选2,378.8,7934
巴罗国际烫染连锁（杭州道店）,滨海新区,塘沽城区,4.3,单人超值烫发/染发套餐5选2,378.8,7934
巴罗国际烫染连锁（亿俩造型店）,滨海新区,汉沽城区,4.0,单人超值烫发/染发套餐5选2,378.8,7934
巴罗国际烫染连锁（洋货市场店）,滨海新区,塘沽城区,4.4,单人超值烫发/染发套餐5选2,378.8,7934
巴罗国际烫染连锁（新港店）,滨海新区,新港,4.3,单人超值烫发/染发套餐5选2,378.8,7934
巴罗国际烫染连锁（大学城店）,滨海新区,经济开发区,3.0,单人超值烫发/染发套餐5选2,378.8,7934
奥丽美域（时尚都汇店）,滨海新区,外滩/金街,5.0,单人剪发套餐,35,5862
奥丽美域（开发区店）,滨海新区,经济开发区,5.0,单人剪发套餐,35,5862
奥丽美域（贻成精街店）,滨海新区,外滩/金街,5.0,单人剪发套餐,35,5862
奥丽美域（学校大街店）,滨海新区,外滩/金街,5.0,单人剪发套餐,35,5862
臻品造型,滨海新区,经济开发区,5.0,单人资深设计师洗剪吹,33.8,4667
米琳造型（学府路店）,滨海新区,大港城区,5.0,单人欧莱雅美奇丝系列烫/染套餐,148,4264
米琳造型（中心北路店）,滨海新区,塘沽城区,4.6,单人欧莱雅美奇丝系列烫/染套餐,148,4264
女王艺术沙龙,滨海新区,经济开发区,5.0,资深设计师洗剪吹造型套餐,38,3856
女王艺术沙龙,滨海新区,经济开发区,4.6,资深设计师洗剪吹造型套餐,38,3856
伊凡造型,滨海新区,外滩/金街,5.0,伊凡造型精品剪发套餐,19.8,3402
火焱时尚造型（1店）,滨海新区,塘沽城区,5.0,单人烫染2选1套餐,198,2934
火焱时尚造型（3店）,滨海新区,塘沽工农村,5.0,单人烫染2选1套餐,198,2934
巴罗国际烫染连锁（弘御美容美发会馆）,滨海新区,汉沽城区,4.0,单人超值剪发设计套餐,38,2657
伊丽丝艺术造型,滨海新区,外滩/金街,5.0,单人资深设计师洗剪吹,24.9,2505
瑞丽美容美发（金元宝于家堡店）,滨海新区,新港,4.1,瑞丽美容美发单人洗剪吹,35,2283
瑞丽美容美发（开发区店）,滨海新区,经济开发区,4.0,瑞丽美容美发单人洗剪吹,35,2283
东尚造型（塘沽店）,滨海新区,外滩/金街,5.0,单人私人精剪,30,2110
雨淇创意发型（欧莱雅形象店）,滨海新区,经济开发区,5.0,单人总监剪发,38,1805
审美专业美发（第三大街店）,滨海新区,经济开发区,5.0,审美单人精剪套餐,35,1730
cc东方红,滨海新区,汉沽城区,5.0,30766261,25.8,1727
彦成ES HAIR STUDIO,滨海新区,经济开发区,3.8,彦成韩国美容美发会所美发套餐,168,1618
歆晴懿美烫染连锁店（石油新村风味街店）,滨海新区,塘沽城区,3.0,单人时尚白领烫/染套餐,148,1533
歆晴懿美烫染连锁（外滩店）,滨海新区,外滩/金街,3.9,单人时尚白领烫/染套餐,148,1533
歆晴懿美烫染连锁店（和平路店）,滨海新区,外滩/金街,4.1,单人时尚白领烫/染套餐,148,1533
歆晴懿美烫染连锁店（金元宝店）,滨海新区,外滩/金街,3.0,单人高级设计师洗剪吹,25.8,1254
发源地（三大街翠亨店）,滨海新区,经济开发区,5.0,单人剪发套餐,24,1250
本村护肤造型,滨海新区,经济开发区,3.8,本村护肤造型剪发,26.8,1176
哥特式造型（一店）,滨海新区,经济开发区,5.0,单人剪发,16.9,1102
宜尚造型（学府路店）,滨海新区,大港城区,4.0,单人美丽洗剪吹套餐,18.8,979
薇类造型（河北路店）,滨海新区,塘沽城区,5.0,单人洗剪造型1次,30,978
阿海造型,滨海新区,大港城区,5.0,单人剪发套餐,18.8,697
画间私人订制（外滩店）,滨海新区,塘沽城区,4.8,单人无痕接发1克,8,677
金榜造型,滨海新区,塘沽城区,5.0,单人洗剪吹,21,672
唯真国际美容美发（塘沽店）,滨海新区,滨海新区,5.0,单人剪发套餐,20,660
博士园脱发白发养发（塘沽区学校大街店）,滨海新区,外滩/金街,5.0,单人深度头皮清洁+经络刮痧+全息头疗养发SPA套餐,38,631
时尚码头（新港店）,滨海新区,新港,5.0,设计师洗剪吹单人套餐,38,626
宣格造型,滨海新区,新港,5.0,宣格单人精剪套餐,26,626
8090美发连锁（二店）,滨海新区,大港城区,4.3,单人染烫5选1套餐,128,620
别特造型连锁（1店）,滨海新区,大港城区,4.6,别特造型染烫套餐染/烫二选一,148,536
别特造型连锁（1店）,滨海新区,大港城区,4.7,别特造型染烫套餐染/烫二选一,148,536
Z+1昕组合发型定制,滨海新区,经济开发区,5.0,单人资深设计师精剪套餐,35,524
东俊美容养生会馆,滨海新区,外滩/金街,4.4,单人东俊造型靓发套餐3选1,168,485
唯真国际美容美发（旗舰店）,滨海新区,经济开发区,5.0,单人风格剪发套餐,29,458
禾野造型,滨海新区,经济开发区,5.0,单人剪发套餐,29.9,438
匠美业,滨海新区,滨海新区,5.0,单人日式精致剪发造型套餐,30,431
聚艺造型,滨海新区,新港,5.0,单人高级精剪,30,422
Imi HAIR SALON,滨海新区,外滩/金街,5.0,单人私人定制精剪+日式造型设计,33,378
雨淇创意发型（远洋未来汇店）,滨海新区,滨海新区,5.0,单人设计师剪发,30,371
思美剪烫沙龙,滨海新区,大港城区,5.0,单人剪发套餐,28,362
名吉造型（永利花园店）,滨海新区,外滩/金街,5.0,单人形象顾问剪发套餐,28,277
铎彩造型,滨海新区,大港城区,5.0,单人时尚白领烫发/染发/顺直3选1,158,45
朗月轩私人造型工作室,滨海新区,滨海新区,4.2,朗月轩单人洗剪吹造型,100,42
jh造型,滨海新区,外滩/金街,5.0,单人资深设计师洗剪吹造型套餐,29.9,35
A.T造型中心,滨海新区,大港城区,4.4,单人店长、总监精剪套餐,58,34
丰麒私人定制工作室,滨海新区,新港,5.0,风格设计师精剪套餐,38,20
潮牌沙龙,滨海新区,经济开发区,4.0,单人剪发+科技面部清洁+肩颈净排+身体按摩套餐,59,19
形象革命,滨海新区,塘沽城区,4.7,超值烫染组合套餐 168,168,15
百变金剪,滨海新区,经济开发区,4.8,百变金剪单人洗发+剪发,28,12
名艾赖赖发型设计,滨海新区,塘沽城区,4.2,单人烫染套餐,198,12
独秀日式艺术造型,滨海新区,经济开发区,4.4,单人烫染套餐二选一,128,11
秀美美发公社,滨海新区,滨海新区,4.7,总监特惠 单人剪发,30,9
伊人发型定制,滨海新区,经济开发区,4.7,单人剪发+染/烫套餐,199,8
轩尼丝专业染烫,滨海新区,塘沽城区,4.0,单人高端烫染二选一套餐,198,6
秀妃美容美发,滨海新区,大港城区,3.9,单人超值干洗造型1次,9.9,6
皇后坤宁宫娜娜美甲店（开发区店）,滨海新区,经济开发区,5.0,单人首席设计师剪发,29.9,6
FATE缘SALON,滨海新区,经济开发区,4.7,单人精美短发烫染打蜡3选1,280,6
S.T造型,滨海新区,滨海新区,5.0,资深设计师剪发＋造型,39,5
DRG Hair Salon,滨海新区,外滩/金街,4.6,单人资深设计师剪发套餐,35,5
雅琪造型艺术沙龙,滨海新区,经济开发区,4.2,单人现代新娘盘发,30,4
东俊造型,滨海新区,外滩/金街,4.2,单人高级烫染2选1,168,3
发之源,滨海新区,新港,5.0,单人欧莱雅烫染套餐,198,2
屹飛美发,滨海新区,塘沽城区,4.5,单人屹飛美发烫染套餐,48,1
美力极造型（一店）,滨海新区,经济开发区,4.2,烫/染套餐,99,1
创艺之星造型工作室,滨海新区,经济开发区,4.0,微型无痕接发,1980,0
SZ造型,滨海新区,大港城区,3.5,单人sz造型烫染套餐2选1,168,0
素颜阁美容养生会馆,滨海新区,大港城区,5.0,天然植物粉染发套餐,99,0
丽子造型工作室,滨海新区,塘沽工农村,3.5,琉璃接发,1380,0
发COOL,滨海新区,大港城区,3.5,单人烫染彩蜡加护理套餐,388,0
尚本造型（塘沽店）,滨海新区,外滩/金街,4.0,单人色彩打蜡套餐,198,0
ZY摩丽卡时尚造型,滨海新区,大港城区,3.0,数码烫套餐,140,0
尚美造型,滨海新区,外滩/金街,3.5,中高档发膜护理2选1,50,0
巴古造型（学校大街凡陀店）,滨海新区,外滩/金街,4.9,单人总监烫/染/打蜡3选1套餐,768,0
动感飞扬美发机构,滨海新区,塘沽城区,4.0,经典烫/染美发套餐,198,0
独领护肤造型,滨海新区,大港城区,3.0,烫/染2选1套餐,96,0
达人馆造型,滨海新区,外滩/金街,3.5,单人造型剪发套餐,28,0
丝域养发馆（绮华里店）,南开区,王顶堤/华苑,4.4,玫瑰香薰spa+水润头皮护理,88,10636
山田造型（鞍山西道店）,南开区,鞍山西道,5.0,单人山田造型剪发套餐,23.5,8157
巴罗国际烫染连锁菲尼美容美发沙龙,南开区,白堤路/风荷园,4.0,单人超值烫发/染发套餐5选2,378.8,7934
巴罗国际烫染连锁（艺人发型店）,南开区,海光寺/六里台,4.0,单人超值烫发/染发套餐5选2,378.8,7934
私人形象定制,南开区,鞍山西道,3.5,单人超值烫发/染发套餐5选2,378.8,7934
娇娃造型,南开区,王顶堤/华苑,3.5,单人超值烫发/染发套餐5选2,378.8,7934
私人形象定制（艺人美发店）,南开区,海光寺/六里台,3.5,单人超值烫发/染发套餐5选2,378.8,7934
巴罗国际烫染连锁（时尚凯文造型店）,南开区,咸阳路/黄河道,4.0,单人超值烫发/染发套餐5选2,378.8,7934
米咔造型（阿丘造型店）,南开区,白堤路/风荷园,4.5,单人欧莱雅超人气金典烫染套餐3选1,198,7844
可唻咿造型（南开时代奥城店）,南开区,时代奥城,4.1,靓发套餐,118,7329
米琳造型（兴宁店）,南开区,咸阳路/黄河道,4.0,单人欧莱雅美奇丝系列烫/染套餐,148,4264
米琳造型（红旗南路店）,南开区,王顶堤/华苑,5.0,单人欧莱雅美奇丝系列烫/染套餐,148,4264
东方美妍（时代奥城店）,南开区,时代奥城,4.0,单人欧莱雅三选一套餐,179,4135
旗舰造型沙龙（富力城店）,南开区,老城厢/鼓楼,5.0,单人洗护造型,19.9,2831
3AM HAIR SALON烫发染发接发（天津时代奥城店）,南开区,时代奥城,5.0,特价洗吹造型套餐,9.9,2312
剪美造型,南开区,白堤路/风荷园,5.0,单人剪发造型套餐,15,2188
芝米造型（三度空间店）,南开区,天佑城/西南角,4.2,单人美发套餐买一送一使用券,50,1813
歆晴懿美烫染连锁店（阳光100店）,南开区,王顶堤/华苑,4.2,单人时尚白领烫/染套餐,148,1533
歆晴懿美烫染连锁店（大悦城店）,南开区,南开公园/中学/医院,4.0,单人时尚白领烫/染套餐,148,1533
歆晴懿美烫染连锁店（精艺烫染沙龙店）,南开区,天拖地区,5.0,单人时尚白领烫/染套餐,148,1533
P.T接发师家,南开区,咸阳路/黄河道,4.4,单人时尚白领烫/染套餐,148,1533
歆晴懿美烫染连锁店（雅致空间美发）,南开区,水上/天塔,3.6,单人时尚白领烫/染套餐,148,1533
巴佰轩造型（华苑店）,南开区,王顶堤/华苑,5.0,单人巴佰轩造型美发套餐烫/染2选1,288,1399
p.t接发师家（西湖道店）,南开区,海光寺/六里台,3.5,单人无痕接刘海40cm1束,0.58,1134
p.t接发师家（天拖南店）,南开区,天拖地区,4.1,单人无痕接刘海40cm1束,0.58,1134
P.T接发师家（阳光100店）,南开区,王顶堤/华苑,3.5,单人无痕接刘海40cm1束,0.58,1134
泓发典造型（南开店）,南开区,天拖地区,4.6,单人风格剪发套餐,19.9,1021
LM 美联盟美容美发有限公司（王顶堤店）,南开区,王顶堤/华苑,5.0,单人剪发套餐,35,871
LM 美联盟美容美发有限公司（华苑店）,南开区,王顶堤/华苑,4.7,单人剪发套餐,35,871
William  style 工作室,南开区,南开区,5.0,洗剪吹,38,587
匠心私人发型定制会所,南开区,大悦城,5.0,单人高级匠心精剪套餐,29.8,461
ITTA style造型,南开区,海光寺/六里台,5.0,单人剪发A套餐,35,458
NEW START hair salon,南开区,时代奥城,5.0,单人高级设计师剪发套餐,68,388
动感造型,南开区,海光寺/六里台,4.2,单人剪发套餐,19.8,325
纪梵希形象设计（宝龙湾店）,南开区,南开公园/中学/医院,5.0,单人精英设计师剪发套餐,29.9,322
丝域养发馆（奥城店）,南开区,时代奥城,3.5,丝域头部香薰spa,69,275
CN造型（潮牌店）,南开区,南开区,5.0,单人首席设计师精剪一次,9.9,244
a+护肤造型,南开区,王顶堤/华苑,4.4,单人剪发,19.9,238
沙宣美发（瀚森造型）,南开区,王顶堤/华苑,4.5,单人剪发套餐,68,236
MARUI色彩沙龙,南开区,时代奥城,5.0,单人女士剪发套餐,69,161
Amily fashion style,南开区,白堤路/风荷园,5.0,单人高级发型师洗剪吹套餐,65,158
AT美式风潮护发造型,南开区,时代奥城,5.0,单人高级设计师剪发 女宾专享,59,158
Tim hair studio（Tim·匠心）,南开区,老城厢/鼓楼,4.9,单人精致剪发套餐,58,156
Tim hair studio（Tim·大悦城店）,南开区,大悦城,4.5,单人精致剪发套餐,58,156
Tim hair studio（Tim·心艺店）,南开区,天佑城/西南角,4.9,单人精致剪发套餐,58,156
1683 Hair Shop,南开区,南开公园/中学/医院,5.0,时尚单人剪发套餐,35,153
韩国李江哲形象设计（红磡店）,南开区,南开区,5.0,单人技术导师剪发,29,149
TITI护肤造型（大悦城店）,南开区,南开公园/中学/医院,4.0,单人剪发套餐,48,147
TITI护肤造型（白堤路店）,南开区,白堤路/风荷园,5.0,单人剪发套餐,48,147
TITI护肤造型（富力城店）,南开区,老城厢/鼓楼,3.6,单人剪发套餐,48,147
初心hair style,南开区,南开区,5.0,单人私人精致修剪,68,147
葛恩形象公社（原艺嘉美发）,南开区,南开区,5.0,单人设计师精剪套餐,38,144
BOUNDRY新时尚（王顶堤店）,南开区,王顶堤/华苑,5.0,单人总监剪发套餐,38,143
ZL瑞豪造型（时代店）,南开区,时代奥城,5.0,【首席督导】创意裁剪+定制造型,88,141
私人订制（奥城店）,南开区,时代奥城,5.0,单人烫发或染发二选一系列,688,134
私人订制,南开区,时代奥城,5.0,单人烫发或染发二选一系列,688,134
秀典造型,南开区,老城厢/鼓楼,4.8,单人设计师精品剪发造型套餐,48,128
上泉造型,南开区,时代奥城,5.0,单人资深设计师烫染二选一套餐,228,125
尚纤艺形象管理,南开区,南开区,5.0,单人总监剪发套餐,16.8,122
昌成美发沙龙,南开区,时代奥城,5.0,单人剪发套餐,49.8,114
Orange造型,南开区,南开区,5.0,店长剪发,38,111
私人订制（奥城旗舰店）,南开区,时代奥城,5.0,单人烫发或染发三选一,688,100
接发大师（奥城店）,南开区,时代奥城,5.0,单人过胸全头无痕接发,680,98
木子人言造型,南开区,海光寺/六里台,3.6,超值单人剪发,20,92
ZEN Hair Studio,南开区,南开大学/八里台,5.0,单人设计总监修剪1次,50,85
韩国李勋美发沙龙,南开区,时代奥城,5.0,单人高级设计师剪发套餐,28,85
首领发型,南开区,海光寺/六里台,4.7,单人首席剪发套餐,29,79
A&J;造型（黄河道店）,南开区,长虹公园,4.6,单人高端烫染3选1,298,77
2026HairStory（南开大悦城店）,南开区,大悦城,4.9,单人私人定制精剪设计,110,75
1'story 韩国形象设计,南开区,时代奥城,5.0,单人高级发型师剪发套餐,70,63
丛容允美韩国形象设计,南开区,南开公园/中学/医院,5.0,单人剪发套餐,68,61
丛容sunshine（奥城店）,南开区,时代奥城,5.0,单人剪发套餐,68,61
丛容solo（大悦城店）,南开区,南开公园/中学/医院,5.0,单人剪发套餐,68,61
墨奇护肤造型,南开区,老城厢/鼓楼,4.4,单人剪发造型套餐,49,51
东林美发造型,南开区,时代奥城,4.3,单人美发套餐,29.9,47
接发大师Amy styling,南开区,老城厢/鼓楼,5.0,单人接发一束（接发补差价）,2.9,45
Tim hair studio（Tim·鹤羽）,南开区,乐天/新世界/远东百货,5.0,单人烫染2选1套餐,399,43
美尚美专业烫染店,南开区,南开区,5.0,单人洗剪吹套餐,28,42
芙洛蒂专业烫染,南开区,南开区,5.0,单人时尚烫染2选1套餐,88,41
纪梵希形象设计（富力城店）,南开区,南开区,4.5,单人精英设计师品质烫染二选一护理套餐,299,37
钰林枫尚美发沙龙,南开区,王顶堤/华苑,4.8,单人技术总监剪发,38,32
My Model Hair Salon（潮牌店）,南开区,南开公园/中学/医院,4.0,单人总监剪发套餐,58,29
美伦发丝,南开区,天拖地区,3.5,单人剪发套餐,25,29
尚宾造型,南开区,王顶堤/华苑,5.0,单人发型设计师剪发,26,28
梦瑄美发,南开区,南开区,4.1,单人剪发1次,20,28
艺品发源地专业烫染店,南开区,王顶堤/华苑,4.8,资深设计师洗剪造型,26,28
FOREVER护肤造型中心（仁恒置地广场店）,南开区,乐天/新世界/远东百货,5.0,单人发型师剪发套餐,59,23
Buddy long巴爹廊云际会所,南开区,南开区,4.5,单人创意总监剪发套餐,128,23
兰田造型,南开区,鞍山西道,4.0,单人高级发型师精修造型套餐,38,20
艺典造型·美发·美甲·美睫,南开区,南开公园/中学/医院,4.9,单人发型设计精剪,9,19
千丝靓典,南开区,咸阳路/黄河道,4.4,烫染2选1套餐,128,19
锦尚造型（南开店）,南开区,白堤路/风荷园,4.7,单人洗剪吹＋营养套餐,38,17
VIKA STUDIO,南开区,南开公园/中学/医院,5.0,单人经典定制剪裁1次,79,14
FOREVER护肤造型中心（奥城店）,南开区,南开区,4.0,单人发型师剪发套餐1次,59,14
Origin奥琳欣草本护发（奥城旗舰店）,南开区,时代奥城,4.5,单人草本护发体验套餐每人只限一次,99,14
阿丘造型,南开区,白堤路/风荷园,4.4,单人店长设计剪发套餐,29,13
格调杨子私人发艺,南开区,时代奥城,5.0,单人店长精剪套餐,60,13
云飞style工作室,南开区,南开公园/中学/医院,5.0,单人总监店长发型设计修剪,59.9,11
新界TOP专业接发烫染潮店,南开区,长虹公园,4.6,单人总监店长洗剪吹套餐,58,11
爱姿美发工作室,南开区,王顶堤/华苑,3.5,单人韩/日式烫发或者德国染发2选1套餐,580,3
新楷模专业美发,南开区,海光寺/六里台,3.9,单人烫发+染发组合套餐,398,2
岳灵生发养发~防脱发止脱白发乌发,南开区,长虹公园,4.9,单人头皮毛囊深层调理（适合脱发白发）,158,2
YS hair studio（大悦城店）,南开区,南开公园/中学/医院,4.5,单人Schwarzkopf烫发+总监剪裁+烫发LPP,580,2
SISSI形象沙龙,南开区,水上/天塔,4.5,单人精致剪发套餐,58,2
康发堂生发养发中心,南开区,南开公园/中学/医院,4.0,单人免费头皮检测头皮精油养护,19.9,2
冠坤美容美发造型中心（广开店）,南开区,南开区,3.5,单人高级设计师烫/染2选1套餐,399,1
特玛京哲造型（广开二马路店）,南开区,南开公园/中学/医院,3.8,单人美发套餐1次,228,1
秀丝顿植物养发馆,南开区,王顶堤/华苑,3.0,秀发健康护理套餐,38,1
32 style hair akry美发工作室,南开区,大悦城,5.0,单人全新施华蔻黑人头护理+剪发,186,1
金泽造型,南开区,白堤路/风荷园,4.0,单人高端精品烫染套餐,98,1
ALS发艺工作室,南开区,老城厢/鼓楼,3.7,单人技术总监精修造型套餐,88,1
Lei Modeling 磊造型,南开区,白堤路/风荷园,3.6,包月洗吹造型卡,99,1
奢享创意空间,南开区,老城厢/鼓楼,4.5,单人JAMES设计师剪发套餐,49.9,1
零度造型,南开区,海光寺/六里台,3.0,染烫发套餐,260,1
missing美会社,南开区,老城厢/鼓楼,5.0,施华蔻单人剪发,160,1
K&J; HAIR.CLUB,南开区,时代奥城,4.0,烫染通用（剪发除外）,190,1
美学文化株式会社,南开区,大悦城,4.5,单人日式烫发或德国染发二选一,288,1
亿彩国际,南开区,长虹公园,4.0,单人施华蔻烫发套餐,98,1
鼎俊造型,南开区,南开区,4.0,单人接发套餐,780,0
Dreamer 私人形象订制,南开区,天佑城/西南角,4.0,代金券,80,0
李安美发,南开区,时代奥城,3.5,单人韩国热烫/营养冷烫2选1套餐,440,0
有你Hair style,南开区,时代奥城,3.5,专业健康烫发套餐,580,0
艺人发型-Y style定制,南开区,鞍山西道,3.5,督导剪发套餐,30,0
顽石·FEEL,南开区,老城厢/鼓楼,5.0,单人剪发造型+发膜镀膜,130,0
海豚湾美甲（二马路店）,南开区,南开公园/中学/医院,4.8,单人超值接发套餐,1480,0
丝沐廊理容造型,南开区,南开区,4.2,单人精选烫染2选1美发套餐,198,0
佑米造型（大悦城店）,和平区,南市,5.0,丽人狂欢节-欧莱雅烫/染二选一,228,310666
瑞豪专业烫染连锁（大悦城店）,和平区,南市,5.0,【资深设计师】提案+精致裁剪+造型,28.8,107245
欧莱雅私人定制（天津麦购休闲广场店）,和平区,滨江道,5.0,单人洗剪吹/护理套餐2选1,39,101061
美联社美发（营口道店）,和平区,滨江道,5.0,菲灵剪护造型送烫发染发二选一,178,97788
紫尚造型（金茂广场店）,和平区,南市,5.0,【人气】单人烫染直三选一美发套餐,159,59509
紫尚造型（天津滨江道店）,和平区,滨江道,5.0,【人气】单人烫染直三选一美发套餐,159,59509
米娜造型（营口道店）,和平区,滨江道,5.0,单人美发套餐5选1,128,35162
米娜造型（小白楼店）,和平区,小白楼,4.4,单人欧莱雅高端五选一套餐,198,27359
美天淘日系沙龙（南京路店）,和平区,滨江道,5.0,欧莱雅烫发染发直发护理单人套餐,159,24325
绚诺soho（金茂广场店）,和平区,南市,4.0,单人资深造型师洗剪吹套餐,29.8,20649
蔓莎造型全国连锁（诚基中心店）,和平区,滨江道,5.0,单人高级理发师单人洗剪吹,24.8,14279
迪美造型（昆明路店）,和平区,鞍山道沿线,4.1,单人设计师洗剪吹1次,29.8,13350
INSI Hair Salon（和平店）,和平区,鞍山道沿线,4.7,单人店长欧莱雅烫/染套餐,388,12672
私人形象定制（意梵造型店）,和平区,南市,3.5,单人超值烫发/染发套餐5选2,378.8,7934
巴罗国际烫染连锁（哈密道店）,和平区,和平路,5.0,单人超值烫发/染发套餐5选2,378.8,7934
巴罗国际烫染连锁（匠人二店）,和平区,小白楼,4.1,单人超值烫发/染发套餐5选2,378.8,7934
巴罗国际烫染连锁（标一造型店）,和平区,小白楼,4.0,单人超值烫发/染发套餐5选2,378.8,7934
巴罗国际烫染连锁（维文美业店）,和平区,滨江道,4.0,单人超值烫发/染发套餐5选2,378.8,7934
小p老师-pstyle造型（天津明星店）,和平区,和平路,5.0,单人美发烫、染套餐二选一,398,7171
东方美妍美发沙龙（天津店）,和平区,滨江道,5.0,单人欧莱雅三选一套餐,179,4135
千潮烫染接发全国连锁,和平区,鞍山道沿线,4.6,单人施经典超人气烫染套餐私人订制,288,2535
YSRS Hair Studio（和平店）,和平区,滨江道,5.0,单人沙龙首席洗剪吹+造型,60,2231
匠心私人发型定制会所（电台道店）,和平区,西康路沿线,4.0,单人匠心独具精剪造型套餐,21.8,2091
歆晴懿美烫染连锁（万兆科贸产业大厦店）,和平区,南市,4.7,单人时尚白领烫/染套餐,148,1533
N°7 HAIR STUDIO（小白楼店）,和平区,小白楼,5.0,单人高级发型师剪发套餐,24.9,1413
ss造型,和平区,小白楼,5.0,单人洗剪吹+造型1次,30,1150
P.T接发师家（诚基中心店）,和平区,五大道,3.5,单人无痕接刘海40cm1束,0.58,1134
3AM HAIR SALON烫发染发接发（世纪都会）,和平区,滨江道,3.5,剪发技术指导+造型套餐,108,1041
V Hair Art（国际商场店）,和平区,滨江道,3.9,单人剪发套餐,39,905
東田造型（恒隆广场店）,和平区,和平路,5.0,单人品牌发型师洗剪吹1次,198,894
飘剪空间,和平区,滨江道,4.8,单人设计师精致剪发套餐,49,759
经典美业（南门外大街金茂广场店）,和平区,南市,4.1,烫/染/拉直柔顺人气套餐,148,675
爱一造型i&e;（和平店）,和平区,和平路,5.0,单人高端精修造型体验套餐,55,671
HOT Hair Salon（天津店）,和平区,和平路,5.0,单人资深设计师特价烫染2选1套餐,200,499
巴米罗艺人造型(乐宾百货店),和平区,滨江道,5.0,单人设计师精致剪发1次,30,477
匠心发型定制会所（金茂大厦店）,和平区,南市,5.0,单人高级匠心精剪套餐,29.8,461
尚海风美发,和平区,鞍山道沿线,4.5,单人剪发套餐,19.9,403
百慕造型,和平区,鞍山道沿线,5.0,单人高级发型师剪发,24.9,216
BULB HAIR SALON 巴柏发型工作室（和平大悦城店）,和平区,滨江道,5.0,单人高级发型师精致洗剪吹造型套餐,58,196
莉健美容美发,和平区,西康路沿线,5.0,单人店长剪发,39.9,53
HAIR CORNER（和平明星店）,和平区,滨江道,4.6,造型师订制剪裁,96,45
Tim hair studio（Tim·旺海公府店）,和平区,和平路,5.0,单人烫染2选1套餐,399,43
YJ印·形象美发美甲公社,和平区,鞍山道沿线,5.0,单人精致剪裁,19.9,44
UN美场  유엔헤어（和平店）,和平区,南市,5.0,单人总监剪发,48,37
非同造型,和平区,西康路沿线,5.0,单人设计师剪发,26.8,34
JC慕韩,和平区,鞍山道沿线,4.5,单人精剪造型,28.9,33
匠人髪兿,和平区,和平路,4.4,单人剪发套餐,38,31
莱姿美发养生会所,和平区,南市,4.5,单人头部SPA护理,9.9,31
B&F; Style Hair Studio,和平区,和平路,4.7,单人洗吹造型套餐,9.9,30
度逸形象设计,和平区,鞍山道沿线,5.0,单人总监剪发套餐,28,29
My Model Hair Salon,和平区,南市,4.9,单人总监剪发套餐,58,29
鼎尚风彩美发养发（天津店）,和平区,鞍山道沿线,5.0,单人鼎尚美发超值烫发套餐,68,29
羽泽护肤造型,和平区,鞍山道沿线,4.4,单人高级设计师剪发套餐,48,28
岚·LAN hair 美发沙龙,和平区,和平路,4.8,【百变造型】单人设计造型,1,25
卡滋造型无痕接发,和平区,鞍山道沿线,5.0,单人纳米水晶线无痕接发,1880,21
xy-鑫源形象设计,和平区,鞍山道沿线,4.4,XY-鑫园形象设计品质烫/染4选1套餐,128,17
Free style自由风尚,和平区,西康路沿线,4.9,单人技术总监定制剪发,59,12
东村造型,和平区,南市,4.6,单人首席剪发一次,33.8,12
漂亮女神私人订制（BOSS时尚造型会所）,和平区,五大道,4.1,单人美发套餐买一送一,1,11
南望角发艺沙龙（洛阳道店）,和平区,五大道,4.0,单人高级健康烫发套餐（短发）,358,1
冠坤健康管理美丽定制（汉阳道店）,和平区,西康路沿线,4.0,单人高级设计师烫/染2选1套餐,399,1
越美造型,和平区,和平路,5.0,单人督导剪发,130,1
禾禾工作室,和平区,五大道,5.0,资生堂染发/烫发二选一,488,0
飘廊造型（河北路店）,和平区,鞍山道沿线,3.5,单人烫染套餐,198,0
ZTOP私人定制女士会所,和平区,鞍山道沿线,4.2,单人首席私人定制歌薇染发套餐,898,0
ME hair salon蜜形象沙龙,和平区,鞍山道沿线,5.0,单人韩式剪发,80,0
千木美发沙龙,和平区,滨江道,4.0,单人韩式长发色彩蜡疗套餐,258,0
京东造型,和平区,鞍山道沿线,4.4,护理3次,118,0
东媛美甲美睫彩妆,红桥区,邵公庄/创意街,3.5,单人嫁接睫毛套餐,88,0
风采发艺,红桥区,凯莱赛/西沽,3.5,单人10次剪发卡,130,0
佑米造型（佟楼店）,河西区,佟楼,4.8,丽人狂欢节-欧莱雅烫/染二选一,228,310666
米娜造型【体北店】,河西区,体院北,5.0,单人欧莱雅高端五选一套餐,198,27359
米娜造型（下瓦房店）,河西区,下瓦房,5.0,单人欧莱雅高端五选一套餐,198,27359
丝域养发馆（凯德mall天津湾店）,河西区,土城,4.0,玫瑰香薰spa+水润头皮护理,88,10636
巴罗国际烫染连锁（五一阳光店）,河西区,体院北,3.0,单人超值烫发/染发套餐5选2,378.8,7934
私人形象定制（五一阳光店）,河西区,河西区,5.0,单人超值烫发/染发套餐5选2,378.8,7934
巴罗国际烫染连锁（创时尚造型店）,河西区,梅江,5.0,单人超值烫发/染发套餐5选2,378.8,7934
巴罗国际烫染连锁（五一阳光店）,河西区,体院北,5.0,单人超值烫发/染发套餐5选2,378.8,7934
米琳造型（新业广场店）,河西区,河西区,5.0,单人欧莱雅美奇丝系列烫/染套餐,148,4264
米琳造型【（滨湖大厦店】）,河西区,体院北,4.9,单人欧莱雅美奇丝系列烫/染套餐,148,4264
东方美妍（天海广场店）,河西区,佟楼,4.2,单人欧莱雅三选一套餐,179,4135
YSRS Hair Studio（潮人复古店）,河西区,下瓦房,4.6,单人沙龙首席洗剪吹+造型,60,2231
N°7 HAIR STUDIO（下瓦房店）,河西区,挂甲寺,5.0,单人高级发型师剪发套餐,24.9,1413
3AM HAIR SALON烫发染发接发（银河国际店）,河西区,乐园道,5.0,剪发技术指导+造型套餐,108,1041
宜尚造型（马场道店）,河西区,永安道,4.0,单人美丽洗剪吹套餐,18.8,979
德根vip造型,河西区,梅江会展中心,5.0,单人首席发型师精剪套餐1次,27.8,931
标榜美容美发设计中心,河西区,南楼,5.0,单人时尚剪发套餐,24.6,760
赛丝欧莱雅美发,河西区,河西区,4.4,单人资深设计师洗剪吹,18.8,622
亚朵造型,河西区,图书大厦,5.0,单人总监剪发,28.8,592
炫目发型设计中心,河西区,河西区,5.0,单人精致剪发,19.9,554
禾析型象社,河西区,体院北,5.0,单人技术指导剪发套餐,38,67
美咖形象设计工作室,河西区,下瓦房,4.6,剪发护发套餐,298,65
世杰造型形象会馆（环湖中路店）,河西区,体院北,5.0,单人健康洗发+私人精剪+造型套餐,38.8,58
Seven studio,河西区,图书大厦,4.4,单人总监剪发+造型套餐,19.8,57
love.加甲.造型会所,河西区,友谊路,4.6,单人店长 感恩特惠 精剪+造型,18,52
鼎轩美业（卓悦店）,河西区,河西区,5.0,单人高端烫或染发套餐,326,45
尹姬,河西区,体院北,4.9,单人精剪一次,19.9,41
九刀梦幻剪,河西区,河西区,4.4,单人总监剪发,29.8,35
首禾造型,河西区,体院北,4.9,单人高级发型师精剪套餐,88,35
茗范造型,河西区,体院北,4.2,茗范造型美发套餐,88,33
77hair salon美甲造型,河西区,图书大厦,4.6,单人首席设计师剪发套餐,40,32
千禧龙美发,河西区,图书大厦,3.7,单人健康洗发+高级设计师剪发+韩式造型套餐,38,30
铭道造型,河西区,河西区,5.0,资深设计师,39,30
悦美然造型中心,河西区,梅江,5.0,单人高级设计师洗剪吹套餐,48,28
诗威造型,河西区,友谊路,5.0,单人健康干洗套餐,22.9,26
美蝶M造型（梅江店）,河西区,梅江,4.5,单人设计师剪发1次,68,20
MUSE造型,河西区,图书大厦,5.0,单人剪发+韩国Lpp头发护理,58,20
接发大师（河西店）,河西区,河西区,4.9,单人接发一束,2.9,19
章光101防脱生发养发黑发,河西区,越秀路,5.0,单人提升改善头皮弹性,79,18
梵璞造型生活馆（佟楼店）,河西区,友谊路,4.6,单人创意导师剪发,38,17
HOTLIP VIP CLUB 东厢月造型设计,河西区,下瓦房,4.5,整体发型设计（剪+烫+染）,568,1
阿伦,河西区,友谊路,4.0,洗剪吹+烫染套餐,169,1
名剪造型连锁机构,河西区,体院北,3.8,单人施华蔻烫发套餐,98,1
L·STUDIO发型工作室,河西区,图书大厦,3.5,单人长发烫染套餐,798,0
小吴形象工作室,河西区,图书大厦,4.8,单人日本菲林专业冷烫+专业剪发套餐,374,0
梦乐美发,河西区,河西区,4.5,精致短发烫染2选1,480,0
戈本造型（河西店）,河西区,体院北,4.0,单人总监烫染二选一+水疗套餐,680,0
维达发型沙龙,河西区,挂甲寺,4.0,单人纳米无痕接发,980,0
阿珍造型（小围堤道店）,河西区,土城,3.4,阿珍造型-韩式烫发[复制],198,0
唐风采增发,河西区,图书大厦,3.5,单人私人定制织发补发套餐,20000,0
米娜护肤造型,河西区,体院北,4.5,单人高级设计师精致剪发,28,0
艾薇时尚造型美甲沙龙,河西区,图书大厦,3.5,单人烫发+染发套餐,338,0
梵珀巴黎法式发艺（天津国贸购物中心店）,河西区,图书大厦,5.0,单人首席造型师剪发＋水疗修护发膜一次,158,0
顽艺石美发中心,河西区,友谊路,3.5,单人洗剪+设计+玉石烫发套餐,348,0
艺丝源发型设计中心,河西区,尖山,4.0,单人艺丝源经典烫染局套餐,274,0
首尔江南发型室,河西区,梅江,4.0,单人高蛋白韩国短发烫/染2选1套餐,298,0
55 FIFTY-FIVE BARBER SHOP,河西区,梅江,4.5,单人总监剪发套餐,120,0
艺丝源发型设计中心,河西区,友谊路,4.0,单人艺丝源经典烫染局套餐,274,0
1708时尚设计沙龙,河西区,南楼,4.0,单人剪发八折卡,100,0
重道造型（河西店）,河西区,友谊路,4.0,单人健康烫染2选1套餐,1080,0
彩霞美发（儿童村店）,河东区,河东万达广场,3.8,超值剪发套餐,15,186
发彩妮,河东区,河东区,5.0,单人精致剪发套餐,35,172
TITI护肤造型（爱琴海购物公园店）,河东区,河东万达广场,4.5,单人剪发套餐,48,147
TITI护肤造型（嘉华店）,河东区,工业大学,3.9,单人剪发套餐,48,147
初心hair style（河东店）,河东区,大王庄,4.5,单人私人精致修剪,68,147
MUSE美发沙龙（爱琴海购物公园店）,河东区,河东万达广场,5.0,单人高级老师洗剪造型套餐,48,128
佳剪法造型,河东区,天津站后广场,5.0,单人剪发套餐,30,110
接发大师（新开路店）,河东区,天津站后广场,5.0,单人过胸全头无痕接发,680,98
勋姬造型（河东店）,河东区,河东万达广场,4.9,单人剪发套餐,38,92
巴爹廊爱美风尚发艺设计中心（河东店）,河东区,大王庄,4.6,单人精致剪发套餐,38,86
威斯蒂主题沙龙,河东区,河东万达广场,5.0,单人资深设计师洗剪吹套餐,38,68
梦樾国际,河东区,河东区,4.9,单人高级设计师剪发,18,63
瑞丽美发造型,河东区,河东万达广场,5.0,单人店长精剪,48,61
古色美容美发文化传播（二店）,河东区,卫国道,5.0,单人精致烫染三选一,158,59
古色美容美发文化传播（文化传播一店）,河东区,大直沽,4.5,单人精致烫染三选一,158,59
TITI So Sweet,河东区,天津站后广场,5.0,单人精致剪发一次,58,55
名丝造型机构,河东区,中山门,4.5,单人洗剪吹套餐,20.9,47
Flower Hair花の发型屋,河东区,河东区,4.9,资深设计师精致剪裁+时尚造型,58,36
韩国美发第一站（缤纷购物广场店）,河东区,万新村,3.6,韩国美发第一站精剪造型,25,34
美丽现场造型沙龙,河东区,大直沽,4.1,单人技术总监剪发,28,33
东跃造型（东跃造型顺达路店）,河东区,大直沽,3.5,单人烫/染2选1套餐,96,2
维纳斯形象设计室,河东区,大直沽,3.0,染烫二选一美发套餐,128,2
黑眼圈发型,河东区,河东区,4.0,单人烫染二选一,288,1
普莱提造型,河东区,河东万达广场,4.1,炭精华深层护理发膜,48,1
摩尼卡美发,河东区,河东区,3.5,数码烫染套餐,168,0
瑰侬造型（7店）,河东区,万新村,3.4,头发奶香spa套餐,48,0
北京DaDa美发（靓点店）,河东区,大王庄,3.5,单人时尚烫/染2选1,188,0
名剪造型,河东区,河东万达广场,3.8,单人spa热烫套餐,128,0
剪廊,河东区,万新村,3.5,时尚烫染套餐,488,0
群芳美发设计,河东区,卫国道,3.5,单人烫染超值套餐,120,0
私人订制,河东区,河东万达广场,3.5,日韩染发+精致剪发+日韩染发护理套餐,218,0
森木风美发造型,河东区,万新村,4.0,单人超值剪+烫套餐,168,0
嘉琪发艺,河东区,卫国道,3.5,单人烫发染发套餐,340,0
黑丝特护肤造型,河东区,万新村,3.5,单人总监剪发套餐,40,0
鼎尚造型,河东区,万新村,3.5,单人韩国清水4D蜡染套餐,168,0
心御造型,河东区,天津站后广场,4.1,剪发+精华液焗油套餐,68,0
FASHION热唇,河北区,王串场/民权门,4.7,单人总监修剪套餐,33.8,330
缔舞护肤造型美甲（北宁湾店）,河北区,天泰路/榆关道,5.0,单人风格设计师剪发套餐,29.8,241
缔舞护肤造型美甲（真理道店）,河北区,王串场/民权门,5.0,单人风格设计师剪发套餐,29.8,241
首都名爵,河北区,天泰路/榆关道,5.0,单人品质剪发套餐,15,229
净宝SPA@鬼剪工作室,河北区,中山路,4.5,单人长发烫染套餐,188,129
魅姿造型（北斗星辰店）,河北区,王串场/民权门,5.0,单人总监剪发,19.9,111
魅姿造型（北斗花园店）,河北区,中山路,4.8,单人总监剪发,19.9,111
风尚造型（增产道二店）,河北区,王串场/民权门,5.0,单人资深设计师洗剪吹套餐,22,89
格调造型（格调咖啡店）,河北区,中山路,3.5,单人精致剪发套餐,18.9,73
格调造型,河北区,中山路,4.2,单人精致剪发套餐,18.9,73
画间沙龙护肤造型,河北区,王串场/民权门,5.0,单人高级发型师洗剪吹,28,53
梵香造型,河北区,天泰路/榆关道,4.7,单人设计师订制精剪套餐,21,40
Color Show时尚造型（天津店）,河北区,意大利风情区/火车站,5.0,单人资深设计师洗剪吹1次,38,35
金领审美造型,河北区,王串场/民权门,3.9,单人总监剪发套餐,19.9,29
风华美容SpA造型,河北区,天泰路/榆关道,5.0,单人风格设计师精剪套餐,25,16
熙格美容美发养生会馆,河北区,狮子林大街,4.0,剪发,25,15
娇阳标新美容美发（乐购店）,河北区,王串场/民权门,4.2,单人技术督导剪裁造型,49,13
哈佛精品造型,河北区,天泰路/榆关道,3.5,单人设计师精剪,20,11
尚格造型,河北区,王串场/民权门,3.0,单人时尚烫染3选1,78,11
西唯造型（北宁湾商场店）,河北区,天泰路/榆关道,3.5,单人烫染直4选1+洗剪吹+护理套餐,268,7
千艺造型,河北区,天泰路/榆关道,3.5,单人美发套餐,158,2
艾諾尊尼韓國影視化妝髮型工作室,河北区,意大利风情区/火车站,3.5,单人烫染护3选1套餐,188,2
阿芙萝AFL造型（真理道店）,河北区,王串场/民权门,5.0,单人超值烫加染套餐,348,1
冠坤美容美发造型中心（河北店）,河北区,中山路,4.0,单人高级设计师烫/染2选1套餐,399,1
氧发堂植物染发,河北区,王串场/民权门,4.5,单人植物彩色染发养发套餐,99,1
金沐子形象设计工作室,河北区,意大利风情区/火车站,4.3,单人超值剪发设计套餐,28,1
圳淇造型,河北区,中山路,3.5,单人剪发+美甲套餐,30,0
君韩造型,河北区,中山路,4.5,单人烫发/染发2选1套餐,188,0
久紫美发,河北区,河北区,3.0,单人烫发/染发2选1套餐,180,0
大唐中韩美业,北辰区,北辰区,4.7,单人资深发型师剪发套餐,24.8,23
首席造型,北辰区,北辰区,3.6,洗剪吹套餐,10,21
西蔓造型,北辰区,北辰区,3.5,单人精剪剪发套餐,29.9,16
蒂芙尼护肤造型,北辰区,北辰区,4.2,单人品质烫染打蜡护理4选1,178,13
金财显形象会所,北辰区,北辰区,3.5,单人洗剪吹套餐,30,7
非欧护肤造型,北辰区,北辰区,4.7,单人韩式烫/染,158,6
M2 Hair Salon（北辰店）,北辰区,西横堤/瑞景新天地,5.0,单人资深造型师洗剪吹套餐,48,5
简烫剪（北辰店）,北辰区,北辰区,4.0,单人豪华烫染护套餐,398,1
时代造型,北辰区,北辰区,4.4,焗油黑色（短发套餐),26.8,0
玖尚造型,北辰区,北辰区,4.5,单人健康烫染套餐2选1,399,0
世纪秀美容美体养生会馆,北辰区,北辰区,3.5,护理套餐,28,0
美太汇形象设计沙龙,津南区,津南区,4.6,奇幻亮泽动感烫染发二选一（含护理）,98,268
静誉空间时尚造型,津南区,津南区,5.0,单人精致剪发,18.8,264
发之都美发沙龙（二店）,津南区,津南区,5.0,单人资深设计师剪发+造型套餐,18.8,164
发之都美发沙龙,津南区,津南区,5.0,单人资深设计师剪发+造型套餐,18.8,164
TITI护肤造型（泗水道店）,津南区,津南区,4.5,单人剪发套餐,48,147
丝妍时尚造型,津南区,津南区,4.4,单人设计师烫染二选一套餐,188,139
缔爵ShowTime,津南区,津南区,5.0,单人设计师剪发套餐,28.8,136
BF形象设计,津南区,津南区,4.6,首席洗剪吹,19.8,103
艺人发型工作室,津南区,津南区,5.0,单人洗剪吹套餐,17.8,100
宣尼造型,津南区,津南区,5.0,单人发型师剪发+造型套餐,15.8,78
云彩国际绿色空间,津南区,津南区,4.7,云彩国际单人烫染护套餐,198,46
DK时尚造型（双林店）,津南区,津南区,4.6,单人设计师剪发+造型套餐,30,22
鑫辉造型（北闸口店）,津南区,津南区,3.9,单人造型烫染二选一,78,20
鑫辉造型（总店）,津南区,津南区,3.8,单人造型烫染二选一,78,20
荣族形象设计,津南区,津南区,4.4,烫染2选1,98,19
以诺造型,津南区,津南区,3.5,洗剪吹套餐,18.8,12
审美造型专业美发（津南店）,津南区,津南区,3.5,单人剪烫护/剪染护/剪直护套餐,259,4
鑫沐造型,津南区,津南区,3.5,单人店长精剪造型1次,12.8,4
青沐风形象设计工作室,津南区,津南区,4.0,单人荻薇染发套餐,118,3
瑞豪专业烫染连锁（利津路风尼时尚店）,东丽区,东丽区,5.0,【资深设计师】提案+精致裁剪+造型,28.8,107246
紫尚造型（天津民航大学店）,东丽区,东丽区,5.0,【人气】单人烫染直三选一美发套餐,159,59509
米娜造型（sm商场店）,东丽区,东丽区,5.0,单人美发套餐5选1,128,35162
可唻咿造型（华明风行时尚店）,东丽区,东丽开发区,5.0,高级设计师洗剪吹,29.8,27045
梵谷造型全国连锁（上海创艺店）,东丽区,东丽区,4.7,梵谷造型单人剪发套餐,35.9,11377
巴罗国际烫染连锁（梵希造型）,东丽区,东丽区,4.8,单人超值烫发/染发套餐5选2,378.8,7934
旗舰造型沙龙（翔园店）,东丽区,东丽区,4.1,单人洗护造型,19.9,2831
伊木造型,东丽区,区政府,5.0,单人剪发套餐,24.9,934
东阳造型,东丽区,东丽区,4.1,单人精剪美发套餐,19.8,16
发丝造型,东丽区,东丽区,4.5,单人发丝造型烫染短发二选一套餐,98,9
阿明美发美甲,东丽区,东丽开发区,5.0,单人创意烫染二选一,80,3
优美美发,东丽区,区政府,4.3,短发染发套餐,138,1
随子造型,东丽区,东丽区,3.5,单人生姜烫发套餐,158,1
起典造型（东丽店）,东丽区,东丽区,4.5,单人烫发/染发2选1套餐,198,1
丝妍时尚造型,东丽区,区政府,3.9,单人精剪套餐,20,0
名俊造型,东丽区,东丽区,3.5,单人奢华染发套餐,128,0
鑫意造型,东丽区,区政府,3.5,单人短发打蜡,98,0
自然纹绣,东丽区,东丽区,3.5,绿色香薰精油烫,118,0
佑米造型（阳光100店）,西青区,西青区,5.0,丽人狂欢节-欧莱雅烫/染二选一,228,310667
瑞豪专业烫染连锁（西青区大学城店）,西青区,西青区,5.0,【资深设计师】提案+精致裁剪+造型,28.8,107246
紫尚造型（阳光一百店）,西青区,西青区,5.0,【人气】单人烫染直三选一美发套餐,159,59509
紫尚造型（天津大学城肯德基店）,西青区,西青区,5.0,【人气】单人烫染直三选一美发套餐,159,59509
米娜造型（阳光一百店）,西青区,西青区,5.0,单人美发套餐5选1,128,35162
米娜造型（杨柳青店）,西青区,西青区,5.0,单人美发套餐5选1,128,35162
米娜造型（东兴里商业街店）,西青区,西青区,4.0,单人美发套餐5选1,128,35162
米娜造型（姚村大学城店）,西青区,西青区,4.1,单人欧莱雅高端五选一套餐,198,27359
可唻咿造型（肯德基大学城店）,西青区,西青区,5.0,高级设计师洗剪吹,29.8,27045
绚诺soho（景福花园店）,西青区,西青区,3.5,单人资深造型师洗剪吹套餐,29.8,20649
绚诺soho（肯德基文博园店）,西青区,西青区,5.0,单人资深造型师洗剪吹套餐,29.8,20649
1号连锁美发专家（大学城店）,西青区,西青区,5.0,单人首席洗剪吹套餐,38,14349
梵谷造型（西青大学城肯德基店）,西青区,西青区,5.0,梵谷造型单人剪发套餐,35.9,11377
巴罗国际烫染连锁（美尔美诗1店）,西青区,西青区,4.8,单人超值烫发/染发套餐5选2,378.8,7934
巴罗国际烫染连锁（聚彩缘店）,西青区,西青区,4.0,单人超值烫发/染发套餐5选2,378.8,7934
巴罗国际烫染连锁（ET造型店）,西青区,西青区,5.0,单人超值烫发/染发套餐5选2,378.8,7934
聚彩缘,西青区,西青区,3.5,单人超值烫发/染发套餐5选2,378.8,7934
胡思乱想店（华苑店）,西青区,西青区,4.2,单人超值烫发/染发套餐5选2,378.8,7934
巴罗国际烫染连锁（阳光100二店）,西青区,西青区,4.5,单人超值烫发/染发套餐5选2,378.8,7934
巴罗国际烫染连锁（凯艺造型店）,西青区,西青区,4.1,单人超值烫发/染发套餐5选2,378.8,7934
南望角发艺沙龙（永旺梦乐城友谊南路店）,西青区,西青区,5.0,单人高级健康烫发套餐（短发）,358,1
潘美诺,西青区,西青区,3.5,单人热能数码烫套餐,148,0
一诺造型连锁机构,西青区,西青区,3.5,单人时尚烫染2选1套餐,168,0
尚格米兰,西青区,西青区,3.0,短发烫染套餐,200,0
艾丽雅美学馆,西青区,西青区,5.0,单人精致剪发+深层护理套餐,58,0
丝域养发馆（中北镇店）,西青区,华苑科技园,5.0,单人玫瑰精油养发,68,0
克丽缇娜（金奥广场店）,西青区,西青区,4.0,单人克丽缇娜养发套餐体验,198,0
侨阳造型,西青区,西青区,3.0,单人长发染发套餐,228,0
美格专业烫染造型,西青区,西青区,4.8,单人美格美发套餐,98,0
朋克风格,西青区,西青区,3.0,单人饱满接发套餐,1800,0
瑞豪专业烫染连锁（大光明中心店）,武清区,北郑/泉州北路,5.0,【资深设计师】提案+精致裁剪+造型,28.8,107246
欧莱雅私人定制（天津大光明中心店）,武清区,北郑/泉州北路,5.0,单人洗剪吹/护理套餐2选1,39,101065
米娜造型（杨村友谊商城店）,武清区,中信广场,5.0,单人美发套餐5选1,128,35162
米娜造型（杨村保利店）,武清区,保利/亨通花园,4.8,单人美发套餐5选1,128,35162
美天淘日系沙龙（中信广场店）,武清区,中信广场,5.0,欧莱雅烫发染发直发护理单人套餐,159,24325
摩登时尚（武清店）,武清区,中信广场,4.7,【品质优选】设计师定制裁剪,29.8,23689
绚诺soho（盛世郦园店）,武清区,保利/亨通花园,3.4,单人资深造型师洗剪吹套餐,29.8,20649
巴罗国际烫染连锁（武清家乐2店）,武清区,保利/亨通花园,5.0,单人超值烫发/染发套餐5选2,378.8,7934
巴罗国际烫染连锁（时尚街店）,武清区,中信广场,5.0,单人超值烫发/染发套餐5选2,378.8,7934
绚诺soho（泉州路店）,武清区,泉州南路/广厦道,4.0,欧莱雅美奇丝系列单人轻奢 烫/染+护理 套餐,198,3712
派克造型（泉州路店）,武清区,泉州南路/广厦道,5.0,单人精剪套餐,21.9,1693
派克绚诺造型（盛世郦园店）,武清区,保利/亨通花园,5.0,单人精剪套餐,21.9,1693
姝秀SU造型（楷模造型店）,武清区,泉州南路/广厦道,4.1,【爆款】设计师剪裁造型单人,38,1600
木北造型（荔隆广场店）,武清区,武清区,4.0,单人创意总监剪发套餐,96,1441
祐米造型（盛世郦园店）,武清区,保利/亨通花园,5.0,单人精剪一次,22.8,1311
艺宇非凡,武清区,泉州南路/广厦道,4.6,单人艺宇非凡“剪发一次”,29.8,755
T·One美发沙龙,武清区,泉州南路/广厦道,5.0,单人总监洗剪吹套餐,13.5,680
水之恋美业,武清区,保利/亨通花园,5.0,单人精致体验洗剪吹套餐 每人限一次,25,565
匠心发型定制会所（泉州路店）,武清区,泉州南路/广厦道,4.7,单人高级匠心精剪套餐,29.8,461
I mei 发型设计,武清区,北郑/泉州北路,5.0,I • mei 发型设计单人高级发型师洗剪吹,38,394
紫尚造型（天津杨村保利店）,武清区,保利/亨通花园,4.7,网红设计师剪发套餐,69,277
瞧我造型（时尚街店）,武清区,中信广场,4.8,单人设计师精剪发,19.9,144
TG主题沙龙（天津大光明中心店）,武清区,北郑/泉州北路,5.0,单人剪发造型套餐,32,71
森古美容美发创意沙龙,武清区,保利/亨通花园,3.8,单人总监私人订制洗剪吹套餐,49.9,36
AAA发艺空间,武清区,京津时尚广场,3.9,单人欧莱雅烫染套餐,258.8,35
艺人美场美容美发会所,武清区,京津时尚广场,4.2,艺人美场“创意总监剪发”,19.8,26
卓尔造型,武清区,武清区,4.7,单人卓尔造型超值烫染套餐,128,24
选择国际专业美发美甲机构（君利商厦店）,武清区,京津时尚广场,3.5,单人发型师剪发,58,22
审美造型,武清区,北郑/泉州北路,5.0,单人资深设计师剪发套餐,49,22
天姿造型,武清区,武清区,4.1,单人天姿造型剪发～韩式造型,10,21
宛绎造型,武清区,泉州南路/广厦道,4.4,单人剪发套餐,28,8
木吧造型,武清区,中信广场,4.2,单人超值烫染套餐,168,3
时尚密码发艺空间,武清区,京津时尚广场,3.5,单人中国好面膜头发护理套餐,38,1
Nails Up美甲美睫,武清区,中信广场,4.6,单人时尚造型+妆面,34.9,0
时慧发艺,武清区,中信广场,3.0,单人烫染套餐,98,0
克丽缇娜（幽兰店）,武清区,北郑/泉州北路,4.1,单人克丽缇娜护发养发卡,68,0
可唻咿造型（劝宝超市店）,宝坻区,宝坻区,4.6,单人高品质烫染套餐,268,22924
巴罗国际烫染连锁（创利郎造型）,宝坻区,宝坻区,4.2,单人超值烫发/染发套餐5选2,378.8,7934
