﻿商家,区域,商圈,星级,服务,价格,销量
佑米造型（乐汇城店）,长安区,乐汇城,5.0,丽人狂欢节-欧莱雅烫/染二选一,228,310620
佑米造型（东胜广场店）,长安区,东胜广场,5.0,丽人狂欢节-欧莱雅烫/染二选一,228,310620
佛伦斯私人订制烫染国际连锁（-东胜广场店）,长安区,东胜广场,4.7,美芝品系列单人美发套餐,168,143258
欧莱雅私人定制（石家庄西美五洲店）,长安区,谈固,5.0,单人洗剪吹/护理套餐2选1,39,101033
欧莱雅私人定制美发连锁（石家庄东胜广场店）,长安区,东胜广场,5.0,单人洗剪吹/护理套餐2选1,39,101033
欧莱雅私人定制美发连锁（北国东尚店）,长安区,北国东尚,5.0,单人洗剪吹/护理套餐2选1,39,101033
施华蔻美发连锁（石家庄北国东尚店）,长安区,北国东尚,5.0,单人施华蔻烫染套餐3选1,208,85650
施华蔻美发连锁（石家庄魔俪2000店）,长安区,方北,4.7,单人施华蔻烫染套餐3选1,208,85650
施华蔻美发连锁（石家庄乐汇城店）,长安区,乐汇城,5.0,单人施华蔻烫染套餐3选1,208,85650
施华蔻美发连锁（石家庄东胜广场店）,长安区,东胜广场,5.0,单人施华蔻烫染套餐3选1,208,85650
紫尚造型（石家庄谈固店）,长安区,东胜广场,5.0,【人气】单人烫染直三选一美发套餐,159,59492
紫尚连锁（东胜总店）,长安区,东胜广场,5.0,【人气】单人烫染直三选一美发套餐,159,59492
米娜造型（北国益庄店）,长安区,长安区,5.0,单人美发套餐5选1,128,35164
佑美乐（乐汇城店）,长安区,乐汇城,4.7,单人剪发套餐1份,39.8,28761
古川造型（政府店）,长安区,北国东尚,5.0,洗剪吹套餐,29.9,27116
魔发有约（广安大街店）,长安区,省博物馆,5.0,单人女王施华蔻烫染套餐,288,21547
艺境造型（东尚东塔店）,长安区,北国东尚,4.3,单人施华蔻烫/染/直C套餐,208,20695
绚诺soho（广安大街店）,长安区,省博物馆,5.0,单人资深造型师洗剪吹套餐,29.8,20643
绚诺soho（中山东路东胜广场店）,长安区,东胜广场,5.0,单人资深造型师洗剪吹套餐,29.8,20643
1号连锁（东胜广场店）,长安区,东胜广场,4.7,单人首席洗剪吹套餐,38,14347
88潮牌美发连锁（柳树造型店）,长安区,省四院中基礼域,4.4,单人美发轻度受损发质烫/染/直,299,12101
沙宣烫染连锁（东胜广场店）,长安区,东胜广场,5.0,单人欧莱雅美奇丝套餐,160,7466
丽人美发（育才精品店）,长安区,先天下,4.7,单人精剪套餐,30,7160
丽人美发（先天下店）,长安区,先天下,5.0,单人精剪套餐,30,7160
丽人美发（青园店）,长安区,北国东尚,4.9,单人精剪套餐,30,7160
丽人美发（人民广场店）,长安区,北国东尚,5.0,单人精剪套餐,30,7160
丽人美发超级VIP店（裕彤店）,长安区,方北,5.0,单人精剪套餐,30,7160
美橙美发（白佛瑞城店）,长安区,长安区,5.0,【烫染直】单人高人气烫染直3选1套餐,98,6626
魔俪美发瘦身沙龙（中山东路店）,长安区,盛世长安,3.5,单人欧莱雅美奇丝系列烫/染套餐,148,4263
米琳造型（东尚西塔店）,长安区,北国东尚,3.5,单人欧莱雅美奇丝系列烫/染套餐,148,4263
米琳造型（东胜广场店）,长安区,东胜广场,4.0,单人欧莱雅美奇丝系列烫/染套餐,148,4263
玛莎国际专业接发潮牌（中山路店）,长安区,长安区,5.0,单人全真无痕隐形接发（55cm）拆卸无残留,780,3954
巴黎春天美发沙龙（东胜广场店）,长安区,东胜广场,5.0,单人巴黎春天单次精剪套餐,45,2732
JM STYLE造型（新天地店）,长安区,长安区,5.0,单人首席洗剪吹套餐,30,2609
JM STYLE造型（勒泰店）,长安区,勒泰中心,4.4,单人首席洗剪吹套餐,30,2609
蓝卡美发机构（乐汇城）,长安区,乐汇城,5.0,蓝卡美发机构洗剪吹套餐,29.8,2216
陌上私人国际烫染会所（长安店）,长安区,北国东尚,4.1,单人店长操作品牌蛋白烫染拉直选一,137,1861
雅舍造型,长安区,先天下,5.0,单人剪发美发套餐（新店开业大促）,29.9,1648
姝秀造型（蓝卡美发旗舰店）,长安区,乐汇城,4.0,【爆款】设计师剪裁造型单人,38,1600
春天里美发沙龙（隐世店）,长安区,东胜广场,5.0,高级美发师洗剪吹,16,1507
斐丽斐丽美容美发美甲生活馆（中山路店）,长安区,勒泰中心,4.9,单人洗剪吹套餐,30,1496
魔发师美发工作室,长安区,建华百货,5.0,洗剪吹剪发套餐,16.9,1397
托夫形象设计（广安大街店）,长安区,省博物馆,5.0,单人首席洗剪吹,29,1174
手创时尚美发,长安区,北国东尚,4.7,理发,20.8,950
炫彩时尚美发沙龙,长安区,盛世长安,4.7,精剪套餐,25,810
尚东国际（体育店）,长安区,长安区,3.5,烫/染套餐2选1,88,701
她雅美发工作室 （谈固瑞城店）,长安区,长安区,5.0,单人精剪洗剪吹,29.8,681
博士园脱发白发养发（裕华区经济学院店）,长安区,谈固,4.3,单人深度头皮清洁+经络刮痧+全息头疗养发SPA套餐,38,631
川谷发型,长安区,东胜广场,5.0,单人总监洗剪吹,28.8,618
源美美发,长安区,省博物馆,5.0,单人总监洗剪吹,19.9,494
曼尼美发私人订制,长安区,勒泰中心,4.9,单人洗剪吹套餐,29,457
审美造型（保利花园店）,长安区,长安区,5.0,单人审美洗剪吹美发套餐,19.9,426
风尚style专业美发连锁机构（乐汇城店）,长安区,乐汇城,5.0,风尚style 美发连锁机构特惠剪发套餐,28,393
金凯美容美发,长安区,省博物馆,5.0,单人专业洗剪吹,22,370
非凡造型（私人工作室）,长安区,建华百货,5.0,单人洗剪吹套餐,16.8,324
天悦丽格造型,长安区,北国东尚,5.0,洗剪吹1次,17.9,306
零度造型（北宋路店）,长安区,长安区,4.3,养发护发套餐,28,32
一片云形象设计（棉六店）,长安区,运河桥客运站,4.1,单人尊贵烫/染套餐,88,32
lovefashion爱时尚美甲美睫韩式定妆,长安区,长安区,5.0,单人护发,19.9,29
岳灵生发养发（中山路店）,长安区,建华百货,5.0,单人苗方沐头防脱养发套餐一次,30,29
天赐造型,长安区,运河桥客运站,3.8,单人烫/染套餐2选1,86,28
东方丽人美发店,长安区,谈固,4.2,单人高级资深设计师精剪,35.8,16
cool造型烫染专业店,长安区,长安区,4.5,白领爱烫染套餐,168,14
阿乐发型设计工作室,长安区,盛世长安,5.0,单人暗香烫染护套餐,268,11
Baby美甲造型工作室,长安区,东胜广场,5.0,【新店开业】单人精致盘发编发,9.9,7
嘉彩国际,长安区,长安区,4.5,DR风尚烫或染套餐,98,6
芷芜堂美甲美睫美肤瘦身减肥中心（国际城店）,长安区,谈固,5.0,单人化妆盘发套餐,39.9,5
SG私人形象定制,长安区,省博物馆,3.5,单人高级发型师精剪套餐,28,5
尚琪造型,长安区,北国东尚,5.0,单人欧莱雅美奇丝超值烫发/染发二选一美发套餐,148,3
春天发艺,长安区,长安区,3.7,品质玻尿酸烫染,198,2
氧发堂,长安区,东胜广场,4.3,养护套餐,128,2
刘飞造型（北国东尚欧莱雅店）,长安区,北国东尚,4.1,单人高级总监剪发套餐,50,0
红都发型（中心线商业街店）,长安区,省博物馆,3.5,剪发套餐一次,29,0
何勇发型,长安区,谈固,4.1,单人设计师洗剪吹1次,38,0
永琪美容美发（广安街店）,长安区,长安区,3.7,单人剪发+烫染+护理套餐,298,0
品尚造型（平安大街店）,长安区,省四院中基礼域,3.8,美发烫染套餐,118,0
世纪发秀（博物馆店）,长安区,北国东尚,4.0,单人世纪发秀温德芭烫+利威丝染发套餐一份,488,0
永琪美容美发（栗中路店）,长安区,省四院中基礼域,3.7,单人剪发+烫染+护理套餐,298,0
发艺空间.美发,长安区,长安区,3.5,韩国营养烫一次,480,0
精典1997专业美发（中山路店）,长安区,建华百货,3.8,烫/染套餐2选1,198,0
春天发艺,长安区,建华百货,4.2,施华蔻烫染套餐,268,0
阿鑫VIP美容美发会馆（名秀佳媛）,长安区,长安区,3.9,单人日韩烫发,128,0
艾秀主体美发沙龙,长安区,省四院中基礼域,3.5,烫染套餐,158,0
佛伦斯私人定制烫染国际连锁（勒泰店）,桥西区,北国商城,5.0,美芝品系列单人美发套餐,168,143258
佛伦斯私人定制烫染国际连锁（红旗大街店）,桥西区,西美花街,5.0,美芝品系列单人美发套餐,168,143258
欧莱雅私人定制美发连锁（石家西美花街店）,桥西区,西美花街,5.0,单人洗剪吹/护理套餐2选1,39,101033
欧莱雅私人定制（石家庄益友百货店）,桥西区,益友百货/西里,5.0,单人洗剪吹/护理套餐2选1,39,101033
欧莱雅私人定制美发连锁（石家庄勒泰店）,桥西区,桥西区,5.0,单人洗剪吹/护理套餐2选1,39,101033
欧莱雅私人定制美发连锁（熙美型尊特约店）,桥西区,南花园步行街,5.0,单人洗剪吹/护理套餐2选1,39,101033
施华蔻美发连锁（石家庄益友百货店）,桥西区,益友百货/西里,5.0,单人施华蔻烫染套餐3选1,208,85650
古川造型（勒泰店）,桥西区,北国商城,5.0,洗剪吹套餐,29.9,27116
古川造型（海悦店）,桥西区,桥西区,5.0,洗剪吹套餐,29.9,27116
可唻咿造型（益友百货店）,桥西区,益友百货/西里,5.0,高级设计师洗剪吹,29.8,27044
1号连锁（西美花街店）,桥西区,西美花街,5.0,单人首席洗剪吹套餐,38,14347
1号连锁美发专家（槐中路店）,桥西区,桥西区,4.2,单人首席洗剪吹套餐,38,14347
美天淘日系造型（西美店）,桥西区,西美花街,5.0,单人设计师洗剪吹,28,9974
丽人美发（世纪店）,桥西区,桥西区,5.0,单人精剪套餐,30,7160
丽人美发（裕园广场店）,桥西区,南花园步行街,4.9,单人精剪套餐,30,7160
丽人美发（北国商城店）,桥西区,北国商城,5.0,单人精剪套餐,30,7160
丽人美发（益友店）,桥西区,益友百货/西里,5.0,单人精剪套餐,30,7160
泛亚形象设计中心（海悦天地店）,桥西区,海悦天地,5.0,单人剪发套餐,19.9,4978
米琳造型（西美店）,桥西区,西美花街,4.6,单人欧莱雅美奇丝系列烫/染套餐,148,4263
玛莎国际专业接发潮牌（西美花街店）,桥西区,西美花街,4.3,单人全真无痕隐形接发（55cm）拆卸无残留,780,3954
绚诺soho（西美店）,桥西区,桥西区,4.3,单人小资美发 染/烫/柔顺/直发/定位5选1+护理 套餐,148,3311
艾丝日式美容美发沙龙,桥西区,桥西区,5.0,单人精剪套餐,24.8,3185
聚美国际烫染连锁店,桥西区,桥西区,3.8,单人首席剪发聚美国际剪发,19.9,2876
巴黎春天美发沙龙(万象天成店),桥西区,万象天成,4.5,单人巴黎春天单次精剪套餐,45,2732
巴黎春天美发沙龙（新百广场店）,桥西区,桥西区,3.5,单人巴黎春天单次精剪套餐,45,2732
发风尚美发连锁（新石店）,桥西区,西三教,5.0,发风尚美发特价洗剪吹,11.9,1853
姝秀造型（艺美美发店）,桥西区,西三教,4.0,【爆款】设计师剪裁造型单人,38,1600
姝秀造型（巧手造型美发店）,桥西区,北国商城,4.0,【爆款】设计师剪裁造型单人,38,1600
cozy美发世家（红旗大街店）,桥西区,西美花街,5.0,单人高级洗剪吹,39.9,1554
托夫形象设计（红旗大街VIP店）,桥西区,红旗大街,5.0,单人首席洗剪吹,29,1174
煊私人定制美发会所（原小春造型顶尖店）,桥西区,北国商城,5.0,小春造型剪发套餐,38,922
古贝造型（泛亚店）,桥西区,海悦天地,5.0,单人剪发套餐,17.9,905
亲和李理发型工作室,桥西区,桥西区,5.0,洗剪吹,15,903
艺韩造型,桥西区,红旗大街,5.0,单人洗剪吹,19.9,814
尚东国际（建国店）,桥西区,桥西区,4.0,烫/染套餐2选1,88,701
博士园脱发白发养发（桥西区中华店）,桥西区,桥西区,4.5,单人深度头皮清洁+经络刮痧+全息头疗养发SPA套餐,38,631
尚美造型,桥西区,时光街,5.0,单人形象设计套餐,17.9,556
郑先生形象设计小屋,桥西区,益友百货/西里,5.0,单人总监洗剪吹1次,40,382
紅牌复古理髪館,桥西区,北国商城,5.0,紅牌复髪館剪发一次,38,369
美丽说美容美发,桥西区,益友百货/西里,5.0,单人设计师洗剪吹套餐,30,339
FEELING,桥西区,南花园步行街,5.0,单人理发系列,25.8,279
风尚style专业美发连锁机构（益友店）,桥西区,益友百货/西里,4.9,单人潮流无痕接发,1280,239
沙宣美发连锁,桥西区,红旗大街,5.0,单人洗剪吹,12.9,232
古艺私人订制美发工作室,桥西区,北国商城,5.0,单人洗剪吹,29,214
托尼盖,桥西区,南花园步行街,5.0,夏日盛宴套餐,25,191
七号发型工作室（恒大店）,桥西区,西三教,4.4,单人设计剪发造型一次,29.9,175
CIT造型,桥西区,西美花街,4.9,总监时尚剪发【洗剪吹+造型】,38,167
MEET ·遇见美发沙龙,桥西区,海悦天地,5.0,【新店开业爆单】洗剪吹剪发套餐,24.9,155
致青春美发沙龙,桥西区,红旗大街,5.0,单人洗剪吹,19.9,111
弦子坊美发美甲美睫,桥西区,南花园步行街,4.6,单人设计师洗剪吹套餐,18.9,103
AM烫染造型美妆（西美花街店）,桥西区,红旗大街,5.0,单人会员卡+剪发套餐,19.9,102
水晶之恋造型（时尚人士圈2店）,桥西区,北国商城,5.0,单人烫+染+护套餐,338,99
发之约烫染造型,桥西区,新石北路,4.9,单人设计师剪发1次,16.99,99
诺曼妮美容美发养生会所,桥西区,红旗大街,4.7,【新店开业】单人洗剪吹限时特价,14.9,93
MG魔术造型明星店（石家庄总店）,桥西区,西美花街,5.0,单人潮流洗剪吹套餐,20,91
MK私人美发会所,桥西区,西三教,5.0,欧莱雅热烫,398,74
印象秀Hair salon,桥西区,西三教,5.0,单人日式潮色染发套餐,129,69
Amor爱慕美发沙龙,桥西区,西三教,5.0,单人设计总监洗剪吹套餐,19.9,53
秋水伊人美发沙龙,桥西区,海悦天地,4.7,单人洗剪吹套餐,55,40
翠鬓阁形象工作室,桥西区,西三教,3.5,单人资深技术总监精致剪裁,50,0
维多娜时尚造型（东购店）,桥西区,南花园步行街,3.8,尊享烫染单人套餐,299,0
佑米造型（裕华万达店）,裕华区,万达广场,5.0,丽人狂欢节-欧莱雅烫/染二选一,228,310620
佑米造型（藏龙福地店）,裕华区,大马庄园,5.0,丽人狂欢节-欧莱雅烫/染二选一,228,310620
佑米造型（北国超市长江店）,裕华区,天山海世界,5.0,丽人狂欢节-欧莱雅烫/染二选一,228,310620
佛伦斯私人订制烫染国际连锁（联邦空中花园店）,裕华区,空中花园,5.0,美芝品系列单人美发套餐,168,143258
佛伦斯私人订制烫染国际连锁（石家庄万达广场店）,裕华区,万达广场,5.0,美芝品系列单人美发套餐,168,143258
瑞豪专业烫染连锁（怀特店）,裕华区,怀特商城,5.0,【资深设计师】提案+精致裁剪+造型,28.8,107226
瑞豪专业烫染连锁（万达广场店）,裕华区,万达广场,5.0,【资深设计师】提案+精致裁剪+造型,28.8,107226
欧莱雅私人定制（石家庄北国超市长江店）,裕华区,天山海世界,5.0,单人洗剪吹/护理套餐2选1,39,101033
欧莱雅私人定制美发连锁（石家庄裕华万达广场店）,裕华区,万达广场,5.0,单人洗剪吹/护理套餐2选1,39,101033
施华蔻美发连锁（石家庄北国超市长江店）,裕华区,天山海世界,5.0,单人施华蔻烫染套餐3选1,208,85650
施华蔻美发连锁（米兰阳光主题造型石家庄空中花园店）,裕华区,空中花园,5.0,单人施华蔻烫染套餐3选1,208,85650
施华蔻美发连锁（石家庄万达店）,裕华区,万达广场,5.0,单人施华蔻烫染套餐3选1,208,85650
施华蔻美发连锁（石家庄爱美发型店）,裕华区,怀特商城,5.0,单人施华蔻烫染套餐3选1,208,85650
米娜造型,裕华区,万达广场,4.5,单人欧莱雅高端五选一套餐,198,27357
古川造型（万达店）,裕华区,万达广场,4.7,洗剪吹套餐,29.9,27116
1号连锁美发专家（裕翔店）,裕华区,红楼商圈,5.0,单人首席洗剪吹套餐,38,14347
《1号连锁》美发专家（万达店）,裕华区,万达广场,5.0,单人首席洗剪吹套餐,38,14347
蔓莎造型全国连锁（万达广场店）,裕华区,万达广场,5.0,单人高级理发师单人洗剪吹,24.8,14279
古川造型（中茂海悦VIP店）,裕华区,裕华区,5.0,古川造型首席发型师设计精剪洗剪吹一次,39.9,12121
88潮牌美发连锁（约美造型空中花园店）,裕华区,空中花园,5.0,单人美发轻度受损发质烫/染/直,299,12101
88潮牌美发连锁（约美造型谈固店）,裕华区,怀特商城,3.5,单人美发轻度受损发质烫/染/直,299,12101
INSI Hair Salon（万达广场店）,裕华区,万达广场,5.0,单人全头无痕接发65cm(120片),1099,10784
美橙美发,裕华区,怀特商城,5.0,【烫染直】单人欧莱雅烫染直3选1套餐,178,9175
美橙美发（万达广场2号公寓店）,裕华区,万达广场,5.0,【烫染直】单人欧莱雅烫染直3选1套餐,178,9175
米咔造型（万达广场店）,裕华区,万达广场,5.0,单人欧莱雅超人气金典烫染套餐3选1,198,7844
丽人美发（天山店）,裕华区,天山海世界,4.2,单人精剪套餐,30,7160
丽人美发（槐北路店）,裕华区,裕华区,5.0,单人精剪套餐,30,7160
丽人美发（新世隆店）,裕华区,裕华区,5.0,单人精剪套餐,30,7160
丽人美发（省电视台店）,裕华区,万达广场,5.0,单人精剪套餐,30,7160
玛莎国际专业接发潮牌（万达广场店）,裕华区,万达广场,5.0,单人全真无痕隐形接发（55cm）拆卸无残留,780,3954
绚诺造型,裕华区,万达广场,3.0,单人小资美发 染/烫/柔顺/直发/定位5选1+护理 套餐,148,3311
Kiss Me色彩接发（万达广场店）,裕华区,万达广场,5.0,单人全头无痕接发套餐,1299,3268
聚美国际烫染连锁店（万达店）,裕华区,万达广场,5.0,单人首席剪发聚美国际剪发,19.9,2876
卡芒美发,裕华区,万达广场,5.0,单人洗剪吹套餐,19.8,2825
JM STYLE造型（万达店）,裕华区,万达广场,4.4,单人首席洗剪吹套餐,30,2609
米琳造型（商业广场店）,裕华区,怀特商城,5.0,单人欧莱雅水润烫发/染发/拉直3选1套餐,198,2507
水墨清颜美发屋,裕华区,万达广场,5.0,单人洗剪吹1次,19.8,2380
《1号连锁》美发专家（大悦城店）,裕华区,天山海世界,4.1,乔薇尔（JOVIAL)单选,339,2334
贺造型（塔冢店）,裕华区,红楼商圈,4.3,单人首席精致洗剪吹套餐,14.9,2291
贺造型（空中花园店）,裕华区,空中花园,5.0,单人首席精致洗剪吹套餐,14.9,2291
FV发妆会,裕华区,万达广场,5.0,阿升老师女士精剪套餐,24.8,2190
米咔造型（空中花园店）,裕华区,空中花园,5.0,单人店长总监高端烫染3选1,398,1898
索罗门fashion造型,裕华区,天山海世界,5.0,洗剪吹,19.9,1737
青丝坊,裕华区,大石门,4.6,单人剪发1次,18,1690
cozy美发世家（万达店）,裕华区,万达广场,5.0,单人高级洗剪吹,39.9,1554
发丝阁,裕华区,大马庄园,5.0,首席发型师单人设计精剪/时尚造型,25.9,1539
斐丽美容美发美甲生活馆（万达店）,裕华区,万达广场,4.9,单人洗剪吹套餐,30,1496
798造型（平安店）,裕华区,欧韵公园,5.0,单人虎仔洗剪吹套餐,29.9,1430
爱美潮牌美发沙龙,裕华区,怀特商城,5.0,单人精剪套餐,24.8,1198
时尚美卡,裕华区,空中花园,5.0,单人时尚精致剪发(特惠抢购),19.8,973
创美连锁直营店no.7,裕华区,空中花园,4.5,单人高级老师精剪（女士专享）,18,904
玛莎造型美容瘦身馆,裕华区,大马庄园,5.0,单人洗剪吹/洗吹造型套餐,19.8,803
KM·李造型,裕华区,裕华区,5.0,剪发,22.8,759
梦梵尼造型（万达店）,裕华区,万达广场,5.0,单人康尚造型美发套餐,198,704
尚东国际（槐北路店）,裕华区,万达广场,3.8,烫/染套餐2选1,88,701
秀丝坊美发造型,裕华区,天山海世界,5.0,单人洗剪吹,17.6,604
梵诺色彩无痕接发,裕华区,万达广场,5.0,欧莱雅美奇套餐,158,488
艾丝美发会所,裕华区,万达广场,5.0,单人 剪+烫+染+护理 美发套餐,168,412
铂尊发艺,裕华区,万达广场,5.0,铂尊超值剪发套系,38,408
T·M salon美发沙龙（万达店）,裕华区,万达广场,5.0,单人技术总监洗剪吹,38,372
798造型（万达店）,裕华区,万达广场,5.0,小天老师单人精剪套餐,25.9,355
阿东造型私人订制工作室,裕华区,万达广场,5.0,单人总监设计师洗剪吹套餐,18.9,351
匠人美发,裕华区,万达广场,5.0,单人单次剪发套餐,29.9,342
盛开美发,裕华区,万达广场,5.0,单人设计师洗剪造型,28,326
梨花美场资生堂专业美发（万达店）,裕华区,万达广场,5.0,单人设计师洗剪吹【剪发】套餐,29.9,289
【客集社】潮牌炫染接发,裕华区,万达广场,5.0,单人洗剪吹套餐,16.8,273
美德奇韩国美发店,裕华区,万达广场,5.0,单人学生烫/染 3选1套餐,98,246
欧泉美发美容店（开发区店）,裕华区,天山海世界,4.5,欧泉美发单人剪发,20,227
崇尚发艺,裕华区,万达广场,5.0,单人韩国烫发/染发套餐,198,217
博美国际美容造型连锁机构,裕华区,红楼商圈,5.0,单人洗剪吹,26,167
极客发艺,裕华区,欧韵公园,5.0,单人拉直,96,160
好莱坞烫染全国连锁（万达广场店）,裕华区,空中花园,4.1,单人精剪套餐,28,158
百慕造型,裕华区,万达广场,4.3,单人洗剪吹套餐,23,158
艾丝美业形象设计店,裕华区,裕华区,5.0,单人设计师洗剪吹,23,147
阿伦美业,裕华区,空中花园,3.8,女宾精剪,19,118
Color Hair任飞造型品质沙龙,裕华区,空中花园,5.0,单人首席洗剪吹套餐,29,115
红伶发艺（万达洲际酒店）,裕华区,万达广场,5.0,单人资深发型师精剪套餐,35,111
水晶之恋造型（时尚人士圈3店）,裕华区,大马庄园,5.0,单人烫+染+护套餐,338,99
水晶之恋造型（时尚人士圈1店）,裕华区,空中花园,4.5,单人烫+染+护套餐,338,99
春天里美发沙龙（隐居店）,裕华区,大马庄园,4.9,春天里美发时尚烫染,158,94
同仁堂防脱生.发,裕华区,欧韵公园,4.7,止.脱生.发套餐,58,90
D&M; Hair Salon 美发沙龙,裕华区,万达广场,5.0,单人资深发型设计师剪发1次,59.9,90
越众造型,裕华区,怀特商城,5.0,单人明明品牌设计师洗剪吹套餐,49.9,63
随喜私人订制发沙龙,裕华区,万达广场,4.4,单人洗剪吹造型,50,62
E。AMS无痕接发（石家庄万达广场店）,裕华区,万达广场,5.0,单人全真无痕隐形接发65公分,388,61
AM造型（超人气烫染店）（万达店）,裕华区,万达广场,5.0,单人VIP草本美发套餐,108,54
TOP QUEEN烫染无痕接发,裕华区,万达广场,5.0,单人单次首席洗剪吹,28,44
NICE STYLE（奈斯造型）,裕华区,万达广场,5.0,单人洗剪吹编发造型套餐,28,42
MG潮牌专业烫染无痕接发,裕华区,万达广场,5.0,单人首席剪发套餐,38,31
女神美场,裕华区,万达广场,5.0,单人时尚唯美烫/染2选1+精剪套餐,128,27
聆荷女士俱乐部,裕华区,大马庄园,4.5,单人营养护发套餐,68,26
尚雅造型（建通街店）,裕华区,红楼商圈,3.9,奢华烫染套餐,198,23
博士园脱发护发养发生活馆（裕华区永辉超市店）,裕华区,大马庄园,4.1,单人深度头皮清洁+经络刮痧+全息头疗养发SPA套餐,38,22
爱瑞雅美容美发沙龙,裕华区,万达广场,4.9,代金券,70,17
BIG·大明星潮牌烫染无痕接发,裕华区,万达广场,5.0,单人全真无痕隐形接发50公分/单片,8.8,15
章光101竞杰连锁专卖（开发区店）,裕华区,裕华区,3.5,尊享靓丽秀发防脱去屑养发护发套餐,18.9,14
酵素浴美容养发养生会所,裕华区,大马庄园,4.3,单人酵素养发套餐,38.8,4
安吉造型,裕华区,国际城,4.0,烫染套餐,218,3
首尔造型,裕华区,众美凤凰城,4.1,烫染2选1[复制],98,3
I feel 头彩,裕华区,国际城,4.0,单人盘发/编发,38,2
阿娟形象设计专业烫染,裕华区,怀特商城,3.5,尊享洗剪吹染烫护1次,288,1
米兰国际（槐安店）,裕华区,大石门,4.4,韩国烫加染套餐,148,1
妙指美甲,裕华区,天山海世界,4.0,妙指美甲韩式盘发,25.9,1
艺美人（迷你店）,裕华区,天山海世界,3.5,单人护理1次,20,1
迪克造型,裕华区,万达广场,3.6,染烫2选1套餐,38,0
浪人美发店（石门店）,裕华区,裕华区,3.0,欧莱雅烫染套餐,138,0
千艺造型（藏龙福地店）,裕华区,大马庄园,4.0,短发塑形烫+植物染色,168,0
精典1997专业美发（槐北路）,裕华区,万达广场,4.2,烫/染套餐2选1,198,0
梦杰丝琪美发中心,裕华区,万达广场,4.3,劳斯•无氨数码烫,168,0
小喻造型,裕华区,万达广场,4.0,奢华湿润烫套餐,108,0
世纪发秀（万达广场店）,裕华区,万达广场,4.0,单人世纪发秀温德芭烫+利威丝染发套餐一份,488,0
佛伦斯私人定制烫染国际连锁（新百广场华强店）,新华区,新百广场,5.0,美芝品系列单人美发套餐,168,143258
施华蔻美发连锁（石家庄新百广场店）,新华区,新百广场,5.0,单人施华蔻烫染套餐3选1,208,85650
米娜造型（新百广场店）,新华区,新百广场,4.7,单人美发套餐5选1,128,35164
丽人美发（品汇店）,新华区,新百广场,5.0,单人精剪套餐,30,7160
丽人美发（维明崇尚店）,新华区,友谊公园,5.0,单人精剪套餐,30,7160
玛莎国际专业接发潮牌（新百广场店）,新华区,新华区,5.0,单人全真无痕隐形接发（55cm）拆卸无残留,780,3954
聚美国际烫染连锁（新百金亿城店）,新华区,太和电子城,5.0,单人首席剪发聚美国际剪发,19.9,2876
《1号连锁》美发专家（品汇广场店）,新华区,太和电子城,4.5,乔薇尔（JOVIAL)单选,339,2334
歆晴懿美烫染连锁店（华强广场店）,新华区,新百广场,3.5,单人时尚白领烫/染套餐,148,1533
托夫形象设计（新百广场店）,新华区,新百广场,5.0,单人首席洗剪吹,29,1174
YJ时尚造型,新华区,新百广场,4.0,彩带接发,0.2,949
赛缇思菲美发造型,新华区,水上公园,5.0,洗剪吹,22.8,735
TOP 造型,新华区,新百广场,5.0,单人精剪造型设计,28,393
尚东国际（中华大街店）,新华区,新华区,3.5,单人高端烫染套餐,198,348
尚东造型（友谊店）,新华区,石家庄北站,4.0,单人高端烫染套餐,198,348
发型师形象艺术生活店,新华区,新华区,5.0,单人洗剪吹套餐,18,341
枫叶美发,新华区,益元百货,5.0,单人洗剪吹套餐,14.6,294
靓点美甲,新华区,益元百货,3.6,单人眉形设计,10,1
永琪美容美发（新华店）,新华区,新华区,3.7,单人剪发+烫染+护理套餐,298,0
名秀发艺,新华区,友谊公园,3.5,特价冷烫套餐一份,68,0
88潮牌美发连锁（正定金河店）,正定县,正定火车站,5.0,单人洗剪吹,38.8,20211
米琳造型（金河国际店）,正定县,正定火车站,5.0,单人欧莱雅美奇丝系列烫/染套餐,148,4263
博士园脱发白发养发（正定恒洲北街店）,正定县,正定镇政府,4.2,单人深度头皮清洁+经络刮痧+全息头疗养发SPA套餐,38,631
芸美人私人发型定制半永久会所,正定县,正定火车站,5.0,女士专享小刚设计精剪,58,34
正定风景造型美发广场,正定县,正定,5.0,MD营养套餐,48,31
章光101竞杰连锁专卖（正定店）,正定县,正定火车站,3.9,尊享靓丽秀发防脱去屑养发护发套餐,18.9,14
雅典娜形象设计机构,栾城区,传媒学院,5.0,单人雅典娜洗剪吹,16.9,733
靓发轩专业烫染护沙龙,元氏县,元氏县,4.5,单人超值烫染护理组合,999,35
