﻿商家,区域,商圈,星级,服务,价格,销量
佑米造型（思北店）,思明区,思北路口,5.0,丽人狂欢节-欧莱雅烫/染二选一,228,310624
佑米造型（罗宾森店）,思明区,罗宾森广场,5.0,丽人狂欢节-单人洗剪吹1份,29.8,289453
佛伦斯私人定制烫染国际连锁（思北店）,思明区,思北路口,5.0,美芝品系列单人美发套餐,168,143259
佛伦斯私人定制烫染国际连锁（瑞景店）,思明区,加州商业广场,5.0,美芝品系列单人美发套餐,168,143259
佛伦斯私人定制烫染连锁（世贸店）（世贸店）,思明区,火车站,5.0,美芝品系列单人美发套餐,168,143259
施华蔻美发连锁（厦门火车站世贸店）,思明区,火车站,5.0,单人施华蔻烫染套餐3选1,208,85650
柯琳造型（罗宾森店）,思明区,罗宾森广场,5.0,【洗剪造型】套餐,29.8,74161
芸熙美人造型（禹洲世贸国际店）,思明区,火车站,5.0,欧莱雅烫染拉5选1+高级护理+洗剪单人套餐,229,48633
米娜造型（瑞景店）,思明区,思明区,4.0,单人欧莱雅美奇丝超值烫发/染发二选一美发套餐,168,15876
Queen色彩造型（世贸店）,思明区,火车站,5.0,单人美发套餐,208,13854
Queen私人订制韩式半永久潮店,思明区,新景中心,5.0,单人美发套餐,208,13854
Queen色彩造型（思北店）,思明区,思北路口,5.0,单人美发套餐,208,13854
Queen色彩造型（瑞景店）,思明区,加州商业广场,5.0,单人美发套餐,208,13854
Queen色彩造型（吕厝店）,思明区,莲花,5.0,单人美发套餐,208,13854
丝域养发馆（JFC品尚店）,思明区,会展中心,4.0,玫瑰香薰spa+水润头皮护理,88,10637
精艺美发（博物馆店）,思明区,厦门大学,5.0,单人高级设计师洗剪吹1次,39.8,6413
精艺美发（后滨店）,思明区,思明区,5.0,单人高级设计师洗剪吹1次,39.8,6413
精艺美发（东浦店）,思明区,火车站,4.6,单人高级设计师洗剪吹1次,39.8,6413
川奈时尚造型（梧村店）,思明区,思明区,5.0,单人高级设计师洗剪吹,29.9,1924
MIX美发烫染潮牌沙龙（瑞景店）,思明区,加州商业广场,5.0,单人烫或染或拉直三选一套餐,148,1838
MIX美发烫染潮牌沙龙（世贸店）,思明区,火车站,5.0,单人烫或染或拉直三选一套餐,148,1838
MIX美发烫染潮牌沙龙（思北店）,思明区,思北路口,5.0,单人烫或染或拉直三选一套餐,148,1838
缔奇时尚（嘉盛豪园店）,思明区,加州商业广场,5.0,单人洗剪吹造型,39.8,1787
缔奇时尚（厦禾裕景店）,思明区,思明区,4.0,单人洗剪吹造型,39.8,1787
缔奇时尚（瑞景店）,思明区,瑞景商业广场,5.0,单人洗剪吹造型,39.8,1787
缔奇时尚（禾祥西店）,思明区,斗西路口,5.0,单人洗剪吹造型,39.8,1787
缔奇时尚（磐基店）,思明区,体育中心,5.0,单人洗剪吹造型,39.8,1787
缔奇时尚（南湖公园）,思明区,七星乐都汇,5.0,单人洗剪吹造型,39.8,1787
缔奇时尚（吕厝店）,思明区,莲花,5.0,单人洗剪吹造型,39.8,1787
吉咪造型工作室（七星乐都汇店）,思明区,七星乐都汇,5.0,单人精剪造型,38,1763
吉咪发型工作室（火车站世贸店）,思明区,火车站,5.0,单人精剪造型,38,1763
TOP潮店（世贸商场店）,思明区,火车站,5.0,单人欧莱雅烫染拉套餐,259,1558
TOP烫染接发潮店（梧村店）,思明区,火车站,5.0,单人欧莱雅烫染拉套餐,259,1558
米兰造型（世贸店）,思明区,火车站,5.0,豪华造型洗剪吹,58,1511
天使之手（开禾店）,思明区,思北路口,5.0,单人定制洗剪吹套餐,45,1277
天使之手（中山公园店）,思明区,中山公园,5.0,单人定制洗剪吹套餐,45,1277
天使之手（东方店）,思明区,思北路口,5.0,单人定制洗剪吹套餐,45,1277
天使之手（局口店）,思明区,中山路/轮渡,5.0,单人定制洗剪吹套餐,45,1277
美诺接发烫染工作室（火车站世贸店）,思明区,火车站,5.0,单人网红生态膜隐形无痕纳米接发1次,5,1197
TrueLove初爱造型（罗宾森店）,思明区,思明区,5.0,单人德国施华蔻烫染套餐,278,1011
纤丝维美,思明区,厦门大学,4.1,单人剪发,26,855
欧灵造型,思明区,瑞景商业广场,5.0,单人高级设计师洗剪吹套餐,40,819
宾格护肤造型（前埔店）,思明区,加州商业广场,5.0,健康洗吹,15,809
元素沙龙,思明区,火车站,4.3,单人美发套餐,488,791
93m潮牌染烫沙龙（世贸店）,思明区,火车站,3.5,单人美发套餐,298,582
Unique 美发造型,思明区,中山路/轮渡,4.8,单人总监精剪造型1次,68,544
圣薇娜造型（厦大店）,思明区,厦门大学,5.0,单人烫染代金券,2,526
魅丽轩美发美甲沙龙,思明区,思明区,4.4,单人欧莱雅套餐,198,414
尼芙美业（明发店）,思明区,明发商业广场,5.0,单人资深设计师洗剪吹,33,388
尼芙美业（吕厝店）,思明区,莲花,4.5,单人资深设计师洗剪吹,33,388
煌朝沙龙（思东店）,思明区,思明区,3.6,单人煌朝沙龙洗发套餐,28,383
欧亚格（五缘湾店）,思明区,五缘湾,3.5,单人设计师洗剪吹+泥疗护理,27,355
欧亚格（思北店）,思明区,思北路口,5.0,单人设计师洗剪吹+泥疗护理,27,355
纳谷造型,思明区,厦门大学,4.3,单人洗剪吹1次,43,296
娢悦形象私人定制（瑞景店）,思明区,瑞景商业广场,5.0,单人总监剪发造型,58,276
可力剪约（潘宅店）,思明区,瑞景商业广场,5.0,单人洗剪吹一次,35,253
米琳造型（【城市学校店】）,思明区,思明区,3.0,单人剪刘海套餐,16.8,239
头等舱沙龙染烫接发造型,思明区,思明区,5.0,单人单次烫染二选一套餐,199,170
kk发型设计,思明区,文灶/火车站,4.1,单人总监剪发,35,154
宝利金造型,思明区,莲花,5.0,单人豪华洗剪吹1次,31,139
美咖show,思明区,思北路口,5.0,单人洗剪吹,29.8,133
时尚焦点,思明区,前埔,5.0,单人招牌洗剪吹+水疗,40,121
艺辉美业烫染（禾祥西总店）,思明区,禾祥西路沿线,4.0,单人埃莉派松筋洗头1次,25,116
丝御剪烫,思明区,厦门大学,5.0,单人健康洗发,20,112
名姿（磐基店）,思明区,新景中心,5.0,单人资深发型师洗剪吹体验套餐,145,108
M·Z HairSalon烫发染发接发（罗宾森店）,思明区,火车站,4.7,单人总监造型,29.9,97
M·Z HairSalon烫发染发接发（双涵店）,思明区,莲坂国贸,5.0,单人总监造型,29.9,97
长短剪烫（禾祥西路店）,思明区,禾祥西路沿线,4.4,单人洗剪吹套餐,33,90
Lee Dear（2店）,思明区,新景中心,4.5,发型设计,78,85
Lee Dear,思明区,新景中心,5.0,发型设计,78,85
37度造型,思明区,火车站,5.0,单人洗剪吹1次,45,77
Leadtime Salon（引时沙龙）,思明区,松柏,5.0,技术总监剪发单人套餐,159,64
优嘉时尚（学生公寓店）,思明区,厦门大学,3.5,单人炫丽染或烫美发1份,258,62
千变造型（外图店）,思明区,新景中心,3.5,洗剪吹单人套餐,31,62
优嘉时尚（万寿VIP店）,思明区,思明区,3.5,单人炫丽染或烫美发1份,258,62
优嘉时尚（加州广场店）,思明区,加州商业广场,3.8,单人炫丽染或烫美发1份,258,62
MAX hair salon,思明区,新景中心,5.0,单人洗剪吹+欧莱雅烫发+LPP护理套餐,580,7
奇技造型,思明区,莲花,3.6,烫/染2选1套餐,168,6
日航酒店会所美发,思明区,前埔,4.3,单人高级发型师洗吹,69,4
尼莱亚美发店,思明区,莲花,3.5,烫染拉单人特价套餐,86,4
古刀坊造型,思明区,南湖公园,3.5,单人豪华洗剪吹1次,50,4
格西柏,思明区,思明区,3.5,单人资深设计师造型,68,6
J·生活,思明区,七星乐都汇,5.0,单人高级设计师洗剪吹+施华蔻护理,98,3
领航时代造型,思明区,明发商业广场,4.2,单人超值美发套餐,298,3
艺.工作室,思明区,滨北,5.0,单人技术总监剪发套餐,198,3
上可造型沙龙,思明区,斗西路口,3.0,单人洗吹一次,20,3
东尼造型,思明区,卧龙晓城,3.9,洗剪吹+水疗套餐,30,3
艺剪缘发型设计,思明区,思明区,3.5,单人 烫/拉 套餐,88,3
孔雀植物养发馆,思明区,思明区,4.0,单人养生洗发,48,3
美约造型美发店,思明区,思明区,3.5,单人洗剪吹1次,30,2
唯美造型,思明区,火车站,3.5,单人烫染套餐,168,2
铭良美发造型,思明区,前埔,4.2,单人日式健康烫染A,169,2
亨名专业造型,思明区,思明区,3.5,单人洗发一次,45,2
兴动造型（源昌店）,思明区,思北路口,3.6,单人高级创意总监剪发,88,2
KISSABLE hair&beauty; salon,思明区,新景中心,3.0,KISSABLE烫染代金券,50,2
yesi|悦丝造型,思明区,罗宾森广场,3.5,单人洗剪吹造型体验,38,1
欧阁造型,思明区,莲花,3.0,单人技术总监洗剪吹,28,0
厦门艾珐婚纱荟,思明区,莲前西路,4.5,代金券,20,0
洗理会,思明区,思明区,3.9,高级总监剪发套餐,118,0
艾美纹绣减肥会所（艾美）,思明区,思明区,4.7,单人烫发+挑染+剪发,96,0
绝色专业接发,思明区,明发商业广场,3.5,根发接发一束,0.8,0
凯宾斯基酒店五星级美发沙龙,思明区,白鹭洲公园,3.0,单人欧莱雅施华蔻烫染套餐,2772,0
瑞宝丽,思明区,罗宾森广场,3.5,单人接发一次,999,0
天域美业联盟（傲彬美业）,思明区,思明区,3.0,单人埃莉派美发套餐,288,0
宾果造型,思明区,禾祥东路沿线,3.7,精品烫染套餐,188,0
武以伦比小武造型,思明区,思明区,3.5,烫染套餐,168,0
绘指轩美甲工作室,思明区,火车站,3.5,单人透氧胶套餐体验,39,0
彩色印象美发（斗西路店）,思明区,斗西路口,3.9,彩色印象美发,158,0
兴动整体造型 禾祥西店,思明区,思北路口,3.5,总监单人洗剪吹,168,0
天域美业联盟（焦点发谈）,思明区,前埔,3.0,单人埃莉派美发套餐,288,0
洗理会,思明区,思明区,3.0,高级总监剪发套餐,118,0
伟时尚沙龙（莲岳里店）,思明区,松柏,3.5,美发套餐,158,0
煌朝沙龙（特贸店）,思明区,思明区,3.5,洗剪吹套餐,35,0
佑米造型（湖里万达店）,湖里区,万达广场,5.0,丽人狂欢节-欧莱雅烫/染二选一,228,310623
佛伦斯私人订制烫染国际连锁（江头台湾街店）,湖里区,江头,4.9,美芝品系列单人美发套餐,168,143259
米娜造型【福隆国际店】（米琳【福隆国际店】）,湖里区,江头,4.6,单人欧莱雅高端五选一套餐,198,27358
米娜造型（加州花园店）,湖里区,塘边,5.0,单人欧莱雅高端五选一套餐,198,27358
Queen色彩造型（万达店）,湖里区,万达广场,5.0,单人美发套餐,208,13854
Queen色彩造型（市行政服务中心店）,湖里区,五缘湾乐都汇,5.0,单人美发套餐,208,13854
queen色彩造型厦门烫染连锁（sm店）,湖里区,江头,5.0,单人美发套餐,208,13854
香港名媛发型设计,湖里区,金尚/祥店,5.0,洗吹单人套餐,30,9823
精艺美发（湾悦城店）,湖里区,五缘湾乐都汇,4.9,单人高级设计师洗剪吹1次,39.8,6413
MIX美发烫染潮牌沙龙（江头店）,湖里区,江头,5.0,单人烫或染或拉直三选一套餐,148,1838
姝秀造型（煌朝沙龙）,湖里区,国际邮轮中心,4.0,【爆款】设计师剪裁造型单人,38,1600
TOP潮店（金尚路店）,湖里区,金尚/祥店,5.0,单人欧莱雅烫染拉套餐,259,1558
cozy美发世家（金尚路店）,湖里区,金尚/祥店,5.0,单人高级洗剪吹,39.9,1554
米兰造型（江头店）,湖里区,江头,5.0,豪华造型洗剪吹,58,1511
天使之手（SM店）,湖里区,SM城市广场,5.0,单人定制洗剪吹套餐,45,1277
天使之手（五缘湾乐购店）,湖里区,五缘湾乐都汇,5.0,单人定制洗剪吹套餐,45,1277
美诺隐形接发造型（TNS万达店）,湖里区,万达广场,4.5,单人网红生态膜隐形无痕纳米接发1次,5,1197
美诺接发烫染造型（市行政服务中心店）,湖里区,江头,5.0,单人网红生态膜隐形无痕纳米接发1次,5,1197
吉咪造型（万达金牌店）,湖里区,万达广场,5.0,单人欧莱雅高端烫／染,238,944
圣凯妮美发美睫,湖里区,江头,5.0,单人资深设计师洗剪吹,28,915
舒丽园美容美发中心,湖里区,万达广场,3.6,单人洗剪吹,35,870
宾格护肤造型（万达店）,湖里区,万达广场,5.0,健康洗吹,15,809
妙客良品（湖里万达店）,湖里区,万达广场,4.9,单人洗剪吹1次,48,368
经典沙宣烫染连锁,湖里区,高崎机场,4.1,资深设计师剪发套餐,19,283
经典沙宣烫染连锁（阳光公寓店）,湖里区,高崎机场,4.6,资深设计师剪发套餐,19,283
那里造型,湖里区,万达广场,4.0,单人资深洗剪吹,36,196
伊姿榜美发,湖里区,湖里公园,5.0,单人洗剪吹1次,25,194
N9-Hairsalon,湖里区,湖里公园,3.9,单人日式洗发,25,175
流行线（湖里万达店）,湖里区,万达广场,5.0,单人总监洗剪吹套餐,38,141
美佳私人形象工作室,湖里区,万达广场,5.0,洗剪吹单人套餐,68,141
艺辉美业烫染（东渡店）,湖里区,国际邮轮中心,4.2,单人埃莉派松筋洗头1次,25,116
拼图形象设计沙龙（枋湖店）,湖里区,金尚/祥店,4.1,单人美奇丝单烫/拉/染套餐3选1,268,107
Three沙龙,湖里区,江头,3.9,单人高级设计师洗剪造型,36,99
3M造型,湖里区,五缘湾乐都汇,5.0,单人时尚洗剪吹,18,88
发动奇迹（源昌豪庭店）,湖里区,湖里公园,4.9,单人定制洗剪吹套餐,38,76
发动奇迹（大唐旗舰店）,湖里区,塘边,5.0,单人定制洗剪吹套餐,38,76
优嘉时尚（江头VIP店）,湖里区,江头,4.0,单人炫丽染或烫美发1份,258,62
卡斯汀烫染造型（康乐店）,湖里区,湖里区,3.0,欧莱雅烫/染单人套餐,198,0
天域美业联盟（卡登堡旗舰店店）,湖里区,金尚/祥店,3.5,单人埃莉派美发套餐,288,0
刚子美发美容会所,湖里区,塘边,3.5,烫/染单人套餐,88,0
特剪美发,湖里区,国际邮轮中心,3.5,单人染烫套餐,258,0
天域美业联盟·纤艺造型,湖里区,金山/蔡塘,3.5,单人洗剪吹一次,26,0
格莱雅美发,湖里区,湖里区,4.0,单人洗剪吹1次,64,0
唐风采织发补发假发中心（厦门湖里万达店）,湖里区,万达广场,3.5,单人私人定制织发补发套餐,20000,0
顶美造型（吕岭店）,湖里区,蔡塘广场,4.1,单人洗剪吹套餐,25,0
成兵美业（枋湖欣悦园店）,湖里区,金尚/祥店,3.8,健康洗头套餐,38,0
艺之都美容美发（江头店）,湖里区,江头,3.5,单人丝美热烫美发套餐,118,0
天域美业联盟（印象时尚造型店）,湖里区,蔡塘广场,3.5,单人埃莉派美发套餐,288,0
天域美业联盟（大卫形象设计）,湖里区,江头,3.5,单人埃莉派美发套餐,288,0
彩色时尚美业,湖里区,湖里公园,4.2,精剪设计单人套餐,48.8,0
成兵护肤造型（阳光店）,湖里区,金尚/祥店,3.8,健康洗头套餐,38,0
纯剪派（蔡塘店）,湖里区,金山/蔡塘,4.6,单人埃莉派美发套餐,288,0
丝想者造型连锁,湖里区,湖里公园,3.5,烫/染单人套餐,158,0
佑米造型（嘉庚体育馆泉水湾店）,集美区,嘉庚体育馆/凤林,5.0,丽人狂欢节-正品圣薇娜烫/染二选一,168,175850
纤子造型（杏林店）,集美区,宁宝/杏东,4.5,单人洗剪吹,26,626
纤子造型（锦园店）,集美区,大学康城/杏林湾,4.6,单人洗剪吹,26,626
至尚力合造型会所,集美区,石鼓路/集美学村,5.0,单人洗剪吹套餐,39.9,400
Baby首尔造型（集美万达店）,集美区,集美万达广场,5.0,单人时尚剪发,40,310
乔薇尔国际美发沙龙,集美区,集美万达广场,5.0,单人乔薇尔精致染发/烫发二选一,169,227
圣薇娜造型,集美区,集美万达广场,4.0,单人商务洗护1次,19,128
Woz沃兹发型公社,集美区,孙厝/诚毅/集大,3.5,单人洗吹+造型,13.8,95
麦沙龙,集美区,嘉庚体育馆/凤林,4.7,单人洗剪吹,36,93
卡伦商务造型（凤林店）,集美区,嘉庚体育馆/凤林,3.5,单人洗剪吹套餐,20,42
主爵造型,集美区,旺角商业学生街,3.9,单人高级染烫拉三选一,168,35
IDA剪烫染潮店,集美区,宁宝/杏东,4.7,单人资深设计裁剪,35,28
时尚芭莎In Style,集美区,集美万达广场,4.9,单人高级形象顾问剪发套餐,35,21
GT潮约发型设计工作屋（禹州闽南超市店）,集美区,杏滨路海边美食街,5.0,单人洗剪吹套餐,41,19
3AM HAIR,集美区,集美万达广场,5.0,单人定制剪发,45,13
东式彩妆造型连锁机构（孙厝店）,集美区,孙厝/诚毅/集大,3.4,单人美发套餐,8,10
艺百度造型（华侨大学店）,集美区,华大/理工,3.5,单人拉染烫3选1,188,8
妙剪奇丝发艺,集美区,石鼓路/集美学村,4.2,单人染发/烫发套餐,118,5
韩国HAIR 时尚定制,集美区,集美万达广场,4.6,单人总监染发/烫发2选1,139,4
飚尚国际美发彩妆造型（财经学院店）,集美区,石鼓路/集美学村,5.0,单人2016级迎新生大礼包套餐1次,100,4
飚尚国际美发彩妆造型（岑西店）,集美区,石鼓路/集美学村,4.4,单人2016级迎新生大礼包套餐1次,100,4
姳爵美业,集美区,灌口/凤泉广场,4.7,欧莱雅单人烫/染/顺套餐,168,2
简爱发型连锁机构,集美区,石鼓路/集美学村,3.5,单人洗剪吹造型,20,1
灵剪会所（皇冠旗舰店）,集美区,石鼓路/集美学村,4.0,单人梦新兰染发/顺直1次,200,1
艺嘟嘟国际法艺（杏林店）,集美区,集美万达广场,3.9,单人豪华洗剪吹,18,0
倾城雕发轩,集美区,石鼓路/集美学村,3.5,督导洗剪吹单人套餐,88,0
独品发型,集美区,石鼓路/集美学村,3.7,单人美发套餐,98,0
三丘田美发机构,集美区,石鼓路/集美学村,5.0,使用国际产品烫/染/拉直,450,0
FYP发一派月美店,集美区,杏南/月美池公园,3.5,思洛伊染发烫发套餐,268,0
头其所好美发会所,集美区,华大/理工,4.0,单人染烫拉3选1,68,0
FYP发一派宁宝店,集美区,宁宝/杏东,3.0,思洛伊染发烫发套餐,268,0
炫发型,集美区,孙厝/诚毅/集大,3.7,单人护发套餐,36,0
尚本造型,集美区,旺角商业学生街,3.9,单人烫/染C套餐,168,0
