﻿商家,区域,商圈,星级,服务,价格,销量
可唻咿造型（南湖佰港城店）,洪山区,南湖城市广场,5.0,高级设计师洗剪吹,29.8,27044
可唻咿造型（广埠屯店）,洪山区,石碑岭/街道口,5.0,单人高品质烫染套餐,268,22924
绚诺soho造型（鹏程国际总店）,洪山区,石碑岭/街道口,4.3,单人资深造型师洗剪吹套餐,29.8,20644
绚诺soho造型（新尚都店）,洪山区,洪山区,4.0,单人资深造型师洗剪吹套餐,29.8,20644
椰岛造型（华师店MF0092）,洪山区,石碑岭/街道口,5.0,【裁剪+造型】洗剪吹套餐,40,18527
椰岛造型（乐天城店）,洪山区,石碑岭/街道口,5.0,【裁剪+造型】洗剪吹套餐,40,18527
椰岛造型（理工大店M025）,洪山区,石碑岭/街道口,5.0,【裁剪+造型】洗剪吹套餐,40,18527
椰岛造型（虎泉二店MF205）,洪山区,石碑岭/街道口,4.9,【裁剪+造型】洗剪吹套餐,40,18527
椰岛造型（世界城广场光谷二店）,洪山区,光谷/鲁巷,5.0,【裁剪+造型】洗剪吹套餐,40,18527
椰岛造型（光谷四店MF0160）,洪山区,光谷/鲁巷,5.0,【裁剪+造型】洗剪吹套餐,40,18527
椰岛造型（虎泉店MF0055）,洪山区,光谷/鲁巷,5.0,【裁剪+造型】洗剪吹套餐,40,18527
椰岛造型（MF172佳园路光谷五店）,洪山区,光谷/鲁巷,5.0,【裁剪+造型】洗剪吹套餐,40,18527
椰岛造型（光谷新天地2店）,洪山区,光谷天地,5.0,【裁剪+造型】洗剪吹套餐,40,18527
椰岛造型（光谷三店）,洪山区,光谷/鲁巷,3.7,【裁剪+造型】洗剪吹套餐,40,18527
椰岛造型（赛博广场店）,洪山区,石碑岭/街道口,5.0,【裁剪+造型】洗剪吹套餐,40,18527
椰岛造型（光谷店MF0078）,洪山区,光谷/鲁巷,4.6,【裁剪+造型】洗剪吹套餐,40,18527
蔓莎造型全国连锁（珞喻路店）,洪山区,石碑岭/街道口,4.5,单人高级理发师单人洗剪吹,24.8,14279
发源地（光谷二店）,洪山区,光谷/鲁巷,3.7,单人高级设计师洗剪吹套餐,36,12686
发源地（光谷五店）,洪山区,光谷/鲁巷,5.0,单人高级设计师洗剪吹套餐,36,12686
发源地（光谷天地店）,洪山区,光谷天地,5.0,单人高级设计师洗剪吹套餐,36,12686
Kakimoto发型salon（街道口店）,洪山区,石碑岭/街道口,5.0,单人创意总监剪发套餐,68,1968
诗黛尔生活馆,洪山区,虎泉/关西,5.0,单人洗剪吹一次,35.8,1773
吉咪造型工作室（街道口店）,洪山区,石碑岭/街道口,5.0,单人精剪造型,38,1763
标榜发型（广夏华庭店）,洪山区,光谷/鲁巷,4.4,单人剪发造型,38,1670
伊人风尚（南湖店）,洪山区,光谷/鲁巷,4.1,单人特色洗剪吹一次,25.9,1610
乔治发型社（街道口店）,洪山区,石碑岭/街道口,4.7,单人总监洗剪吹,29.8,1585
嘉琪造型（青年城店）,洪山区,光谷/鲁巷,5.0,单人资深发型师洗剪吹,29,1567
嘉琪造型（二分店）,洪山区,光谷/鲁巷,5.0,单人资深发型师洗剪吹,29,1567
AC私人订制（南湖佰港城店）,洪山区,南湖城市广场,5.0,私人专属发型洗剪吹造型,38,1429
AC私人形象（南湖维佳佰港城店）,洪山区,南湖花园,5.0,私人专属发型洗剪吹造型,38,1429
威娜私人订制烫染国际连锁（街道口店）,洪山区,石碑岭/街道口,5.0,单人施华蔻人气套餐《3选1》,208,1259
米狸造型（南湖沃尔玛店）,洪山区,南湖花园,4.6,单人经典米狸造型烫发/染发二选一套餐,198,1241
微mi私人订制（光谷步行街店）,洪山区,光谷/鲁巷,5.0,单人总监洗剪吹套餐,24.8,1223
安尼国际美容美发,洪山区,珞狮南路,4.5,单人洗剪吹造型,36,1217
纤丝造型（纤丝造型）,洪山区,光谷/鲁巷,5.0,洗剪吹一次,19.9,1164
v.造型工作室,洪山区,光谷天地,5.0,单人首席剪发1次,58,1153
享往美人芯,洪山区,石碑岭/街道口,5.0,单人尊享剪发套餐,58,1147
Fashion造型,洪山区,石碑岭/街道口,4.1,单人柏妃热塑烫欧姿染发2选1加护理,118,1098
Fashion造型（珞狮南路店）,洪山区,石碑岭/街道口,3.9,单人柏妃热塑烫欧姿染发2选1加护理,118,1098
Fashion造型（丽岛柳园店）,洪山区,南湖花园,4.0,单人柏妃热塑烫欧姿染发2选1加护理,118,1098
Fashion造型（小何西村店）,洪山区,虎泉/关西,4.2,单人柏妃热塑烫欧姿染发2选1加护理,118,1098
德颂造型工作室,洪山区,洪山区,4.1,单人美奇丝套餐魅力烫/染/含剪发造型（含：水疗柔顺护色护理）,158.9,1060
发源地（佰港城店）,洪山区,洪山区,4.4,单人洗剪吹套餐,40,999
ANT.好形象（南湖佰港城店）,洪山区,南湖城市广场,5.0,【总监】私人订制裁剪套餐,48,996
美惠形象订制（南湖佰港城店）,洪山区,南湖花园,5.0,单人洗剪吹,30,963
ai造型（光谷二店）,洪山区,光谷/鲁巷,5.0,单人总监洗剪吹套餐,38,935
ai造型（光谷一店）,洪山区,光谷/鲁巷,5.0,单人总监洗剪吹套餐,38,935
PIVOT POINT标榜发型（南湖一店）,洪山区,南湖花园,4.0,单人利维斯烫染2选1套餐,188,924
PIVOT POINT标榜发型（南湖二店）,洪山区,南湖花园,4.4,单人利维斯烫染2选1套餐,188,924
JD整体形象工作室（街道口店）,洪山区,石碑岭/街道口,5.0,单人资深洗剪吹,29.9,843
炫彩造型,洪山区,南湖花园,4.9,单人洗剪吹1次,21.8,827
本色造型（文华店）,洪山区,光谷/鲁巷,5.0,单人精致洗剪吹+造型套餐,26,784
蓝调形象连锁造型（光谷步行街店）,洪山区,光谷/鲁巷,4.5,单人总监剪发,26.8,783
蓝调形象连锁造型（街道口总店）,洪山区,石碑岭/街道口,5.0,单人总监剪发,26.8,783
艺廊造型,洪山区,南湖花园,4.4,单人洗剪吹,25,777
剪神世纪风（东澜岸店）,洪山区,黄家湖大学城,4.6,单人洗剪吹造型1次,25,759
MAX形象设计（光谷天地店）,洪山区,光谷天地,5.0,【惊喜体验】创意发型师精修造型,48,749
MAX形象设计（佰港城店）,洪山区,南湖城市广场,5.0,【惊喜体验】创意发型师精修造型,48,749
NIU Hair  salon（西班牙风情街总店）,洪山区,光谷/鲁巷,5.0,单人名师洗剪吹套餐,39,743
NIU.Hair  salon（时代广场店）,洪山区,光谷/鲁巷,5.0,单人名师洗剪吹套餐,39,743
NIU  NIU形象设计（西班牙风情街店）,洪山区,光谷/鲁巷,5.0,单人名师洗剪吹套餐,39,743
yz接发烫染连锁（街道口店）,洪山区,石碑岭/街道口,5.0,单人无痕接发体验,6.5,740
颂·潮发馆,洪山区,光谷天地,5.0,单人首席设计师剪发套餐,38,739
她城私人发型定制工作室,洪山区,光谷/鲁巷,5.0,单人她城私人定制洗剪护造型套餐,38,735
米勒私人定制（A+店）,洪山区,光谷/鲁巷,5.0,单人高级导师洗剪吹套餐,39.9,705
B●M发型社（南湖时尚城店）,洪山区,光谷/鲁巷,5.0,B·M量身设计洗+剪+造型单人套餐,24.9,695
ZETI泽缇造型工作室（光谷店）,洪山区,光谷/鲁巷,5.0,（惊喜体验）创意发型师精修造型,48,668
ZETI泽缇造型（街道口总店）,洪山区,石碑岭/街道口,5.0,（惊喜体验）创意发型师精修造型,48,668
MC潮流发型屋（街道口店）,洪山区,石碑岭/街道口,5.0,单人首席精致洗剪吹,29.8,662
Ray瑞·造型,洪山区,石碑岭/街道口,5.0,单人烫+染套餐（含护理）,336,653
欧色时尚发型定制,洪山区,黄家湖大学城,5.0,单人风格裁剪,31.8,647
发艺轩形象工作室,洪山区,虎泉/关西,5.0,超值单人洗剪吹套餐(女款到店另加收三元),19.8,643
米伦私人造型工作室,洪山区,光谷/鲁巷,5.0,单人总监洗剪吹套餐,28.8,634
你好漂亮私人订制（街道口店）,洪山区,石碑岭/街道口,5.0,单人洗剪吹造型套餐1次,28.8,627
发源地（银泰创意城店）,洪山区,石碑岭/街道口,4.6,单人洗剪吹套餐,45.8,617
Top Salon 托普发型会所（尖东店）,洪山区,光谷/鲁巷,5.0,单人资深设计师剪发+日韩造型,30,561
新丝艺造型,洪山区,光谷/鲁巷,4.4,单人剪发套餐,16.8,540
发源地（财政西苑店）,洪山区,光谷/鲁巷,5.0,单人洗剪吹,19.9,528
椰岛造型（武大二店MF0114）,洪山区,石碑岭/街道口,4.2,菲灵【高级烫发/染发】2选1,248,522
美乐造型,洪山区,洪山区,5.0,单人总监洗剪吹,35.8,511
Top Salon托普造型,洪山区,光谷/鲁巷,5.0,单人技术总监洗剪吹套餐,49,508
Top Salon托普造型（光谷总店）,洪山区,光谷/鲁巷,5.0,单人技术总监洗剪吹套餐,49,508
古琦美容美发SPA养生（光谷店）,洪山区,光谷/鲁巷,4.0,新年精致【洗剪吹】造型,69.8,502
英皇美业,洪山区,虎泉/关西,5.0,单人精致剪发,18.8,474
新标榜发艺设计室,洪山区,洪山区,5.0,单人洗剪吹,23,459
慕尚造型,洪山区,南湖花园,4.4,单人洗剪吹,29.9,451
Gz . Hair salon（街道口武汉总店）,洪山区,石碑岭/街道口,5.0,单人欧莱雅烫发/染发套餐,198,446
Gz . Hair salon（广埠屯店）,洪山区,洪山区,5.0,单人欧莱雅烫发/染发套餐,198,446
DG形象设计工作室（街道口店）,洪山区,石碑岭/街道口,5.0,单人欧莱雅烫发/染发套餐,198,446
AMY.创意空间（街道口店）,洪山区,石碑岭/街道口,4.8,韩国七彩彩丝1根,1,442
AMY.创意空间（南湖百港城店）,洪山区,南湖城市广场,4.7,韩国七彩彩丝1根,1,442
Moyue发型设计沙龙（乐都汇店）,洪山区,石碑岭/街道口,5.0,单人店长剪发设计造型,58,439
印象造型,洪山区,黄家湖大学城,4.6,单人洗吹剪套餐1次,23,437
关谷造型潮牌工作室（1店）,洪山区,光谷/鲁巷,5.0,剪发,22,430
光明万丽酒店美发沙龙,洪山区,洪山区,4.9,单人洗剪吹套餐,38,421
Minio 迷妮欧造型（光谷店）,洪山区,光谷/鲁巷,5.0,单人总监／店长 洗剪造型套餐,48,395
丝艺造型旗舰店,洪山区,南湖花园,5.0,单人洗剪吹+造型,38,394
Be instyle 潮流发型社（青年城店）,洪山区,光谷/鲁巷,5.0,单人艺术总监洗剪吹,38,368
D+造型美发店,洪山区,南湖花园,5.0,单人洗剪吹1次,30,358
OK造型私人订制（光谷广场直营店）,洪山区,光谷/鲁巷,5.0,单人高级设计师洗剪吹,24.8,358
枫尚沙龙,洪山区,珞狮南路,4.6,单人洗剪吹,35,340
希尚造型（光谷店）,洪山区,光谷/鲁巷,5.0,单人超值精品烫/染套餐,138,336
32style形象设计（青年城店）,洪山区,光谷/鲁巷,5.0,单人资深设计师剪发套餐,48,322
Personal Style私人订制,洪山区,光谷/鲁巷,5.0,单人资深设计师洗剪吹套餐,38,312
浮丝发舍（街道口精致店）,洪山区,石碑岭/街道口,5.0,单人私人定制剪发,29.9,307
B+美创美研院,洪山区,洪山区,4.0,单人头皮养护套餐,39,291
逸丝风尚,洪山区,东湖风景区,5.0,单人洗剪吹套餐,20,290
X-O潮牌造型（街道口鹏程国际店）,洪山区,石碑岭/街道口,5.0,单人私人订制洗剪吹,29.8,290
原素造型（广埠屯店）,洪山区,东湖风景区,5.0,单人洗剪吹造型套餐,29.7,276
丝域养发馆（华科分店）,洪山区,光谷/鲁巷,4.8,丝域头部香薰spa,69,275
丝域养发馆（南湖都市桃源店）,洪山区,洪山区,4.6,丝域头部香薰spa,69,275
丝域养发馆（保利广场店）,洪山区,光谷/鲁巷,4.2,丝域头部香薰spa,69,275
A-Salon 工作室（光谷一店）,洪山区,光谷/鲁巷,5.0,单人私人定制洗剪吹套餐,25,273
发都造型（健龙店）,洪山区,光谷/鲁巷,4.2,单人洗剪吹,25,261
G.L Salon私属造型,洪山区,光谷/鲁巷,5.0,单人设计师洗剪吹定制套餐,25,250
尚都美容美发,洪山区,南湖花园,4.2,单人洗剪吹,28,243
尚艺造型,洪山区,南湖花园,5.0,单人洗剪吹,35,237
西施造型（光谷步行街直营店）,洪山区,光谷/鲁巷,5.0,单人洗剪吹造型,29.8,231
hello女神·发型工作室（光谷步行街店）,洪山区,光谷/鲁巷,5.0,单人总监洗剪吹套餐,29.9,229
阿黛尔艺丝,洪山区,南湖花园,3.9,短发女生一级体验（长发改短发）,39,227
vimi微迷发型工作室,洪山区,光谷/鲁巷,5.0,单人设计总监剪发设计套餐1次,32,217
T.S salon,洪山区,石碑岭/街道口,5.0,T.S 单人时尚洗剪吹套餐,39,215
剪神（熊家咀第八店）,洪山区,光谷/鲁巷,5.0,单人洗剪吹套餐,25,203
创意无限,洪山区,珞狮南路,4.6,单人洗剪吹1次,25,198
例外造型（华科店）,洪山区,光谷/鲁巷,5.0,单人烫或染超值套餐,168,197
戛纳造型私人订制（光谷纽宾凯店）,洪山区,光谷/鲁巷,5.0,【资深设计师】订制洗剪吹套餐,29.8,195
涉古造型,洪山区,虎泉/关西,5.0,单人洗剪吹,29.8,190
阿水工作室,洪山区,光谷/鲁巷,5.0,单人精致洗剪吹套餐,25.8,182
TIDE潮点沙龙（南湖佰港城形象店）,洪山区,南湖花园,5.0,单人TIDE潮点沙龙（高级设计师）洗剪吹一次,48,182
A.M艾美烫染造型,洪山区,光谷天地,5.0,单人洗剪吹,58,173
网红vinson私人订制,洪山区,光谷/鲁巷,5.0,【剪发】网红首席洗剪吹+造型,28,169
私人定制发型工作室,洪山区,光谷/鲁巷,4.8,私人订制单人剪发造型,68,168
M·Y造型（南湖店）,洪山区,洪山区,5.0,单人资深设计师洗剪吹1次,35,160
阿磊造型,洪山区,光谷/鲁巷,4.0,单人洗吹套餐,18,155
永琪美容美发（复地东湖店）,洪山区,南湖花园,4.2,单人伊彩SPA热烫套餐,168,152
永琪美容美发（龙城店）,洪山区,光谷/鲁巷,5.0,单人伊彩SPA热烫套餐,168,152
永琪美容美发（南湖建安店）,洪山区,洪山区,5.0,单人伊彩SPA热烫套餐,168,152
永琪美容美发（东湖店）,洪山区,武汉火车站/杨春湖,5.0,单人伊彩SPA热烫套餐,168,152
永琪美容美发（金地店）,洪山区,光谷/鲁巷,5.0,单人伊彩SPA热烫套餐,168,152
克罗心（关山店）,洪山区,光谷/鲁巷,3.5,单人设计师水洗＋精剪＋造型,38,148
克罗心（万科店）,洪山区,光谷/鲁巷,5.0,单人设计师水洗＋精剪＋造型,38,148
标榜发型PivotPoint（保利心语精致店）,洪山区,珞狮南路,5.0,单人首席设计师剪发,25,147
MINI魔发屋无痕接发,洪山区,光谷/鲁巷,4.6,单人单支泡泡胶无痕接发,5.5,145
Ar造型,洪山区,光谷/鲁巷,5.0,单人剪发造型,68,145
嘉琪造型（南湖新城店）,洪山区,南湖花园,5.0,单人资深设计师剪发,25,142
剪吧,洪山区,光谷/鲁巷,5.0,单人精致洗剪吹套餐,18.8,139
Z.Z简 Salon潮色发型设计,洪山区,光谷/鲁巷,5.0,欧莱雅美奇丝烫或染套餐,168,138
丝朗造型,洪山区,石碑岭/街道口,5.0,单人洗剪造型,30,133
剪神世纪风（九峰王家店）,洪山区,洪山区,3.5,单人烫发或染发,88,126
剪神世纪风（金地店）,洪山区,光谷/鲁巷,4.0,单人烫发或染发,88,126
享往美人芯（光谷店）,洪山区,光谷/鲁巷,4.8,单人首席设计师烫染套餐,288,121
V Li 造型,洪山区,光谷/鲁巷,5.0,单人剪发造型,20,115
慕丝造型美发工作室,洪山区,石碑岭/街道口,4.9,单人洗剪吹造型1次,88,108
私享造型（街道口店）,洪山区,石碑岭/街道口,5.0,单人百思捷奢华水润烫/染发,268,59
BaLu造型,洪山区,光谷/鲁巷,5.0,单人资深设计师洗剪吹,48,59
Z赞STYLE（街道口新世界百货店）,洪山区,石碑岭/街道口,5.0,单人欧莱雅烫/染二选一（性价比高）,268,58
名葵发型社,洪山区,光谷/鲁巷,5.0,单人资深设计师洗剪吹套餐,18,56
清水丽人专业美发,洪山区,光谷/鲁巷,3.9,单人剪发套餐,19.9,55
TM形象设计,洪山区,虎泉/关西,5.0,单人资深设计师洗剪+造型,38,54
嘉琪造型（华师店）,洪山区,石碑岭/街道口,4.4,单人设计师洗剪吹,29,52
6号沙龙潮牌连锁（光谷步行街店）,洪山区,光谷/鲁巷,4.9,全头实惠无痕接发,998,51
Top  Salon接发色彩潮店,洪山区,光谷/鲁巷,5.0,【洗剪吹】单人首席发型师发型私人定制,32,50
丝黛造型（光谷店）,洪山区,光谷/鲁巷,5.0,单人设计师剪发1次,58,50
卡丝造型,洪山区,南湖花园,4.0,单人剪发造型,26,49
jack私人造型工作室,洪山区,石碑岭/街道口,5.0,技术导师、电话预约,78,46
God FASHION发型Salon,洪山区,光谷/鲁巷,5.0,单人高级设计师洗剪+造型,48,45
瑞欧丽莎中药养发养生馆,洪山区,洪山区,4.1,单人草本茶麸姜泥养发套餐,35,45
COCO美发美甲私人定制,洪山区,南湖花园,4.6,单人技术指导剪吹一次,29,43
我型 专业烫染中心,洪山区,南湖花园,3.6,单人韩式精剪（洗剪吹）,19.9,43
丝艺美发馆,洪山区,光谷/鲁巷,4.3,单人烫染2选1,138,43
丝域养发馆（光谷天地店）,洪山区,光谷天地,4.3,单人玫瑰高级水润玉石养护套餐1次,118,38
Y.S Salon（光谷店）,洪山区,光谷/鲁巷,5.0,单人首席设计师洗剪吹,29,36
雨田发型,洪山区,洪山区,4.4,单人首席设计师洗剪吹套餐,20,36
名发造型（华科西操店）,洪山区,光谷/鲁巷,4.0,单人洗吹套餐,14.9,34
无剪道,洪山区,石碑岭/街道口,3.8,单人洗+吹,19,33
无剪道美发,洪山区,南湖花园,4.1,单人洗+吹,19,33
雅梦天骄（虎泉17店）,洪山区,虎泉/关西,4.4,单人精致私享染发＋施华寇护理,128,32
卡西米造型,洪山区,黄家湖大学城,3.9,单人洗剪吹造型1次,21,30
贺氏育发堂（南湖店）,洪山区,南湖花园,4.4,单人头疗八法养发套餐,58,27
发源地南湖,洪山区,南湖花园,3.8,单人洗剪吹套餐,50,24
DT.造型（群光广场店）,洪山区,石碑岭/街道口,5.0,单人艺术总监裁剪,88,23
名廊,洪山区,虎泉/关西,4.9,油头修剪,25,22
帕朵护肤造型spa（光谷店）,洪山区,光谷/鲁巷,4.9,单人高级设计师洗剪吹套餐,29.8,21
剪皇造型,洪山区,东湖风景区,4.7,单人洗剪吹,19.9,20
THE ONE私人订制,洪山区,光谷天地,5.0,单人总监主理人修剪+造型套餐,138,20
东熙明白发自然转黑（武汉总店）,洪山区,光谷/鲁巷,4.3,单人健康洗头1次,20,19
Belle salon（街道口店）,洪山区,洪山区,5.0,单人导师烫/染套餐2选1,198,17
纤丝造型（艾玛店）,洪山区,光谷/鲁巷,4.0,单人洗剪吹,23.8,16
Youth私人定制造型工作室（书城路店）,洪山区,石碑岭/街道口,4.9,单人男士洗剪吹+造型套餐,40,13
S.salong尚.造型,洪山区,光谷天地,4.2,单人总监洗剪吹,58,12
发和会社（街道口店）,洪山区,石碑岭/街道口,4.5,单人指定店长洗剪吹套餐,108,12
丽人美甲美妆,洪山区,石碑岭/街道口,4.3,单人盘发套餐,20,11
发线沙龙,洪山区,光谷天地,4.7,单人单次洗剪吹,88,11
梳格造型,洪山区,光谷/鲁巷,4.9,单人特惠烫发/染发二选一,88,7
芙蓉美发（珞狮南路店）,洪山区,石碑岭/街道口,4.0,单人烫染二选一,98,7
东艺造型（中医大学店）,洪山区,黄家湖大学城,3.6,单人烫染套餐,148,6
东艺造型（东澜岸店）,洪山区,黄家湖大学城,4.3,单人烫染套餐,148,6
发屋名造型,洪山区,光谷/鲁巷,3.8,烫染造型,133,5
凒尚化妆美甲店,洪山区,光谷/鲁巷,5.0,单人染发套餐,58,4
皇家天使美容养生会所,洪山区,光谷/鲁巷,3.5,单人洗吹发型,19,4
MF造型（光谷新尚都店）,洪山区,光谷/鲁巷,5.0,MF单人韩国健康烫➕染套餐,580,3
庆翠堂养发店,洪山区,南湖花园,4.3,头皮净化护理,118,3
剪神,洪山区,南湖花园,4.0,跨时代造型超值剪发套餐免费wifi,25,2
Lee发型工作室,洪山区,光谷/鲁巷,3.5,单人资深大师级发型设计剪发套餐,138,2
TG造型工作室,洪山区,石碑岭/街道口,4.0,单人洗吹+造型套餐,25,2
瑷丝坊养发馆（米兰店）,洪山区,光谷/鲁巷,4.0,养发套餐,69,2
J.M originality,洪山区,光谷/鲁巷,4.2,单人总监洗剪吹,58,1
王子沙龙造型（崇文广场店）,洪山区,石碑岭/街道口,4.0,单人欧莱雅烫染二选一,189,0
雪妍丽精致女人生活馆（南路店）,洪山区,石碑岭/街道口,3.6,单人水沐瑞丝养发套餐,58,0
尚品造型,洪山区,虎泉/关西,3.8,汉高头发香薰养护套餐,39,0
禅语·自然养生会所,洪山区,南湖城市广场,3.8,水沐瑞丝养发套餐,58,0
MIA造型定制（后湖店）,洪山区,光谷天地,4.5,单人洗发造型+头发护理1次,58,0
神采飞扬,洪山区,光谷/鲁巷,3.7,单人烫染套餐二,398,0
尚美造型工作室（街道口店）,洪山区,石碑岭/街道口,3.5,单人欧莱雅烫染护全套,516,0
Change Ready HairC.R造型（街道口店）,洪山区,石碑岭/街道口,3.5,单人明星零感觉接发,2500,0
丝密空间（无痕接发）,洪山区,石碑岭/街道口,3.5,单人无痕接发体验套餐（1片）,12.9,0
Topri养发会所（南湖店）,洪山区,南湖花园,4.2,单人Topri养发套餐,58,0
Story丝瑞发型设计,洪山区,南湖花园,4.0,单人STORY个性洗吹造型,13,0
风尚造型,洪山区,南湖花园,4.0,单人欧莱雅烫染系列二合一,218,0
MIA造型定制（百脑汇店）,洪山区,光谷/鲁巷,3.5,资深设计师单人洗剪吹造型一次,79,0
发源世家,洪山区,虎泉/关西,3.5,单人洗剪吹,25,0
威龙造型工作室,汉阳区,钟家村,5.0,单人时尚洗剪吹造型,28.8,621
新感觉工作室,汉阳区,王家湾,4.4,单人店长洗剪吹,58,484
新感觉美发胡子工作室（王家湾海天广场店）,汉阳区,王家湾,5.0,单人店长洗剪吹,58,484
发源地（五里新村店）,汉阳区,钟家村,5.0,单人洗剪吹,26,475
风华造型,汉阳区,腰路堤/建港,3.8,单人风华造型洗剪吹套餐,23.9,354
发源地（蔡甸店）,汉阳区,蔡甸城区,3.8,单人洗剪吹套餐,30,307
丝域养发馆（世茂锦绣长江店）,汉阳区,腰路堤/建港,4.0,丝域头部香薰spa,69,275
尚品国际工作室,汉阳区,蔡甸城区,5.0,单人洗剪吹套餐,32.8,275
VI.salon微艾造型（武汉摩尔城店）,汉阳区,王家湾,4.4,单人设计师美发造型套餐,40,268
皇剪发型美甲睫工作室,汉阳区,钟家村,5.0,单人 洗剪吹造型套餐,24.9,233
鑫风尚美容美发,汉阳区,钟家村,5.0,单人资深设计师洗剪吹,30,228
新感觉（升官渡店）,汉阳区,四新,4.6,单人洗剪吹订制套餐,28.8,228
君尚造型,汉阳区,腰路堤/建港,5.0,单人洗剪吹1次,35,174
熙格美容美发养生（万科汉阳国际店）,汉阳区,王家湾,4.7,单人精品烫发或炫彩染发（二选一）,128,168
克罗心（王家湾店）,汉阳区,王家湾,5.0,单人伊彩SPA热烫套餐,168,152
蓝波湾工作室（大洋百货店）,汉阳区,王家湾,5.0,单人洗剪吹造型一次,29.9,144
剪神世纪风（黄金口店）,汉阳区,琴台,3.5,单人烫发或染发,88,126
金典造型美发美甲,汉阳区,蔡甸城区,4.6,洗剪吹单人套餐,16.8,118
尚艺造型（精致店）,汉阳区,蔡甸城区,4.4,女士单人洗剪吹,19.8,116
魅力造型（王家湾大洋百货店）,汉阳区,王家湾,5.0,单人高级设计师洗剪吹,29.8,115
f.a造型工作室,汉阳区,王家湾,5.0,单人超值洗剪吹,38.8,104
茗丝造型（汉商银座店）,汉阳区,钟家村,3.9,单人茗丝洗剪吹,25,100
帕朵护肤造型SPA,汉阳区,钟家村,5.0,单人精致剪发套餐,38,95
研发社私人发型工作室,汉阳区,钟家村,4.6,单人洗剪造型套餐,49.9,78
A-side（AS）hair salon,汉阳区,王家湾,5.0,单人精致剪发造型套餐,68,72
雅梦恩朗美容美发会所,汉阳区,王家湾,4.4,单人健康干洗+剪发设计+韩式造型（可选择编发）,39,55
YAMEI高端私人订制,汉阳区,王家湾,5.0,单人日韩剪发套餐,58,53
赛贝丝私人定制发型工作室,汉阳区,钟家村,5.0,单人发型设计修剪,39,53
SPA会所（130店）,汉阳区,四新,5.0,单人专业健康洗发40分钟+发质检测1次,19.9,51
发秀优 辉辉美学形象设计（蔡甸店）,汉阳区,蔡甸城区,5.0,辉辉美学形象剪发,49.8,46
云丝梦造型工作室（蔡甸区茂盛路店）,汉阳区,蔡甸城区,3.9,单人洗剪吹套餐,30,26
Allen Hair Salon,汉阳区,王家湾,5.0,总监洗剪吹造型1次,68,14
蓝紫红美发沙龙,汉阳区,王家湾,4.7,单人总监发型师洗剪吹,58,4
瑷丝坊●头部养生养发馆（钟家村店）,汉阳区,汉阳区,3.8,单人女士头部护理,36,1
千与纤辰、,汉阳区,钟家村,3.5,单人洗剪吹,28,0
焦点造型,汉阳区,汉阳区,3.0,单人烫发套餐A,88,0
尚品造型（王家湾店）,汉阳区,王家湾,3.6,单人私人定制造型,29.9,0
at造型工作室,汉阳区,钟家村,3.5,单人洗剪吹套餐,49,0
雅格造型,汉阳区,钟家村,3.0,单人欧莱雅烫染2选1,198,0
佑米造型（江汉路店）,江汉区,江汉路步行街,5.0,丽人狂欢节-欧莱雅烫/染二选一,228,310629
佑米造型（南国北都城市广场店）,江汉区,汉口火车站,5.0,丽人狂欢节-欧莱雅烫/染二选一,228,310629
佑米造型（江汉路钻石店）,江汉区,江汉区,5.0,丽人狂欢节-欧莱雅烫/染二选一,228,310629
佑米造型（菱角湖万达店）,江汉区,江汉区,5.0,丽人狂欢节-欧莱雅烫/染二选一,228,310629
佑米造型（创世纪广场店）,江汉区,武商广场,5.0,丽人狂欢节-单人洗剪吹1份,29.8,289460
佛伦斯私人订制烫染国际连锁（菱角湖万达店）,江汉区,菱角湖,5.0,美芝品系列单人美发套餐,168,143259
名发世家（金宝店）,江汉区,六渡桥/汉正街,4.1,单人剪发一次,40,120448
名发世家（航空路店）,江汉区,武商广场,4.8,单人剪发一次,40,120448
名发世家（清芬店）,江汉区,六渡桥/汉正街,3.8,单人剪发一次,40,120448
名发世家（万达广场店）,江汉区,菱角湖,4.0,单人剪发一次,40,120448
名发世家（民意店）,江汉区,六渡桥/汉正街,5.0,单人剪发一次,40,120448
名发世家（宝利金旗舰店）,江汉区,江汉路步行街,4.2,单人剪发一次,40,120448
名发世家（万松园店）,江汉区,武商广场,5.0,单人剪发一次,40,120448
名发世家（会展中心店）,江汉区,武商广场,4.8,单人剪发一次,40,120448
瑞豪专业烫染连锁（江汉路（网红潮色店））,江汉区,江汉路步行街,5.0,【资深设计师】提案+精致裁剪+造型,28.8,107229
瑞豪专业烫染连锁（武汉广场店）,江汉区,武商广场,5.0,【资深设计师】提案+精致裁剪+造型,28.8,107229
美联社&美丽频道造型（江汉路总店）,江汉区,江汉路步行街,5.0,菲灵剪护造型送烫发染发二选一,178,97787
柯琳造型（江汉路钻石大厦直营店）,江汉区,江汉路步行街,5.0,【洗剪造型】套餐,29.8,74162
柯琳造型（江汉路宝利金店）,江汉区,江汉路步行街,5.0,【洗剪造型】套餐,29.8,74162
柯琳造型（江汉路俊华广场直营店）,江汉区,江汉路步行街,5.0,【洗剪造型】套餐,29.8,74162
莱芮姿美发（江汉路二店）,江汉区,江汉路步行街,5.0,单人无痕接发,15,11111
发源地（菱角湖万达店）,江汉区,菱角湖,4.9,单人洗剪吹套餐,36,9144
欧尚造型（江汉路店）,江汉区,江汉路步行街,5.0,单人洗剪吹造型,45,8123
发源地（江汉一路紫晶城店）,江汉区,江汉路步行街,5.0,发源地单人美发套餐,109,6486
YES I CAN艺彩美发（江汉路店）,江汉区,江汉路步行街,5.0,单人总监洗剪吹美发造型,30,5969
莱芮姿美发（光谷世界城店）,江汉区,菱角湖,4.8,单人精品超值烫染套餐,118,4626
绚诺soho造型（常青公园店）,江汉区,青年路/常青路,4.6,欧莱雅美奇丝系列单人轻奢 烫/染+护理 套餐,198,3712
Sieson 丝颂沙龙（硚口店）,江汉区,武商广场,5.0,单人剪发造型套餐,58,3501
绚诺soho造型（长盛大厦店）,江汉区,江汉路步行街,4.0,单人小资美发 染/烫/柔顺/直发/定位5选1+护理 套餐,148,3311
发源地（菱角湖万达二店）,江汉区,菱角湖,4.9,单人洗剪吹套餐,30,3226
17度黑人头造型（新佳丽时尚广场店）,江汉区,江汉路步行街,5.0,单人总监剪发,78,2901
椰岛造型（民航店MF0118）,江汉区,青年路/常青路,5.0,露新兰【超值烫发/染发】造型2选1,178,2759
椰岛造型（MF0216航空路店）,江汉区,武商广场,4.2,露新兰【超值烫发/染发】造型2选1,178,2759
LS私人定制（常青公园店）,江汉区,青年路/常青路,4.8,单人总监洗剪吹套餐,39.9,2506
Kakimoto发型salon（武广店）,江汉区,武商广场,5.0,单人创意总监剪发套餐,68,1968
吉咪造型工作室（江汉路店）,江汉区,江汉路步行街,5.0,单人精剪造型,38,1763
17度艺丝启渡（北湖西路店）,江汉区,西北湖,5.0,单人健康舒适洗剪吹,47,1543
MT整体造型（友谊路店）,江汉区,武商广场,5.0,单人资深设计师剪发,55,1131
谷歌造型（江汉路）,江汉区,江汉路步行街,4.0,谷歌造型秀发奢华烫染套餐,238,839
蓝调形象连锁造型（江汉路宝利金店）,江汉区,江汉路步行街,5.0,单人总监剪发,26.8,783
摩登元素日韩造型,江汉区,江汉路步行街,4.4,单人首席造型师美发套餐,29.8,775
艾尚造型,江汉区,江汉路步行街,4.6,单人首席造型师美发套餐,29.8,775
yz接发烫染连锁（武广店）,江汉区,武商广场,5.0,单人无痕接发体验,6.5,740
发源地（万达广场店）,江汉区,菱角湖,5.0,烫发,198,650
90后造型,江汉区,江汉路步行街,5.0,单人90后造型日韩系精剪,30,649
東田造型（武汉国际广场店）,江汉区,武商广场,3.5,单人资深品牌发型师洗剪吹1次,288,606
東田造型（武汉花园道店）,江汉区,西北湖,4.0,单人资深品牌发型师洗剪吹1次,288,606
发源地（前进二路店）,江汉区,六渡桥/汉正街,4.2,单人美发套餐,109,588
FAB HAIR CLUB,江汉区,六渡桥/汉正街,5.0,单人技术指导洗剪造型一次,88,561
名丝（香江花园店）,江汉区,江汉区,4.9,单人名丝造型洗剪吹套餐,35,547
M.T salon发型定制,江汉区,江汉路步行街,5.0,单人洗剪吹,38.8,474
丝漫特美容美发连锁（丝漫特美容美发总店）,江汉区,武商广场,3.8,单人洗剪吹体验套餐,58,425
名流美容美发连锁（原流行线民众店）,江汉区,江汉区,3.7,单人设计师洗剪吹,35,422
名流美容美发连琐（燕马店）,江汉区,六渡桥/汉正街,5.0,单人设计师洗剪吹,35,422
新仔时尚烫染造型（新仔时尚造型店）,江汉区,常青南园,4.9,单人洗剪吹,39.9,393
嘉怡造型馆,江汉区,青年路/常青路,5.0,单人超值洗剪吹,29,371
名爵美业发型工作室,江汉区,菱角湖,5.0,洗剪吹,19.99,371
天利娇IMaker美发（福星华府店）,江汉区,常青南园,5.0,单人洗剪吹造型,40,355
MAKES造型（武汉店）,江汉区,菱角湖,5.0,单人首席设计师剪发造型1次,68,344
A+&WANTED; 万缇私人形象定制,江汉区,江汉路步行街,5.0,【洗吹造型】单人套餐,28,331
D+造型私人订制（世贸广场店）,江汉区,武商广场,5.0,单人FEELING菲灵高端定制健康烫/染护理套餐,298,328
Fx-函数造型,江汉区,青年路/常青路,3.7,Fx-函数造型精致洗剪吹美发单人套餐,34.9,323
艺匠造型,江汉区,常青南园,5.0,艺匠造型精致洗剪吹,35,308
镜中传奇造型（中央荣御店）,江汉区,江汉路步行街,5.0,单人资深设计师造型套餐,36.8,283
丝域养发馆（万达分店）,江汉区,菱角湖,4.3,丝域头部香薰spa,69,275
SK芯秀丽（金融街店）,江汉区,西北湖,4.7,洗剪吹造型,49,273
FRANCK PROVOST梵珀巴黎法式发艺（新世界百货店）,江汉区,西北湖,5.0,【总监定制】Kobe单人剪发设计套餐,238,267
积木私人订制,江汉区,菱角湖,5.0,【特惠裁剪】设计师洗剪吹,68,266
美格造型,江汉区,菱角湖,4.2,单人高级洗吹造型,31,262
伊滋秀美（武广壹间店）,江汉区,武商广场,4.6,单人烫染秒杀,1,254
阿k私人定制造型会所,江汉区,武商广场,5.0,单人洗剪吹一次,198,244
丝亮发型屋,江汉区,江汉路步行街,5.0,单人洗剪吹造型,58,233
秀东尼造型,江汉区,江汉区,5.0,秀东尼品质洗吹造型,30,228
CR精选造型（凯德新民众乐园店）,江汉区,江汉路步行街,5.0,单人造型总监剪发1次,68,214
原宿形象设计,江汉区,江汉路步行街,5.0,【品质尊享】精致单人裁剪 简约时尚造型 让秀发闪耀迷人,58,202
AG salon,江汉区,江汉路步行街,5.0,单人洗剪吹,48,195
源生堂生发养发馆（万达广场店）,江汉区,菱角湖,4.6,单人草本养护套餐,75,188
CIT造型（江汉路店）,江汉区,江汉路步行街,5.0,单人资深设计师精剪+洗吹+造型,58,175
MENG XIANG东田美容美发,江汉区,菱角湖,5.0,超值单人剪发设计造型体验1次,56,175
LF造型工作室（江汉路店）,江汉区,江汉路步行街,4.3,单人洗剪吹,29.9,171
约克造型（万景国际店）,江汉区,青年路/常青路,4.9,单人洗剪吹套餐,45,161
梓墨沙龙,江汉区,江汉路步行街,5.0,单人品质时尚剪发套餐（洗剪吹）,45,158
永琪美容美发（万松园店）,江汉区,武商广场,5.0,单人伊彩SPA热烫套餐,168,152
永琪美容美发（紫阳店）,江汉区,菱角湖,5.0,单人伊彩SPA热烫套餐,168,152
永琪美容美发（常青店）,江汉区,常青南园,5.0,单人伊彩SPA热烫套餐,168,152
克罗心（武广店）,江汉区,武商广场,5.0,单人设计师水洗＋精剪＋造型,38,148
克罗心（新华店）,江汉区,菱角湖,5.0,单人设计师水洗＋精剪＋造型,38,148
流行前线美发,江汉区,六渡桥/汉正街,4.1,单人洗剪吹,38,142
My Hair Salon（花园道店）,江汉区,西北湖,5.0,单人高级发型师剪发＋造型,68,135
MOKA（MIRROR店）,江汉区,武商广场,4.4,单人高端洗剪吹套餐,68,133
badboy私人发型订制,江汉区,江汉路步行街,5.0,单人设计剪发造型,50,128
Jason Salon - 杰森造型私人定制,江汉区,菱角湖,4.8,单人资深导师精致剪发造型1次,79.9,122
COLOR PLAYER形象定制工作室（武广店）,江汉区,武商广场,5.0,单人指定创始人洗剪吹套餐,68,120
氧发堂专业染发养发（唐家墩店）,江汉区,菱角湖,4.0,单人草本养发套餐,48,115
每阁造型,江汉区,菱角湖,4.3,单人资深发型师洗剪吹套餐,28,114
匠琢造型会所,江汉区,江汉路步行街,5.0,单人洗剪造型,56,111
发源地（汉商银座店）,江汉区,六渡桥/汉正街,3.6,单人洗剪吹套餐,40,110
非常完美（汉正街店）,江汉区,六渡桥/汉正街,4.2,单人洗剪吹1次,30,88
New Hair Salon新发型高端定制,江汉区,西北湖,5.0,【裁剪+设计】洗剪吹奢享超值套餐,88,74
丝域养发馆（大武汉1911店）,江汉区,汉口火车站,4.0,头皮养护套餐,65,68
cz造型（色彩接发潮牌店）,江汉区,武商广场,5.0,单人CZ资深设计师剪发套餐,40,66
BOB造型工作室（武广店）,江汉区,武商广场,5.0,首席造型师洗剪吹套餐,48,63
5M HAIR SALON（5M造型）,江汉区,武商广场,4.9,单人资深设计剪发造型一次,88,62
丝客富专业头皮管理,江汉区,常青南园,5.0,单人丝蜜达头皮SPA护理套餐,68,61
简.悦发型,江汉区,青年路/常青路,4.6,单人单次技术指导洗剪造型,63,55
黑黛连锁补发织发假发健发养发增发中心,江汉区,武商广场,3.0,单人HairdeCare黑黛健发SPA套餐1次,49,51
发源地（航侧店）,江汉区,武商广场,3.4,单人洗剪吹套餐,50,48
ZHJ发型设计,江汉区,武商广场,5.0,单人总监定制裁剪,45,48
ZT.DESIGN（同益大厦店）,江汉区,六渡桥/汉正街,4.5,单人剪发造型+高端护理1次,98,44
经典造型（世贸广场店）,江汉区,武商广场,4.4,单人总监剪发,69,44
NICE国际形象管理连锁,江汉区,武商广场,5.0,单人总监剪发护发套餐,99,43
亦香美妆（武汉广场店）,江汉区,武商广场,5.0,单人生活职业妆+头发造型,39.9,40
凡家工作室,江汉区,武商广场,4.4,单人洗剪吹造型,120,38
alice（爱丽丝）美发salon,江汉区,江汉路步行街,5.0,单人Alice健康洗吹,26,38
柯恩造型工作室（武广店）,江汉区,武商广场,4.6,单人洗吹造型,35,31
YOON JOONG 尹中形象设计（创世纪广场店）,江汉区,武商广场,5.0,【韩国老师】优质裁剪套餐,79,30
Miss蜜丝造型,江汉区,武商广场,5.0,刘文斌/段金伟老师单人剪发造型,120,30
Y.F发型SALON（江汉路店）,江汉区,江汉路步行街,5.0,（品质尊享）总监精致剪发设计,60,26
D9 Studio,江汉区,武商广场,4.5,指定How老师单人洗剪吹套餐,103,25
Fasee发色,江汉区,西北湖,4.2,Fasee单人洗吹（开业大促）,39,25
GD造型美甲,江汉区,江汉路步行街,4.6,G.D总监剪发造型,68,24
丝艺造型（香港路店）,江汉区,菱角湖,4.2,单人烫发/染发套餐2选1,119,23
V HAIR SALON,江汉区,江汉路步行街,5.0,【烫染】单人香薰烫或兰齐儿染发,298,23
王朝美甲,江汉区,汉口火车站,4.4,美蓝社烫/染二选一,99,23
瑞丽造型（北湖西路店）,江汉区,西北湖,4.0,单人资深发型师剪发造型,39,23
组合造型（组合造型）,江汉区,六渡桥/汉正街,3.7,单人洗剪吹造型,29.8,22
TARA私人发型订制,江汉区,武商广场,4.9,创始人精剪+造型,108,21
邸秀烫染,江汉区,青年路/常青路,4.6,单人剪发造型1次,28,20
L·发型沙龙,江汉区,武商广场,4.0,单人洗剪吹套餐,79,18
Belle salon（武广店）,江汉区,江汉区,5.0,单人导师烫/染套餐2选1,198,17
Vette hairsalon,江汉区,武商广场,4.1,技术总监剪发,88,16
都市名人造型,江汉区,青年路/常青路,4.3,都市名人造型洗吹,30,15
Art发社,江汉区,江汉路步行街,4.6,首席设计师单人剪发套餐,19.9,16
轩颜美发化妆美甲工作室,江汉区,江汉路步行街,4.6,洗吹时尚造型,30,14
武汉1828武汉新天地流行前线美容美发,江汉区,六渡桥/汉正街,3.8,单人精致洗剪吹1次,39.9,14
金叶红,江汉区,江汉路步行街,4.2,美发套餐2,148,14
TM Hair Salon,江汉区,武商广场,4.7,单人资深设计师美发套餐,68,14
骏淇美容美发,江汉区,六渡桥/汉正街,3.6,洗剪吹1次,28,14
博士园,江汉区,菱角湖,4.5,单人单次体验 深度头皮清洁+经络刮痧+全息头疗养发SPA套餐,38,13
L-F专业烫染连锁,江汉区,江汉路步行街,4.7,单人美发套餐,98,12
T.D造型（创世纪店）,江汉区,武商广场,4.9,首次体验设计师裁剪造型,78,10
Angela私人订制,江汉区,江汉路步行街,4.6,单人高级导师洗吹造型,15,9
JANE Dreamy Hair Story,江汉区,武商广场,4.0,单人剪发套餐,88,8
尚美造型,江汉区,青年路/常青路,4.6,单人染/烫（欧莱雅美奇丝）,198,6
E品造型,江汉区,武商广场,4.5,指定Daniel余亮老师裁剪造型洗剪吹套餐,90,6
曼意玫瑰美容养生馆,江汉区,武商广场,4.4,单人美容套餐,48,4
Topri养发（泛海城市广场店）,江汉区,青年路/常青路,3.5,Topri国际养发馆头部健康管理,168,4
丝域养发馆西北湖店,江汉区,西北湖,4.0,单人水漾凝肽护理+玫瑰精油养发套餐,88,3
名匠美发养发馆,江汉区,江汉路步行街,3.0,单人洗剪吹造型一次,18.9,3
瑷丝坊养发馆（友谊路店）,江汉区,六渡桥/汉正街,3.9,养发套餐,69,2
Y时尚生活馆（丽人）,江汉区,武商广场,3.5,单人洗剪吹+造型,128,2
觉,江汉区,菱角湖,4.6,单人施华蔻美发烫/染2选1套餐,755,2
国颐堂养发spa馆（武广崇商SOGO店）,江汉区,武商广场,3.0,单人店长洗剪吹造型,29.9,1
东洋造型,江汉区,江汉路步行街,3.5,烫染二选一,128,2
私享空间造型设计,江汉区,西北湖,4.0,单人林坤私人定制剪发造型,192,2
发行天下,江汉区,六渡桥/汉正街,3.5,单人剪发造型,30,2
阿华发型社,江汉区,武商广场,3.0,单人指定店长洗剪吹套餐,52,1
妃指美甲,江汉区,常青南园,4.9,单人盘发（半披）体验,15,1
成龙造型工作室,江汉区,西北湖,3.8,单人洗剪吹套餐,50,1
W.STYIE  无痕接发色彩造型,江汉区,武商广场,3.8,单人订制裁剪,35,1
雅米造型（水塔消防局斜对面）,江汉区,江汉路步行街,3.6,单人SPA水疗烫染二选一,99,0
彩秀studio,江汉区,菱角湖,4.5,设计总监 单人洗剪吹1次,105,0
吉尚造型,江汉区,武商广场,4.5,单人首席总监精致洗剪吹造型,128,0
黄豆豆个人工作室,江汉区,江汉路步行街,3.6,单人私人定制造型,99,0
丝艺专业造型机构,江汉区,江汉路步行街,3.5,单人美奇丝单染,168,0
mike胡女士发型工作室,江汉区,江汉路步行街,3.5,【女士创意裁剪】洗吹造型,168,0
指尚美（凯德新民众乐园店）,江汉区,江汉路步行街,4.1,单人无痕接发套餐2选1,999,0
伊诗曼美容养生（菱角湖万达店）,江汉区,菱角湖,3.8,单人烫染套餐,118,0
木东造型,江汉区,江汉路步行街,3.5,木东美发靓发套餐,138,0
凯莱染吧,江汉区,江汉路步行街,3.5,单人香港贝诗IDA头发护理单次,68,0
星盛美容美发,江汉区,江汉路步行街,3.0,单人洗剪吹造型,38,0
角色造型,江汉区,江汉路步行街,4.4,单人染/烫发1次,168,0
Edehangs-艾德翰丝造型沙龙,江汉区,六渡桥/汉正街,4.4,单人洗吹造型1次,40,0
ZUI造型工作室,江汉区,武商广场,4.4,单人施华蔻烫发套餐,558,0
宝刀,江汉区,青年路/常青路,3.0,烫染单人套餐,198,0
发源地,江汉区,武商广场,3.5,单人烫／染二选一套餐,158,0
Change Ready Hair Salon（C.R造型）（武广店）,江汉区,武商广场,3.5,单人明星零感觉接发,2500,0
Dora nail 哆啦日式美甲美睫沙龙,江汉区,江汉路步行街,4.7,单人精致高端造型烫\染套餐,258,0
M·S名尚造型,江汉区,六渡桥/汉正街,3.9,烫/染2选1套餐,108,0
唐风采织发补发假发中心（武广店）,江汉区,武商广场,3.5,单人私人定制织发补发套餐,20000,0
Family Style,江汉区,西北湖,4.4,烫或染发套餐,398,0
佑米造型（中商天紫广场店）,武昌区,中南路/洪山广场,5.0,丽人狂欢节-欧莱雅烫/染二选一,228,310629
佑米造型（中北领寓店）,武昌区,汉街,5.0,丽人狂欢节-欧莱雅烫/染二选一,228,310629
佑米造型（武汉湖大店）,武昌区,徐东大街,4.8,丽人狂欢节-欧莱雅烫/染二选一,228,310629
佑米造型（首义汇店）,武昌区,首义汇/阅马场,5.0,丽人狂欢节-欧莱雅烫/染二选一,228,310629
佑米造型（汉街精致店）,武昌区,汉街,5.0,丽人狂欢节-欧莱雅烫/染二选一,228,310629
佑米造型（徐东大街店）,武昌区,徐东大街,5.0,丽人狂欢节-欧莱雅烫/染二选一,228,310629
佛伦斯私人定制烫染国际连锁（汉街万达店）,武昌区,汉街,5.0,美芝品系列单人美发套餐,168,143259
名发世家（户部巷二店）,武昌区,司门口,4.4,单人剪发一次,40,120448
名发世家（中南五路店）,武昌区,中南路/洪山广场,4.5,单人剪发一次,40,120448
名发世家（中南三店）,武昌区,中南路/洪山广场,4.0,单人剪发一次,40,120448
名发世家（水果湖店）,武昌区,水果湖,4.6,单人剪发一次,40,120448
名发世家（销品茂店）,武昌区,徐东大街,4.6,单人剪发一次,40,120448
名发世家（天桥店）,武昌区,司门口,4.8,单人剪发一次,40,120448
名发世家（福客茂店）,武昌区,徐东大街,3.9,单人剪发一次,40,120448
名发世家（亚贸一店）,武昌区,丁字桥/石牌岭,4.0,单人剪发一次,40,120448
名发世家（福客茂二店）,武昌区,徐东大街,4.9,单人剪发一次,40,120448
名发世家（亚贸三店）,武昌区,武昌区,4.4,单人剪发一次,40,120448
柯琳造型（武汉积玉桥万达店）,武昌区,和平大道积玉桥,5.0,【洗剪造型】套餐,29.8,74162
柯琳造型（中南路天紫广场直营店）,武昌区,中南路/洪山广场,5.0,【洗剪造型】套餐,29.8,74162
柯琳造型（徐东福客茂店）,武昌区,徐东大街,5.0,【洗剪造型】套餐,29.8,74162
柯琳造型（中南国际城店）,武昌区,付家坡/大东门,5.0,【洗剪造型】套餐,29.8,74162
紫尚造型（武汉汉街品质店）,武昌区,汉街,5.0,【人气】单人烫染直三选一美发套餐,159,59495
紫尚造型（武汉福客茂店）,武昌区,徐东大街,5.0,【人气】单人烫染直三选一美发套餐,159,59495
米娜造型（中南店）,武昌区,付家坡/大东门,5.0,单人欧莱雅高端五选一套餐,198,27358
可唻咿造型（楚河汉街店）,武昌区,汉街,5.0,高级设计师洗剪吹,29.8,27044
美天淘日系沙龙（汉街旗舰店）,武昌区,汉街,5.0,欧莱雅烫发染发直发护理单人套餐,159,24325
椰岛造型（销品茂店）,武昌区,徐东大街,5.0,【裁剪+造型】洗剪吹套餐,40,18527
椰岛造型（徐东国际城店）,武昌区,徐东大街,5.0,【裁剪+造型】洗剪吹套餐,40,18527
椰岛造型（水岸国际店）,武昌区,和平大道积玉桥,5.0,【裁剪+造型】洗剪吹套餐,40,18527
椰岛造型（凯德1818店）,武昌区,汉街,5.0,【裁剪+造型】洗剪吹套餐,40,18527
椰岛造型（昙华林店）,武昌区,司门口,5.0,【裁剪+造型】洗剪吹套餐,40,18527
椰岛造型（丁字桥店MF0011）,武昌区,丁字桥/石牌岭,5.0,【裁剪+造型】洗剪吹套餐,40,18527
米娜造型【（南湖29街店】）,武昌区,徐东大街,3.0,单人欧莱雅美奇丝超值烫发/染发二选一美发套餐,168,15876
发源地（大成路）,武昌区,首义汇/阅马场,3.8,单人高级设计师洗剪吹套餐,36,12686
美尚美场（武昌火车站店）,武昌区,武昌火车站,4.4,单人【高级设计师】洗剪吹/造型设计,29.5,8428
美尚美场（徐东福客茂店）,武昌区,徐东大街,5.0,单人【高级设计师】洗剪吹/造型设计,29.5,8428
美尚美场（中南店）,武昌区,中南路/洪山广场,5.0,单人【高级设计师】洗剪吹/造型设计,29.5,8428
美尚美场（汉街旗舰店）,武昌区,汉街,5.0,单人【高级设计师】洗剪吹/造型设计,29.5,8428
欧尚造型（福客茂店）,武昌区,徐东大街,5.0,单人洗剪吹造型,45,8123
YES I CAN 艺彩美发（徐东群星城店）,武昌区,徐东大街,5.0,单人总监洗剪吹美发造型,30,5969
YES I CAN艺彩美发（福客茂店）,武昌区,徐东大街,5.0,单人总监洗剪吹美发造型,30,5969
发源地精致店（群星城店）,武昌区,徐东大街,4.8,单人高级设计师剪发体验套餐1份,30,4488
Sieson 丝颂沙龙（首义路店）,武昌区,首义汇/阅马场,5.0,单人剪发造型套餐,58,3501
发源地（岳家嘴发尊）,武昌区,岳家嘴/东亭,4.2,单人发源地烫染套餐,99,3295
椰岛造型（中商广场店）,武昌区,徐东大街,4.0,露新兰【超值烫发/染发】造型2选1,178,2759
椰岛造型（积玉桥店MF0277）,武昌区,和平大道积玉桥,5.0,露新兰【超值烫发/染发】造型2选1,178,2759
椰岛造型（南国·首义汇店）,武昌区,首义汇/阅马场,5.0,露新兰【超值烫发/染发】造型2选1,178,2759
椰岛造型（水果湖店MF0126）,武昌区,水果湖,4.9,露新兰【超值烫发/染发】造型2选1,178,2759
艺岛·美发·美甲造型,武昌区,首义汇/阅马场,4.9,单人洗剪吹套餐,29.8,2581
LS私人定制（中南总店）,武昌区,武昌区,5.0,单人总监洗剪吹套餐,39.9,2506
Beauty美作专业形象沙龙（湖大旗舰店）,武昌区,徐东大街,5.0,单人洗剪吹+精致造型,45,2484
简单生活馆,武昌区,司门口,5.0,单人男士洗剪吹发型设计,21.8,2338
Kakimoto发型salon（群星城店）,武昌区,徐东大街,5.0,单人创意总监剪发套餐,68,1968
聚美发型工作室,武昌区,武昌火车站,5.0,单人洗剪吹套餐,25,1820
审美造型整体形象设计（汉街会所店）,武昌区,汉街,4.8,单人首席设计师剪发套餐,38,1700
摩卡造型（群星城店）,武昌区,徐东大街,5.0,单人剪发套餐,35,1656
摩卡造型（汉街店）,武昌区,汉街,5.0,单人剪发套餐,35,1656
E&J;艺界造型（福客茂店）,武昌区,徐东大街,5.0,单人精致洗剪吹,45,1275
Fashion造型（友谊国际店）,武昌区,和平大道积玉桥,4.0,单人柏妃热塑烫欧姿染发2选1加护理,118,1098
名师精剪（凯乐花园剪中剪店）,武昌区,首义汇/阅马场,4.6,单人烫/染套餐,128,1074
威斯汀天梦水疗美发沙龙,武昌区,和平大道积玉桥,5.0,万达威斯汀酒店单人洗剪吹1次,58,1056
GDstyle造型,武昌区,徐东大街,5.0,单人造型剪发套餐,38.8,1007
ANT.好形象（精剪.首义店）,武昌区,首义汇/阅马场,5.0,【总监】私人订制裁剪套餐,48,996
冠克发型,武昌区,丁字桥/石牌岭,4.9,超值洗剪吹,30,990
精剪工作室,武昌区,汉街,5.0,单人泰式洗剪吹精致特价套餐,30,924
慕丝造型工作室（中南国际城店）,武昌区,付家坡/大东门,5.0,单人洗剪造型套餐,49.9,909
Metor美途造型,武昌区,徐东大街,5.0,洗发+剪发+造型,28,869
艺舎  GYzx  专业美发沙龙（楚河汉街店）,武昌区,汉街,5.0,【高级】设计师单人剪+洗吹,23.8,869
沙宣造型（秦园路旗舰店）,武昌区,徐东大街,5.0,单人超值精致洗剪吹一次,29.9,848
原宿造型潮牌店,武昌区,徐东大街,4.6,单人剪发1次,21.9,757
ZETI泽缇造型（徐东店）,武昌区,徐东大街,5.0,（惊喜体验）创意发型师精修造型,48,668
发源地（朗汇68店）,武昌区,付家坡/大东门,5.0,单人洗剪吹,29,674
朵语养发会所全国连锁店080号（徐东大街店）,武昌区,徐东大街,5.0,朵语专业洗发及发质检测一次,19.9,656
美美造型,武昌区,和平大道积玉桥,4.6,单人洗剪吹,39.9,633
发源地（福星惠誉形象店）,武昌区,徐东大街,3.8,发源地形象店单人总监洗剪吹造型,35,629
缪斯艺术造型（1818凯德广场店）,武昌区,汉街,5.0,单人高级设计专享洗发造型套餐,39,533
椰岛造型（群星城店MF0252）,武昌区,徐东大街,3.7,菲灵【高级烫发/染发】2选1,248,522
依可人造型,武昌区,首义汇/阅马场,4.9,单人洗剪吹,25,501
Z.F私人订制（群星城店）,武昌区,徐东大街,5.0,单人资深总监剪发造型,48,500
丝域养发馆（武汉国际城店）,武昌区,徐东大街,4.3,丝域头部香薰spa,69,275
丝域养发馆（武汉万达广场店）,武昌区,汉街,4.5,丝域头部香薰spa,69,275
丝域养发馆（万达威斯汀店）,武昌区,和平大道积玉桥,4.0,丝域头部香薰spa,69,275
丝域养发馆（福客茂店）,武昌区,徐东大街,4.2,丝域头部香薰spa,69,275
丝域养发馆（武汉水岸星城店）（徐东水岸星城店）,武昌区,徐东大街,3.7,丝域头部香薰spa,69,275
发之泓养发馆（武昌店）,武昌区,徐东大街,4.9,护发之道源于根养发套餐,29.9,242
俏佳人美容美发养生会所,武昌区,司门口,4.0,单人超值洗剪吹套餐,35,234
梵尼造型（水岸国际店）,武昌区,和平大道积玉桥,5.0,单人资深设计师洗剪吹,29.8,225
GF造型工作室,武昌区,丁字桥/石牌岭,5.0,单人洗剪吹套餐,58,214
时代印象拾圆快剪店,武昌区,首义汇/阅马场,5.0,单人超值剪发,9.9,213
花都造型,武昌区,和平大道积玉桥,4.1,洗吹剪一次[复制],39.9,210
潘多拉queen潮牌美发沙龙,武昌区,汉街,5.0,单人资深设计师洗剪+造型,28,186
发源地升级版发尊,武昌区,徐东大街,5.0,单人品牌烫或染 套餐,119,178
名琪造型,武昌区,司门口,3.6,单人剪发1次+洗吹+造型1次,30,175
流行线（湖工大店）,武昌区,白沙洲,4.9,单人烫染套餐,168,173
Top Design-TD护肤造型,武昌区,和平大道积玉桥,5.0,单人设计师洗剪吹造型,32,170
IDA形象设计,武昌区,徐东大街,5.0,单人店长洗剪吹套餐,69,159
MY STYLE HAIR SALON（无痕接发）,武昌区,汉街,4.1,【首次体验】单人发型裁剪,72,154
永琪美容美发（积玉桥店）,武昌区,和平大道积玉桥,5.0,单人伊彩SPA热烫套餐,168,152
永琪美容美发（徐东店）,武昌区,徐东大街,5.0,单人伊彩SPA热烫套餐,168,152
发源地（东一店）,武昌区,水果湖,3.6,单人店长总监精剪套餐,49.99,34
无剪道（丁字桥店）,武昌区,丁字桥/石牌岭,3.8,单人洗+吹,19,33
F.A造型,武昌区,和平大道积玉桥,5.0,单人洗吹套餐,28,32
易剪造型,武昌区,和平大道积玉桥,4.2,单人资深设计师精剪1次,38,32
可人造型,武昌区,丁字桥/石牌岭,3.9,单人烫染套餐,98,31
范时尚造型（汉街万达瑞华店）,武昌区,水果湖,4.4,单人设计师精致洗剪吹套餐,118,31
阿德发型,武昌区,首义汇/阅马场,4.0,洗剪吹+护理套餐,58,31
贺氏育发堂（水果湖店）,武昌区,水果湖,4.4,单人头疗八法养发套餐,58,27
Mr.J造型工作室（汉街店）,武昌区,汉街,5.0,单人店长剪发套餐,128,26
悦 Hair Salon,武昌区,徐东大街,5.0,首席设计师剪发1次,80,25
丽诗stylish发型工作室,武昌区,中南路/洪山广场,4.8,单人总监剪发1次,128,24
发源地（中南路店）,武昌区,中南路/洪山广场,3.8,单人美发烫染二选一套餐,159,24
YuKi造型室,武昌区,中南路/洪山广场,4.5,单人专属定制剪发套餐,68,23
形塑造型,武昌区,司门口,3.8,单人洗剪吹套餐,28,20
雪瑞尔健康养发主题馆（积玉桥店）,武昌区,和平大道积玉桥,5.0,单人基础纠正调理课程（PA）,88,19
llsuper壹一造型工作室,武昌区,和平大道积玉桥,5.0,单人洗剪吹造型,58,19
如己造型,武昌区,汉街,4.0,【副店长精致裁剪】单人剪发造型1次,118,17
阿南发型私人订制,武昌区,汉街,4.9,阿南私人订制高品质剪发+造型套餐（单人）,100,15
段誉barbershop,武昌区,徐东大街,4.9,段誉剪发1次,88,11
根根计较艺术发型,武昌区,水果湖,4.0,单人烫染套餐,138,6
艺佳造型,武昌区,白沙洲,4.1,单人洗.剪.吹,20,5
ZJ发型工作室,武昌区,和平大道积玉桥,3.5,单人洗吹套餐,30,5
悦剪,武昌区,付家坡/大东门,4.2,单人精致烫染套餐,99.8,4
美美造型,武昌区,汉街,4.0,单人欧莱雅烫/染2选1套餐,188,3
剪中剪烫染造型,武昌区,中南路/洪山广场,3.5,单人个性洗剪吹造型,30,3
骄点造型,武昌区,丁字桥/石牌岭,3.5,私人定制剪发,30,3
801形象工作室,武昌区,徐东大街,3.5,单人超值洗剪吹,39.9,2
霏型秀,武昌区,丁字桥/石牌岭,3.5,单人设计师洗剪吹1次,48,1
TD造型,武昌区,和平大道积玉桥,3.5,单人洗吹造型1次,38,1
世纪风形象设计工作室,武昌区,付家坡/大东门,3.5,单人世纪风个性洗剪吹套餐,48,1
丝域养发馆（融侨华府店）,武昌区,和平大道积玉桥,4.2,美发护理套餐,68,1
瑷丝坊养发馆（金地店）,武昌区,和平大道积玉桥,3.5,单人高级养护套餐,39,1
名尚造型（徐东店）,武昌区,徐东大街,3.0,单人烫加染套餐,138,1
瑷丝坊养发馆（徐东店）,武昌区,徐东大街,4.2,单人女士头部护理,36,1
菲灵.show,武昌区,武昌区,3.5,单人设计师洗剪吹,68,1
爱丝造型,武昌区,徐东大街,4.4,单人美发套餐单人烫/染/柔顺/定位5五+护理套餐,138,1
发源地（街道口）,武昌区,汉街,3.0,单人洗剪吹套餐,39,0
昕发现美容美发店（湖北大学后门）,武昌区,徐东大街,3.5,单人烫染套餐,298,0
DY私人订制（中南店）,武昌区,中南路/洪山广场,5.0,华纱映像欧莱雅套餐二选一,128,0
青丝秀（地球村店）,武昌区,和平大道积玉桥,3.5,洗剪吹套餐,35,0
秀色空间,武昌区,武昌火车站,3.6,烫发染发套餐,176,0
芭莎造型（徐东店）,武昌区,徐东大街,3.5,单人超值洗剪+造型,21,0
女王造型,武昌区,武昌区,3.0,单人洗剪吹时尚套餐,28,0
奇思妙剪,武昌区,徐东大街,3.9,单人烫染2选1,799,0
心梦养发造型,武昌区,武昌区,4.0,单人欧莱雅烫/染套餐,198,0
三禾造型（徐东店）,武昌区,武昌区,3.0,单人高端洗吹套餐,20,0
唐风采织发补发假发中心中北路店,武昌区,中南路/洪山广场,3.5,单人私人定制织发补发套餐,20000,0
青丝秀（（中北路店））（（中北路店））,武昌区,汉街,3.0,洗剪吹套餐,35,0
无限美造型（米淇造型）,武昌区,和平大道积玉桥,4.3,单人洗剪吹1次,25,0
星工坊造型（小东门店）,武昌区,中南路/洪山广场,3.0,单人剪发造型套餐,68,0
椰岛造型（凯德广场店）,硚口区,武胜路凯德广场,3.7,露新兰【超值烫发/染发】造型2选1,178,2759
YING HOUSE发型定制（建国店）,硚口区,硚口区,5.0,单人（精选高端）烫发、染发、拉发,318,1155
CIT发型定制（同馨花园店）,硚口区,硚口路,5.0,单人（精选高端）烫发、染发、拉发,318,1155
壹零八工匠,硚口区,古田路,5.0,单人壹零八工匠剪发,35,925
米娜美发,硚口区,古田路,4.6,单人洗剪吹套餐,26,730
SY · in style 私人订制（西汇总店）,硚口区,古田路,5.0,单人洗剪吹发一次/蚕丝蛋白护理一次,48,705
SY · in style 私人订制（宝丰店）,硚口区,硚口路,5.0,单人洗剪吹发一次/蚕丝蛋白护理一次,48,705
Vienna维也纳 私人订制,硚口区,武胜路,5.0,单人总监发型师洗剪吹套餐,68,624
JJ造型（汉口春天店）,硚口区,古田路,4.9,单人洗剪吹,29,587
椰岛造型（南国西汇城市广场店）,硚口区,古田路,3.9,菲灵【高级烫发/染发】2选1,248,522
华丰天益美容美发,硚口区,汉西,4.4,单人精致洗剪吹造型,40,381
恋尚发型设计沙龙（越秀旗舰店）,硚口区,硚口区,4.6,单人资深首席设计师洗吹造型,48,284
丝域养发馆（南国西汇城市广场店）,硚口区,古田路,4.1,丝域头部香薰spa,69,275
丝域养发馆（宝丰路店）,硚口区,硚口路,4.7,丝域头部香薰spa,69,275
沙宣美发沙龙,硚口区,硚口路,5.0,单人洗剪吹,55,195
秀丝颂造型,硚口区,硚口路,5.0,单人洗剪吹,45,158
剪神世纪风（天顺园店）,硚口区,汉西,3.3,单人烫发或染发,88,126
剪神世纪风（长丰店）,硚口区,汉西,3.6,单人烫发或染发,88,126
LD私人订制（南国西汇店）,硚口区,古田路,5.0,资深设计师单人洗剪吹发型设计,48,124
名尚造型,硚口区,硚口路,3.7,单人精致洗剪吹一次,36.9,84
巨艺造型,硚口区,古田路,4.2,单人洗剪吹造型,22.5,81
丝域养发馆（汉口春天523分店）,硚口区,古田路,4.4,单人高级养发护理套餐,69,78
cz造型（古田分店）,硚口区,古田路,4.9,单人CZ资深设计师剪发套餐,40,66
渼树MSUTREE连锁沙龙（古田店）,硚口区,古田路,4.8,单人资深设计师洗+剪+造型套餐,58,56
陈艺造型时尚领先工作室,硚口区,古田路,4.1,单人洗剪吹造型1次,40,43
黑人头快乐造型（黑人头快乐造型）,硚口区,硚口路,3.7,单人洗剪吹套餐,30,38
bobo造型私人工作室,硚口区,古田路,4.9,【资深组】设计师裁剪套餐,28,28
发源地（古田店）,硚口区,古田路,3.6,单人总监级别洗剪吹套餐,50,28
x+心造型工作室,硚口区,古田路,3.9,单人总监洗剪吹造型一次,68,26
岳灵生发（仁寿路店）,硚口区,硚口路,5.0,单人湘西苗方洗头套餐,9.9,21
B+美创美研院,硚口区,硚口路,5.0,单人头皮养护套餐,39,15
丝艺造型,硚口区,汉西,3.0,单人首席发型师洗剪吹,25.8,13
睿雅造型,硚口区,硚口路,3.5,单人店长男士洗剪吹,28,9
绣丽容颜美甲半永久私人定制,硚口区,武胜路,5.0,修眉+设计眉形,8,8
雅梦天骄（易初莲花店）,硚口区,硚口路,4.0,单人发型师洗吹1次,38,6
私享chowsalon,硚口区,武胜路,5.0,高级设计师单人美奇丝烫或染,298,4
艺匠发型工作室,硚口区,硚口路,3.5,单人洗剪吹造型,48,3
伊可造型,硚口区,武胜路,4.1,单人美发套餐 烫发/染发 二选一,198,1
多点造型,硚口区,硚口路,3.6,单人中式修面,20,0
艾瑞克私人订制沙龙,硚口区,硚口区,3.5,单人乔薇儿冷烫套餐,488,0
柏雅空间,硚口区,武胜路,4.0,单人烫/染套餐2选1,139,0
卡顿造型,硚口区,武胜路,3.8,烫染护理套餐,178,0
旺角时尚造型,硚口区,古田路,3.5,单人精致烫/染套餐二选一,108,0
经道施美养发养生馆,硚口区,古田路,4.0,单人毛发保养及头疗5选1,19.9,0
丝域养发馆,硚口区,硚口区,3.6,单人多次养发套餐,888,0
丝域养发馆,硚口区,硚口路,4.2,单人多次养发套餐,888,0
TT造型私人订制,硚口区,硚口路,3.5,单人资深发型师洗剪吹套餐,38.8,0
组合造型（汉正街店）,硚口区,硚口区,4.1,【裁剪洗剪吹】套餐,38,0
丝源私人定制造型会所,硚口区,武胜路,3.5,单人欧莱雅烫/染套餐2选1,398,0
宗升造型,硚口区,古田路,4.2,单人精美 烫+染+护理套餐,258,0
佑米造型（众园广场店）,青山区,建二/八大家,5.0,丽人狂欢节-欧莱雅烫/染二选一,228,310631
名发世家（青扬十街店）,青山区,红钢城/沿港路,4.0,单人剪发一次,40,120448
名发世家（奥山店）,青山区,奥山/钢都花园,3.8,单人剪发一次,40,120448
名发世家（青杨三路店）,青山区,红钢城/沿港路,4.1,单人剪发一次,40,120448
椰岛造型（奥山世纪城店）,青山区,奥山/钢都花园,5.0,超值裁剪设计洗剪吹套餐,30,30434
椰岛造型（M015红钢城店）,青山区,红钢城/沿港路,4.2,【裁剪+造型】洗剪吹套餐,40,18527
椰岛造型（钢花店MF0103）,青山区,建二/八大家,5.0,【裁剪+造型】洗剪吹套餐,40,18527
椰岛造型（金玉花苑店MF128）,青山区,欢乐大道/仁和路,4.9,【裁剪+造型】洗剪吹套餐,40,18527
发源地（奥山世纪城店）,青山区,奥山/钢都花园,5.0,单人高级设计师洗剪吹套餐,36,12686
发尊发源地升级版（奥山世纪城店）,青山区,奥山/钢都花园,5.0,单人高级设计师洗剪吹套餐,36,12686
椰岛造型（钢花店）,青山区,建二/八大家,4.2,露新兰【超值烫发/染发】造型2选1,178,2759
发尊发源地升级版（武商众圆广场店）,青山区,建二/八大家,4.9,单人利威丝烫染2选1套餐,199,2602
Kakimoto发型salon（众圆店）,青山区,建二/八大家,5.0,单人创意总监剪发套餐,68,1968
ANT.好形象（众园私人订制店）,青山区,建二/八大家,5.0,【总监】私人订制裁剪套餐,48,996
ANT.好形象（奥山世纪城店）,青山区,奥山/钢都花园,5.0,【总监】私人订制裁剪套餐,48,996
朵语养发养生会所全国连锁（朵语水果湖店）,青山区,红钢城/沿港路,4.6,朵语专业洗发及发质检测一次,19.9,656
风尚造型贵族店（万科金域华府店）,青山区,余家头/四美塘,5.0,单人设计师剪发1次,38,487
风尚造型形象店,青山区,铁机/柴林花园,4.5,单人设计师剪发1次,38,487
梵铂发型工作室,青山区,建二/八大家,5.0,单人洗剪吹造型,38,455
爱慕造型精致店,青山区,奥山/钢都花园,5.0,单人洗剪吹套餐,22.9,419
千艺造型,青山区,工业路,5.0,单人精致洗剪吹1次,19.9,335
丝域养发馆（江南春城店）,青山区,建二/八大家,4.4,丝域头部香薰spa,69,275
cc发型工作室,青山区,建二/八大家,5.0,单人资深设计师洗剪吹套餐,25,254
纤约梵熙美发沙龙（纤约 梵熙）,青山区,建二/八大家,4.6,单人资深设计师洗剪吹,35,208
纪梵希美容美发,青山区,建二/八大家,3.5,单人单次洗剪吹套餐,38,203
剪神世纪风（东方雅园店）,青山区,欢乐大道/仁和路,3.0,单人烫发或染发,88,126
名艺造型,青山区,工业路,4.8,单人造型洗剪吹,30,107
卓艺护肤造型,青山区,欢乐大道/仁和路,5.0,【限时特惠】单人洗剪吹套餐,28,107
九龙造型工作室,青山区,奥山/钢都花园,5.0,单人洗剪吹造型套餐,45,102
VI.salon微艾造型（武商众圆广场店）,青山区,建二/八大家,5.0,单人资深老师美发造型套餐,78,86
丝享造型,青山区,工业路,5.0,新店开业单人洗剪吹限时抢购,19.9,78
名尚造型（工业一路店）,青山区,工业路,4.0,单人洗吹,9.9,70
嗨嗨发型,青山区,奥山/钢都花园,4.0,单人洗剪吹造型,21,70
渼树MSUTREE连锁沙龙（青山店）,青山区,建二/八大家,4.7,单人资深设计师洗+剪+造型套餐,58,56
朵语养发会所全国连锁026号（武商众圆广场店）,青山区,建二/八大家,5.0,保加玫瑰头部修护SPA,88,44
丝域养发馆（华侨城店）,青山区,欢乐大道/仁和路,4.9,单人玫瑰精油养发护理套餐,68,26
尚源国际,青山区,铁机/柴林花园,4.0,单人洗剪吹套餐,10,7
美艺轩美容美发,青山区,工业路,3.5,单人时尚洗剪吹套餐,25,6
六元理发店,青山区,红钢城/沿港路,3.5,单人洗剪吹套餐,8,5
瑞尚发现美,青山区,欢乐大道/仁和路,4.2,单人烫/染2选1套餐,138,1
卡瑞娜半永久定妆工作室,青山区,建二/八大家,5.0,单人100克特级全真接发套餐,688,1
尚炫造型（建一店）,青山区,欢乐大道/仁和路,3.7,单人利威丝、欧柔烫发/染发套餐,228,1
艾美姿皮肤管理会所,青山区,奥山/钢都花园,4.6,单人韩式盘发造型,20,1
雅丝造型,青山区,奥山/钢都花园,3.8,单人博姿无氨染发,88,1
尚炫造型（新安店）,青山区,工业路,3.6,单人烫发/染发套餐,298,0
佑米造型（东部购物公园店）,江岸区,百步亭/二七,5.0,丽人狂欢节-欧莱雅烫/染二选一,228,310631
佑米造型（中环大厦分店）,江岸区,港澳台风情街,5.0,丽人狂欢节-欧莱雅烫/染二选一,228,310631
佑米造型（汉口城市广场店）,江岸区,后湖,5.0,丽人狂欢节-欧莱雅烫/染二选一,228,310631
名发世家（步行街二店）,江岸区,江汉路/南京路,4.8,单人剪发一次,40,120448
名发世家（步行街一店）,江岸区,江汉路/南京路,4.4,单人剪发一次,40,120448
名发世家（百步亭店）,江岸区,百步亭/二七,3.7,单人剪发一次,40,120448
名发世家（大智路店）,江岸区,吉庆街/大智路,4.7,单人剪发一次,40,120448
柯琳造型（永清街汉飞直营店）,江岸区,武汉天地,5.0,【洗剪造型】套餐,29.8,74162
柯琳造型（百步亭文卉苑直营店）,江岸区,百步亭/二七,5.0,【洗剪造型】套餐,29.8,74162
柯琳造型（汉口城市广场直营店）,江岸区,后湖,5.0,【洗剪造型】套餐,29.8,74162
米娜造型（香江花园店）,江岸区,竹叶山/花桥,4.8,单人美发套餐5选1,128,35164
椰岛造型（MF0046球场店）,江岸区,港澳台风情街,5.0,超值裁剪设计洗剪吹套餐,30,30434
椰岛造型（新世界百货店）,江岸区,江汉路/南京路,5.0,超值裁剪设计洗剪吹套餐,30,30434
柯琳造型（二七路航天双城店）,江岸区,百步亭/二七,5.0,【欧莱雅】烫染单项套餐,218,20973
88潮牌美发连锁（汉口城市广场店）,江岸区,后湖,5.0,单人洗剪吹,38.8,20215
椰岛造型（汉口城市广场店）,江岸区,后湖,5.0,【裁剪+造型】洗剪吹套餐,40,18527
椰岛造型（竹叶山店）,江岸区,竹叶山/花桥,5.0,【裁剪+造型】洗剪吹套餐,40,18527
椰岛造型（百步亭店MF0004）,江岸区,百步亭/二七,4.9,【裁剪+造型】洗剪吹套餐,40,18527
椰岛造型（统建店MF0065）,江岸区,竹叶山/花桥,5.0,【裁剪+造型】洗剪吹套餐,40,18527
丝域养发馆（金色华府店）,江岸区,竹叶山/花桥,4.7,丝域头部香薰spa,69,275
丝域养发馆（三阳路店）,江岸区,三阳路/山海关路,4.3,丝域头部香薰spa,69,275
丝域养发馆（大江园分店）,江岸区,竹叶山/花桥,4.4,丝域头部香薰spa,69,275
SK芯秀丽（三阳路店）,江岸区,三阳路/山海关路,4.2,洗剪吹造型,49,273
美尔雅造型,江岸区,吉庆街/大智路,4.9,单人美尔雅造型冼剪,18.8,263
欣欣造型,江岸区,港澳台风情街,4.6,单人洗剪吹套餐,34,256
最美时美容美发,江岸区,百步亭/二七,4.6,单人中式洗发＋发型造型,24,212
美格造型（美格康美源）,江岸区,解放公园/永清街,5.0,单人店长剪发,59.9,208
马可国际造型连锁（永清街店）,江岸区,三阳路/山海关路,4.2,单人设计师洗剪吹,36,172
瑞丽形象设计（百步亭花园店）,江岸区,百步亭/二七,5.0,单人洗剪吹造型,20,172
长生堂造型（后湖店）,江岸区,江岸区,4.2,洗剪吹,48,162
永琪美容美发（融科天城店）,江岸区,吉庆街/大智路,5.0,单人伊彩SPA热烫套餐,168,152
永琪美容美发（后湖店）,江岸区,后湖,5.0,单人伊彩SPA热烫套餐,168,152
永琪美容美发（二七店）,江岸区,百步亭/二七,5.0,单人伊彩SPA热烫套餐,168,152
永琪美容美发（汉口花园）,江岸区,后湖,5.0,单人伊彩SPA热烫套餐,168,152
永琪美容美发（百步亭店）,江岸区,百步亭/二七,3.8,单人伊彩SPA热烫套餐,168,152
永琪美容美发（香港路店）,江岸区,港澳台风情街,4.9,单人伊彩SPA热烫套餐,168,152
仙奴圣剪王（上海滩精致店）,江岸区,江汉路/南京路,4.0,单人精致洗吹+造型,25.9,150
首艺发型调频,江岸区,后湖,4.7,单人男士洗剪吹套餐,25,149
Seven7造型,江岸区,百步亭/二七,4.9,单人资深设计师洗剪吹,29,58
新形象造型,江岸区,竹叶山/花桥,4.4,单人洗剪吹,29.9,52
悦莎造型美发店,江岸区,港澳台风情街,4.1,资深发型师单人洗剪吹造型一次,36,52
千景造型（百步亭店）,江岸区,百步亭/二七,4.0,单人洗剪吹套餐,50,51
UNUSUAL HAIR STUDIO谙绣发型工作室,江岸区,吉庆街/大智路,5.0,高级发型师修剪+造型,108,50
莎棋造型美容美发会所,江岸区,江岸区,3.9,单人洗剪吹套餐,45,48
金色永琪美容美发,江岸区,后湖,4.0,单人洗吹造型,29,47
千艺形象设计中心（千艺造型）,江岸区,百步亭/二七,4.2,单人精致洗剪吹+造型,30,39
型·色 WORK SHOP,江岸区,三阳路/山海关路,4.4,LEO发型师单人洗剪吹一次,83.9,39
神剪.美多纷,江岸区,百步亭/二七,4.1,单人洗剪吹造型一次,35,37
泡普造型美发沙龙,江岸区,客运港/江滩,5.0,洗吹造型,60,32
丝语堂造型,江岸区,三阳路/山海关路,5.0,单人洗剪吹或纳米蒸汽养发1次,68,32
卡尔造型,江岸区,解放公园/永清街,5.0,单人高级设计师洗剪吹套餐,38,32
丝域养发馆（百步亭店）,江岸区,百步亭/二七,3.7,单人玫瑰精油养发,68,25
Chris Paul Mitchell 沙龙,江岸区,客运港/江滩,3.9,剪发单人套餐,50,24
NSG孝制式齐一堂（外灘里店）,江岸区,客运港/江滩,4.5,剪发造型,98,22
New Style Salon,江岸区,江汉路/南京路,5.0,单人设计师美发造型套餐,68,22
MQ接发色彩主题沙龙（汉口花园店）,江岸区,后湖,5.0,单人设计师洗剪吹,38,19
铭十九-攏柒美学俱乐部,江岸区,江汉路/南京路,5.0,单人单次技术指导洗剪造型,77.9,19
禅境自然养生会所（汉口城市广场店）,江岸区,后湖,4.4,养发套餐,128,18
画间发型工作室（武汉天地店）,江岸区,武汉天地,5.0,单人技术总监单人洗剪吹,252,17
养发染发,江岸区,后湖,4.0,单人养护套餐,32,16
美尚造型,江岸区,后湖,3.5,美尚洗剪吹套餐,35,14
唯尼印象美发店,江岸区,百步亭/二七,4.4,单人欧莱雅烫/染套餐,158,14
金叶红造型化妆,江岸区,江汉路/南京路,4.0,美发套餐2,148,14
乐美发型工作室,江岸区,竹叶山/花桥,5.0,单人品质洗吹造型套餐,35,13
香港发可旺（二七路店）,江岸区,百步亭/二七,3.5,养发头疗套餐,38,11
AJ私人形象管家,江岸区,百步亭/二七,4.5,单人洗剪吹套餐,29.8,11
至尊烫染（汉口花园至尊美丽店）,江岸区,后湖,3.5,单人品质烫/染套餐,138,11
仙奴圣剪王（洞庭街店）,江岸区,江汉路/南京路,3.5,单人品质高端洗剪吹+造型1次,49.9,10
意廊专业发型创作,江岸区,港澳台风情街,4.5,单人剪发造型,79,10
丝域养发馆（台北一路店）,江岸区,港澳台风情街,3.6,单人丝域水漾头皮补水拨经护理,88,6
V3+发型定制,江岸区,三阳路/山海关路,4.0,单人剪发造型,118,6
法塔造型,江岸区,吉庆街/大智路,4.0,设计总监洗剪吹造型单人体验,88,6
coco造型,江岸区,吉庆街/大智路,4.0,单人烫染发套餐,238,4
发和会社（融科天城店）,江岸区,三阳路/山海关路,4.0,单人指定徐梦洗剪吹造型套餐,150,4
迷尚造型,江岸区,后湖,4.1,单人烫染二选一,138,4
园源发型,江岸区,江岸区,3.5,单人精致烫+染套餐,160,3
发现美烫染设计（二店）,江岸区,江岸区,3.0,单人精致烫+染套餐,160,3
卡尔尼诗,江岸区,三阳路/山海关路,3.5,卡尔尼诗单人烫染体验1次,128,0
Kevin时尚烫染造型店,江岸区,港澳台风情街,3.7,单人美发套餐1份,108,0
千艺造型,江岸区,江汉路/南京路,3.9,单人精致洗剪吹套餐,78,0
枫妍惠美美容美发店,江岸区,三阳路/山海关路,3.5,单人洗剪吹套餐,49,0
中草药养发馆,江岸区,后湖,3.5,单人养护套餐,32,0
吉米造型,江岸区,百步亭/二七,3.0,单人美发洗剪吹造型一次,23,0
LY Nail 美甲美睫纹绣馆,江岸区,后湖,4.4,单人韩式盘发造型,14.9,0
In Style 造型（武汉明星店）,江岸区,江岸区,5.0,【技术指导】单人精剪套餐,120,0
神剪造型（兴业南路店）,江岸区,后湖,4.0,单人烫发套餐,138,0
阿德工作室,江岸区,后湖,3.5,单人设计师洗剪吹套餐,38,0
佑米造型（海林广场店）,东西湖区,吴家山,5.0,丽人狂欢节-欧莱雅烫/染二选一,228,310632
佑米造型（永旺金银潭广场店）,东西湖区,常青花园,5.0,丽人狂欢节-欧莱雅烫/染二选一,228,310632
水晶之恋（172常青品质店）,东西湖区,常青花园,5.0,单人技术总监精致剪发造型,29.9,138514
水晶之恋（179常青商业街店）,东西湖区,常青花园,5.0,单人技术总监精致剪发造型,29.9,138514
名发世家（常青花园店）,东西湖区,常青花园,4.9,单人剪发一次,40,120448
柯琳造型（海林广场店）,东西湖区,吴家山,5.0,【洗剪造型】套餐,29.8,74162
米娜造型（武商量贩店）,东西湖区,常青花园,4.0,单人美发套餐5选1,128,35164
可唻咿造型（海林广场店）,东西湖区,吴家山,5.0,高级设计师洗剪吹,29.8,27044
绚诺soho造型（海林广场店）,东西湖区,吴家山,4.8,单人资深造型师洗剪吹套餐,29.8,20644
绚诺soho造型（常青花园五小区店）,东西湖区,常青花园,4.7,单人资深造型师洗剪吹套餐,29.8,20644
椰岛造型（武汉荟聚中心店）,东西湖区,吴家山,4.0,【裁剪+造型】洗剪吹套餐,40,18527
发源地（常青花园店）,东西湖区,常青花园,5.0,单人高级设计师洗剪吹套餐,36,12686
贵丽丝经典造型（吴家山形象店）,东西湖区,吴家山,5.0,单人精致剪发造型,25.8,4111
绚诺soho造型（常青花园曼都造型店）,东西湖区,金银湖,4.0,单人小资美发 染/烫/柔顺/直发/定位5选1+护理 套餐,148,3311
椰岛造型（MF0255金银潭店）,东西湖区,常青花园,4.1,露新兰【超值烫发/染发】造型2选1,178,2759
明星造型（常青苑店）,东西湖区,吴家山,5.0,至臻洗剪吹+造型套餐,40,1207
明星造型（海林广场店）,东西湖区,吴家山,5.0,至臻洗剪吹+造型套餐,40,1207
明星造型（天合新界店）,东西湖区,吴家山,4.5,至臻洗剪吹+造型套餐,40,1207
MT整体造型（东西湖一店）,东西湖区,吴家山,4.8,单人资深设计师剪发,55,1131
MT整体造型（东西湖总店）,东西湖区,吴家山,5.0,单人资深设计师剪发,55,1131
楼尚私人定制,东西湖区,吴家山,5.0,单人洗剪吹,29,123
丝域养发（四明路店）,东西湖区,吴家山,4.2,单人丝域养发馆养发套餐,68,116
明星造型（四明路店）,东西湖区,吴家山,4.1,高级设计师洗剪吹单人套餐,30,99
维纳斯美发（秀艺造型店）,东西湖区,吴家山,4.9,单人单次维纳斯美发洗吹造型,15,94
最高剪艺（吴家山店）,东西湖区,吴家山,4.4,单人特惠剪发一次,15,91
明星造型（嘉禾园店）,东西湖区,吴家山,4.9,【裁剪】洗剪吹+造型套餐,26.8,76
匠心造型工作室,东西湖区,东西湖区,5.0,至臻设计+裁剪单人洗剪吹套餐,49.9,52
天裁造型,东西湖区,吴家山,4.3,单人洗剪吹套餐,28.9,44
mini造型私人订制,东西湖区,吴家山,4.7,单人精致洗剪吹,40,36
菩叶头皮抗衰（吴家山店）,东西湖区,吴家山,4.0,单人快养头皮SPA一次,19.9,32
丝域养发馆（吴家山旗舰店）,东西湖区,吴家山,4.6,防脱发护理,69,26
柏阳形象设计（赛洛城店）,东西湖区,吴家山,5.0,单人圣薇娜烫或染男士专用,88,21
ZS-頭Studio,东西湖区,东西湖区,4.8,JASON设计+裁剪单人洗剪吹套餐,70,20
安之酸天然植物染发养发,东西湖区,常青花园,4.5,草本洗头按摩套餐（抑制白发 防止掉发）,49,16
神剪造型,东西湖区,吴家山,5.0,单人烫染2选1,88,14
爱选造型,东西湖区,吴家山,4.6,爱选造型贵宾烫染套餐（含护理）发长不限,178,10
曼都发型私人订制烫染连锁（常青花园店）,东西湖区,常青花园,3.6,单人烫染套餐,188,10
格莱美发型,东西湖区,常青花园,3.7,女士专业造型一次,20,10
剪约造型,东西湖区,吴家山,3.0,单人精致烫染2选1,20,7
香榭丽舍美发会所,东西湖区,吴家山,3.9,单人美容美发烫染套餐,168,5
美丝雅造型,东西湖区,吴家山,4.3,单人精致烫染套餐,158,3
印象造型,东西湖区,东西湖区,3.5,单人洗吹造型,18.8,3
中意造型,东西湖区,吴家山,3.5,高级洗剪吹,26,2
黑人头造型,东西湖区,吴家山,3.9,单人单次烫发,88,2
艺韩纹绣半永久化妆（吴家山店）,东西湖区,吴家山,4.3,单人无痕接发（真发）,30,1
香薰世家美肤美发养生会所,东西湖区,东西湖区,3.8,单人烫+染+护理套餐,158,1
0度造型,东西湖区,吴家山,3.0,单人洗吹造型,9.9,1
韩尚美丽造型,东西湖区,吴家山,3.5,单人洗吹造型1次,14.8,1
i尚美造型,东西湖区,吴家山,3.7,单人洗剪吹造型套餐,19.9,0
皇子工作室,东西湖区,吴家山,3.0,单人高级洗剪吹,22,0
博上造型,东西湖区,吴家山,3.0,单人洗剪吹1次,13.9,0
非凡发型会所,东西湖区,吴家山,3.0,非凡发型会所精剪套餐,19,0
柯琳造型（名流人和天地店）,黄陂区,黄陂区,5.0,【洗剪造型】套餐,29.8,74162
可唻咿造型（歌林花园店）,黄陂区,黄陂区,5.0,高级设计师洗剪吹,29.8,27044
椰岛造型（木兰广场店）,黄陂区,盛世大厦,5.0,【裁剪+造型】洗剪吹套餐,40,18527
椰岛造型（名流天地店）,黄陂区,黄陂区,5.0,【裁剪+造型】洗剪吹套餐,40,18527
椰岛造型（盘龙城店MF0265）,黄陂区,黄陂区,5.0,【裁剪+造型】洗剪吹套餐,40,18527
椰岛造型（奥莱之星店）,黄陂区,黄陂区,5.0,【裁剪+造型】洗剪吹套餐,40,18527
莱芮姿（盘龙城店）,黄陂区,黄陂区,4.6,【美奇丝】烫染单项套餐,168,6917
医之肽美容美发（双凤大道店）,黄陂区,黄陂广场,3.9,单人美奇丝套餐魅力烫/染/含剪发造型（含：水疗柔顺护色护理）,158.9,1060
发尊美容美发（精致店）,黄陂区,黄陂区,3.7,单人洗剪吹造型套餐1次,39,851
品格时尚造型（武湖梅教街店）,黄陂区,黄陂区,4.3,单人剪发1次,21.9,757
诗雅造型,黄陂区,黄陂区,4.0,洗吹造型套餐,25,385
美上造型（七分店）,黄陂区,黄陂区,3.9,单人洗剪吹,25,344
时尚密码,黄陂区,离黄陂广场,4.2,单人时尚密码精致剪发,28,181
First queen女王,黄陂区,黄陂广场,4.1,单人洗剪吹套餐,28,89
出发点造型,黄陂区,黄陂区,4.3,单人洗剪吹1次,23.8,76
精剪发型沙龙（奥莱西街店）,黄陂区,黄陂区,5.0,裁剪造型】洗剪吹套餐,24,67
爱尚造型,黄陂区,离黄陂广场,3.6,单人洗剪吹一次,15,26
博雅造型,黄陂区,黄陂区,3.5,单人洗吹造型,21,19
剪神造型（向阳大道店）,黄陂区,盛世大厦,4.1,单人剪神造型总店烫染套餐B,278,10
鑫汉北美容美发（滠新店）,黄陂区,黄陂区,3.9,单人精致烫染2选1套餐,138,4
爱弥造型,黄陂区,黄陂区,4.4,单人时尚烫/染,198,3
神剪造型（盘龙城店）,黄陂区,黄陂区,3.8,单人烫发套餐,138,0
嗨嗨发型（商院店）,蔡甸区,蔡甸区,4.8,单人烫染2选1,98,32
华艺造型,蔡甸区,蔡甸区,4.3,单人华艺造型护理,68,14
T&Y; Hair Studio 高端私人发型定制,蔡甸区,蔡甸区,3.9,星级发型师单人男士洗剪吹,128,12
起发点造型,蔡甸区,蔡甸区,3.9,起发点造型单人超值品牌烫染2选1,78,10
FQ发图,蔡甸区,蔡甸区,4.0,单人洗剪吹套餐,30,10
慕名美发（万达广场店）,蔡甸区,蔡甸区,3.7,单人经典剪发套餐,38,3
王子沙龙,蔡甸区,蔡甸区,3.5,单人洗剪吹造型一次,35,3
世纪风美容美体造型（升官渡店）,蔡甸区,蔡甸区,3.0,单人烫/染套餐,138,0
金剪王（蒂施店）,汉南区,汉南区,4.5,品质剪发,38,33
88潮牌美发连锁（今天造型店）,新洲区,邾城街,5.0,单人洗剪吹,38.8,20216
金煌美容造型,新洲区,邾城街,4.8,单人洗剪吹,39,2308
名人造型（新洲店）,新洲区,邾城街,5.0,单人洗剪吹套餐,35,1037
天使发艺,新洲区,邾城街,4.1,单人洗剪吹,39,638
流行线美发沙龙高端店（高端店）,新洲区,阳逻街区,5.0,单人超值洗剪吹套餐,38,274
对比度美业,新洲区,阳逻街区,4.0,对比度,35,178
名流造型（新洲店）,新洲区,邾城街,5.0,洗吹造型,23,100
名发廊时尚造型,新洲区,邾城街,4.7,单人洗剪吹,32.8,75
名剪造型,新洲区,阳逻街区,4.1,罗马香疗洗发,21,10
