﻿商家,区域,商圈,星级,服务,价格,销量
小桑树造型（丽萱店）,西湖区,文二路沿线,5.0,温和烫发/小桑树魅力染发2选1单人套餐,199,2941
舒荷造型半永久（物美店）,西湖区,高新文教区,4.2,单人烫/染套餐,160,2164
舒荷造型半永久（新金都城店）,西湖区,古墩路沿线,5.0,单人烫/染套餐,160,2164
拜伦造型（荷花苑店）,西湖区,文三路沿线,5.0,单人洗剪吹,15,2100
博艺发型设计沙龙,西湖区,小和山,5.0,单人洗剪吹1次,30,1999
1cm独品发舍,西湖区,美院象山,5.0,单人洗剪吹,29,1650
VEKA 维卡造型,西湖区,西湖区,5.0,单人高级发型师洗剪吹套餐,38,1474
古奇精品salon,西湖区,古墩路沿线,5.0,洗剪吹单人套餐,45,1440
不理不彩美业（总店）,西湖区,美院象山,5.0,单人首席设计师洗剪吹套餐,38,1393
不理不彩美业（象山店）,西湖区,美院象山,5.0,单人首席设计师洗剪吹套餐,38,1393
梳发家美发.半永久定妆,西湖区,文二路沿线,5.0,首席设计师洗剪吹发单人套餐,35,1374
简剪造型（文三路店）,西湖区,文三路沿线,4.4,洗剪吹+护发单人套餐,45,1252
D.z Salon 无痕接发潮店（紫桂花园店）,西湖区,文二路沿线,4.5,单人高端无痕接发（全头到腰以上）,1199,1196
D.z Salon 无痕接发潮店（翠园天桥店）,西湖区,高新文教区,4.2,单人高端无痕接发（全头到腰以上）,1199,1196
丝奔国际（董家路店）,西湖区,三墩镇,5.0,单人洗剪吹,39,1193
新雅典造型设计,西湖区,文一路沿线,5.0,资深发型师洗剪吹造型,25,565
起点造型（三墩店）,西湖区,古墩路沿线,5.0,设计师洗剪吹单人,19.88,553
西柏造型（三墩灯彩街店）,西湖区,三墩镇,5.0,高级发型师洗剪吹,29.8,528
格调高级美容美发定制机构,西湖区,高新文教区,5.0,单人发型师洗剪吹,39,509
Max潮沙龙（金街美地店）,西湖区,美院象山,5.0,单人高级发型师洗剪吹套餐,28,505
一号发型,西湖区,美院象山,5.0,单人设计师洗剪吹套餐,40,502
Y-S日系潮牌接发机构（文二路店）,西湖区,古墩路沿线,3.5,单人首席洗剪吹,58.8,491
Y-S日系潮牌接发机构（文一路店）,西湖区,高新文教区,5.0,单人首席洗剪吹,58.8,491
角度造型,西湖区,教工路/学院路,4.2,角度造型美发套餐,258,468
H&TWO;美发沙龙,西湖区,西城广场,4.5,单人高级发型师洗剪吹,48,463
凡客造型（登新公寓店）,西湖区,文二路沿线,5.0,设计师单人洗剪吹,38,455
凡客造型（蒋村花园店）,西湖区,西湖区,5.0,设计师单人洗剪吹,38,455
达尚造型,西湖区,美院象山,4.2,达尚造型,28,439
拓迪造型（文二西路店）,西湖区,古墩路沿线,5.0,单人首席洗剪吹套餐,40,427
1cm发舍Hair salon,西湖区,美院象山,5.0,单人洗剪吹,42,407
M+美甲美睫,西湖区,三墩镇,5.0,单人环保甲油胶美甲套餐,38,369
戴瑞专业美容美发（学院路店）,西湖区,教工路/学院路,4.1,.首席洗剪吹,33,369
天姿美发,西湖区,教工路/学院路,4.6,单人专业发型师洗剪吹套餐,28,348
铁剪组师（象山店）,西湖区,美院象山,5.0,主任设计师洗剪吹单人套餐,33,320
舒松彪时尚会所,西湖区,古墩路沿线,4.4,单人技术发型师洗剪吹套餐,39.8,306
安森HAIR（黄龙店）,西湖区,西湖北线/黄龙,4.0,高级发型师洗剪吹单人套餐,58,304
独秀造型（潮店）,西湖区,古墩路沿线,5.0,单人资深设计师洗剪吹套餐,35,292
魔剪组合（留和路店）,西湖区,小和山,3.9,单人洗剪吹,30,290
纤手美容美发,西湖区,小和山,4.0,单人纤手美容美发洗剪吹套餐,25,288
J&L;韩国美发,西湖区,文二路沿线,5.0,单人高级造型师洗剪吹套餐,45,282
C&C;空间发型工作室,西湖区,小和山,4.9,单人洗剪吹1次,25,275
INFASHION至尚（浙大店）,西湖区,西湖区,4.4,单人高级发型师洗剪吹,59,255
剪约造型工作室,西湖区,文一路沿线,5.0,单人店长洗剪吹,48,249
Top Design,西湖区,小和山,5.0,单人首席设计师洗剪吹1份,25,240
魅姿美发,西湖区,古墩路沿线,4.3,单人洗剪吹1次,35,236
EVA日式造型沙龙,西湖区,文三路沿线,3.8,洗剪吹+券单人套餐,35,231
文风造型,西湖区,古墩路沿线,4.4,单人剪发护理套餐,40,217
名鹤美容美发,西湖区,文三路沿线,4.6,单人高级设计师洗剪吹套餐,49,206
独吾美发沙龙（IMAGE（文二西路店）,西湖区,古墩路沿线,5.0,单人普通洗剪吹套餐,48,190
名森护肤造型（华彩国际店）,西湖区,三墩镇,5.0,高级设计师洗剪吹套餐,30,189
章光101（文二西路店）,西湖区,文二路沿线,4.0,单人养护发套餐,69,185
章光101（文二路店）,西湖区,文二路沿线,4.0,单人养护发套餐,69,185
艺馨真善美美容美发养生会所（紫桂店）,西湖区,古墩路沿线,4.0,单人设计师洗剪吹1次,52.8,170
艺馨真善美美容美发养生会所（湖畔花园店）,西湖区,古墩路沿线,3.5,单人设计师洗剪吹1次,52.8,170
In印美发自然康养,西湖区,美院象山,4.7,专业发型师洗剪吹套餐,29,90
简影造型,西湖区,古墩路沿线,5.0,新客单人洗剪吹套餐,15.8,90
only you美发沙龙,西湖区,文一路沿线,4.9,洗吹＋日式造型,45,86
丽人潮店,西湖区,古墩路沿线,4.9,高级发型师精剪单人,22.8,83
郭先森美发创意沙龙,西湖区,古墩路沿线,5.0,单人设计师洗剪吹造型1次,28.8,80
BL造型,西湖区,古墩路沿线,4.4,BL造型洗加精剪加造型,28.5,78
慕尚造型,西湖区,西湖区,5.0,单人设计师洗剪吹套餐,48,78
尚品salon烫染接发私人定制（文二店）,西湖区,古墩路沿线,5.0,SP-品牌主理人(洗剪吹),78,73
尚品salon烫染接发私人订制（文一路店）,西湖区,高新文教区,4.9,SP-品牌主理人(洗剪吹),78,73
才金国际生态美业（文三路店）,西湖区,文三路沿线,4.6,单人总监洗剪吹套餐,39,65
佐蔻美容美发（城西店）,西湖区,古墩路沿线,4.2,单人高级发型师洗剪吹套餐,28,59
艺人造型无痕接发烫染（紫桂花园店）,西湖区,古墩路沿线,5.0,单人首席洗剪吹套餐,39,55
启缘形象设计,西湖区,文二路沿线,5.0,创意设计高级发型师洗剪吹,36,51
Vito 维托造型 工作室（黄龙绿园店）,西湖区,古墩路沿线,4.0,发型师洗剪吹单人套餐,54,49
聚焦时尚,西湖区,古墩路沿线,4.3,单人资深设计师洗剪吹套餐,18.8,47
佳阳丽人（山水人家店）,西湖区,文三路沿线,5.0,丽人体验烫染套餐,158,44
铭铭造型（印象城店）,西湖区,古墩路沿线,4.5,单人高级设计师洗剪吹套餐,58,44
阿蔡专业美发沙龙（万塘路店）,西湖区,万塘路,3.5,首席发型师洗剪吹单人1次,58,41
完美发型,西湖区,文二路沿线,4.1,时尚剪发造型,35,41
潮派造型,西湖区,西湖北线/黄龙,4.5,单人高级设计师洗剪吹套餐,43,40
西简造型,西湖区,古墩路沿线,3.0,高级发型师单人洗剪吹,48,35
佳艺 Hair Salon,西湖区,古墩路沿线,3.7,资总监单人精致洗剪吹1次,58,34
星艺发型工作室,西湖区,高新文教区,5.0,单人洗剪吹1次（请提前电话预约）,28,32
旭丰美发美甲沙龙,西湖区,西湖区,5.0,首席发型师洗剪吹,29.9,31
周末造型,西湖区,古墩路沿线,3.5,单人设计师洗剪吹套餐,35,30
G-beauty（G美形象设计综合店）,西湖区,西湖北线/黄龙,5.0,技术总监洗剪吹,68,29
芨草养发馆,西湖区,西湖区,4.4,芨草私人定制养发套餐,38,27
春尚形象设计,西湖区,古墩路沿线,4.0,设计师洗剪吹单人套餐,35,26
饰界之美,西湖区,三墩镇,5.0,单人盘发一次,8.8,24
东升造型工作室,西湖区,教工路/学院路,3.7,烫发／染发单人套餐,288,22
爱去专业美发沙龙,西湖区,三墩镇,4.8,单人订制烫或染二选一,238,21
Di造型_徐迪工作室,西湖区,西湖北线/黄龙,4.4,设计师洗剪吹,40,20
Andy’私人定制（西城年华店）,西湖区,古墩路沿线,4.5,剪护单人套餐,58,19
凹凸Seans Style（凹凸造型工作室）,西湖区,高新文教区,4.6,高级发型师单人洗剪吹,65,18
JOY发型工作室,西湖区,三墩镇,5.0,June老师洗剪吹,68,19
东辉造型,西湖区,文一路沿线,4.6,单人店长洗剪吹+烫染（2选1）,188,12
凯蒂美业（旗舰店）,西湖区,三墩镇,3.6,设计师单人洗剪吹套餐,28,11
新视线发艺（教工路店）,西湖区,教工路/学院路,3.6,单人美发组合A套餐,458,11
名剪造型,西湖区,西溪,4.6,单人染烫套餐,168,11
伪妆,西湖区,西湖北线/黄龙,3.5,高级造型师单次造型,30,11
艺馨真善美美容美发养生会所（西溪里店）,西湖区,文一路沿线,3.8,单人时尚染发套餐,288,10
东晶国际形象设计,西湖区,西湖区,4.9,单人四星级首席发型师洗剪吹套餐,78,7
尚感美发美容机构,西湖区,古墩路沿线,3.0,单人洗剪吹,28,5
i Hair 潮牌烫染接发店（文二西路店）,西湖区,古墩路沿线,4.0,单人首席设计师洗剪吹套餐,68,5
摩高造型,西湖区,文二路沿线,4.1,施华蔻精品烫/染单人,168,5
丝情美发美容厅（古荡店）,西湖区,文三路沿线,3.5,单人烫发套餐,188,2
丝域养发馆（湖畔花园店）,西湖区,古墩路沿线,5.0,单人丝域养发头疗套餐1份,69,2
TITI造型,西湖区,古墩路沿线,4.7,单人洗剪吹,29.9,2
菩叶头皮抗衰（杭州西城店）,西湖区,古墩路沿线,3.5,单人你头皮多少岁了检测套餐,18.8,1
首尚造型（西溪花园）,西湖区,文一路沿线,3.5,单人维纳染发套餐,98,1
SYR工作室,西湖区,三墩镇,3.5,单人普通塑形烫发,380,1
康雅美发,西湖区,古墩路沿线,3.5,染烫单人套餐,148,1
发园地健康增发中心,西湖区,文二路沿线,3.5,头皮检测,1,1
震轩美容美发（古墩路二店）,西湖区,古墩路沿线,3.0,染发单人套餐,158,0
佑米造型（城西银泰店）,拱墅区,城西银泰城,5.0,丽人狂欢节-欧莱雅烫/染二选一,228,310624
佛伦斯私人订制烫染国际连锁（新青年广场店）,拱墅区,德胜路沿线,5.0,美芝品系列单人美发套餐,168,143259
佛伦斯私人定制烫染名店（城西银泰店）,拱墅区,城西银泰城,5.0,美芝品系列单人美发套餐,168,143259
佛伦斯私人订制烫染国际连锁（银都大厦店）,拱墅区,湖墅南路,5.0,美芝品系列单人美发套餐,168,143259
佛伦斯私人订制烫染国际连锁（通益路万达店）,拱墅区,拱墅区,5.0,单人首席洗剪吹套餐,39,131967
瑞豪专业烫染连锁（欧尚店）,拱墅区,运河广场,4.6,【资深设计师】提案+精致裁剪+造型,28.8,107227
瑞豪专业烫染连锁（吉如家园店）,拱墅区,拱宸桥/上塘,5.0,【资深设计师】提案+精致裁剪+造型,28.8,107227
瑞豪专业烫染连锁（城西银泰店）,拱墅区,城西银泰城,5.0,【资深设计师】提案+精致裁剪+造型,28.8,107227
瑞豪专业烫染连锁（永庆路店）,拱墅区,拱宸桥/上塘,5.0,【资深设计师】提案+精致裁剪+造型,28.8,107227
紫尚造型（杭州城西银泰店）,拱墅区,拱墅区,4.5,【人气】单人烫染直三选一美发套餐,159,59492
侨治发型（水晶城购物中心店）,拱墅区,水晶城购物中心,5.0,单人发型师洗剪吹,78,48582
侨治发型（城西银泰城二店）,拱墅区,城西银泰城,4.6,单人发型师洗剪吹,78,48582
米娜造型（风景街店）,拱墅区,拱墅区,4.6,单人欧莱雅高端五选一套餐,198,27358
侨治发型（城西银泰城店）,拱墅区,城西银泰城,4.6,高级发型师洗剪吹,98,26482
美天淘日系沙龙（大关店）,拱墅区,大关,4.4,欧莱雅烫发染发直发护理单人套餐,159,24325
摩登时尚（拱墅店）,拱墅区,拱宸桥/上塘,5.0,【品质优选】设计师定制裁剪,29.8,23679
南瓜车造型（城西银泰店）,拱墅区,城西银泰城,5.0,资深精剪造型优享体验A,58,10108
南瓜车造型（上塘路店）,拱墅区,运河广场,5.0,资深精剪造型优享体验A,58,10108
小桑树造型（华龙店）,拱墅区,莫干山路,5.0,单人·洗剪吹造型 仅限女宾套餐,9.9,8652
小桑树造型（现代之星店）,拱墅区,德胜路沿线,5.0,单人·洗剪吹造型 仅限女宾套餐,9.9,8652
玛莎国际专业接发潮牌（新青年广场店）,拱墅区,德胜路沿线,5.0,单人全真无痕隐形接发（55cm）拆卸无残留,780,3954
CoMo蔻慕造型（银都店）,拱墅区,湖墅南路,5.0,单人总监洗剪吹,9.9,3827
小桑树造型（咔啰店）,拱墅区,运河广场,5.0,温和烫发/小桑树魅力染发2选1单人套餐,199,2941
艺林工作室（潮流时尚店）,拱墅区,大关,4.9,单人欧莱雅烫/染套餐,380,2886
舒荷造型半永久（城西银泰店）,拱墅区,城西银泰城,5.0,单人烫/染套餐,160,2164
丑丑美容美发（上绍店）,拱墅区,大关,4.4,单人高级洗剪吹套餐,39.8,2024
古卓（德胜店）,拱墅区,德胜路沿线,5.0,单人高级发型师洗剪吹套餐,51,1714
K's凯诗造型（NO:005店）,拱墅区,湖墅南路,4.3,K.S造型单人洗剪吹,29.8,1687
杜尚发型（天阳D32时尚街店）,拱墅区,运河广场,5.0,资深设计师单人洗剪吹1次,72,1617
D.z Salon 无痕接发潮店（永庆路店）,拱墅区,拱宸桥/上塘,5.0,单人高端无痕接发（全头到腰以上）,1199,1196
纳秀美容美发（和睦店）,拱墅区,莫干山路,5.0,设计师洗剪吹,42,1192
纳秀美容美发（金家渡店）,拱墅区,莫干山路,4.9,设计师洗剪吹,42,1192
名森护肤造型（城西银泰店）,拱墅区,拱墅区,5.0,高级发型师洗剪吹单人套餐,30,1110
纳秀美容美发（万达广场店）,拱墅区,万达广场,5.0,设计师洗剪吹,59,965
纳秀美容美发（汽车城店）,拱墅区,石祥路/沈半沿线,3.8,单人健康烫/染（二选一）套餐,298,883
Master&Spice;（万达店）,拱墅区,万达广场,5.0,设计师洗剪吹单人套餐,35,779
MINO米诺美发沙龙,拱墅区,万达广场,5.0,总监设计师洗剪吹,58,696
sowell发型设计工作室（城西银泰城店）,拱墅区,城西银泰城,4.6,剪发或护理2选1单人套餐,88,675
博美形象设计,拱墅区,莫干山路,4.7,单人洗剪吹,24.8,622
DS形象设计,拱墅区,莫干山路,5.0,单人创意洗剪吹套餐,35,516
明坤造型,拱墅区,城西银泰城,4.3,单人设计师洗剪吹,29.9,494
Y-S日系潮牌接发机构（上塘路店）,拱墅区,拱宸桥/上塘,5.0,单人首席洗剪吹,58.8,491
自由手艺人（城西银泰城店）,拱墅区,城西银泰城,4.7,单人剪发套餐,79,438
Fashion Baby美发造型（万达广场店）,拱墅区,万达广场,4.9,单人资深设计师洗剪吹套餐,48,417
言午发型工作室,拱墅区,拱墅区,5.0,单人体验洗剪吹套餐,9.9,378
summer夏天造型,拱墅区,运河广场,5.0,高级洗剪吹,9.9,366
名森护肤造型（德胜店）,拱墅区,德胜路沿线,5.0,单人高级发型师洗剪吹套餐,35,352
舒松彪（NO.6）,拱墅区,湖墅南路,3.5,单人技术发型师洗剪吹套餐,39.8,306
miumiu形象设计,拱墅区,城西银泰城,4.6,单人烫染套餐,128,283
丝妍造型,拱墅区,大关,5.0,设计师洗剪吹,32,246
鼎剪,拱墅区,半山,5.0,单人洗剪吹1次（首席）,45,220
佐蔻美容美发（旗舰店）,拱墅区,湖墅南路,4.0,单人高级发型师洗剪吹套餐,50,211
梳格造型,拱墅区,拱墅区,5.0,高级设计师洗剪吹一次,25,209
章光101（潮王店）（旗舰店）,拱墅区,湖墅南路,4.0,单人养护发套餐,69,185
GS&JJ; 美发沙龙,拱墅区,大兜路历史文化街,5.0,单人洗剪吹造型体验套餐,29.9,183
丝雨美容美发,拱墅区,运河广场,3.7,设计师洗剪吹,27,181
金龙美发,拱墅区,德胜路沿线,4.4,单人资深设计师洗剪吹,30,181
唐唐专业烫染基地,拱墅区,大关,3.9,单人施华蔻烫／染发套餐,268,32
新斯文（香积寺路店）,拱墅区,大关,4.4,新斯文爱心套餐,0.1,30
鼎丽美容美发,拱墅区,莫干山路,5.0,单人烫发护理／染发护理,188,25
剪爱造型,拱墅区,万达广场,3.8,单人设计师洗剪吹1次,29.9,21
纯色调发型设计,拱墅区,丝联166创意园,5.0,单人单次总监洗剪吹套餐,65,21
SL首力形象设计,拱墅区,运河广场,4.3,首席设计师洗剪吹,68,20
品位造型,拱墅区,拱墅区,3.5,技术总监剪发造型,30,17
Saga造型,拱墅区,拱墅区,3.6,单人洗剪吹套餐,80,16
Y.S美发形象工作室（城西银泰店）,拱墅区,城西银泰城,3.7,单人总监洗剪吹套餐,80,16
蒂凡尼造型,拱墅区,湖墅南路,4.7,单人嘉瀛烫发/染发二选一套餐,128,16
五季造型·护肤spa会所（大浒街炫季店）,拱墅区,丝联166创意园,3.8,单人高级发型师洗剪吹,28,13
阿东专业烫染,拱墅区,拱墅区,4.1,欧莱雅烫或染套餐,118,11
新视线发艺（上塘店）,拱墅区,运河广场,4.0,单人美发组合A套餐,458,11
小南瓜无痕接发时尚潮流烫染,拱墅区,城西银泰城,4.8,剪发+发型师设计（限女性）,50,9
新斯文（大关南四苑店）,拱墅区,大关,4.2,单人首席洗剪吹,28,8
VIP（无痕接发潮店）,拱墅区,湖墅南路,4.6,单人拆发1次,1,8
金花&茵子 发型工作室,拱墅区,湖墅南路,5.0,单人高级造型师洗剪吹套餐,88,7
ST艳域护肤造型连锁,拱墅区,拱墅区,3.5,单人设计师洗剪吹,38,6
星升专业造型,拱墅区,拱墅区,4.0,单人设计师洗剪吹,29,5
V3造型设计,拱墅区,湖墅南路,3.5,单人洗剪吹,25,5
刘小川时尚发型（万达广场店）,拱墅区,万达广场,4.1,单人首席设计师品牌烫发+护理+造型套餐,488,4
荣尚美容美发（城北店）,拱墅区,拱墅区,3.0,高级总监欧莱雅烫发套餐,98,4
完美接发美甲美睫,拱墅区,莫干山路,4.0,单人日式纯手工真发无痕接发,1080,2
炫奇发型工作室,拱墅区,运河广场,3.5,健康烫发,128,2
悦尚迈克美发,拱墅区,湖墅南路,3.5,悦尚美发,68,0
Top,拱墅区,拱墅区,3.5,单人剪烫套餐,258,0
匠艺（城西银泰城店）,拱墅区,城西银泰城,4.0,单人烫发套餐,488,0
皇潮形象设计,拱墅区,莫干山路,3.5,烫染单人套餐,158,0
新视点护肤造型,拱墅区,石祥路/沈半沿线,3.5,首席理发师洗剪吹+水疗套餐,68,0
初见造型,拱墅区,莫干山路,4.5,新店开张欢迎来体验,266,0
佑米造型（市心南路店）,萧山区,城厢,5.0,丽人狂欢节-欧莱雅烫/染二选一,228,310624
佛伦斯私人订制烫染国际连锁（旺角城杭发厂店）,萧山区,旺角城/银隆百货,5.0,美芝品系列单人美发套餐,168,143259
佛伦斯私人定制烫染名店（天林尚高店）,萧山区,萧山经济开发区,5.0,美芝品系列单人美发套餐,168,143259
瑞豪专业烫染接发连锁（精峰世纪大厦店）,萧山区,萧山区,5.0,【资深设计师】提案+精致裁剪+造型,28.8,107227
瑞豪专业烫染连锁（旺角城金座店）,萧山区,旺角城/银隆百货,4.9,【时尚白领】玩转色彩／定制造型+首席设计师,188,47906
米娜造型（香榭澜店）,萧山区,萧山经济开发区,4.6,单人欧莱雅高端五选一套餐,198,27358
米娜造型（旺角城店）,萧山区,北干,5.0,单人欧莱雅高端五选一套餐,198,27358
琴美美容美发（美之园店）,萧山区,北干,5.0,单人高级洗吹套餐,29.8,11286
琴美美容美发（市心广场店）,萧山区,城厢,5.0,单人高级洗吹套餐,29.8,11286
琴美美发（北干店）,萧山区,旺角城/银隆百货,5.0,单人高级洗吹套餐,29.8,11286
琴美美发（东门店）,萧山区,城厢,5.0,单人高级洗吹套餐,29.8,11286
南瓜车造型（萧山旺角城店）,萧山区,萧山区,5.0,资深精剪造型优享体验A,58,10108
小桑树造型（潘水店）,萧山区,市心南路,4.7,单人·洗剪吹造型 仅限女宾套餐,9.9,8652
小桑树造型（潮点店）,萧山区,蜀山街道,4.9,单人·洗剪吹造型 仅限女宾套餐,9.9,8652
小桑树造型（品格店）,萧山区,城厢,5.0,单人·洗剪吹造型 仅限女宾套餐,9.9,8652
小桑树造型（顶尖北干店）,萧山区,旺角城/银隆百货,4.6,单人·洗剪吹造型 仅限女宾套餐,9.9,8652
侨治发型（银隆百货店）,萧山区,旺角城/银隆百货,5.0,特级发型师洗剪吹单人套餐,138,6155
侨治发型（加州阳光店）,萧山区,加州阳光,4.9,特级发型师洗剪吹单人套餐,138,6155
侨治发型（心意店）,萧山区,恒隆广场,5.0,特级发型师洗剪吹单人套餐,138,6155
小桑树造型（睿阁形象店）,萧山区,闻堰,5.0,高级造型师单人·洗剪吹造型套餐,45,5003
小桑树造型（顶上功夫店）,萧山区,城厢,4.9,高级造型师单人·洗剪吹造型套餐,45,5003
小桑树造型（精峰世纪店）,萧山区,萧山经济开发区,5.0,高级造型师单人·洗剪吹造型套餐,45,5003
小桑树造型（宁围店）,萧山区,萧山经济开发区,4.5,高级造型师单人·洗剪吹造型套餐,45,5003
玛莎国际专业接发潮牌（旺角城店）,萧山区,旺角城/银隆百货,5.0,单人全真无痕隐形接发（55cm）拆卸无残留,780,3954
小桑树造型（炫彩店）,萧山区,北干,5.0,单人·洗吹造型,28,3263
小桑树造型（所前店）,萧山区,所前镇,4.9,温和烫发/小桑树魅力染发2选1单人套餐,199,2941
花都美业,萧山区,义蓬,5.0,单人花都洗剪吹,43,2432
名人荟,萧山区,旺角城/银隆百货,3.5,单人无痕纳米十字接发一束,5.8,2193
潮人荟（旺角13楼）,萧山区,旺角城/银隆百货,5.0,单人高级洗吹套餐,29.8,2140
潮人荟（汇金3楼）,萧山区,加州阳光,5.0,单人高级洗吹套餐,29.8,2140
潮人荟（心意店）,萧山区,恒隆广场,5.0,单人高级洗吹套餐,29.8,2140
GM造型接发烫染,萧山区,恒隆广场,4.2,单人总监洗剪吹,35,1696
雅轩美业（义蓬店）,萧山区,义蓬,5.0,洗吹剪设计1次,26.9,1536
曼莎美发沙龙（旺角城店）,萧山区,旺角城/银隆百货,5.0,单人总监洗剪吹,66,1497
魅梦造型,萧山区,义蓬,5.0,单人洗剪吹,29.8,1444
吕髮造型LVFA HAIRSTYLE（宝龙店）,萧山区,宝龙城市广场,5.0,高级发型师洗剪吹单人套餐,58,1276
亮姿美（山阴路店）,萧山区,北干,4.8,单人烫染2选1,268,1113
Mrmode时尚先生美发沙龙（拱秀店）,萧山区,城厢,5.0,单人洗剪吹,58,1076
mrmode时尚先生美发沙龙（旺角城店）,萧山区,旺角城/银隆百货,5.0,单人洗剪吹,58,1076
线索韩式半永久+接发发型,萧山区,城厢,5.0,设计师洗剪吹单人套餐,19.8,931
东尼造型工作室,萧山区,义蓬,4.9,单人洗剪吹1次,26.8,927
8090造型工作室（总店）,萧山区,城厢,5.0,单人店长洗剪吹烫染2选1,168,901
秀田造型,萧山区,瓜沥镇,4.4,单人洗剪吹,39.8,838
荣艺美业,萧山区,瓜沥镇,5.0,高级造型师洗剪吹单人套餐,32,740
润色头发色彩4S店,萧山区,恒隆广场,5.0,单人高级发型师洗剪吹1次,29.8,596
琴美美容美发（LSE城市店）,萧山区,加州阳光,5.0,高级设计师立体剪裁洗剪吹套餐,78,582
柏林造型,萧山区,通惠路沿线,5.0,单人洗剪吹1次,22.88,568
倾城造型美发（拱秀路店）,萧山区,城厢,4.7,单人泰式洗吹,38,528
焕都发型,萧山区,北干,5.0,单人资深设计师洗剪吹1份,35,493
Y-S 日系潮牌接发机构（金鸡路店）,萧山区,加州阳光,4.6,单人首席洗剪吹,58.8,491
Y-S 日系潮牌接发机构（山阴路店）,萧山区,北干,4.6,单人首席洗剪吹,58.8,491
Y-S日系潮牌接发机构（旺角城店）,萧山区,旺角城/银隆百货,5.0,单人首席洗剪吹,58.8,491
Y-S日系潮牌接发机构（潮点店）,萧山区,蜀山街道,4.6,单人首席洗剪吹,58.8,491
爱梦美容美发连锁（花城店）,萧山区,城厢,5.0,高级发型师设计剪裁/儿童精剪,30,476
爱梦美容美发连锁（临浦总店）,萧山区,临浦,5.0,高级发型师设计剪裁/儿童精剪,30,476
米兰护肤造型,萧山区,北干,4.9,单人洗吹套餐,18,134
启秀造型,萧山区,萧山区,5.0,单人高级设计师洗剪吹,33,126
Mr Lu造型工作室,萧山区,北干,4.0,单人国际品牌烫发染色二选一,388,117
NARCISS专业美发（N.spa）,萧山区,萧山经济开发区,5.0,首席总监洗剪吹,78,116
琢香－軒．发艺（崇化路店）,萧山区,萧山区,5.0,单人首席设计师洗剪吹,40,115
印象造型,萧山区,城厢,5.0,单人高级发型师洗剪吹,45,111
ms慕丝造型（萧山店）,萧山区,加州阳光,4.8,烫发套餐,199,105
欧泉造型（旺角城店）,萧山区,旺角城/银隆百货,5.0,时尚造型洗吹套餐,28,93
第二印象美业,萧山区,萧山经济开发区,5.0,创意总监洗吹,20,79
丽莎国际美容SPA会所（恒隆店）,萧山区,萧山经济开发区,3.9,发型师洗剪吹套餐,29.8,78
泽琳造型（加州阳光店）,萧山区,加州阳光,4.0,总监洗剪吹一次,28,71
泽琳造型（宁围店）,萧山区,鸿兴城巧克力公馆,4.6,总监洗剪吹一次,28,71
BoBo连锁形象设计中心,萧山区,萧山区,3.8,染烫套餐2选1,98,69
生态美业（太古广场店）,萧山区,加州阳光,3.5,单人总监洗剪吹套餐,39,65
阿东美业（临浦店）,萧山区,临浦,4.8,单人高级设计师洗剪吹,48,62
阿董美发沙龙,萧山区,恒隆广场,4.2,高级设计师洗剪吹套餐单人,45,60
阿黛尔ADELE造型（银隆店）,萧山区,旺角城/银隆百货,5.0,单人-首席造型师洗剪吹套餐,68,57
阿黛尔ADELE造型（心意店）,萧山区,恒隆广场,5.0,单人-首席造型师洗剪吹套餐,68,57
玲玲造型,萧山区,北干,4.0,单人玲玲造型超值洗剪吹,28.8,51
秀臣发型工作室,萧山区,旺角城/银隆百货,5.0,单人洗剪吹造型,28.8,49
日韩G-D专承女发设计,萧山区,旺角城/银隆百货,5.0,单人洗吹造型,25,39
G-D意大利专承接发,萧山区,萧山经济开发区,4.9,意大利单人水晶无痕各种微型特色接发（包色彩）,2280,35
时尚九龙,萧山区,旺角城/银隆百货,5.0,单人设计师洗剪吹套餐,58,36
阿东美业（义桥店）,萧山区,萧山区,4.1,单人高级发型师洗剪吹,38,24
万千时尚造型会所,萧山区,恒隆广场,4.6,单人总监洗剪吹1份,108,24
顽石造型,萧山区,城厢,5.0,总监洗剪吹,68,21
艺曼美容美发养生会所,萧山区,蜀山街道,4.9,泰洗+按摩单人套餐,48,19
纤姿美容美发,萧山区,城厢,3.6,单人烫染2选1,168,18
发丝汇整体造型工作室,萧山区,城厢,5.0,高级设计师洗剪吹,28,19
泽琳造型（旅游学院店）,萧山区,萧山高教园,4.9,超人气白领套餐,159,17
颐扬生发养发馆,萧山区,城厢,3.5,头部经络spa,9.9,13
匠     造型工作室,萧山区,萧山经济开发区,4.7,单人资深设计师洗剪吹套餐,39,12
V卡夫,萧山区,恒隆广场,3.8,单人中式洗疗+精剪+造型,30,11
品味美发工作室,萧山区,城厢,4.5,单人染烫护理套餐,188,10
沣尚私人订制发型设计工作室,萧山区,城厢,4.6,设计总监剪发,82,7
LG整体造型工作室,萧山区,加州阳光,3.5,单人总监洗剪吹1次,58,6
今生缘国际烫染连锁（长山店）,萧山区,萧山区,4.3,单人威娜烫染护系列,258,6
毛国忠发型工作室,萧山区,北干,3.5,单人单次洗剪吹套餐,35,5
TOP造型（绿都世贸店）,萧山区,恒隆广场,4.7,隐形接发单人,1180,4
经典美业（米兰造型店）,萧山区,北干,4.1,卷发造型套餐,25,0
华美接发,萧山区,市心南路,4.0,单人单片全真无痕接发,29,0
经典美业（北干一苑店）,萧山区,北干,4.3,卷发造型套餐,25,0
优又美（顶尖）,萧山区,高教园,3.0,单人套餐,98,0
锐奥造型（名流人生三店）,萧山区,萧山区,3.0,单人烫染护套餐,221,0
佑米造型（宝龙城市广场店）,江干区,下沙,5.0,丽人狂欢节-欧莱雅烫/染二选一,228,310624
佑米造型（龙湖天街店）,江干区,下沙,5.0,丽人狂欢节-欧莱雅烫/染二选一,228,310624
佑米造型（机场路店）,江干区,凯旋路/机场路沿线,5.0,丽人狂欢节-欧莱雅烫/染二选一,228,310624
佑米造型（福雷德广场店）,江干区,下沙,5.0,丽人狂欢节-欧莱雅烫/染二选一,228,310624
佑米造型（新城时代广场天虹店）,江干区,新塘路/秋涛路沿线,5.0,丽人狂欢节-欧莱雅烫/染二选一,228,310624
佛伦斯私人定制烫染名店（新塘家园店）,江干区,江干区,5.0,美芝品系列单人美发套餐,168,143259
佛伦斯私人定制烫染国际连锁（尊宝大厦·银尊店）,江干区,钱江新城,5.0,美芝品系列单人美发套餐,168,143259
佛伦斯私人订制烫染国际连锁（-三里亭店）,江干区,凯旋路/机场路沿线,5.0,美芝品系列单人美发套餐,168,143259
瑞豪专业烫染连锁（秋涛北路店）,江干区,新塘路/秋涛路沿线,5.0,【资深设计师】提案+精致裁剪+造型,28.8,107227
美联社&美丽频道造型（三里亭店）,江干区,凯旋路/机场路沿线,5.0,菲灵剪护造型送烫发染发二选一,178,97787
紫尚造型（绿景路店）,江干区,江干区,5.0,【人气】单人烫染直三选一美发套餐,159,59492
侨治发型（龙湖时代天街店）,江干区,下沙,5.0,单人发型师洗剪吹,78,48582
侨治发型（庆春银泰店）,江干区,新塘路/秋涛路沿线,5.0,单人发型师洗剪吹,78,48582
米娜造型,江干区,下沙,4.4,单人美发套餐5选1,128,35164
佑美乐（海陆星光园店）,江干区,下沙,4.9,单人剪发套餐1份,39.8,28761
佑美乐（天虹店）,江干区,新塘路/秋涛路沿线,5.0,单人剪发套餐1份,39.8,28761
摩登时尚（江干区店）,江干区,江干区,5.0,【品质优选】设计师定制裁剪,29.8,23679
绚诺soho（严家路店）,江干区,江干区,4.9,单人资深造型师洗剪吹套餐,29.8,20643
蔓莎造型全国连锁|（爱尚店）,江干区,下沙,4.3,单人高级理发师单人洗剪吹,24.8,14279
南瓜车造型（高沙店）,江干区,下沙,5.0,资深精剪造型优享体验A,58,10108
领秀美发,江干区,下沙,5.0,单人创意设计+精剪烫染套装,318,3305
纪梵希造型设计（福雷德艾肯金座店）,江干区,下沙,5.0,单人纪梵希造型设计剪发造型,19.8,3185
纪梵希造型设计（物美店）,江干区,下沙,5.0,单人纪梵希造型设计剪发造型,19.8,3185
纪梵希造型设计（龙湖天街店）,江干区,下沙,5.0,单人纪梵希造型设计剪发造型,19.8,3185
玫丽佳（天虹店）,江干区,凤起东路,5.0,玫丽佳美发欧莱雅烫染二选一套餐,108,2896
玫丽佳（新风店）,江干区,下沙,4.8,玫丽佳美发欧莱雅烫染二选一套餐,108,2896
玫丽佳（广景苑店）,江干区,新塘路/秋涛路沿线,4.3,单人单束真发无痕片接发套餐,1,2789
1号连锁美发专家（广景苑店）,江干区,新塘路/秋涛路沿线,3.0,乔薇尔（JOVIAL)单选,339,2334
型巢美发（皇冠店）,江干区,澳门广场,5.0,单人发型师洗剪吹,42,2324
型巢美发（天城店）,江干区,天城路沿线,5.0,单人发型师洗剪吹,42,2324
侨治发型（万象城店）,江干区,钱江新城,5.0,代金券,80,2281
森度理容,江干区,火车东站,5.0,单人发型师洗剪吹套餐1次,30,2028
名师·名店（福雷德广场店）,江干区,下沙,5.0,单人洗剪烫染套餐,218,1896
名师·名店（宝龙城市广场店）,江干区,下沙,5.0,单人洗剪烫染套餐,218,1896
名师·名店（龙湖天街店）,江干区,下沙,5.0,单人洗剪烫染套餐,218,1896
MODYLE摩黛儿私人形象订制,江干区,下沙,5.0,单人高级发型师剪发,48,1764
古卓形象（地铁东城果店）,江干区,九堡,5.0,单人高级发型师洗剪吹套餐,51,1714
杜尚发型（滟澜山店）,江干区,下沙,4.5,资深设计师单人洗剪吹1次,72,1617
杜尚发型（龙湖时代天街店）,江干区,下沙,4.7,资深设计师单人洗剪吹1次,72,1617
派派精致烫染,江干区,下沙,5.0,单人洗剪吹套餐一次,25,1544
曼莎美发沙龙（天城东路店）,江干区,下沙,5.0,单人总监洗剪吹,66,1497
曼莎美发沙龙（物美店）,江干区,下沙,5.0,单人总监洗剪吹,66,1497
丝源美发沙龙（杭师、工商店）,江干区,下沙,5.0,资深设计师单人洗剪造型,23.8,1465
丝源美发沙龙（财经店）,江干区,下沙,5.0,资深设计师单人洗剪造型,23.8,1465
优尚发艺（凤起东路店）,江干区,凤起东路,5.0,单人洗剪吹套餐,52,1438
维界造型（下沙和达城二店）,江干区,下沙,5.0,单人洗剪吹套餐,18.9,1417
维界造型（艾肯金座5店）,江干区,下沙,5.0,单人洗剪吹套餐,18.9,1417
维界造型（下沙物美总店）,江干区,下沙,5.0,单人洗剪吹套餐,18.9,1417
维界造型（龙湖天街金沙湖6店）,江干区,下沙,5.0,单人洗剪吹套餐,18.9,1417
维界造型（下沙锦湖家园三店）,江干区,下沙,5.0,单人洗剪吹套餐,18.9,1417
TOP鼎点造型（景芳店）,江干区,新塘路/秋涛路沿线,5.0,单人高级发型师洗剪吹1次,78,1289
TOP鼎点造型（庆春银泰店）,江干区,新塘路/秋涛路沿线,5.0,单人高级发型师洗剪吹1次,78,1289
天天造型（龙湖天街店）,江干区,下沙,5.0,单人施华蔻烫染套餐,268,1269
天天造型（下沙物美总店）,江干区,下沙,5.0,单人施华蔻烫染套餐,268,1269
天天造型（金沙湖店）,江干区,下沙,4.8,单人施华蔻烫染套餐,268,1269
天天造型（福雷德广场店）,江干区,下沙,5.0,单人施华蔻烫染套餐,268,1269
维艺时尚（江锦路旗舰店）,江干区,钱江新城,5.0,单人资深设计师洗剪吹,50,1226
D.z Salon 无痕接发潮店（下沙和达城店）,江干区,下沙,3.5,单人高端无痕接发（全头到腰以上）,1199,1196
MC潮牌店（福雷德艾肯金座店）,江干区,下沙,5.0,单人资生堂优势套餐 免预约,368,1184
Y C 造型工作室,江干区,新塘路/秋涛路沿线,4.4,单人风格设计师洗剪吹,68,1164
OMG造型(银泰百货店),江干区,下沙,5.0,单人高级发型师洗剪吹,65,1135
627潮牌.发型（宝龙城市广场店）,江干区,下沙,5.0,单人欧莱雅烫或染套餐,258,1082
零度美发·美甲工作室,江干区,下沙,5.0,单人总监洗剪吹,15.8,1082
Soso搜搜造型工作室,江干区,下沙,4.6,单人洗剪吹,25,1071
soso造型公社（东沙店）,江干区,下沙,4.1,单人洗剪吹,25,1071
Z·W潮牌造型（宝龙城市广场店）,江干区,下沙,5.0,单人潮牌总监洗剪吹套餐,16.8,1020
迈尼丝源造型,江干区,下沙,4.4,理发,118,903
迪奥风格杭城直营店（金沙居店）,江干区,下沙,5.0,单人总监洗剪吹套餐,29.8,893
丝域养发馆（盛世钱塘店）,江干区,钱江新城,4.1,单人丝域养发头疗套餐1份,69,758
慕斯美业（客运中心店）,江干区,九堡,5.0,单人限时抢购欧莱雅烫/染套餐,258,672
杰尼美发沙龙（计量新城客运站店）,江干区,下沙,5.0,单人精品烫/染+护理+洗剪吹C套餐,1,652
M E美发工作室,江干区,下沙,5.0,单人M E高级发型师洗剪吹,20,639
LA微型烫染·接发店,江干区,下沙,5.0,单人资深设计师洗剪吹1次,30,616
丽拓发型工作室（财经店）,江干区,下沙,4.0,丽拓发型工作室洗剪吹/护理单人套餐,58,576
沃格造型（天城国际店）,江干区,凯旋路/机场路沿线,5.0,单人发型总监洗剪吹1次,48,540
髪时代形象定制（金沙湖店）,江干区,下沙,5.0,单人精致纳米接发套餐,1,523
欧潮美容美发（江干店）,江干区,江干区,5.0,单人高级发型师洗剪吹,22.8,517
量身定制美发连锁,江干区,天城路沿线,5.0,单人洗剪吹,24.9,499
solo-li造型（万象店）,江干区,钱江新城,5.0,单人资深发型师洗剪吹1次,68,497
慕手夫,江干区,下沙,5.0,单人剪发,19.8,494
佐楠发型公社（下沙店）,江干区,下沙,5.0,单人总监洗剪吹一次,25.9,485
壹七形象设计,江干区,下沙,4.9,单人洗剪吹,35,480
博伦美发（宝龙城市广场店）,江干区,下沙,5.0,单人形象洗剪套餐,29,473
7+炫雅造型,江干区,丁桥,5.0,造型师洗剪吹单人套餐,32,458
艺格造型,江干区,江干区,5.0,单人设计师洗剪吹,34,431
潮牌.发型（福雷德艾肯金座店）,江干区,下沙,4.8,高级总监剪发,19.9,426
VS HAIR SALON,江干区,江干区,5.0,单人总监洗剪吹套餐,88,425
静美造型（育英店）,江干区,下沙,4.3,首席设计师,21,392
东升造型（东东城店）,江干区,下沙,5.0,单人染烫套餐,168,389
东升造型（福雷德店）,江干区,下沙,5.0,单人染烫套餐,168,389
HQ发季（东城广场店）,江干区,九堡,5.0,高级发型师洗剪吹套餐,29.8,386
匠人形象设计（下沙弗雷德店）,江干区,下沙,5.0,单人设计师特价洗剪吹套餐,9.9,361
阿东发屋,江干区,新塘路/秋涛路沿线,4.2,阿东发屋专业洗剪吹,29,349
GD形象沙龙,江干区,下沙,4.6,高级设计师单人剪发,30,313
安森HAIR（和达城店）,江干区,下沙,4.4,高级发型师洗剪吹单人套餐,58,304
麦迪海美容美发,江干区,新塘路/秋涛路沿线,4.4,单人总监洗剪吹,48,301
风上 随发 乘风,江干区,江干区,5.0,单人高级设计师剪发套餐,35,299
匠人形象设计（下沙宝龙店）,江干区,下沙,5.0,单人洗剪吹,19.8,294
艺名造型,江干区,江干区,5.0,单人发型师洗剪吹,35,291
A-ONE造型（家苑店）,江干区,九堡,5.0,单人设计师洗剪吹,38,285
leader（007店）,江干区,丁桥,5.0,高级设计师洗剪吹（开业特惠活动）,39.9,255
Leader 006,江干区,丁桥,4.8,高级设计师洗剪吹（开业特惠活动）,39.9,255
OUR MODELLING 我们造型（东城店）,江干区,九堡,3.5,技术指导单人洗剪吹1次,95,252
狂潮造型,江干区,下沙,4.4,单人洗剪吹,20,238
汉傧（太平门直街店）,江干区,江干区,3.8,首席洗剪吹单人套餐,88,237
星工坊专业美发沙龙,江干区,九堡,5.0,单人洗剪吹套餐,38.8,235
D.c发型定制（宝龙城市广场店）,江干区,下沙,5.0,Dc单人欧莱雅香型烫染套餐,228,213
AJ无痕接发&烫染造型（中沙金座店）,江干区,下沙,5.0,洗吹造型,9.9,223
丁巴SALON,江干区,笕桥,5.0,单人高级设计师洗剪吹套餐,68,205
鼎盛名剪,江干区,丁桥,4.6,洗剪吹套餐,18,192
慕斯美业（闸弄口店）,江干区,江干区,5.0,单人无痕接发,8,188
Nier坭尔-沙龙（宝龙城市广场店）,江干区,下沙,5.0,单人美发套餐单人烫/染/柔顺/定位4选1+护理套餐,108,185
章光101（庆春东路店）,江干区,庆春东路,4.0,单人养护发套餐,69,185
秀港国际美容美发,江干区,下沙,4.1,单人高级发型师洗剪吹,38,180
博凯公爵,江干区,下沙,4.7,单人洗剪吹体验套餐,26,177
玛索美容美发,江干区,九堡,3.8,总监洗剪吹,88,175
新人类美业,江干区,江干区,4.2,单人设计师洗剪吹1次,35,174
诺妍造型,江干区,九堡,4.4,单人高级发型师洗剪吹套餐,35,162
酷爱美容美发沙龙,江干区,下沙,4.4,洗剪吹套餐,20,153
I Do私人订制工作室,江干区,江干区,5.0,潮流设计洗剪吹特价活动套餐,25.8,153
Stylist Hair Salon（福雷德店）,江干区,下沙,5.0,限时特价洗剪吹造型,9.9,143
美邦造型（云水店）,江干区,下沙,5.0,单人设计师洗剪吹,19.9,137
peekaboo美发潮沙龙,江干区,下沙,5.0,单人总监剪发套餐,50,128
吴惠造型工作室,江干区,丁桥,4.6,单人洗剪吹,68,124
GaGa美发造型沙龙,江干区,丁桥,5.0,高级发型师洗剪吹,29.8,123
卡卡芭莎美发造型,江干区,下沙,4.7,单人高级发型师洗剪吹,48,114
印像IMPRESSION SALON,江干区,新塘路/秋涛路沿线,3.7,单人资深发型师洗剪吹,40,109
DeMo造型（宝龙城市广场店）,江干区,下沙,5.0,单人洗剪吹体验套餐,29.6,106
苗方净颜专业祛痘（凤起店）,江干区,凤起东路,4.8,单人深层洁面+补水套餐1份,38.8,101
发之宣造型工作室,江干区,下沙,5.0,单人洗剪吹套餐,58.8,101
MT无痕接发（精品店）,江干区,新塘路/秋涛路沿线,4.4,单人无痕接发,1280,99
TREVOR SORBIE（万象城购物中心店）,江干区,钱江新城,5.0,单人发型师洗吹1次,45,99
PIN.Y品诣造型,江干区,江干区,5.0,设计师洗剪吹套餐,35,99
阿春美发造型,江干区,下沙,4.3,洗剪吹,25,94
Franck Provost梵珀巴黎（来福士店）,江干区,钱江新城,5.0,单人创意总监洗剪吹,96,60
丝艺发型室,江干区,九堡,5.0,店长洗剪吹单人套餐,25,57
第三区造型,江干区,江干区,3.9,单人设计师洗剪吹,50,56
AD造型,江干区,澳门广场,3.9,单人施华蔻烫发+欧米加染发,148,55
I-top造型工作室,江干区,钱江新城,5.0,单人发型师洗剪吹,40,53
歌德专业造型定制,江干区,下沙,4.5,单人高级设计师洗剪吹,45,48
MF 私人定制,江干区,四季青,4.7,单人洗吹套餐,24.9,47
施纳贝尔美发,江干区,凤起东路,4.7,单人单次高级发型师套餐,58,39
私人定制（宝龙城市广场店）,江干区,下沙,4.4,单人资深发型师洗剪吹,30,39
A-ONE造型（金海城店）,江干区,九堡,4.3,单人欧莱雅烫/染套餐,289,37
A-ONE造型（格畈店）,江干区,江干区,3.5,单人欧莱雅烫/染套餐,289,37
A-ONE造型（三区店）,江干区,九堡,5.0,单人欧莱雅烫/染套餐,289,37
V salon发型工作室（明星店）,江干区,庆春东路,5.0,创意组精致单人裁剪,106,36
俊杰美发,江干区,火车东站,3.7,单人洗剪吹造型,31.5,35
MAS造型接发美甲化妆,江干区,下沙,5.0,洗吹造型,15.8,34
春明名剪,江干区,下沙,4.0,美发套餐,128,34
三义（爱上生活一号店）,江干区,江干区,4.7,专业设计师洗剪吹套餐,29.8,31
changecut勤剪（宝龙广场店）,江干区,下沙,3.0,单人单剪（免洗）单人套餐,20,31
三义（爱上美业二号店）,江干区,江干区,4.6,专业设计师洗剪吹套餐,29.8,31
无痕接发（九堡店）,江干区,九堡,3.5,隐形无痕接发,499,29
南粤造型,江干区,新塘路/秋涛路沿线,4.0,单人染／烫二选一,268,0
AIMEl（艾美）发型工作室,江干区,下沙,3.5,歌秀烫发单人套餐,218,0
苹果宝贝,江干区,下沙,3.5,单人托尼盖烫染1份,188,0
欣锐造型,江干区,新塘路/秋涛路沿线,4.6,欧莱雅烫/染套餐,158,0
聚点美容美发店,江干区,火车东站,4.0,聚点烫染短发套餐,480,0
韩秀,江干区,下沙,4.1,施华蔻烫/染套餐,168,0
巴黎亚（宝龙城市广场店）,江干区,下沙,4.7,烫染套餐2,188,0
巴黎亚（弗雷德艾肯金座店）,江干区,下沙,4.7,烫染套餐2,188,0
震轩美容美发（下沙店）,江干区,下沙,3.3,染发单人套餐,158,0
印尚美容美发（勤丰店）,江干区,丁桥,3.0,单人空气灵感烫发加染发套餐,258,0
丽尚造型,江干区,下沙,3.7,6次洗剪吹+6次发疗SPA套餐,198,0
施盖造型（金沙学府店）,江干区,下沙,3.0,烫/染发套餐,92,0
纽约精致造型（华元店）,江干区,下沙,4.9,欧莱雅单人精致烫染套组,258,0
尊尼斯美发会所,江干区,新塘路/秋涛路沿线,4.2,护理加洗剪吹,180,0
名髮美业美甲,江干区,下沙,4.0,单人染发套餐,188,0
华美接发（四季青店）,江干区,四季青,4.0,单人单片全真无痕接发,29,0
小桑树造型（彩虹城店）,滨江区,彩虹城,5.0,单人·洗剪吹造型 仅限女宾套餐,9.9,8652
小桑树造型（睿阁铂金店）,滨江区,开发区/高教园,5.0,单人·洗剪吹造型 仅限女宾套餐,9.9,8652
侨治发型（乐宜城店）,滨江区,滨江区,3.8,特级发型师洗剪吹单人套餐,138,6155
小桑树造型（盒作社店）,滨江区,物美/盒座社,5.0,高级造型师单人·洗剪吹造型套餐,45,5003
小桑树造型（浦沿店）,滨江区,开发区/高教园,4.8,高级造型师单人·洗剪吹造型套餐,45,5003
小桑树造型（长河商厦店）,滨江区,开发区/高教园,5.0,高级造型师单人·洗剪吹造型套餐,45,5003
小桑树造型（东信大道店）,滨江区,联庄,3.5,高级造型师单人·洗剪吹造型套餐,45,5003
韩妆潮人（tt形象工作室）,滨江区,星光大道,4.8,B:单人首席/设计师烫/染2选1套餐,288,4838
韩妆潮人（mode店）,滨江区,物美/盒座社,4.6,B:单人首席/设计师烫/染2选1套餐,288,4838
CoMo蔻慕造型（滨文店）,滨江区,开发区/高教园,5.0,单人总监洗剪吹,9.9,3827
CoMo蔻慕造型（物美盒作社店）,滨江区,物美/盒座社,5.0,单人总监洗剪吹,9.9,3827
苑苑美容美发（滨江宝龙城店）,滨江区,彩虹城,5.0,代金券,80,3435
玫丽佳（浦沿店）,滨江区,物美/盒座社,5.0,玫丽佳洗剪吹单人套餐,29.8,3010
玫丽佳（华润万家店）,滨江区,滨江区,5.0,玫丽佳洗剪吹单人套餐,29.8,3010
小桑树造型（璞悦湾店）,滨江区,联庄,4.9,温和烫发/小桑树魅力染发2选1单人套餐,199,2941
梳雅美发沙龙（缤纷小区店）,滨江区,滨江区,4.9,高级发型师洗剪吹,45,2349
梳雅美发沙龙（半岛国际店）,滨江区,开发区/高教园,5.0,高级发型师洗剪吹,45,2349
罗克美业（ub造型）,滨江区,开发区/高教园,5.0,高级设计师精剪+造型1次单人套餐,21.8,618
Y.S日系潮牌接发机构（滨江宝龙店）,滨江区,滨江区,5.0,单人首席洗剪吹,58.8,491
头等舱形象工作室,滨江区,物美/盒座社,4.8,单人洗剪吹造型,40,472
艺阁salon,滨江区,彩虹城,4.9,单人高级发型师精剪套餐,45,470
杰森发型（星耀城店）,滨江区,星光大道,3.5,高级发型师洗剪吹,38,351
杰森发型（星耀城店）,滨江区,滨江区,5.0,高级发型师洗剪吹,38,351
慕丝造型（滨江店）,滨江区,星光大道,5.0,首席设计师洗剪吹,39,342
in beauty印诺时尚美发沙龙,滨江区,联庄,5.0,资深设计师单人洗剪吹,45,307
群群美发,滨江区,开发区/高教园,5.0,单人店长洗剪吹套餐,15.99,302
魔剪组合,滨江区,星光大道,3.3,单人洗剪吹,30,290
魔剪组合（老店）,滨江区,物美/盒座社,4.0,单人洗剪吹,30,290
小马工作室,滨江区,物美/盒座社,5.0,单人洗剪吹,46,274
乔恩造型（滨江店）,滨江区,滨江区,3.9,高级设计师洗剪吹,28.9,274
飞升造型,滨江区,开发区/高教园,4.1,飞升造型单人洗剪吹,22,262
古特造型工作室,滨江区,星光大道,5.0,单人资深设计师洗剪吹造型,58,244
天上人间美发（滨江店）,滨江区,滨江区,4.9,单人高级发型师修剪及造型套餐,56,243
Alice爱丽丝私人订制烫染连锁,滨江区,物美/盒座社,5.0,单人首席洗剪吹套餐,39,239
步古沙龙（星光大道店）,滨江区,星光大道,4.9,单人设计师洗剪吹套餐,59,229
梵歌美业（中兴店）,滨江区,星光大道,4.9,单人首席洗剪吹套餐1次,79,199
niuniu大咖秀（彩虹城店）,滨江区,彩虹城,4.8,单人资深发型师洗剪吹套餐,78,196
缔造·Create私人造型工作室（国际公馆店）,滨江区,星光大道,4.9,健康洗吹造型套餐,29,186
章光101（滨江店）,滨江区,彩虹城,4.0,单人养护发套餐,69,185
潮都私人形象定制,滨江区,开发区/高教园,4.9,单人高级设计师剪发套餐,40,137
阿强形象定制,滨江区,滨江区,4.1,剪发洗剪吹,40,115
极色美业,滨江区,开发区/高教园,5.0,单人 洗剪吹造型,25,111
邦尼烫染工作室,滨江区,物美/盒座社,4.6,邦尼/热烫/柔顺/直发/染发套餐,158,109
Sieson 丝颂沙龙（安森星光大道店）,滨江区,星光大道,5.0,单人资深设计师洗剪吹套餐,58,90
东群造型（宝龙城水晶城店）,滨江区,彩虹城,3.8,发型设计师洗剪吹单人套餐,52.8,78
泽琳造型,滨江区,滨江区,4.2,总监洗剪吹一次,28,71
时尚达人,滨江区,开发区/高教园,3.8,洗剪吹单人套餐,20,69
才金国际生态美业（星光店）,滨江区,星光大道,4.1,单人总监洗剪吹套餐,39,65
凹凸形象设计,滨江区,彩虹城,4.4,首席设计师精剪造型,128,57
索美国际禅洗护肤造型,滨江区,彩虹城,4.6,发型师洗剪吹单人,48,38
宝贝秀发,滨江区,开发区/高教园,4.6,烫/染/直发/柔顺/定位六选一,88,36
MJ·铭爵形象定制,滨江区,星光大道,5.0,总监剪发单人套餐,69,35
华添造型,滨江区,联庄,5.0,店长洗剪吹,35,34
niuniu大咖秀（汉峰店）,滨江区,星光大道,4.5,单人创意总监洗剪吹套餐,168,32
NALA奈拉发型公社（彩虹城店）,滨江区,彩虹城,4.9,单人资深设计师洗剪吹,52,26
涵曦LATOJLA美容瘦身工作室,滨江区,彩虹城,4.7,单人LATOJA纤体单次瘦身套餐,68,24
博蒙美发.美甲,滨江区,星光大道,4.2,单人洗剪吹套餐,29.8,19
丝域养发馆（明月江南店）,滨江区,滨江区,4.4,玫瑰精油养发单人单次套餐,68,18
Mr lv's studio,滨江区,开发区/高教园,4.1,高级洗剪吹单人套餐,25,17
艾尚美发沙龙,滨江区,滨江区,4.7,单人洗剪吹套餐,28,12
创客美容美发,滨江区,开发区/高教园,4.1,单人高级设计师洗剪吹1次,28,9
名人藝匠,滨江区,滨江区,3.5,单人健康干洗＋高级设计师精剪造型1次,48,9
尊秀,滨江区,滨江区,4.6,韩国AP烫染套餐,298,8
Model麻豆美甲美睫,滨江区,星光大道,5.0,model麻豆水貂毛美睫单人套餐,218,6
SCULPTOR BARBER雕塑理发馆,滨江区,星光大道,4.0,单人艺术总监私人定制洗剪吹套餐,168,5
尚亿美发,滨江区,开发区/高教园,4.4,单人洗剪吹套餐,24,5
荣尚美容美发（东冠店）,滨江区,开发区/高教园,3.6,高级总监欧莱雅烫发套餐,98,4
荣尚美容美发（滨江店）,滨江区,开发区/高教园,3.0,高级总监欧莱雅烫发套餐,98,4
兵造型美甲美睫,滨江区,滨江区,4.0,单人单次设计师烫／染二选一哦套餐,268,4
再出发（春晓店）,滨江区,开发区/高教园,3.5,专业高端养发2次 免预约,58,2
TC-trend creativity,滨江区,星光大道,3.5,TC-首席设计师洗剪吹套餐,108,2
渲彩烫染连锁店,滨江区,物美/盒座社,3.0,渲彩烫染连锁店超值烫/染造型,158,1
品轩形象设计,滨江区,滨江区,3.5,洗剪吹+烫/染+护理套餐,158,1
优又美（乔恩店）,滨江区,滨江区,3.0,高级烫染单人套餐,188,0
古鲁瑜伽 GURU YOGA,滨江区,彩虹城,4.0,代金券,9.9,0
秀之炫美容美发,滨江区,开发区/高教园,3.0,单人总监设计师洗剪吹套餐,118,0
Dora美甲美睫工作室,滨江区,星光大道,5.0,单人艾灸套餐,98,0
琐彩·造型,滨江区,滨江区,3.9,烫发单人套餐,198,0
羽墨造型,滨江区,彩虹城,3.5,总监洗剪吹单人套餐,98,0
优又美剪吧（剪吧）,滨江区,滨江区,3.0,单人套餐,98,0
经典美业（燕清阁店）,滨江区,开发区/高教园,4.6,卷发造型套餐,25,0
剪神新时代创意美发会所,滨江区,开发区/高教园,3.0,头发屑去屑调理,30,0
后亿美容美发店,滨江区,星光大道,3.0,总监洗剪吹,68,0
优又美（浪漫王朝）,滨江区,物美/盒座社,3.5,单人套餐,98,0
明日之星美业,滨江区,滨江区,3.0,洗剪吹护理套餐,19,0
画间沙龙（禹航路店）,余杭区,老余杭,5.0,单人设计师洗剪吹,35.9,2538
尚品美容美发,余杭区,临平,5.0,单人洗剪吹套餐,35.8,1736
杜尚发型（万宝城店）,余杭区,临平,4.7,资深设计师单人洗剪吹1次,72,1617
维界造型（美莱国际临平店）,余杭区,临平,5.0,单人洗剪吹套餐,18.9,1417
丝奔国际（蓝郡店）,余杭区,西田城购物中心,5.0,单人洗剪吹,39,1193
纳秀美容美发（物流店）,余杭区,良渚,3.7,设计师洗剪吹,42,1192
纳秀美容美发（瓶窑一店）,余杭区,良渚,4.0,设计师洗剪吹,42,1192
维界造美造型（银泰百货店）,余杭区,临平,5.0,单人总监剪发套餐,39,1149
稻一形象,余杭区,西田城购物中心,5.0,单人高级设计师洗剪吹,35,1055
舒芙蕾造型公社,余杭区,临平,5.0,单人洗剪吹,25,946
乔斯造型,余杭区,老余杭,4.8,单人洗剪吹套餐,31,892
纳秀美容美发（仓前店）,余杭区,仓前,3.6,单人健康烫/染（二选一）套餐,298,883
纳秀美容美发（绿荫店）,余杭区,塘栖,4.8,单人健康烫/染（二选一）套餐,298,883
纳秀美容美发（东方东路店）,余杭区,良渚,4.6,单人健康烫/染（二选一）套餐,298,883
纳秀美容美发（塘栖店）,余杭区,塘栖,4.1,单人健康烫/染（二选一）套餐,298,883
NASHOW纳秀（羊城路店）,余杭区,良渚,3.7,单人健康烫/染（二选一）套餐,298,883
纳秀美容美发（东西大道店）,余杭区,良渚,3.5,单人健康烫/染（二选一）套餐,298,883
众品造型,余杭区,闲林,5.0,单人设计师洗吹剪1次,24.9,753
WAYUP维上造型机构,余杭区,临平,5.0,单人创意督导洗剪吹,60,627
巴马造型美容养生SPA（赛银店）,余杭区,五常,5.0,高级设计师洗剪吹单人套餐,58,560
星座健康形象设计会所（南大街店）,余杭区,临平,4.4,单人洗吹造型套餐,30,511
画间沙龙  发型定制店,余杭区,老余杭,4.4,总监洗剪吹套餐,66.6,492
发&J;发型公社（临平沃尔玛店）,余杭区,临平,4.9,单人洗剪吹套餐,32,472
潮掌柜发型定制,余杭区,临平,4.6,资深设计师洗剪吹,50,424
潮掌柜发型定制（潮掌柜东湖南路店）,余杭区,临平,5.0,资深设计师洗剪吹,50,424
安森HAIR（良渚店）,余杭区,良渚,3.8,高级发型师洗剪吹单人套餐,58,304
匠心造型美发美甲会所,余杭区,乔司,4.4,单人发型剪裁,28,248
CocoAnge 日式造型,余杭区,永旺梦乐城,5.0,单人资深发型师洗剪吹套餐,88,211
慕斯美业（临平店）,余杭区,临平,4.9,单人无痕接发,8,188
章光101（临平店）,余杭区,临平,4.2,单人养护发套餐,69,185
维妮专业烫染造型,余杭区,老余杭,5.0,BOSS男女洗剪吹造型,28.9,169
艺想秀,余杭区,塘栖,5.0,单人品质洗剪吹,32,168
奇典（东方店）,余杭区,良渚,4.7,单人风格设计师洗剪吹,45,161
奇典美业连锁（仁和镇和平店）,余杭区,良渚,4.2,单人风格设计师洗剪吹,45,161
奇典美业连锁（瓶窑东兴店）,余杭区,良渚,4.4,单人风格设计师洗剪吹,45,161
奇典美业连锁（杭州仁和大道店）,余杭区,良渚,4.0,单人风格设计师洗剪吹,45,161
东尚,余杭区,临平,4.6,单人烫染拉直套餐,148,160
皇子美发,余杭区,余杭区,3.9,单人店长设计+洗剪吹套餐,39,156
皇子美发沙龙连锁,余杭区,永旺梦乐城,5.0,单人店长设计+洗剪吹套餐,39,156
东方神韵美容美发（新大地店）,余杭区,临平,4.2,东方神韵美容美发单人品牌烫/染,128,150
妍姿造型,余杭区,乔司,5.0,妍姿造型洗剪吹1次,36,114
灰菇凉形象会所,余杭区,仓前,5.0,单人特价洗剪吹（活动价）,15.8,108
苗方净颜专业祛痘（临平店）,余杭区,临平,4.3,单人深层洁面+补水套餐1份,38.8,101
发源心舒专业美容美发,余杭区,临平,4.1,发型师洗剪吹,38,100
造诣造型（翡翠城店）,余杭区,五常,4.2,单人圣薇娜烫染2选1套餐,158,87
入佳美女子发型设计专家,余杭区,西田城购物中心,4.2,单人高级设计师洗剪吹1次,19.8,76
2315 John studio 私人订制,余杭区,临平,5.0,ND形象设计精剪,38,76
DA.V美发沙龙 私人会所,余杭区,临平,4.1,高级发型师单人洗剪吹,60,73
DA.V美发沙龙 私人会所（桂花城店）,余杭区,临平,5.0,单人督导设计师洗剪吹,58,73
艺美造型,余杭区,余杭区,5.0,洗吹,15.9,70
起点美发工作室,余杭区,老余杭,4.8,美发套餐，男女不限，提供免费,158,61
剪不简单专属造型,余杭区,临平,4.2,发型师洗剪吹,38,57
经典造型,余杭区,临平,5.0,高级发型师洗剪吹,20,49
润莎美容美体养身会所,余杭区,老余杭,4.7,单人洗剪吹套餐,18,44
HE美发形象设计院,余杭区,塘栖,5.0,基础洗剪吹,25.9,43
A-ONE造型（东城店）,余杭区,乔司,3.5,单人欧莱雅烫/染套餐,289,37
A-ONE造型（城隍店）,余杭区,乔司,4.7,单人欧莱雅烫/染套餐,289,37
A-ONE造型（临平店）,余杭区,临平,3.0,单人欧莱雅烫/染套餐,289,37
卡秀美容美发,余杭区,临平,4.6,卡秀造型单人水洗+男式精剪+造型,22.8,36
精巧名流美容美发,余杭区,老余杭,4.1,单人高级设计师剪发套餐,28.8,35
博乐美业护肤造型（临平店）,余杭区,临平,4.3,单人烫或染二选一套餐,188,35
浪漫满屋潮品美发,余杭区,临平,5.0,浪漫满屋首席设计师洗吹＋造型,19.9,26
嘉韵美业,余杭区,临平,3.6,单人宮廷养生洗护,38,20
本艺造型（亲亲店）,余杭区,余杭区,3.0,欧贝芙健康烫发体验单人套餐,398,19
简艺造型,余杭区,五常,5.0,单人精品洗剪吹,30,18
原宿美颜形象设计会所（迎宾路店）,余杭区,临平,3.9,单人高端美发烫/染套餐（2选1）,299,15
SK时尚产业（临平店）,余杭区,乔司,4.1,单人洗吹,18,15
木村造型（良渚）,余杭区,良渚,4.1,单人圣薇娜烫染套餐,358,15
天生造型（南苑店）,余杭区,临平,4.2,总监洗剪吹单人套餐,118,10
海恒国际美发美甲,余杭区,余杭区,3.7,单人烫／染二选一套餐,168,7
逆光美发沙龙,余杭区,临平,4.1,单人烫染2选1套餐,188,7
欧漫工作室,余杭区,临平,3.0,品牌发型师单人烫染2选1,199,2
美度造型,余杭区,闲林,4.0,洗剪吹+造型,30,2
魔发空间,余杭区,临平,4.0,施华蔻热烫,488,1
夜巴黎发型印象,余杭区,老余杭,4.0,烫染套餐,188,1
品味美发,余杭区,余杭区,3.9,设计师洗剪吹,29.8,1
珂洛丽美甲美睫形象连锁,余杭区,老余杭,5.0,单人进口韩式浓睫线套餐,680,1
唯艺造型护肤spa,余杭区,临平,3.9,单人菲灵烫染,580,1
星尚造型,余杭区,临平,4.2,染/烫靓发单人套餐,158,0
T S 潮艺站（色彩世界店）,余杭区,临平,4.6,单人店长洗剪吹造型套餐,88,0
首艺发艺（禹航路店）,余杭区,老余杭,4.2,单人烫染2选1,588,0
俊逸造型,余杭区,老余杭,4.2,俊逸造型烫或染2选1送价值68元水疗1次,188,0
优又美（老k）,余杭区,余杭区,3.0,单人套餐,98,0
奇迹造型,余杭区,临平,3.5,单人接发套餐,1280,0
首望美容美发,余杭区,五常,4.0,首望美容美发超值洗剪吹25,25,0
新形象,余杭区,良渚,4.1,单人洗剪吹,30,0
博乐造型（运河旗舰店）,余杭区,临平,3.5,单人店长洗剪吹套餐,67.5,0
赖西造型（蓝庭店）,余杭区,临平,3.5,单人设计师洗剪吹1次,499,0
维克美发沙龙,余杭区,临平,3.5,单人洗剪吹1次,58,0
佛伦斯私人定制烫染国际连锁（上城区庆春店）,上城区,上城区,5.0,美芝品系列单人美发套餐,168,143259
佛伦斯私人定制烫染国际连锁（秋涛路店）,上城区,四季青/婺江路地铁站,5.0,美芝品系列单人美发套餐,168,143259
瑞豪专业烫染连锁（望江东路店）,上城区,上城区,5.0,【资深设计师】提案+精致裁剪+造型,28.8,107227
瑞豪专业烫染连锁（潮牌龙翔桥店）,上城区,龙翔桥/市一医院,5.0,【资深设计师】提案+精致裁剪+造型,28.8,107227
瑞豪专业烫染连锁（建国中路店）,上城区,上城区,5.0,【资深设计师】提案+精致裁剪+造型,28.8,107227
美联社&美丽频道造型（龙翔店）,上城区,龙翔桥/市一医院,5.0,菲灵剪护造型送烫发染发二选一,178,97787
紫尚造型（杭州龙翔桥店）,上城区,龙翔桥/音乐喷泉,5.0,【人气】单人烫染直三选一美发套餐,159,59492
侨治发型（元华店）,上城区,湖滨/解百商厦,5.0,单人发型师洗剪吹,78,48582
侨治发型（利星尚城店）,上城区,上城区,5.0,单人发型师洗剪吹,78,48582
侨治发型（西湖银泰店）,上城区,西湖银泰,5.0,单人发型师洗剪吹,78,48582
佑米照型（秋涛路店）,上城区,四季青/婺江路地铁站,4.8,单人剪发套餐1份,39.8,28761
米娜造型,上城区,近江/之江路,4.2,单人欧莱雅高端五选一套餐,198,27358
侨治发型（MS.CHIC）,上城区,龙翔桥/音乐喷泉,5.0,高级发型师洗剪吹,98,26482
摩登时尚（龙翔桥店）,上城区,龙翔桥/市一医院,5.0,【品质优选】设计师定制裁剪,29.8,23679
艺境造型（西湖时代广场店）,上城区,龙翔桥/音乐喷泉,5.0,单人施华蔻烫/染/直C套餐,208,20695
绚诺,上城区,上城区,5.0,单人资深造型师洗剪吹套餐,29.8,20644
小桑树造型（春江花苑店）,上城区,近江/之江路,5.0,单人·洗剪吹造型 仅限女宾套餐,9.9,8652
小桑树造型（婺江店）,上城区,四季青/婺江路地铁站,5.0,单人·洗剪吹造型 仅限女宾套餐,9.9,8652
小桑树造型（平海旺角店）,上城区,平海路,5.0,单人·洗剪吹造型 仅限女宾套餐,9.9,8652
小桑树造型（歌德店）,上城区,城站火车站,5.0,单人·洗剪吹造型 仅限女宾套餐,9.9,8652
拉赛尔（二店）,上城区,江城路沿线,5.0,设计师单人洗剪吹套餐,30,1433
凯博K-boom造型 美发美甲半永久,上城区,上城区,4.5,单人洗剪吹,88,1246
With Me发型屋（定安路店）,上城区,定安路地铁站/西湖大道,5.0,普通洗剪吹单人套餐,55,895
阿超美业,上城区,城站火车站,4.5,总监洗剪吹,88,826
安藤沙龙设计工作室,上城区,上城区,5.0,单人高级设计师洗剪吹,68,816
丝域养发馆（蓝色钱江店）,上城区,近江/之江路,3.8,单人丝域养发头疗套餐1份,69,758
蜜炫造型M.shine韩式原木风（利星店）,上城区,龙翔桥/音乐喷泉,5.0,单人首席造型师洗剪吹1次,68,710
东方名剪,上城区,湖滨/解百商厦,4.7,单人设计师洗剪吹1次,48,643
自由手艺人（西湖国贸店）,上城区,龙翔桥/音乐喷泉,5.0,单人剪发套餐,79,438
LK造型工作室,上城区,龙翔桥/音乐喷泉,5.0,单人设计师洗剪吹,58,393
丝睿专业发型设计（抚宁巷分店）,上城区,上城区,4.1,欧莱雅烫发或染发单人套餐2选1,128,380
起点美容美发经营机构,上城区,上城区,4.6,单人洗吹套餐,20,336
左拉美业（开元路店）,上城区,上城区,5.0,高级发型师单人洗剪吹1次,48,313
安森HAIR（万泰城店）,上城区,近江/之江路,3.8,高级发型师洗剪吹单人套餐,58,304
安森HAIR（西湖银泰店）,上城区,上城区,4.1,高级发型师洗剪吹单人套餐,58,304
色古美业（中山中路店）,上城区,平海路,5.0,高级设计师单人洗剪吹,39,240
Style house 发型屋,上城区,上城区,5.0,单人设计师剪发,35,228
玩美美容美发,上城区,万泰城,5.0,单人创意造型师洗剪吹套餐,32,205
章光101（河坊街店）,上城区,上城区,4.1,单人养护发套餐,69,185
丝睿专业发型设计（清江路分店）,上城区,上城区,5.0,单人欧莱雅套餐,158,182
COCO发型工作设计室,上城区,浙一医院/庆春路沿线,4.9,高级设计师洗剪吹,29,178
UPPERCUT理发店（湖滨银泰in77店）,上城区,湖滨,5.0,单人高级发型师精致剪发,105,79
品秀发型设计（紫花路店）,上城区,复兴路沿线/南星,3.9,总监洗剪吹,45,75
A+发型工作室,上城区,近江/之江路,4.9,单人技术首席剪发,58,73
SAM美发美甲,上城区,上城区,4.0,总监洗剪吹单人套餐,58,71
恋爱宝贝形象设计中心,上城区,城站火车站,5.0,高级美发师洗剪吹单人套餐,40,64
TONI&GUY;汤尼英盖美发沙龙（杭州湖滨店）,上城区,湖滨,5.0,技术总监单人洗剪吹套餐,188,60
悉妮美容美发,上城区,清河坊/南宋御街,4.8,单人高级发型师洗剪吹,39,60
度发型设计,上城区,平海路,4.8,高级发型师洗剪吹单人套餐,28,51
Augus镜意发型工作室,上城区,上城区,5.0,首席发型师单人剪发,98,43
帕克造型,上城区,上城区,4.1,单人洗剪吹套餐,36,42
品尚发型公社,上城区,浙一医院/庆春路沿线,4.4,发型师洗剪吹,29,38
梦梦美睫接发,上城区,龙翔桥/市一医院,5.0,单人原辫发水-晶辫子接发,88,35
梦梦接发（龙翔桥店）,上城区,龙翔桥/市一医院,5.0,单人原辫发水-晶辫子接发,88,35
東田造型（杭州店）,上城区,湖滨,4.5,单人全染一次（不分长中短发）,1341,31
意志造型,上城区,上城区,4.6,单人洗剪吹1次,45,27
白色工坊,上城区,上城区,4.0,设计师洗剪吹,45,19
三义美发美容（南星桥店）,上城区,复兴路沿线/南星,4.5,专业组洗剪吹套餐,68,19
TT美业,上城区,上城区,4.0,单人洗吹造型,27,17
国韵堂,上城区,上城区,4.6,单人单次头皮清洁SPA,98,9
里昂工作室,上城区,鼓楼/河坊街,4.0,单人洗剪吹,30,7
灰主题（Gray theme）,上城区,四季青/婺江路地铁站,4.4,单人施华蔻烫染套餐2选1,280,6
时美美发美容,上城区,上城区,3.5,高级发型师洗剪吹,45,5
时美美发美容（吴山路店）,上城区,湖滨/解百商厦,3.5,高级发型师洗剪吹,45,5
漂靓宝贝美容美发（秋涛路店）,上城区,四季青/婺江路地铁站,3.5,洗剪吹,25,1
奈邦发型公社,上城区,龙翔桥/市一医院,3.0,烫+染发套餐,398,0
昕薇发型设计,上城区,复兴路沿线/南星,4.5,洗剪吹,45,0
黄毛造型工作室,上城区,龙翔桥/市一医院,4.4,造型总监洗剪吹套餐,58,0
VOGUE韦蔸形象美发（西湖店）,上城区,上城区,3.5,单人VOGUE艺术总监洗剪吹套餐,180,0
铂spa镜意发型工作室（尊蓝钱江店）,上城区,近江/之江路,4.0,Augus冯飞设计单剪一次,660,0
春天里,上城区,上城区,3.5,代金劵,200,0
新名思发型设计专业染烫,上城区,上城区,3.0,琅彩染发套餐,138,0
布莱森国际烫染连锁 （秋涛路店 ）,上城区,四季青/婺江路地铁站,3.5,布莱森国际烫染连锁,298,0
八佰伴,上城区,上城区,4.0,烫发套餐,99,0
瑞杰斯,上城区,复兴路沿线/南星,3.8,单人总监洗剪吹,88,0
昂头形象,临安市,衣锦街沿线,5.0,洗剪吹一次,29.8,762
自由风阿峰造型,临安市,城中街,4.4,单人时尚精剪,28.8,729
谢军发艺工作室,临安市,新民街沿线,4.4,单人谢军美发洗剪吹,38,633
东尚丝发型店,临安市,平山/农林大学,3.8,单人洗剪吹,24.9,446
歌德形象公社,临安市,衣锦街沿线,4.1,专业洗剪吹一次,28.8,329
印象沁朗美发,临安市,城中街,3.7,洗剪吹一次,28,327
精剪刀美容美发,临安市,玲珑山附近,4.0,洗剪吹,22.8,318
bobotean形象定制,临安市,石镜街,4.4,洗剪吹套餐,41,293
章光101（临安店）,临安市,锦江路,4.0,单人养护发套餐,69,185
米丝时尚,临安市,新民街沿线,5.0,单人风格定制健康烫发,325,157
昌化人生,临安市,城中街,4.4,单人欧兰香菲烫／染2选1套餐,258,68
昌化人生（江南店）,临安市,新民街沿线,4.2,单人欧兰香菲烫／染2选1套餐,258,68
昌化人生（昌化店）,临安市,昌化镇,3.8,单人欧兰香菲烫／染2选1套餐,258,68
马仕 轻奢发型,临安市,人民广场,4.3,私人风格剪发设计,99.9,56
TONY東霓养生造型会所,临安市,衣锦街沿线,3.9,东霓造型养生会所超值品牌 烫发/染发,108,25
锐邦形象（临安店）,临安市,新民街沿线,4.0,欧贝芙健康烫发体验单人套餐,398,19
追发发艺,临安市,石镜街,4.0,单人洗剪吹,20,15
a米,临安市,石镜街,4.0,洗剪吹,15,2
L Q造型,临安市,新民街沿线,4.1,单人  蓝冠染发／烫发套餐,138,1
beauty比优缇,临安市,新民街沿线,4.2,创艺染发,260,0
佑米造型（星光园店）,富阳区,东方茂,5.0,丽人狂欢节-欧莱雅烫/染二选一,228,310624
紫尚造型（FZ形象沙龙）,富阳区,儿童公园,5.0,【人气】单人烫染直三选一美发套餐,159,59492
瑞豪专业烫染连锁（秋月路店）,富阳区,大润发商贸城,5.0,【时尚白领】玩转色彩／定制造型+首席设计师,188,47906
德尚美容美发养生会所,富阳区,富阳,5.0,首席设计师洗剪吹,36,736
凯尔曼美容美发,富阳区,富阳,3.8,单人洗吹造型,22.8,425
新梦想理发店,富阳区,富阳,4.9,洗剪吹单人套餐,29.9,331
章光101（富阳店）,富阳区,东南商贸中心,4.0,单人养护发套餐,69,185
尚上纤美容美发连锁,富阳区,富阳,5.0,单人发型师洗剪吹,15.8,180
尚城美业,富阳区,富阳,3.6,代金券,80,93
美奇丝美发店,富阳区,富阳,5.0,洗剪吹套餐单人,15,85
明风发型工作室,富阳区,富阳,3.5,洗剪吹套餐,56,4
美琪理发店,富阳区,新登,3.5,单人美琪专属发型设计,25,0
佑米造型（新天地店）,下城区,下城区,5.0,丽人狂欢节-欧莱雅烫/染二选一,228,310624
佑米造型（香积寺路店）,下城区,下城区,5.0,丽人狂欢节-欧莱雅烫/染二选一,228,310624
佑米造型（恋尚店）,下城区,朝晖地区,5.0,丽人狂欢节-欧莱雅烫/染二选一,228,310624
佑米造型（恋尚店）,下城区,延安路沿线,5.0,丽人狂欢节-欧莱雅烫/染二选一,228,310624
佑米造型（武林广场店）,下城区,武林广场,5.0,丽人狂欢节-欧莱雅烫/染二选一,228,310624
佛伦斯私人定制烫染国际连锁（城站店）,下城区,建国路沿线,5.0,美芝品系列单人美发套餐,168,143259
佛伦斯私人定制烫染国际连锁（-西湖文化广场店）,下城区,朝晖地区,5.0,美芝品系列单人美发套餐,168,143259
佛伦斯私人订制烫染全国连锁（凤起商务大厦店）,下城区,凤起路沿线,5.0,美芝品系列单人美发套餐,168,143259
瑞豪专业烫染连锁（白石路店）,下城区,下城区,5.0,【资深设计师】提案+精致裁剪+造型,28.8,107227
美联社&美丽频道造型（西湖文化广场店）,下城区,武林广场,5.0,菲灵剪护造型送烫发染发二选一,178,97787
美联社&美丽频道造型（凤起店）,下城区,凤起路沿线,5.0,菲灵剪护造型送烫发染发二选一,178,97787
侨治发型（银泰武林店）,下城区,武林广场,5.0,单人发型师洗剪吹,78,48582
侨治发型（中大银泰城店）,下城区,中大银泰城,5.0,单人发型师洗剪吹,78,48582
侨治发型（嘉里中心店）,下城区,下城区,5.0,单人发型师洗剪吹,78,48582
侨治发型（国大店）,下城区,武林广场,5.0,单人发型师洗剪吹,78,48582
佑美乐（下城路店）,下城区,庆春路沿线,4.9,单人剪发套餐1份,39.8,28761
佑美乐（华丰店）,下城区,北景园,4.6,单人剪发套餐1份,39.8,28761
倷丝国际烫染连锁（城站店）,下城区,建国路沿线,4.9,单人美芝品美发套餐,168,10611
南瓜车造型（西湖文化广场店）,下城区,武林广场,5.0,资深精剪造型优享体验A,58,10109
私人订制（中大银泰店）,下城区,中大银泰城,5.0,单人洗剪吹,30,9925
小桑树造型（现代雅苑店）,下城区,朝晖地区,5.0,单人·洗剪吹造型 仅限女宾套餐,9.9,8652
小桑树造型（刀茅巷店）,下城区,凤起路沿线,5.0,单人·洗剪吹造型 仅限女宾套餐,9.9,8652
小桑树造型（杭大店）,下城区,武林广场,5.0,单人·洗剪吹造型 仅限女宾套餐,9.9,8652
小桑树造型（东方豪园店）,下城区,朝晖地区,5.0,单人·洗剪吹造型 仅限女宾套餐,9.9,8652
小桑树造型（永富店）,下城区,北景园,5.0,单人·洗剪吹造型 仅限女宾套餐,9.9,8652
小桑树造型（卡顿店）,下城区,下城区,4.6,单人·洗剪吹造型 仅限女宾套餐,9.9,8652
小桑树造型（双牛大厦店）,下城区,建国路沿线,5.0,单人·洗剪吹造型 仅限女宾套餐,9.9,8652
小桑树造型（国都店）,下城区,朝晖地区,5.0,单人·洗剪吹造型 仅限女宾套餐,9.9,8652
小桑树造型（星汇店）,下城区,建国路沿线,5.0,单人·洗剪吹造型 仅限女宾套餐,9.9,8652
小桑树造型（清泰街店）,下城区,建国路沿线,5.0,单人·洗剪吹造型 仅限女宾套餐,9.9,8652
米咔造型（中河店）,下城区,庆春路沿线,4.2,单人欧莱雅超人气金典烫染套餐3选1,198,7844
蔓莎造型全国连锁（白石路店）,下城区,下城区,4.7,单人蔓莎+白领美发套餐,148,5901
小桑树造型（晶晖店）,下城区,朝晖地区,5.0,高级造型师单人·洗剪吹造型套餐,45,5003
小桑树造型（美兮丝店）,下城区,下城区,4.9,高级造型师单人·洗剪吹造型套餐,45,5003
玛莎国际专业接发潮牌（双牛大厦店）,下城区,建国路沿线,4.8,单人全真无痕隐形接发（55cm）拆卸无残留,780,3954
玛莎国际专业接发潮牌（武林路店）,下城区,下城区,5.0,单人全真无痕隐形接发（55cm）拆卸无残留,780,3954
玛莎国际专业接发潮牌（西湖文化广场店）,下城区,武林广场,4.9,单人全真无痕隐形接发（55cm）拆卸无残留,780,3954
玛莎国际专业接发潮牌（中大银泰店）,下城区,下城区,4.5,单人全真无痕隐形接发（55cm）拆卸无残留,780,3954
so美发沙龙,下城区,建国路沿线,5.0,单人高级设计师洗剪吹,48,3907
CoMo蔻慕造型（朝晖店）,下城区,朝晖地区,5.0,单人总监洗剪吹,9.9,3827
CoMo蔻慕造型（中大银泰店）,下城区,中大银泰城,5.0,单人总监洗剪吹,9.9,3827
CoMo蔻慕造型（凤起路店）,下城区,凤起路沿线,5.0,单人总监洗剪吹,9.9,3827
苑苑美容美发（武林壹号店）,下城区,武林广场,5.0,代金券,80,3435
苑苑美容美发（中大银泰城店）,下城区,中大银泰城,5.0,代金券,80,3435
苑苑美容美发（中山北路店）,下城区,朝晖地区,5.0,代金券,80,3435
苑苑美容美发（凤起店）,下城区,建国路沿线,5.0,代金券,80,3435
纯粹发型,下城区,凤起路沿线,5.0,单人高级发型师洗剪吹,48,3409
NALA奈拉发型公社（凤起店）,下城区,凤起路沿线,5.0,单人专业设计师洗剪吹,42,2413
私人订制（凤起路店）,下城区,凤起路沿线,3.0,单人店长洗剪吹套餐,9.9,2386
3AM HAIR SALON烫发染发接发（杭州旗舰店）,下城区,武林广场,5.0,特价洗吹造型套餐,9.9,2311
侨治黄晓明明星店（国大店）,下城区,武林广场,4.9,代金券,80,2281
安阁美业,下城区,凤起路沿线,5.0,技术督导洗剪吹+造型,19.9,2000
名师名店（凤起路店）,下城区,凤起路沿线,5.0,单人洗剪烫染套餐,218,1896
古卓形象（万家星城2店）,下城区,北景园,5.0,单人高级发型师洗剪吹套餐,51,1714
杜尚发型（凤起路店）,下城区,凤起路沿线,5.0,资深设计师单人洗剪吹1次,72,1617
杜尚发型（建国北路店）,下城区,建国路沿线,5.0,资深设计师单人洗剪吹1次,72,1617
简剪造型（文晖店）,下城区,朝晖地区,4.2,洗剪吹+护发单人套餐,45,1252
D.z Salon 无痕接发潮店（西湖文化广场店）,下城区,武林广场,4.8,单人高端无痕接发（全头到腰以上）,1199,1196
吉可美业,下城区,下城区,5.0,单人吉可造型洗剪吹套餐,29.9,971
With Me发型屋（武林潮人店）,下城区,武林广场,5.0,普通洗剪吹单人套餐,55,895
迪奥风格（野风现代之窗店）,下城区,朝晖地区,5.0,单人总监洗剪吹套餐,29.8,893
VNG私人定制Hair salon（品质潮店）,下城区,北景园,5.0,单人洗剪吹一次,35,818
丝域养发馆（国都公寓店）,下城区,凤起路沿线,5.0,单人丝域养发头疗套餐1份,69,758
蜜炫造型M.shine美式复古风（国都店）,下城区,朝晖地区,5.0,单人首席造型师洗剪吹1次,68,710
优尚发艺（醋坊巷店）,下城区,庆春路沿线,4.1,新欧巴烫／染＋洗吹造型套餐,196,664
so美发沙龙（孩儿巷店）,下城区,凤起路沿线,5.0,单人高级设计师洗剪吹,25,664
丽拓发型工作室（一店）,下城区,朝晖地区,4.6,丽拓发型工作室洗剪吹/护理单人套餐,58,576
微吾发咖（朝晖店）,下城区,朝晖地区,5.0,周五至周日单人洗剪吹,28.8,569
沃格造型,下城区,朝晖地区,5.0,单人发型总监洗剪吹1次,48,540
vs美业,下城区,朝晖地区,5.0,单人总监洗剪吹,39,519
可可造型,下城区,建国路沿线,5.0,单人洗剪吹套餐,35,505
Y-S日系潮牌接发机构（西湖文化广场店）,下城区,武林广场,5.0,单人首席洗剪吹,58.8,491
蓝风筝（莫衙营店）,下城区,建国路沿线,4.6,单人首席洗剪吹套餐,58,447
时尚频道造型,下城区,延安路沿线,5.0,高级发型师洗剪吹单人套餐,48,350
安森HAIR（朝晖店）,下城区,朝晖地区,4.4,高级发型师洗剪吹单人套餐,58,304
ak47发型工作室,下城区,武林广场,4.8,单人吹风造型,25,62
BIG STAR大明星造型,下城区,建国路沿线,4.8,特级发型师单人洗剪吹,58,61
Franck Provost梵珀巴黎,下城区,武林广场,5.0,单人创意总监洗剪吹,96,60
发工厂Vclub,下城区,下城区,3.9,技术督导单人洗吹造型,39,56
石桥华丰南苑领秀形象定制（领秀石桥店）,下城区,北景园,4.0,高级发型师洗剪吹,25,56
卡伯造型,下城区,武林广场,4.7,单人明泽／媛子老师洗剪吹套餐,136,44
艺馨真善美美容美发养生会所（绿洲花园店）,下城区,朝晖地区,3.5,单人设计师洗剪吹1次,48,40
瑞珼卡,下城区,建国路沿线,4.0,店长洗剪吹单人套餐,49.8,40
8cm无痕专业接发（武林店）,下城区,武林广场,4.7,单人全真隐形无痕接发（75cm）120片,1280,40
好运造型,下城区,中大银泰城,5.0,高级发型师洗剪吹单人,45,38
索乐形象（庆春路店）,下城区,庆春路沿线,4.8,单人高级设计师洗剪吹套餐,48,38
東田造型（嘉里中心店）,下城区,延安路沿线,5.0,单人全染一次（不分长中短发）,1341,31
无痕接发（杭州店）,下城区,下城区,4.4,隐形无痕接发,499,29
EXP发型,下城区,建国路沿线,4.9,洗吹单人套餐,28,28
名尊形象设计（建国店）,下城区,庆春路沿线,4.6,总监洗剪吹单人套餐,50,27
浪波湾美发沙龙,下城区,下城区,4.2,单人资深发型师洗剪吹套餐,50,24
V发型屋Vprofessional Hair,下城区,延安路沿线,5.0,洗吹造型,15.8,23
菲戈私人订制,下城区,武林广场,3.8,单人无痕接发套餐（60片接到胸）,699,22
誠品发型,下城区,凤起路沿线,5.0,单人设计师洗剪吹套餐,58,22
古色高端美发工作室,下城区,体育场路沿线,4.5,洗剪吹单人套餐,45,20
雅轩美发,下城区,体育场路沿线,4.3,单人单次洗剪吹套餐,30,20
Andy’私人定制（朝晖店）,下城区,朝晖地区,4.0,剪护单人套餐,58,19
DANNYS造型公社,下城区,凤起路沿线,4.2,欧贝芙健康烫发体验单人套餐,398,19
摯尚美学沙龙,下城区,武林广场,3.5,欧贝芙健康烫发体验单人套餐,398,19
韩艺造型（万豪旗舰店）,下城区,武林广场,4.5,单人创意总监精品洗剪吹,138,18
英皇美发沙龙,下城区,下城区,3.7,单人欧莱雅套餐,146,17
My hair style,下城区,武林广场,4.0,女神季洗吹单人套餐,50,16
私享家美发造型,下城区,下城区,5.0,单人烫或染2选1A套餐,178,14
雅典布拉格美业,下城区,北景园,4.0,单人洗吹造型限中午12点前,1,13
艾尚美容美发,下城区,建国路沿线,4.0,单人高级发型师洗剪吹,30,12
靓颜达人工作室,下城区,朝晖地区,4.5,单人脱.毛单次套餐,38,12
新视线发艺（新市街店）,下城区,朝晖地区,4.0,单人美发组合A套餐,458,11
绝品美发,下城区,庆春路沿线,3.9,高级设计师单人洗剪吹+发质调理霜,28,11
顺爱造型,下城区,北景园,4.4,单人店长精剪,38,10
hc嗬朵造型·咖啡美学生活馆,下城区,武林广场,5.0,单人资深设计师剪发造型1次,68,8
多多做头,下城区,武林广场,3.0,单人总监洗剪吹,38,8
HJ美甲美睫半永久皮肤管理中心,下城区,中大银泰城,4.9,单人脸部补水驻氧护理套餐,98,6
唯尔造型,下城区,朝晖地区,4.0,单人设计师洗剪吹套餐,50,6
三E造型,下城区,下城区,4.0,NJ烫或染单人套餐,198,5
In Style 造型（杭州店）,下城区,凤起路沿线,5.0,单人精致剪发体验套餐,108,5
丑丑美容美发（吉如店）,下城区,武林广场,3.5,单人首席洗剪吹套餐,68,4
原塑时光美容美发,下城区,下城区,3.0,技术督导洗剪吹单人套餐,29.9,4
Sugar Hair,下城区,凤起路沿线,4.0,洗吹体验单人套餐,9.9,4
Top无痕接发（旗舰店）,下城区,朝晖地区,3.0,单人接发（含染发剪发护理）套餐,1200,4
OMG造型,下城区,武林广场,4.2,单人中短发施华蔻染发套餐,480,3
smile唯美造型,下城区,北景园,4.0,smile唯美造型烫发,99,3
热带鱼美容美甲,下城区,下城区,3.5,单人韩国甲油胶美甲套餐,158,3
藤刺青 私人订制刺青,下城区,中大银泰城,5.0,代金劵,70,3
QKUTS剪酷儿童理发（嘉里中心店）,下城区,延安路沿线,5.0,儿童单剪,171,3
EME HAIR SALON艺美沙龙,下城区,朝晖地区,4.1,欧莱雅美奇丝热烫单人套餐,358,2
艺爵美发会所,下城区,北景园,3.0,单人欧莱雅染发套餐,228,2
凡佐时尚,下城区,北景园,3.5,俏梦烫染短发套餐,288,2
来往发型屋（4店）,下城区,体育场路沿线,3.5,单人设计师洗剪吹,32,2
DS life style,下城区,凤起路沿线,4.5,时尚烫发2选1,488,2
尚腾美（朝晖店）,下城区,朝晖地区,5.0,单人露新兰 短发 烫/染2选1套餐,298,2
来往发型屋（2店）,下城区,下城区,3.5,单人设计师洗剪吹,32,2
新锐造型,下城区,朝晖地区,4.0,单人欧莱雅美奇丝烫发/染发套餐二选一,260,1
星·密码,桐庐县,桐庐,5.0,单人设计师洗剪吹1次,26.8,504
章光101（桐庐店）,桐庐县,瑶琳路沿线,4.0,单人养护发套餐,69,185
艾薇国际美容美发SPA会所,桐庐县,瑶琳路沿线,3.5,单人1001（洗剪吹）,19.8,104
艺廊造型,桐庐县,桐庐,3.5,艺廊造型烫染套餐,88,5
头领造型,建德市,建德,5.0,单人资深设计师洗剪吹+造型+水疗1次,23.8,415
章光101（建德店）,建德市,市府,4.0,单人养护发套餐,69,185
大师兄形象设计,建德市,老广场,4.1,单人干洗套餐,18,3
巨星造型会所,建德市,建德,3.5,洗头单人套餐,15,2
