﻿商家,区域,商圈,星级,服务,价格,销量
佑米造型（国贸店）,金水区,国贸360,5.0,丽人狂欢节-欧莱雅烫/染二选一,228,310652
佑米造型（龙子湖东校区店）,金水区,龙子湖校区,5.0,丽人狂欢节-欧莱雅烫/染二选一,228,310652
佑米造型（北环文化路店）,金水区,陈寨/张家村,5.0,丽人狂欢节-欧莱雅烫/染二选一,228,310652
佑米造型（中州大道农业路店）,金水区,金城国际广场,5.0,丽人狂欢节-欧莱雅烫/染二选一,228,310652
佑米造型（科技市场店）,金水区,科技市场/硅谷广场,5.0,丽人狂欢节-欧莱雅烫/染二选一,228,310652
佑米造型（天旺广场店）,金水区,天旺广场,5.0,丽人狂欢节-欧莱雅烫/染二选一,228,310652
佑米造型（凯德广场精品店）,金水区,东建材,5.0,丽人狂欢节-欧莱雅烫/染二选一,228,310652
佑米造型（金鹏时代店）,金水区,金水区,5.0,丽人狂欢节-欧莱雅烫/染二选一,228,310652
佑米造型（大石桥soho店）,金水区,大石桥,5.0,丽人狂欢节-欧莱雅烫/染二选一,228,310652
佑米造型（经三路店）,金水区,省电视台/北站,5.0,丽人狂欢节-欧莱雅烫/染二选一,228,310652
佑米造型（曼哈顿商业广场店）,金水区,曼哈顿广场,5.0,丽人狂欢节-欧莱雅烫/染二选一,228,310652
佛伦斯私人订制烫染国际连锁（轻工业学院店）,金水区,财院/轻工业学院,5.0,美芝品系列单人美发套餐,168,143257
佛伦斯私人订制烫染国际连锁（金成国际店）,金水区,金城国际广场,5.0,美芝品系列单人美发套餐,168,143257
佛伦斯私人定制烫染国际连锁（曼哈顿广场店）,金水区,曼哈顿广场,5.0,美芝品系列单人美发套餐,168,143257
佛伦斯私人订制烫染国际连锁（高级美发沙龙私人订制）,金水区,国贸360,5.0,美芝品系列单人美发套餐,168,143257
水晶之恋（023健康路店）,金水区,健康路/体育场,5.0,单人技术总监精致剪发造型,29.9,138524
水晶之恋（095丰产路二店）,金水区,经三路沿线,5.0,单人技术总监精致剪发造型,29.9,138524
水晶之恋（146丰产三店）,金水区,经三路沿线,5.0,单人技术总监精致剪发造型,29.9,138524
水晶之恋（155任寨北街二店）,金水区,建文新世界,5.0,单人技术总监精致剪发造型,29.9,138524
瑞豪专业烫染连锁（锦江国际店）,金水区,金水区,5.0,【资深设计师】提案+精致裁剪+造型,28.8,107237
极美造型（国贸店A店）,金水区,国贸360,5.0,单人首席洗剪吹造型套餐,29.8,21517
极美造型（soho新干线店）,金水区,郑东新区东建材,5.0,单人首席洗剪吹造型套餐,29.8,21517
极美造型（心怡路店）,金水区,祭城/大旺城,5.0,单人首席洗剪吹造型套餐,29.8,21517
极美造型（国贸无痕接发烫染潮店）,金水区,国贸360,5.0,单人首席洗剪吹造型套餐,29.8,21517
极美造型（曼哈顿商业广场店）,金水区,曼哈顿广场,5.0,单人首席洗剪吹造型套餐,29.8,21517
极美造型（好莱坞店）,金水区,金城国际广场,5.0,单人首席洗剪吹造型套餐,29.8,21517
极美造型（大上海店）,金水区,丹尼斯·大卫城,5.0,单人首席洗剪吹造型套餐,29.8,21517
极美造型（大玉米商务内环店）,金水区,郑东新区CBD,5.0,单人首席洗剪吹造型套餐,29.8,21517
极美造型接发烫染潮店（龙子湖东校区店）,金水区,龙子湖校区,5.0,单人首席洗剪吹造型套餐,29.8,21517
极美造型（文化路店）,金水区,健康路/体育场,5.0,单人首席洗剪吹造型套餐,29.8,21517
绚诺soho（东风路店）,金水区,金水万达/蓝堡湾,4.9,单人资深造型师洗剪吹套餐,29.8,20644
绚诺soho（博学路店）,金水区,龙子湖校区,4.4,单人资深造型师洗剪吹套餐,29.8,20644
绚诺SOHO（国贸360店）,金水区,国贸360,4.8,单人资深造型师洗剪吹套餐,29.8,20644
阿洋私人订制美发工作室（国贸360潮店）,金水区,国贸360,5.0,单人私人订制技术总监长/短发洗剪吹【不满意我买单】,29,20461
纤尚美容美发沙龙,金水区,人民路/紫荆山,3.5,单人欧莱雅美奇丝超值烫发/染发二选一美发套餐,168,15877
芸熙美人（国贸360店）,金水区,国贸360,5.0,丝芭奴烫染拉5选1+高级护理+洗剪单人套餐,399,14345
蔓莎造型全国连锁（文化路店）,金水区,陈寨/张家村,4.8,单人高级理发师单人洗剪吹,24.8,14279
丝域养发馆（蓝堡湾店）,金水区,金水万达/蓝堡湾,4.2,玫瑰香薰spa+水润头皮护理,88,10636
丝域养发馆（郑州凯德广场店）,金水区,东建材,4.0,玫瑰香薰spa+水润头皮护理,88,10636
丝域养发馆（绿城百合店）,金水区,熙地港/王府井,4.0,玫瑰香薰spa+水润头皮护理,88,10636
丝域养发馆（非常国际店）,金水区,金城国际广场,4.0,玫瑰香薰spa+水润头皮护理,88,10636
丝域养发馆（银基王朝店）,金水区,曼哈顿广场,4.0,玫瑰香薰spa+水润头皮护理,88,10636
丝域养发馆（鑫苑名家店）,金水区,省电视台/北站,4.0,玫瑰香薰spa+水润头皮护理,88,10636
丝域养发馆（熙地港店）,金水区,郑东新区CBD,4.0,玫瑰香薰spa+水润头皮护理,88,10636
迪美造型（大上海城店）,金水区,丹尼斯·大卫城,5.0,单人欧莱雅超人气套餐168,168,10289
紫尚造型（花园路店）,金水区,国贸360,3.5,单人设计师洗剪吹,28,9974
美天淘日系沙龙（金水万达店）,金水区,金水万达/蓝堡湾,4.2,单人设计师洗剪吹,28,9974
KAKA发型·帮帮忙（始创店-人民路店）,金水区,人民路/紫荆山,5.0,单人首席设计师洗剪吹造型1次,46,9894
KAKA发型·帕勒美沙龙（帕勒店-金水万达）,金水区,金水万达/蓝堡湾,5.0,单人首席设计师洗剪吹造型1次,46,9894
KAKA发型·帮帮忙（天下城店-优胜北路店）,金水区,健康路/体育场,5.0,单人首席设计师洗剪吹造型1次,46,9894
KAKA发型·帮帮忙（迪亚店-黄河南路店）,金水区,郑东新区CBD,4.9,单人首席设计师洗剪吹造型1次,46,9894
KAKA发型·帮帮忙（丹尼店-管城后街店）,金水区,人民路/紫荆山,5.0,单人首席设计师洗剪吹造型1次,46,9894
美学.星工坊（农科路店）,金水区,金城国际广场,4.0,单人总监欧莱雅美奇丝烫染套餐,158,7519
美学·星工坊（纬三路小学店）,金水区,建文新世界,4.0,单人总监欧莱雅美奇丝烫染套餐,158,7519
美学·星工坊烫染（国贸360店）,金水区,金水区,4.7,单人总监欧莱雅美奇丝烫染套餐,158,7519
美学·星工坊（360国贸一店）,金水区,国贸360,5.0,单人总监欧莱雅美奇丝烫染套餐,158,7519
美学·星工坊（凤凰茶城店）,金水区,金水区,4.0,单人总监欧莱雅美奇丝烫染套餐,158,7519
美学·星工坊（名门广场店）,金水区,曼哈顿广场,4.0,单人总监欧莱雅美奇丝烫染套餐,158,7519
美学·星工坊（大石桥soho广场店）,金水区,大石桥,4.0,单人总监欧莱雅美奇丝烫染套餐,158,7519
GOLD MISS专业染发接发（金水店）,金水区,国贸360,5.0,单人Colour of Heaven色彩世界染发套餐,198,3309
纯尚形象私人订制工作室,金水区,陈寨/张家村,5.0,单人超值洗剪吹,19.8,3074
维尔曼时尚定制-美发烫染连锁（曼哈顿店）,金水区,曼哈顿广场,5.0,单人洗发+吹干+造型（提供发型建议咨询）,19.9,2791
维尔曼时尚定制-美发烫染连锁（文化路总店）,金水区,健康路/体育场,5.0,单人洗发+吹干+造型（提供发型建议咨询）,19.9,2791
爱尚专业造型,金水区,龙子湖校区,5.0,爱尚造型洗发+剪发+造型,12.9,2690
米兰发型顾问,金水区,科技市场/硅谷广场,5.0,单人洗剪吹套餐,17.9,2678
东东美容美发（东风店）,金水区,财院/轻工业学院,5.0,单人特级发型师洗剪吹1次,56,2551
米琳造型（普罗旺斯店）,金水区,普罗旺世/庙李,4.6,单人欧莱雅水润烫发/染发/拉直3选1套餐,198,2507
F-Young 匠·沙龙（总店）,金水区,郑东新区CBD,5.0,单人风格设计师剪发套餐,39.9,2441
F-Young匠·沙龙（七天地旗舰店）,金水区,郑东新区CBD,5.0,单人风格设计师剪发套餐,39.9,2441
金座造型（直营连锁航院分店）,金水区,龙子湖校区,5.0,单人总监洗剪吹（造型）,31.8,2437
金座造型（直营连锁东三街店）,金水区,大石桥,5.0,单人总监洗剪吹（造型）,31.8,2437
One Seven形象策划17美发烫染工作室（蓝堡湾旗舰店）,金水区,金水万达/蓝堡湾,5.0,单人超值剪发造型套餐,28,2307
One Seven形象策划17美发烫染工作室（金成时代广场店）,金水区,经三路沿线,5.0,单人超值剪发造型套餐,28,2307
尼亚形象设计,金水区,财院/轻工业学院,5.0,3人洗剪吹套餐,71.9,2298
卡美伦·发型风格定制连锁,金水区,普罗旺世/庙李,5.0,单人总监洗剪造型,28,2190
卡美伦·发型风格定制连锁（国贸360店）,金水区,国贸360,4.7,单人总监洗剪造型,28,2190
V8美容美发沙龙会所（丰乐路店）,金水区,天旺广场,5.0,单人首席师剪发套餐,38,2085
V8美容美发沙龙会所（南阳路店）,金水区,天旺广场,5.0,单人首席师剪发套餐,38,2085
哈文造型（东风路店）,金水区,财院/轻工业学院,5.0,单人烫染套餐B,199,1990
JM匠心品质·无痕接发烫染（原盛国际店）,金水区,郑东新区东建材,5.0,高级设计师洗剪吹+造型,25.8,1431
艺人帮魅力秀场,金水区,普罗旺世/庙李,5.0,艺人帮魅力秀场 洗剪吹一次,19.9,1346
威威美容美发连锁机构（东风路店）,金水区,科技市场/硅谷广场,3.9,单人资深设计师洗剪吹套餐,30,1339
维纳斯美容美发连锁机构（政七街店）,金水区,经三路沿线,4.0,单人资深设计师洗剪吹套餐,30,1339
威威美容美发连锁机构（卢浮宫店）,金水区,健康路/体育场,3.0,单人资深设计师洗剪吹套餐,30,1339
威威美容美发连锁机构（盛和街店）,金水区,祭城/大旺城,4.2,单人资深设计师洗剪吹套餐,30,1339
威威美容美发连锁机构（丰庆路店）,金水区,金水区,4.3,单人资深设计师洗剪吹套餐,30,1339
威威美容美发连锁机构（生产路店）,金水区,丰业广场/千盛广场,4.2,单人资深设计师洗剪吹套餐,30,1339
威威美容美发连锁机构（经八路店）,金水区,经三路沿线,3.5,单人资深设计师洗剪吹套餐,30,1339
佛伦斯私人定制烫染国际连锁（大上海城店）,金水区,金水区,5.0,单人美发烫染套餐,98,1325
89美容美发连锁机构,金水区,金水万达/蓝堡湾,3.6,单人洗剪吹套餐,20,1325
发友造型,金水区,郑东新区东建材,4.8,单人精品洗剪吹套餐,24.9,1319
雨田造型,金水区,经三路沿线,5.0,单人雨田造型洗剪吹,21.9,1307
顶尚烫染造型（天旺广场店）,金水区,天旺广场,4.7,设计师洗剪吹（开业特惠）,20,1305
顶尚烫染造型（硅谷广场形象店）,金水区,科技市场/硅谷广场,4.8,设计师洗剪吹（开业特惠）,20,1305
海伦Mr.Tao形象设计（丹尼斯百货六天地店）,金水区,郑东新区CBD,5.0,【裁剪】专业设计师精致设计,39.9,1273
致·时光里美发沙龙（曼哈顿店）,金水区,曼哈顿广场,5.0,单人资深设计师洗剪吹,49,1258
袋鼠快剪（丹尼斯店）,金水区,省电视台/北站,5.0,单人设计师精剪+造型,9.9,1256
中澳发型,金水区,金城国际广场,4.4,单人精品剪发,19.8,1237
大猫发型（万达中心店）,金水区,金水万达/蓝堡湾,5.0,单人品质剪发造型 不满意一周内免费调整,39,1235
MY私人定制美发工作室,金水区,郑东新区东建材,5.0,单人洗剪吹套餐,18,1196
欧莱雅专属定制歌海音乐发廊（丹尼斯一天地店）,金水区,郑东新区CBD,4.6,单人资深发型师剪发一次,58,1192
顶尚名丝女子烫染会所,金水区,陈寨/张家村,4.6,单人洗剪吹造型1次,19.9,1163
AQ法兰克福,金水区,经三路沿线,5.0,AQ法兰克福单人剪发套餐,25.8,1139
木沙形象设计,金水区,人民路/紫荆山,4.6,单人洗剪吹,20.9,1053
JK®发型顾问（纬四路店）,金水区,金水区省政府,5.0,【裁剪】高级设计师精致设计,39,978
JK®发型顾问（熙地港店）,金水区,郑东新区CBD,5.0,【裁剪】高级设计师精致设计,39,978
等妳形象设计馆（银基王朝店）,金水区,曼哈顿广场,5.0,单人设计师剪发一次,39,972
得妙美容美发沙龙,金水区,曼哈顿广场,5.0,单人首席设计师洗剪吹造型,29.9,971
711创意美发美甲,金水区,郑东新区东建材,5.0,单人总监洗剪吹造型一次,25.8,952
诺蔻美发工作室,金水区,金水区,5.0,单人洗剪吹造型套餐,17.8,937
海涛,金水区,财院/轻工业学院,3.9,单人超值精品洗剪吹,19,923
名发丝,金水区,财院/轻工业学院,5.0,单人超值精品洗剪吹,19,923
金艺剪造型,金水区,金城国际广场,4.8,单人洗剪吹套餐,30,901
微米造型（凯德广场精品店）,金水区,东建材,5.0,单人首席设计师洗剪吹造型,19.8,888
星尚造型护肤（银基王朝店）,金水区,曼哈顿广场,5.0,单人资深设计师洗剪吹套餐,39.9,877
尚凡朗造型（玉凤路店）,金水区,曼哈顿广场,5.0,单人洗剪吹造型,59,846
匠人组合发型定制,金水区,新通桥,5.0,单人首席发型师剪发,20,811
凯文专业女子美发美甲Kevin Hair Salon（郑州专业无痕接发）,金水区,国贸360,5.0,洗发+精致造型,28,810
Color造型（国贸360店）,金水区,国贸360,5.0,单人首席设计师洗剪吹套餐,49,752
色彩造型（国贸360店）,金水区,国贸360,4.6,单人首席设计师洗剪吹套餐,49,752
苏荷造型设计,金水区,经三路沿线,5.0,单人首席设计师气质剪发套餐,28,736
I 美SALON时尚定制烫染无痕接发潮店（丰产路总店）,金水区,国贸360,5.0,资深设计师 洗剪吹+造型,16.9,712
segu涩谷（万鼎商业广场店）,金水区,郑东新区CBD,4.8,洗剪吹,25.8,707
798造型（凯德广场店）,金水区,东建材,4.8,单人AA级明星设计师洗剪吹,55,694
尚美国际美发造型连锁（政六街店）,金水区,国贸360,4.0,慧发现尚美国际,19.88,694
美约美发美甲工作室,金水区,祭城/大旺城,5.0,剪发套餐,16.9,693
DAMO,金水区,金水万达/蓝堡湾,5.0,单人资深造型师精剪＋创意造型,39,692
yz 美发,金水区,国贸360,5.0,单人私享造型单人剪,16.8,689
小建美发美甲工作室（天旺优库店）,金水区,天旺广场,5.0,单人洗剪吹套餐,19.9,687
领秀美容美发（经三路店）,金水区,经三路沿线,5.0,单人设计师精剪套餐,19.9,667
凤台路朗朗,金水区,东建材,5.0,单人设计师精剪套餐,19.9,667
海伦美发（祭城店）,金水区,金水区,4.2,单人海伦美发时尚剪发套餐,25,659
海伦美业（金庄店）,金水区,金水区,4.2,单人海伦美发时尚剪发套餐,25,659
尚美国际美容美发全国连锁（黄河路总店）,金水区,经三路沿线,5.0,洗剪吹套餐,19.8,654
私人订制美容美发美甲高级会所（健康路总店）,金水区,健康路/体育场,5.0,风格设计师洗剪吹,38,650
东东美发沙龙（大卫城店）,金水区,丹尼斯·大卫城,4.8,单人发型总监洗剪吹一次,76,631
美咖造型（花园路店）,金水区,沙门/汽配,5.0,单人风格定制品质烫/染套餐,148,626
BELLE钡欧时尚定制,金水区,国贸360,5.0,单人洗剪吹,48.8,624
丽人造型专业烫染美发沙龙（科技市场店）,金水区,科技市场/硅谷广场,5.0,单人洗剪吹,38,620
谛怡造型沙龙,金水区,柳林刘庄,4.2,单人洗剪吹,18,617
尚美造型精致店（柳林中心街店）,金水区,柳林刘庄,4.2,单人洗剪吹,18,617
Top造型（蓝堡湾店）,金水区,金水万达/蓝堡湾,5.0,单人资深设计师剪发套餐,25,611
Top造型（国贸店）,金水区,国贸360,5.0,单人资深设计师剪发套餐,25,611
T咪潮牌造型·无痕接发,金水区,国贸360,5.0,单人总监洗剪吹套餐,38,599
丝奔美发店,金水区,金水区,5.0,单人丝奔美发店洗剪吹套餐,24.9,585
HALO潮牌造型连锁机构​（国贸360总店）,金水区,国贸360,5.0,单人欧莱雅品质套餐,268,584
HALO潮牌造型连锁机构​（（凯德广场店））,金水区,东建材,5.0,单人欧莱雅品质套餐,268,584
名都造型（建业路店）,金水区,东建材,5.0,单人首席设计师洗剪吹造型,29.9,561
Vanessa凡尼沙,金水区,熙地港/王府井,5.0,单人发廊总监剪发套餐,69.9,556
LZ发型定制,金水区,东建材,5.0,单人技术指导洗剪吹,25,546
Queen女王潮牌色彩造型美发工作室,金水区,国贸360,5.0,单人健康洗发造型,16.8,537
唯美专业美发美甲沙龙,金水区,东建材,5.0,单人资深发型师洗剪吹套餐,19,518
广州GOGO造型,金水区,郑东新区东建材,5.0,发型师洗剪吹套餐,29,489
星期八美发（凯德广场店）,金水区,东建材,5.0,单人资深造型师洗剪吹1次,35,474
717美发美甲生活馆（宝龙城市广场店）,金水区,熙地港/王府井,5.0,单人特级发型师洗剪吹造型,27,465
1cm美发沙龙,金水区,曼哈顿广场,5.0,首席计师剪发套餐,12.9,464
爱美美发美容沙龙,金水区,柳林刘庄,5.0,单人私人订制首席设计师洗剪吹套餐,18.8,464
豫约造型,金水区,大石桥,4.5,单人洗剪吹,21.9,455
G s 私人定制美容美发,金水区,健康路/体育场,5.0,单人总监剪发＋造型,48,441
尚美造型私人订制工作室（曼哈顿店）,金水区,曼哈顿广场,4.9,烫染套餐3选1,128,439
源之美烫染工作室,金水区,天旺广场,4.8,单人洗发+精剪+造型,23,433
赫柏美容美发私人工作室（旗舰店）,金水区,国贸360,5.0,单人时尚剪发造型,9.9,433
凯梵造型,金水区,郑东新区东建材,4.5,凯梵造型洗剪吹,17.9,414
美吧造型,金水区,大石桥,5.0,洗剪吹,15.8,411
卡施特国际美发造型,金水区,建文新世界,4.0,单人歌仕烫染套餐,188,410
芭比梦（熙元国际形象管家）,金水区,金水区,5.0,单人设计师洗剪吹,57,394
佳媛国际造型·无痕接发烫染潮流（新东站店）,金水区,金水区,5.0,单人设计师洗剪吹套餐,28,391
锦城国际造型（献伟理发店）,金水区,丰业广场/千盛广场,5.0,单人资深造型师洗剪吹套餐,29.9,383
A.沙龙美发造型,金水区,省电视台/北站,5.0,单人洗剪吹1次,18.6,376
古奇美发造型沙龙,金水区,曼哈顿广场,4.7,单人高级发型师剪发,36.8,373
老k头发工坊（英协广场店）,金水区,东建材,5.0,单人资深设计师洗剪吹,29.9,370
1989私人形象定制,金水区,科技市场/硅谷广场,5.0,资深设计师洗剪吹【开业巨惠】,19.9,363
天齐整体形象设计（凤凰茶城店）,金水区,金水区,4.8,单人创意总监洗剪吹,20,355
纤艺美发工作室（上都国际店）,金水区,健康路/体育场,4.9,单人洗发造型套餐,14.9,354
G salon私人造型定制,金水区,国贸360,5.0,单人资深设计师洗发+造型套餐一次,30,354
标榜造型（农业路政七街店）（农业路政七街店）,金水区,经三路沿线,4.9,单人技术总监剪发造型套餐,19.8,348
Perfect one私享美发沙龙,金水区,郑东新区东建材,5.0,单人首席设计师洗剪吹,78,345
美咖造型（世豪小公馆店）,金水区,金水万达/蓝堡湾,5.0,单人资深设计师剪护套餐,58,341
世不低头造型,金水区,龙子湖校区,4.3,洗剪吹,14.8,336
EXY&组合（二天地店）,金水区,郑东新区CBD,5.0,单人设计师剪发,46,323
MJ无痕接发烫染工作室（蓝宝湾店）,金水区,金水万达/蓝堡湾,5.0,资生堂烫/染/拉3选1,268,323
杰克·私人订制造型沙龙,金水区,丹尼斯·大卫城,5.0,单人设计师洗剪吹套餐,25.9,321
柏霖造型工作室,金水区,金水区,5.0,单人总监洗剪吹,30,313
丽人造型·美发（国贸无痕接发烫染潮店）,金水区,国贸360,5.0,提前预约_营养烫发/染色/拉直/定型/打蜡5选1+护理洗剪吹,96,312
丽人造型·美发白庄（无痕接发烫染潮店）,金水区,郑东新区东建材,5.0,提前预约_营养烫发/染色/拉直/定型/打蜡5选1+护理洗剪吹,96,312
丽人造型·美发（艾尚无痕接发烫染潮店）,金水区,曼哈顿广场,4.9,提前预约_营养烫发/染色/拉直/定型/打蜡5选1+护理洗剪吹,96,312
丽人造型·美发（姚寨无痕接发烫染潮店）,金水区,经三路沿线,4.9,提前预约_营养烫发/染色/拉直/定型/打蜡5选1+护理洗剪吹,96,312
丽人造型·美发（北环无痕接发烫染潮店）,金水区,金水区,5.0,提前预约_营养烫发/染色/拉直/定型/打蜡5选1+护理洗剪吹,96,312
奈丝美业（蓝堡湾三期贵人街店）,金水区,金水万达/蓝堡湾,5.0,单人创意总监精剪,39.8,304
佛伦斯美发工作室（大上海城店）,金水区,丹尼斯·大卫城,5.0,单人资深设计师洗剪吹＋造型,39,303
VR佛罗伦斯美发工作室,金水区,丹尼斯·大卫城,5.0,单人资深设计师洗剪吹＋造型,39,303
唐潮美发沙龙（千盛广场店）,金水区,金水区,5.0,单人奢华【烫染】品质套餐,488,302
阿南造型美发烫染工作室（居易国际广场店）,金水区,沙门/汽配,5.0,提前约银色店长洗剪吹,19.9,299
慕美造型Top发型定制（国贸360店）,金水区,国贸360,4.9,单人超值烫+染套餐,198,295
出发点魅力美容美发（经三路店）,金水区,金水区省政府,4.1,单人高级发型师洗剪吹套餐,28,294
1801美发会所,金水区,国贸360,5.0,单人洗剪吹造型套餐一次,18.8,290
尊荣发型设计会所（百福街店）,金水区,郑东新区东建材,5.0,单人普通洗护套餐,19.8,211
和澤形象（曼哈顿好漂亮店）,金水区,曼哈顿广场,4.3,单人洗吹套餐,26.6,207
和澤形象,金水区,熙地港/王府井,5.0,单人洗吹套餐,26.6,207
铭发轩烫染旗舰店,金水区,龙子湖校区,5.0,单人设计师洗剪吹,19.8,206
阿星海伦美容美发店（广电南路店）,金水区,省电视台/北站,5.0,洗剪吹1次,23,205
oh8发型色彩美发会所,金水区,金水万达/蓝堡湾,5.0,总监洗剪吹,19.8,204
KoKo hair solon（国贸360A座店）,金水区,国贸360,4.9,单人首席设计师洗剪吹套餐,39.9,192
Ai慕美容美发会所,金水区,曼哈顿广场,5.0,设计师剪发,19.9,192
老黑造型（国贸店）,金水区,国贸360,5.0,单人AA级高级设计师洗剪吹1次,99,186
威娜时尚烫染造型（凤凰茶城店）,金水区,金水区,5.0,单人总监洗剪吹套餐,17.9,174
章华养发中心（曼哈顿店）,金水区,曼哈顿广场,5.0,章华植物染发单人套餐,68,171
唯美造型,金水区,金水区省政府,4.8,单-人美发套餐,29.8,164
发絮专业工作室（绿地老街店）,金水区,熙地港/王府井,5.0,单人风格设计师洗剪吹,22,163
艺美发型工作室（凯德广场店）,金水区,东建材,5.0,单人总监洗剪吹套餐,25.9,160
MG色彩无痕接发烫染潮店,金水区,沙门/汽配,5.0,单人资深设计师设计洗剪吹,22,157
IN-NICE造型（熙地港店）,金水区,熙地港/王府井,5.0,单人创意造型师剪发套餐,68,156
花田美发沙龙,金水区,曼哈顿广场,3.9,单人洗剪吹,28,155
头发故事,金水区,国贸360,5.0,单人首席洗剪吹,24.8,153
完美异嘟造型（大石桥SOHO广场店）,金水区,大石桥,5.0,完美异嘟洗剪吹,25.8,143
首艺造型私人订制,金水区,建文新世界,5.0,资深设计师洗剪吹【开业巨惠】,10,159
美管家工作室,金水区,曼哈顿广场,5.0,单人首席设计师洗剪吹,36.8,139
OMG偶·美格（宝龙店）,金水区,熙地港/王府井,5.0,单人发型总监修剪套餐,38,135
LC造型·（凯德广场店）,金水区,东建材,5.0,单人资深设计师洗剪吹造型,29,134
慕丝时尚发型定制（国贸店）,金水区,国贸360,5.0,单人资深设计师洗剪吹,18.8,132
爱尚美·星模Show时尚定制,金水区,曼哈顿广场,5.0,单人国际精品欧莱雅烫发,168,124
林造型美发工作室,金水区,郑东新区东建材,5.0,单人创意设计师洗剪吹一次,19.8,118
专属私人形象公社,金水区,经三路沿线,5.0,单人洗发造型1次,15,113
开开形象设计（蓝堡湾店）,金水区,金水万达/蓝堡湾,5.0,单人高级理发师剪发套餐,18.8,112
Newstyle整体形象设计工作室（大卫城店）,金水区,金水区,5.0,单人滋润洗发+总监设计师造型一次,9.9,111
show time造型,金水区,国贸360,4.6,单人showtime创始人洗剪吹造型,48,110
馠女子形象设计室,金水区,大石桥,5.0,资深设计总监洗剪吹套餐,29,109
OK造型,金水区,天旺广场,4.2,单人超值体验烫／染／拉直3选1＋洗剪吹,88,106
卡卡烫染连锁机构,金水区,科技市场/硅谷广场,5.0,【设计师洗剪吹】卡卡烫染,16.8,104
星沙专业美发,金水区,国贸360,4.2,单人精品剪发组合,9.9,102
佤风品质造型,金水区,龙子湖校区,5.0,单人高级设计师洗剪吹,16.8,101
三直造型,金水区,建文新世界,4.4,总监精剪套餐,45,93
犟salon美发工作室,金水区,健康路/体育场,5.0,单人技术总监洗剪吹套餐,29.9,89
亚丝烫染4s店,金水区,金水万达/蓝堡湾,5.0,单人设计师洗剪吹套餐,22,85
墨咖美发美甲（商务内环店）,金水区,郑东新区CBD,5.0,单人技术总监剪发,39.8,85
富丽源美容美发,金水区,省电视台/北站,3.9,单人洗剪吹+烫发、染发二选一,78,80
古贝美业（经五店）,金水区,建文新世界,4.9,单人品质烫发或品质染发2选一,148,79
古贝美发连锁,金水区,建文新世界,5.0,单人品质烫发或品质染发2选一,148,79
莫妮卡发型帮帮忙,金水区,金水万达/蓝堡湾,5.0,单人首席设计师剪发套餐,18.8,75
Hair star（海丝特美发）,金水区,金水万达/蓝堡湾,5.0,单人首席设计师洗剪吹,49,71
上海印派造型护肤（凤凰城店）,金水区,金水区,4.6,资深发型师洗剪吹一次,22.9,70
吉田造型海派接发工作室,金水区,国贸360,5.0,单人洗吹造型1次,19.9,69
雨田造型,金水区,国贸360,3.7,单人私人订制技术总监洗剪吹套餐,26,68
黑茸育发会所（普罗旺世六期店）,金水区,普罗旺世/庙李,4.8,单人健康头疗/生姜洗发+头部按摩去屑止痒套餐,39,65
苏美发型设计（十里铺店）,金水区,郑东新区东建材,4.5,单人高级设计师专业染发／专业热能烫 ／顺直三选一套餐,199,65
艺佳造型,金水区,省电视台/北站,4.8,单人资深设计师洗剪吹套餐,23,65
艾美造型工作室,金水区,郑东新区东建材,5.0,单人资深设计师洗剪吹套餐,19,61
豫尚剪烫染（东明路店）,金水区,金城国际广场,5.0,资深设计师精剪,28.8,57
Top美发沙龙,金水区,柳林刘庄,5.0,单人发型师发型设计洗剪吹套餐,10,59
玛丽艳娜私人订制会馆,金水区,大石桥,4.9,纯植物芦荟洗发,9.8,51
和美聚形象馆,金水区,天旺广场,5.0,资深发型师创意精剪+造型,29.8,51
初心美发工作室,金水区,郑东新区东建材,5.0,【初心】单人洗剪吹+造型套餐,29,51
新秀养发馆,金水区,陈寨/张家村,4.2,养发套餐6选1,28,49
美度美发美甲美睫,金水区,建文新世界,4.2,单人资深发型师洗剪吹套餐,29.9,49
阿诺私人定制工作室,金水区,丰业广场/千盛广场,5.0,单人创意设计师洗剪吹造型,19.9,48
icon美发造型（金水万达店）,金水区,金水万达/蓝堡湾,5.0,首席总监单人设计系列,58,44
金剪造型（经五路店）,金水区,国贸360,4.5,烫染直发护发3选1套餐,99,25
发之秀（东明路店）,金水区,曼哈顿广场,4.2,精致白领烫/染套餐.男女不限.免费wifi,158,24
斯蒂文美发工作室,金水区,天旺广场,5.0,单人首席总监剪发套餐,25,24
发之秀美发（黄河路店）,金水区,郑东新区东建材,4.2,精致白领烫/染套餐.男女不限.免费wifi,158,24
英子造型（海洋馆店）,金水区,陈寨/张家村,4.0,英子造型烫染2选1+护发套餐一次,138,22
英子造型（正弘山店）,金水区,郑东新区东建材,3.6,英子造型烫染2选1+护发套餐一次,138,22
英子造型（世纪联华店）,金水区,金城国际广场,3.7,英子造型烫染2选1+护发套餐一次,138,22
英子造型（索凌路店）,金水区,陈寨/张家村,3.7,英子造型烫染2选1+护发套餐一次,138,22
英子造型（畜牧路店）,金水区,省电视台/北站,3.6,英子造型烫染2选1+护发套餐一次,138,22
英子造型（柳西路店）,金水区,柳林刘庄,3.6,英子造型烫染2选1+护发套餐一次,138,22
英子造型（丰产路2店）,金水区,国贸360,3.7,英子造型烫染2选1+护发套餐一次,138,22
英子造型（金沙店）,金水区,大石桥,4.0,英子造型烫染2选1+护发套餐一次,138,22
英子造型（丰产路店）,金水区,经三路沿线,3.8,英子造型烫染2选1+护发套餐一次,138,22
英子造型（十里铺店）,金水区,郑东新区东建材,3.7,英子造型烫染2选1+护发套餐一次,138,22
英子造型（天伦琥珀名城店）,金水区,沙门/汽配,3.6,英子造型烫染2选1+护发套餐一次,138,22
英子造型（红专路店）,金水区,经三路沿线,3.6,英子造型烫染2选1+护发套餐一次,138,22
英子造型（黄河路店）,金水区,建文新世界,3.8,英子造型烫染2选1+护发套餐一次,138,22
英子造型（天伦水晶城店）,金水区,陈寨/张家村,4.2,英子造型烫染2选1+护发套餐一次,138,22
英子造型（南阳路店）,金水区,天旺广场,3.7,英子造型烫染2选1+护发套餐一次,138,22
英子造型（红专路二店）,金水区,经三路沿线,3.6,英子造型烫染2选1+护发套餐一次,138,22
英子造型（宏达路店）,金水区,陈寨/张家村,3.9,英子造型烫染2选1+护发套餐一次,138,22
68元烫染工作室,金水区,国贸360,4.0,单人品质洗剪吹套餐,48,21
A.M私人订制美发工作室,金水区,金水万达/蓝堡湾,4.7,单人首席发型师剪发套餐,9.9,26
汉飞CLB美容·社区养生馆（北环汉飞城店）,金水区,柳林刘庄,4.8,单人深度头皮清洁+肩部按摩+全息头疗养发SPA套餐,46,20
MZ烫染无痕接发工作室（国贸360店）,金水区,国贸360,4.7,MZ超自然色无痕接发,1288,19
真艺发型设计,金水区,曼哈顿广场,5.0,单人总监精剪造型套餐,39.9,19
BOBO时尚烫染私人会所,金水区,经三路沿线,5.0,单人欧莱雅烫发/染发超值套餐,218,15
起点专业美容美发机构全国连锁（风雅颂旗舰店）,金水区,柳林刘庄,4.3,单人洗剪吹+（水果烫/拉直/冷烫/染发4选1）,168,13
零度主题会馆,金水区,省电视台/北站,4.0,零度造型烫染2选1,88,13
上海银色·上海情（未来路店）,金水区,曼哈顿广场,4.0,单人资深设计师洗剪吹造型,38,13
和造型（国贸360店）,金水区,国贸360,4.7,单人首席设计师剪发套餐,39,13
丽华造型,金水区,天旺广场,5.0,风格设计师洗吹造型,19.9,11
创艺美发沙龙,金水区,金水区,4.6,单人创艺染护套餐,49,11
王辉形象工作室,金水区,农业大学,4.0,单人资深剪发,48,11
秀川（索凌路店）,金水区,普罗旺世/庙李,3.9,148烫染护套餐,148,11
姜力造型养发护发工作室,金水区,丹尼斯·大卫城,4.2,单人姜力养生洗发一次,19.8,10
贺彩全草养发馆（普罗旺世店）,金水区,普罗旺世/庙李,3.8,贺彩白转黑护理养发,198,1
爱美伦美发,金水区,省电视台/北站,3.5,胸部护理套餐,380,1
贺彩全草养发馆（绿城百合店）,金水区,熙地港/王府井,3.7,贺彩白转黑护理养发,198,1
贺彩全草养发馆（名门盛世店）,金水区,曼哈顿广场,3.5,贺彩白转黑护理养发,198,1
审美造型（丰乐路店）,金水区,天旺广场,4.2,倒膜营养套餐1次,39,1
朗朗造型,金水区,东建材,3.5,精致烫染套餐,238,1
品尚造型,金水区,陈寨/张家村,3.6,单人韩国头发打蜡色彩护理套餐,108,1
丝露发铺烫染会所（纬四路店）,金水区,金水区省政府,3.5,【丝露】发型师洗剪吹套餐,29.9,0
唐风采织发补发假发中心,金水区,经三路沿线,3.0,单人私人定制织发补发套餐,20000,0
39c超时尚美发,金水区,陈寨/张家村,3.5,烫发套餐,99,0
丝艺造型（天盛店）,金水区,经三路沿线,3.6,单人冷烫套餐1次,780,0
丝艺造型（经七路店）,金水区,国贸360,4.4,单人冷烫套餐1次,780,0
美艺造型连锁工作室（大卫城店）,金水区,丹尼斯·大卫城,4.0,单人接发,888,0
纤韵美甲天旺广场店,金水区,天旺广场,5.0,单人洗护造型套餐,38,0
艺峰造型,金水区,金水区,4.7,单人温塑烫/果冻染发2选1,66.6,0
美丝灵造型（阳光新城店）,金水区,省电视台/北站,4.4,单人烫染套餐,1400,0
柏拉图造型（大上海店）,金水区,丹尼斯·大卫城,3.5,洗剪吹+烫染2选1+护理,198,0
丝艺造型（四月天店）,金水区,陈寨/张家村,4.0,单人冷烫套餐1次,780,0
吉田造型,金水区,金城国际广场,3.8,施华蔻烫染二选一套餐,268,0
好漂亮造型,金水区,曼哈顿广场,4.5,单人精品染发套餐,198,0
菩叶头皮抗衰养疗馆,金水区,郑东新区CBD,3.5,单人深度头皮祛硅油套餐,88,0
名都烫染造型,金水区,金水区,3.5,单人烫染护理代金券,98,0
少年威,金水区,健康路/体育场,3.5,烫发/染发套餐2选1一次 男女不限 另赠送护理一次,128,0
品尚造型（宝龙城市广场）,金水区,熙地港/王府井,3.9,代金券,145,0
花鸟风月,金水区,人民路/紫荆山,3.5,烫染拉188,188,0
胭脂雪美甲,金水区,金城国际广场,3.9,单人无痕挑染接发一片,28,0
纤手科技逆龄皮肤管理（汉飞城市公园店）,金水区,沙门/汽配,4.6,品质洗剪吹,19.9,0
私人定制发型会所（未来路店）,金水区,金水区,3.5,单人发艺館洗剪染烫护打蜡造型,962,0
柏拉图造型（卫生路丁丁店）,金水区,大石桥,3.5,洗剪吹+烫染2选1+护理,198,0
尚扬国际美容美发（三全路店）,金水区,普罗旺世/庙李,3.5,美发套餐,39,0
星尚造型（农科路店）,金水区,金城国际广场,3.5,韩国时尚烫染套餐,280,0
11点美发屋,金水区,金水万达/蓝堡湾,3.5,单人洗发+剪发+造型套餐,25,0
时光缆造型,金水区,丹尼斯·大卫城,3.5,单人烫发套餐,128,0
东尼皇后造型（匠心店）,中原区,锦艺城,5.0,单人总监发型师剪发套餐（新店开业半价抢购）,19,89
东尼美容美发,中原区,华强城市广场,4.6,洗剪吹,48,79
阿奔造型复古工作室（中原万达店）,中原区,中原万达,4.4,单人洗发+剪发+吹发超值套餐,28,74
头彩美容美发会所（锦艺城购物B区店）,中原区,锦艺城,4.5,头彩资深设计师单人洗剪吹造型套餐,28,56
爱丽丝美发工作室,中原区,中原万达,5.0,单人总监剪发【不满意不买单】,29,53
JieJie .创意阁形象设计连锁机构,中原区,中原万达,5.0,【特惠剪发】首席发型师,19.8,50
米莱发型纹绣工作室（棉纺路四厂店）,中原区,月季公园,4.9,资深设计师洗剪吹,15.8,37
夏语造型,中原区,锦艺城,4.9,单人夏语造型精修剪发,20,36
顶点发型（工人路店）,中原区,碧沙岗,5.0,单人风格剪发,31,35
炫雅形象设计（中原新城店）,中原区,儿童公园/凯旋门,5.0,炫雅单人洗发+剪发+吹发+时尚造型,12.9,35
华美美业-美容美发美甲烫染机构（凯旋门店）,中原区,儿童公园/凯旋门,4.5,资深发型师洗剪吹,16.8,33
花熙造型（汝河路店）,中原区,儿童公园/凯旋门,4.9,单人精剪,19.8,30
VISON·时尚沙龙（锦艺城店）,中原区,锦艺城,4.5,【VISON·时尚沙龙】单人店长洗剪吹套餐,50,20
MZ烫染无痕接发工作室（中原万达店）,中原区,中原万达,4.8,MZ超自然色无痕接发,1288,19
小敏美业（桐柏路店）,中原区,中原万达,3.8,烫染护4选1,136,10
小敏美业（桐柏路店）,中原区,儿童公园/凯旋门,3.9,烫染护4选1,136,10
章光101（建设路店）,中原区,西元国际广场,4.0,单人深层头皮清洁 控油防脱护理,69,6
章光101（工人路店）,中原区,儿童公园/凯旋门,4.0,单人深层头皮清洁 控油防脱护理,69,6
九九造型设计烫染,中原区,儿童公园/凯旋门,4.2,单人烫染三选一,108,6
佑米造型（康桥华城店）,二七区,长城康桥华城,5.0,丽人狂欢节-欧莱雅烫/染二选一,228,310651
佑米造型（二七万达店）,二七区,二七万达,5.0,丽人狂欢节-欧莱雅烫/染二选一,228,310651
佛伦斯私人定制烫染国际连锁（二七升龙国际中心店）,二七区,升龙广场,5.0,美芝品系列单人美发套餐,168,143257
佛伦斯私人定制烫染国际连锁（郑大永辉总店）,二七区,郑州大学,5.0,美芝品系列单人美发套餐,168,143257
水晶之恋（060大学路店）,二七区,长城康桥华城,5.0,单人技术总监精致剪发造型,29.9,138525
水晶之恋（二七万达店）,二七区,二七万达,5.0,单人技术总监精致剪发造型,29.9,138525
瑞豪专业烫染连锁（二七广场店）,二七区,火车站/二七广场,5.0,【资深设计师】提案+精致裁剪+造型,28.8,107238
瑞豪专业烫染连锁 （康桥华城店）,二七区,长城康桥华城,4.2,【资深设计师】提案+精致裁剪+造型,28.8,107238
欧莱雅私人定制美发连锁（郑州二七万达总店）,二七区,二七万达,5.0,单人洗剪吹/护理套餐2选1,39,101045
欧莱雅私人定制（郑州康桥华城店）,二七区,长城康桥华城,5.0,单人洗剪吹/护理套餐2选1,39,101045
施华蔻美发连锁（郑州二七广场店）,二七区,大商金博大,5.0,单人施华蔻烫染套餐3选1,208,85655
施华蔻美发连锁（郑州二七万达店）,二七区,二七万达,5.0,单人施华蔻烫染套餐3选1,208,85655
柯琳造型（升龙天玺店）,二七区,升龙广场,4.8,【洗剪造型】套餐,29.8,74163
欧莱雅私人定制美发连锁（郑州二七广场店）,二七区,火车站/二七广场,5.0,欧莱雅烫/染/拉3选1套餐,299,36570
米娜造型（大学路店）,二七区,升龙广场,5.0,单人美发套餐5选1,128,35162
米娜造型,二七区,二七万达,4.8,单人欧莱雅高端五选一套餐,198,27358
极美造型（升龙广场店）,二七区,升龙广场,5.0,单人首席洗剪吹造型套餐,29.8,21517
极美造型（德化无限城店）,二七区,火车站/二七广场,4.9,单人首席洗剪吹造型套餐,29.8,21517
极美造型（鑫苑现代城店）,二七区,鑫苑鑫都汇,5.0,单人首席洗剪吹造型套餐,29.8,21517
极美造型（二七广场店）,二七区,火车站/二七广场,5.0,单人首席洗剪吹造型套餐,29.8,21517
极美造型（交通路店）,二七区,升龙广场,5.0,单人首席洗剪吹造型套餐,29.8,21517
极美造型（橄榄城都市广场店）,二七区,橄榄城,5.0,单人首席洗剪吹造型套餐,29.8,21517
极美造型（康桥华城店）,二七区,长城康桥华城,5.0,单人首席洗剪吹造型套餐,29.8,21517
极美造型（二七万达店）,二七区,二七万达,5.0,单人首席洗剪吹造型套餐,29.8,21517
阿洋私人订制美发工作室（二七万达店）,二七区,二七万达,5.0,单人私人订制技术总监长/短发洗剪吹【不满意我买单】,29,20461
88潮牌美发连锁（丝悦店）,二七区,二七万达,5.0,单人洗剪吹,38.8,20224
丝域养发馆（鑫苑国际花园店）,二七区,医学院,3.4,玫瑰香薰spa+水润头皮护理,88,10636
KAKA发型·帮帮忙（升龙店-大学路店）,二七区,升龙广场,5.0,单人首席设计师洗剪吹造型1次,46,9894
美学·星工坊（万达广场一店）,二七区,二七万达,5.0,单人总监欧莱雅美奇丝烫染套餐,158,7519
美学·星工坊（二七万达二店）,二七区,二七万达,4.3,单人总监欧莱雅美奇丝烫染套餐,158,7519
美学·星工坊（康桥华城二店）,二七区,二七万达,4.0,单人总监欧莱雅美奇丝烫染套餐,158,7519
美学·星工坊（康桥华城店）,二七区,长城康桥华城,4.4,单人总监欧莱雅美奇丝烫染套餐,158,7519
极美造型（京莎广场店）,二七区,长途客运总站,5.0,单人烫或染超值美发体验套餐,98,6483
发源地（华联店）,二七区,北京华联,5.0,单人设计师洗剪吹套餐,22,5918
乐乐专业烫染工作室（二七广场店）,二七区,火车站/二七广场,5.0,单人定制发质顺直烫发+护理+造型,188,4654
向南印象女子日式潮流会所（旗舰店）,二七区,二七万达,5.0,单人日式品质量身剪裁,18.8,4605
米琳造型（二七万达店）,二七区,二七万达,3.5,单人欧莱雅美奇丝系列烫/染套餐,148,4264
东尼皇后造型（棉纺东路店）,二七区,医学院,5.0,单人洗剪吹+造型套餐,23.9,4089
向南印象美格造型店,二七区,二七万达,5.0,单人首席设计师洗剪吹套餐,26.8,3669
向南印象古贝造型店,二七区,二七万达,5.0,单人首席设计师洗剪吹套餐,26.8,3669
洺人造型,二七区,长城康桥华城,5.0,单人高级发型师洗剪吹造型,16.8,3402
苏东造型（升龙店）,二七区,升龙广场,5.0,时尚设计师剪发1次,24.8,3388
GOLD MISS金小姐专业染发接发国际连锁——百年德化店,二七区,火车站/二七广场,4.9,单人Colour of Heaven色彩世界染发套餐,198,3309
大大潮流,二七区,北京华联,5.0,单人洗剪吹/洗吹造型,22,3177
美魅造型私人发型定制,二七区,橄榄城,4.8,单人高级洗剪吹1次,16,2727
Wen·Time阿文发型定制（橄榄城分店）,二七区,橄榄城,5.0,单人首席设计师洗剪吹套餐,19.9,2632
星座美发工作室（大学路店）,二七区,郑州大学,5.0,单人首席设计师洗剪吹套餐,19.9,2632
星座美发工作室（长城康桥华城店）,二七区,长城康桥华城,5.0,单人首席设计师洗剪吹套餐,19.9,2632
星座美发工作室（京沙广场店）,二七区,长途客运总站,5.0,单人首席设计师洗剪吹套餐,19.9,2632
星座美发工作室（橄榄城店）,二七区,橄榄城,5.0,单人首席设计师洗剪吹套餐,19.9,2632
东东美容美发（二七万达店）,二七区,二七万达,5.0,单人特级发型师洗剪吹1次,56,2551
东东美容美发（兴华店）,二七区,长城康桥华城,5.0,单人特级发型师洗剪吹1次,56,2551
匠人沙龙（二七万达店）,二七区,二七万达,5.0,单人首席洗剪吹1次,25,2395
卡美伦·英子造型发型风格定制店,二七区,郑州大学,5.0,单人总监洗剪造型,28,2190
艾尚烫染联盟（二七万达曼都店）,二七区,升龙广场,5.0,单人女王烫发/染发二选一套,168,1828
名姿烫染店,二七区,大商/升龙城,5.0,单人洗剪吹套餐,19.8,1749
阿布印象（二七万达）,二七区,二七万达,5.0,定制剪发1次,19.8,1684
陌咖潮牌美发工作室（二七万达店）,二七区,二七万达,5.0,单人陌咖技术总监长短发洗剪吹【不满意免费调整】,29,1630
姝秀SU造型（煌後形象设计）,二七区,升龙广场,4.0,【爆款】设计师剪裁造型单人,38,1600
姝秀SU造型（升龙大学路店）,二七区,升龙广场,5.0,【爆款】设计师剪裁造型单人,38,1600
姝秀SU造型（隔壁老王店）,二七区,升龙广场,4.0,【爆款】设计师剪裁造型单人,38,1600
姝秀SU造型（二七万达店）,二七区,升龙广场,4.8,【爆款】设计师剪裁造型单人,38,1600
涩谷造型（二七广场店）,二七区,火车站/二七广场,5.0,单人资深设计师洗剪吹套餐,29.8,1574
千艺接发,二七区,火车站/二七广场,5.0,单人尊享.无痕接发换胶片,2,1512
CoCo日式色彩造型,二七区,升龙广场,4.9,单人女士专享剪发套餐,88,1474
金美颜造型JMY色彩定制沙龙,二七区,二七万达,5.0,洗剪吹套餐,19.9,1431
金美颜JMY时尚定制沙龙,二七区,橄榄城,5.0,洗剪吹套餐,19.9,1431
TOP–Hair专业烫染（二七广场店）,二七区,火车站/二七广场,5.0,单人 洗剪  造型1次,19.9,1369
华美造型烫染主题馆（华润万家陇海路店）,二七区,鑫苑鑫都汇,5.0,单人华美造型超值剪发套餐,12.8,1348
威威美容美发连锁机构（棉纺路店）,二七区,医学院,4.2,单人资深设计师洗剪吹套餐,30,1339
格色枫整体形象设计会所,二七区,升龙广场,5.0,单人洗剪吹套餐,22.8,1299
审美造型（绿城广场店）,二七区,郑州大学,4.3,单人精品洗剪吹,18.8,1251
艺源造型（升龙国际）,二七区,升龙广场,5.0,单人设计师洗剪吹/洗吹+造型2选1套餐,19.9,1230
艺部落造型（康桥店）,二七区,长城康桥华城,5.0,单人【爆款】烫/染造型二选一,188,1213
My Style臻我造型（大学路店）,二七区,郑州大学,5.0,单人【爆款】烫/染造型二选一,188,1213
金美岩造型总店（总店）,二七区,升龙广场,5.0,特级发型师洗剪吹1次,32,1098
莫菲量身定制工作室（二七万达店）,二七区,二七万达,5.0,【总监专属】单人洗剪吹1次,28.9,1052
双面美发馆,二七区,二七万达,5.0,单人洗剪吹套餐（总监）,27.8,937
简爱美发连锁（康桥华城店）,二七区,长城康桥华城,5.0,单人设计师洗发+剪发+吹发套餐,16,922
北京·创一·造型,二七区,升龙广场,5.0,单人高级设计师洗剪吹1次,22.8,837
LOVE美丽造型潮流馆,二七区,二七万达,5.0,【洗吹】单人洗吹造型套餐,9.9,779
菲梵时尚定制美发工作室（二七万达店）,二七区,二七万达,5.0,风格定制单人剪发形象设计,28,739
发源地（二七万达店）,二七区,二七万达,4.9,单人发源地洗剪吹,25.8,698
兰亭造型,二七区,长江路中沿线,4.5,单人精致洗剪造型套餐,13.9,679
你好漂亮,二七区,郑州大学,5.0,单人设计师精剪套餐,19.9,667
美熙造型,二七区,郑州大学,3.8,精致洗剪吹一次,15.9,636
美咖造型（二七广场店）,二七区,火车站/二七广场,5.0,单人风格定制品质烫/染套餐,148,626
思灵发型设计,二七区,二七万达,5.0,品牌总监洗剪吹一次,20.8,622
艾美风格造型,二七区,橄榄城,5.0,单人设计+精剪造型时尚套餐,19.9,618
第一秀场美发S·L（京莎广场店）,二七区,长途客运总站,5.0,单人首席洗剪吹+造型套餐,25.8,584
艺源造型,二七区,二七万达,4.6,单人奢华洗剪吹一次,38,488
吉田时尚（二七万达店）,二七区,二七万达,4.4,吉田时尚高级设计师剪发,30,468
德盛美业漂亮宝贝（京广路店）,二七区,火车站/二七广场,5.0,单人滋养洗发,19.9,429
德盛美业漂亮宝贝（万达店）,二七区,升龙广场,5.0,单人滋养洗发,19.9,429
FSZ范思哲造型（兴华南街店）,二七区,长江路中沿线,5.0,范思哲洗发+剪发+吹发时尚造型,19.8,408
美丽沁园美发美容私人会所,二七区,橄榄城,5.0,单人首席设计师洗剪吹,26.8,379
田园私人定制烫染工作室（二七万达店）,二七区,二七万达,5.0,总监洗剪吹时尚造型,19.8,367
花石头美发生活馆,二七区,二七万达,5.0,单人设计师洗剪吹,16.8,362
6NM女子美发会所,二七区,二七万达,5.0,【女士专享】单人精致洗剪吹套餐,19.9,360
Rain·瑞造型潮牌连锁（永安街店）,二七区,鑫苑鑫都汇,5.0,单人资深发型设计师洗剪吹,9.9,333
UR-HOME发型设计沙龙（二七万达店）,二七区,二七万达,5.0,【人气推荐】单人顾问造型师专属定制烫、染发2选1,398,242
Wonderful hair salon,二七区,二七万达,5.0,单人剪发烫发染发套餐【不满意免费调整】,499,235
Wonderful威廉美发工作室,二七区,二七万达,5.0,单人剪发烫发染发套餐【不满意免费调整】,499,235
阿超九点半美发工作室,二七区,郑州大学,5.0,单人创意总监洗剪吹,35.8,225
天豪美容美发（天豪发型连锁）,二七区,马寨镇,4.4,单人店长剪发1次,15.8,219
阿曼尼时尚沙龙,二七区,帝湖,4.7,单人设计师洗剪吹套餐,18,200
博艺专业美发美甲,二七区,长江路中沿线,5.0,专业设计师洗剪吹,16.8,199
万达美发美甲美睫店,二七区,二七万达,5.0,单人首席设计师洗剪吹+造型套餐,29.8,196
香港S·D house潮沙龙,二七区,郑铁体育中心,5.0,单人时尚剪发,28,194
西哲专属私人定制,二七区,升龙广场,5.0,单人西哲专属德式纳米无痕接发,8,181
魔镜美发店（棉纺东路店）,二七区,医学院,5.0,魔镜单人风格设计+剪发体验价,21,173
MIMIS 侎尼烫染,二七区,大商/升龙城,4.6,单人技术总监剪发洗剪吹套餐,40,149
印象发型帮助工作室,二七区,升龙广场,4.8,单人立体裁剪,28.8,146
明&美丽定制,二七区,郑州大学,4.5,单人张明艺术总监剪发,29.9,136
BEST标榜 大学路店,二七区,郑州大学,5.0,单人洗剪吹,19.9,136
金百合国际美发造型,二七区,长江路中沿线,4.0,单人设计师洗剪吹套餐,20,136
乐来悦美无痕接发潮色烫染连锁店（升龙店）,二七区,郑铁体育中心,5.0,单人高级设计师剪发+施华蔻护理套餐,58,135
漫生活形象会所（二七万达店）,二七区,二七万达,4.1,【漫生活创始人】洗剪吹【漫沙龙专业创造美】【不满意重做】,59,130
欧阳私人造型（二七万达店）,二七区,二七万达,5.0,单人首席尊享洗剪吹造型设计,16.6,24
Pony Studio 发型定制中心,二七区,二七万达,5.0,单人创意总监洗剪吹1次,39.8,23
英子造型（政通路店）,二七区,升龙广场,3.7,英子造型烫染2选1+护发套餐一次,138,22
英子造型（长江路店）,二七区,长江路中沿线,3.8,英子造型烫染2选1+护发套餐一次,138,22
英子造型（二七万达店）,二七区,二七万达,4.0,英子造型烫染2选1+护发套餐一次,138,22
阿尚私人定制工作室,二七区,鑫苑鑫都汇,4.7,总监洗剪吹（免费设计发型）,15,20
MZ烫染无痕接发工作室（二七万达店）,二七区,二七万达,5.0,MZ超自然色无痕接发,1288,19
鼎尚美肤造型美甲纤体养生（锦绣山河店）,二七区,长江路中沿线,4.6,单人洗剪吹套餐,19.8,19
吉美美发,二七区,升龙广场,4.4,吉美美发时尚烫染护三选一,108,17
美丽相约美容养生会所,二七区,升龙广场,4.6,法式美颜面部刮痧套餐,19.9,16
OMJ.摩格尔私人发型工作室（二七万达店）,二七区,二七万达,4.9,单人总监洗剪吹造型,29.8,16
安迪造型（二七万达店）,二七区,二七万达,4.6,单人安迪造型烫染套餐,88,15
银色上海情（大学路店）,二七区,郑州大学,3.5,单人资深设计师洗剪吹造型,38,13
初心专业美发美甲工作室,二七区,升龙广场,5.0,资深店长洗剪吹,19.9,12
L7接发美甲美睫,二七区,橄榄城,5.0,单人一片一级接发50cm,9.9,10
赵氏纤姿专业减肥脱毛连锁机构,二七区,橄榄城,5.0,【女士专享】单人洗剪吹+造型,9.9,7
明文造型（南大街店）,二七区,火车站/二七广场,4.0,单人时尚靓发套餐,198,7
创美形象设计,二七区,长城康桥华城,4.6,头发拉直,88,7
明文造型（京莎广场店）,二七区,长途客运总站,3.5,单人时尚靓发套餐,198,7
希贝造型,二七区,医学院,5.0,单人精品洗剪吹1次,28,0
美私人发型定制（棉纺路）,二七区,医学院,3.5,菲灵染发套餐,340,0
小路美妆美甲美睫,二七区,升龙广场,4.4,单人全程新娘跟妆服务1次,520,0
莎萱烫染,二七区,橄榄城,3.5,时尚烫染D套餐,198,0
阿琪美发连锁机构（大学路店）,二七区,长城康桥华城,4.8,单人烫染护理代金券,98,0
李造型（二七万达店）,二七区,二七万达,3.5,单人欧莱雅美奇丝烫发/染发护理,148,0
永琪私人订制,管城回族区,管城回族区,5.0,单人时尚洗剪吹（免费发型设计不满意三天免费修整）,19.8,187
东丰造型,管城回族区,管城回族区,4.0,东丰造型洗剪吹,12,137
约剪吧·时尚俱乐部,管城回族区,大上海城,4.4,单人首席洗、剪、吹、造型套餐,25.9,131
VOGUE  沃格造型,管城回族区,康桥商务广场,5.0,单人精品头发护理,68,113
英皇美发造型,管城回族区,富田太阳城,5.0,单人超值洗剪吹套餐-限量抢,9.9,114
维尚造型潮店烫染连锁,管城回族区,新世界百货,5.0,维尚 特惠洗吹+造型,9.9,81
POP潮牌订制美发,管城回族区,管城回族区,5.0,【POP潮牌】设计师洗剪吹,23,73
潮艺造型私人工作室（紫荆山华林新时代店）,管城回族区,新世界百货,5.0,单人首席洗剪吹造型1次,36.8,64
银座造型,管城回族区,福都生活广场,5.0,单人染发护发2选1,39,63
章光101（商城路店）,管城回族区,新世界百货,4.8,养发防脱发体验,9.9,55
利涛接发,管城回族区,富田太阳城,4.6,50CM原辫发套餐,298,53
吸引力美肤造型spa会所,管城回族区,经开区,3.5,洗剪吹,23.8,47
玖月Cl造型,管城回族区,富田太阳城,4.6,单人首席设计师洗剪吹套餐,15.8,47
BEST标榜   商城路店,管城回族区,康桥商务广场,5.0,单人总监剪发,36,41
尚丽国际美发之家（橡树玫瑰城店）,管城回族区,橡树玫瑰城,4.2,单人烫染套餐,188,40
审美造型,管城回族区,富田太阳城,5.0,设计总监精剪套餐,16.8,37
欧莱雅发型工作室,管城回族区,郑州东站,4.4,欧莱雅发型工作室洗剪吹,29,35
木北造型,管城回族区,福都生活广场,4.6,技术总监精剪,19.8,35
爱美【女子美发会所】（爱美女子美发会所）,管城回族区,郑州东站,5.0,单人烫染护套餐,288,33
My hair美甲美发沙龙（华林新时代广场店）,管城回族区,新世界百货,4.9,资深发型师洗剪吹限量抢,9.9,35
韩旭私人订制,管城回族区,新世界百货,5.0,单人资深设计师剪发套餐,36,31
金临美发工作室,管城回族区,管城回族区,4.8,单人总监洗剪吹造型,21.8,27
朋友圈LOVE ME造型会所,管城回族区,新世界百货,4.5,单人挑染/片染套餐,9.9,27
发之城美发造型,管城回族区,郑州东站,5.0,单人资深设计师精剪套餐（女士专享）,19.8,27
英子造型（橡树玫瑰城店）,管城回族区,橡树玫瑰城,3.7,英子造型烫染2选1+护发套餐一次,138,22
英子造型（中周店）,管城回族区,五洲公园,3.5,英子造型烫染2选1+护发套餐一次,138,22
M-NICE造型,管城回族区,大上海城,3.9,单人创意总监洗吹造型,30,20
洪山私人发型订制·养肤,管城回族区,富田太阳城,4.9,单人总监精剪套餐,19.8,16
金尚丝接发（大上海城店）,管城回族区,管城回族区,3.5,单人炫彩无痕接发55cm长（1片）,20,13
迦逅沙龙,管城回族区,富田太阳城,4.2,单人利威丝烫发／染发／拉直／定位套餐5选1,299,13
艾尚美私人定制工作室（富田太阳城店）,管城回族区,富田太阳城,4.8,烫染套餐，精品推荐，男女不限,258,11
艾尚美私人订制工作室（橡树玫瑰城店）,管城回族区,橡树玫瑰城,3.5,烫染套餐，精品推荐，男女不限,258,11
名髪家美发沙龙,管城回族区,经开区,4.8,烫发套餐,158,10
鼎盛烫染造型,管城回族区,康桥商务广场,4.9,鼎盛烫染造型168元套餐,168,9
头彩盘发化妆,管城回族区,富田太阳城,5.0,单人盘发,28,9
明文造型（紫荆山路店）,管城回族区,新世界百货,4.4,单人时尚靓发套餐,198,7
涵羽美容美发（紫荆山店）,管城回族区,新世界百货,5.0,单人涵羽美发精剪设计套餐,58,5
丽豪沙龙,管城回族区,康桥商务广场,4.6,单人洗剪吹,29.8,4
黑黛增发（紫荆山店）,管城回族区,新世界百货,3.8,黑黛韩式SPA数码陶瓷烫,198,1
BEST发型设计工作室（幸福港湾店）,管城回族区,福都生活广场,4.5,单次护理,29.9,1
时尚造型,管城回族区,富田太阳城,4.4,烫/染88,88,1
卢浮艾灸美容养生会所,管城回族区,郑州东站,3.0,头皮SPA,38,0
发无缺,管城回族区,管城回族区,4.6,发无缺烫染空间连锁机构烫发加护发,98,0
Asoho造型工作室,管城回族区,新世界百货,4.1,Asoho造型染发套餐,168,0
领航国际美业,管城回族区,福都生活广场,3.5,领航国际美业超值精品烫染套餐,288,0
标榜造型,管城回族区,橡树玫瑰城,4.8,彩色染发,58,0
子萱造型,管城回族区,康桥商务广场,3.5,美发套餐2选1,98,0
东尼造型美发店,管城回族区,康桥商务广场,3.9,单人烫或染套餐,198,0
穿越时空护肤造型会所,管城回族区,富田太阳城,4.5,单人消梦热能烫/染/护3选2,218,0
国际零点烫染名店,管城回族区,康桥商务广场,4.0,精品烫染套餐,186,0
尚古造型,管城回族区,经开区,4.0,尚古造型,58,0
首比美容美发,管城回族区,紫荆山公园,3.5,单人风格烫染套餐（2选1）,298,0
品尚国际美发会所（宝相寺店）,新郑市,龙湖广场/升达大学,5.0,品尚单人精品洗剪吹,19.9,3849
品尚世佳美发会所（世纪公元店）,新郑市,华南城/高坡岩,5.0,品尚单人精品洗剪吹,19.9,3849
姝秀SU造型（简法私人订制）,新郑市,新区/华信学院,4.3,【爆款】设计师剪裁造型单人,38,1600
姝秀SU造型（头匠专业美发沙龙）,新郑市,西亚斯大学,4.0,【爆款】设计师剪裁造型单人,38,1600
缪斯时尚美发沙龙,新郑市,龙湖广场/升达大学,5.0,单人专业发型师精剪+造型一次,9.9,1582
丝源造型（工程学院本部南门店）,新郑市,河南工程学院,4.9,香港艾妮美洗剪吹造型,16.8,808
KAKA发型·美之帮（龙湖-升达大学店）,新郑市,龙湖广场/升达大学,5.0,【烫染无限制抵用券】KAKA发型·美之帮电子代金券,1,630
艾丝美业,新郑市,新郑,5.0,艾丝美业,15,393
领尚造型,新郑市,新郑,4.3,单人资深设计师精剪套餐,18,276
风格派美妆造型,新郑市,西亚斯大学,5.0,单人超值洗剪吹,29.9,163
东尼造型（升达店）,新郑市,龙湖广场/升达大学,5.0,单人超值烫染拉直护理4选1套餐B,88,67
梵高美发,新郑市,新郑,4.8,单人梵高专业烫染二选一,128,64
头匠发型（西亚斯店）,新郑市,西亚斯大学,3.7,单人头匠专业美发烫染套餐,328,22
本色造型,新郑市,龙湖广场/升达大学,4.8,洗护（水疗护理）,58,16
玄影刺青美发,新郑市,西亚斯大学,4.0,烫染二选一1次男女不限发长不限，提供免费WiFi,88,1
1314时尚造型,新郑市,龙湖广场/升达大学,5.0,电子代金券,88,0
水晶之恋（135南阳路店）,惠济区,惠济区,5.0,单人技术总监精致剪发造型,29.9,138525
丝域养发馆（普罗旺世店）,惠济区,惠济区,3.9,玫瑰香薰spa+水润头皮护理,88,10636
飞剪美发,惠济区,北大学城,5.0,单人洗剪吹套餐,14.9,6026
星座美发工作室（裕华广场）,惠济区,裕华广场/省体育中心,5.0,单人首席设计师洗剪吹套餐,19.9,2632
时尚沙渲,惠济区,惠济区,5.0,单人洗剪吹,14.9,2202
顶尚烫染造型（南阳路昌建誉峰南门店）,惠济区,惠济区,5.0,设计师洗剪吹（开业特惠）,20,1305
EXY SALON（惠济万达店）,惠济区,北大学城,5.0,单人设计师剪发,46,1033
美咖造型（北大学城店）,惠济区,北大学城,5.0,单人风格定制品质烫/染套餐,148,626
慕美造型（艾米）,惠济区,惠济区,5.0,单人超值烫+染套餐,198,295
可可美业,惠济区,北大学城,5.0,单人洗剪吹套餐,16.5,230
RED潮色工坊（惠济万达店）,惠济区,北大学城,5.0,单人超值染发套餐,118,15
庆尚造型坊,惠济区,惠济区,3.5,精选单人烫染套餐,199,0
尚扬国际,惠济区,惠济区,3.5,美发套餐,39,0
安尼造型连锁机构,惠济区,北大学城,4.7,单人精品烫或染,199,0
顶尖秀（和昌都汇广场店）,上街区,和昌都汇广场,4.0,单人时尚精剪1次,14.9,79
彌顿道九號,上街区,上街区,4.2,单人资深设计师剪发一次,16.8,71
伊伊发型时尚订制,上街区,廿峡线,4.5,单人女士专属精剪+造型套餐,17.8,19
艺剪坊,登封市,百货大楼/中天广场,4.6,洗剪吹,14.8,282
佑米造型（美宜家店）,新密市,金博大/丹尼斯,5.0,丽人狂欢节-欧莱雅烫/染二选一,228,310651
88潮牌美发连锁（阿玛尼中强店）,新密市,金博大/丹尼斯,5.0,单人洗剪吹,38.8,20224
唯尚造型,新密市,金博大/丹尼斯,5.0,唯尚超值洗剪吹套餐,16.8,1571
卡博尔造型,新密市,市人民医院,4.7,单人洗剪吹一次,12.9,625
love美丽会所,新密市,金博大/丹尼斯,4.2,超值洗发套餐,8,48
英子造型（新密店）,新密市,金博大/丹尼斯,3.8,英子造型烫染2选1+护发套餐一次,138,22
明文造型（新密店）,新密市,金博大/丹尼斯,4.2,单人时尚靓发套餐,198,7
名城发型设计,巩义市,星月时代广场,5.0,单人名城发型设计精品洗剪吹套餐,12.5,1021
天艺美业,巩义市,巩义东区,4.7,单人资深设计师洗剪吹1次,22.9,300
香港动感精剪染烫（益民街店）,巩义市,宋陵公园,4.2,精致洗剪吹1次,9.9,182
克丽缇娜（巩义店）,巩义市,巩义东区,4.3,单人总监洗剪吹套餐,33,36
梵古时尚精剪烫染吧,巩义市,体育馆,4.7,单人梵古时尚豪华烫染套餐,168,16
巨强造型（东区店）,巩义市,巩义东区,4.0,巨强染烫2选1,128,16
佑米造型（长椿路升龙又一城店）,高新区,高新区,5.0,丽人狂欢节-欧莱雅烫/染二选一,228,310648
佛伦斯私人定制烫染国际连锁（升龙又一城店）,高新区,高新区,5.0,美芝品系列单人美发套餐,168,143257
欧莱雅私人定制（科学大道奥斯卡店）,高新区,高新区,5.0,单人洗剪吹/护理套餐2选1,39,101045
极美造型（科学大道升龙又一城店）,高新区,高新区,5.0,单人首席洗剪吹造型套餐,29.8,21517
丝雅形象设计（祥营店）,高新区,高新区,4.9,单人洗剪吹套餐,21.9,3302
丝雅形象设计（郑大北门店）,高新区,高新区,5.0,单人洗剪吹套餐,21.9,3302
丝雅形象设计（升龙又一城店）,高新区,高新区,4.6,单人洗剪吹套餐,21.9,3302
丝雅形象设计（动漫基地店）,高新区,高新区,4.5,单人洗剪吹套餐,21.9,3302
慕丝造型,高新区,高新区,4.7,单人洗吹剪+ 造型,18.9,2607
标榜美容美发国际首领,高新区,高新区,5.0,单人店长洗剪吹一次,16.9,2439
艾尚烫染联盟（万科城阿里宝贝店）,高新区,高新区,5.0,单人女王烫发/染发二选一套,168,1828
CoolKeely美甲美发私人定制,高新区,高新区,5.0,单人精致洗剪吹套餐,19,1517
森尚造型,高新区,高新区,5.0,单人首席设计师洗剪吹1份,16.9,1329
鸣鸣美发工作室（祝福红城店）,高新区,高新区,5.0,单人洗剪吹套餐,22.8,841
鸣鸣美发工作室（美景菩提总店）,高新区,高新区,5.0,单人洗剪吹套餐,22.8,841
珍雅造型（松园五店）,高新区,高新区,5.0,单人定制洗剪吹1次,16,787
标榜美发会所,高新区,高新区,3.8,单人洗剪吹一次,22.8,703
卡诗琪美发会所（万科城商业步行街店）,高新区,高新区,5.0,单人总监洗剪吹套餐,28,674
