﻿商家,区域,商圈,星级,服务,价格,销量
vimine微蜜造型美发沙龙,芙蓉区,五一广场,4.7,单人形象设计套餐,48,2601
Tony柏锐造型,芙蓉区,五一广场,5.0,单人精致剪发套餐,39.8,2337
香港名流（八一路店）,芙蓉区,五里牌,5.0,单人资深设计师剪发套餐,28,1684
M BEAUTY 你好漂亮美容美发（VIP会所）,芙蓉区,芙蓉广场,5.0,时尚单人洗吹造型套餐,42,1563
M BEAUTY 你好漂亮美容美发（旗舰会所）,芙蓉区,芙蓉区,5.0,时尚单人洗吹造型套餐,42,1563
虞妃妮日式色彩造型（五一广场店）,芙蓉区,五一广场,5.0,单人欧莱雅烫染直五选一套餐,198,1511
爱尚造型（爱尚造型）,芙蓉区,古曲路/浏阳河婚庆文化园,5.0,V脸定制套餐烫染直三选二,4,1415
DAY造型日式美甲&无痕接发,芙蓉区,五一广场,5.0,专业无痕接发感恩特价全头套餐,980,1143
长沙无痕接发DAY造型（五一广场店）,芙蓉区,五一广场,5.0,专业无痕接发感恩特价全头套餐,980,1143
菲姿造型（农业大学店）,芙蓉区,湖南农业大学,5.0,【特价】单人资深设计师洗剪吹,18,1097
印象salon美发造型,芙蓉区,司门口,5.0,单人资深发型师剪发造型套餐,62,1042
绮漫造型（朝阳店）,芙蓉区,人民中路/朝阳路/融圣国际,5.0,单人精品洗剪吹1次,39,1027
M BEAUTY 你好漂亮美容美发（玫瑰会所）,芙蓉区,五里牌,5.0,资深形象发型师单人洗剪吹,148,1010
艺品轩美发工作室,芙蓉区,马王堆,5.0,单人星级洗剪吹1次,19.8,994
炫发造型,芙蓉区,湖南农业大学,5.0,单人星级洗剪吹1次,19.8,994
青滕国际,芙蓉区,芙蓉区,5.0,单人首席设计师洗剪吹套餐,40,614
创美连锁（时尚靓点远大一路店）,芙蓉区,马王堆,4.2,单人洗剪吹,38,568
创美连锁（鑫尚美）,芙蓉区,湖南农业大学,4.9,单人洗剪吹,38,568
创美连锁（东玺门店）,芙蓉区,马王堆,5.0,单人洗剪吹,38,568
创美连锁（靓点店）,芙蓉区,五里牌,5.0,单人洗剪吹,38,568
艾美造型,芙蓉区,德政园/杨家山,5.0,单人发型师洗剪吹1次,31,558
剪爱国际美发沙龙,芙蓉区,八一路,5.0,高级设计师洗剪吹,38,524
8号美发店,芙蓉区,芙蓉广场,5.0,8号美发店洗剪,30,501
JFC国颜型尚造型（三角花园店）,芙蓉区,芙蓉区,5.0,单人洗剪吹一次,16,491
ART SPACE明星美发造型（新世界百货店）,芙蓉区,五一广场,5.0,单人明星设计师洗剪吹造型,69,442
发现镁,芙蓉区,五一广场,5.0,单人洗剪吹一次,28.8,433
尚尚纤形象设计工作室,芙蓉区,袁家岭/火车站,5.0,单人洗剪吹,29.8,429
山口泽形象私人订制,芙蓉区,五一广场,5.0,(新店促销)单人设计师裁剪造型,39,409
M home美发沙龙,芙蓉区,古曲路/浏阳河婚庆文化园,5.0,高级设计师设计修剪,48,389
妮可造型（农大店）,芙蓉区,湖南农业大学,4.6,单人洗剪吹套餐,18,351
U—CASE秀,芙蓉区,芙蓉区,5.0,单人创作设计师洗剪吹,58,238
jm造型,芙蓉区,五一广场,5.0,单人精致洗吹造型,19.8,223
杰飞造型（司门口）,芙蓉区,司门口,5.0,单人高级洗剪吹,35,212
moca烫染工作室,芙蓉区,芙蓉广场,5.0,资深设计师单人洗剪吹造型,29,206
美人痣造,芙蓉区,袁家岭/火车站,4.8,单人洗剪吹代金券,1,206
相遇最美形象设计中心,芙蓉区,古曲路/浏阳河婚庆文化园,5.0,单人设资深计师剪吹套餐,35,179
罗乐造型,芙蓉区,八一路,5.0,单人设计师洗剪吹,28.8,165
hair spirit发道日系美发沙龙,芙蓉区,五一广场,5.0,单人资深设计师精致洗剪吹套餐,42.8,158
匠人造型,芙蓉区,汽车东站,4.9,单人店长洗剪吹,35,153
彼酷造型,芙蓉区,司门口,5.0,单人洗吹+日韩造型,25,147
炫发造型（东湖店）,芙蓉区,湖南农业大学,4.2,单人超值施华蔻烫/染套餐4选1,168,144
L私享发型定制（五一广场店总店）,芙蓉区,五一广场,5.0,男士专属洗剪吹套餐,25,131
美丽相约私人定制（古曲路店）,芙蓉区,古曲路/浏阳河婚庆文化园,4.1,单人设计师洗剪吹1次,29,123
美丽相约私人定制,芙蓉区,德政园/杨家山,3.7,单人设计师洗剪吹1次,29,123
一诺发型工作社,芙蓉区,芙蓉区,5.0,单人洗剪吹造型,60,96
时尚吧美发形象设计工作室,芙蓉区,芙蓉区,4.6,单人总监剪发造型1次,48,78
觅你造型,芙蓉区,五一广场,5.0,单人明星套餐4选1 男女不限 发长不限,198,76
new style发艺,芙蓉区,五一广场,3.5,精致洗吹造型,25,72
遇见造型,芙蓉区,德政园/杨家山,3.9,单人设计师洗剪吹1次,26,72
相遇美学,芙蓉区,八一路,4.9,单人时尚设计师洗剪吹一次,98,62
氧发堂天然植物染发,芙蓉区,古曲路/浏阳河婚庆文化园,4.1,长沙氧发堂,9.9,60
TIGI·星秀堂Salon,芙蓉区,五一广场,5.0,单人总监设计师剪发套餐,88,59
GD hair 私人工作室,芙蓉区,梦泽园,5.0,单人洗剪吹套餐,68,51
Miu Miu造型（五一广场店）,芙蓉区,芙蓉广场,4.9,单人洗剪吹套餐,59.9,50
时尚造型（和顺店）,芙蓉区,马王堆,4.3,单人时尚造型超值剪发套餐,26,49
鼎尚风彩美发养发（新世界百货店）,芙蓉区,五一广场,5.0,鼎尚美发超值冷烫套餐,68,42
美丽传说烫染私人定制（古曲店）,芙蓉区,古曲路/浏阳河婚庆文化园,4.1,单人高级设计师剪发,35,34
阿华造型,芙蓉区,袁家岭/火车站,4.7,单人洗剪吹套餐,38,30
剪艺一族（格兰店）,芙蓉区,梦泽园,4.2,单人代金券,45,29
Monicar慕妮卡整体形象设计,芙蓉区,五一广场,5.0,apple老师精剪造型,78,23
爱尚造型（古曲中路店）,芙蓉区,古曲路/浏阳河婚庆文化园,4.7,单人精致烫染拉直三选一,98,22
锦生堂养生养发头疗馆,芙蓉区,梦泽园,4.0,单人茶麸/皂角头疗,59,20
丝域养发馆（上东辛顿店）,芙蓉区,马王堆,3.9,草本养发,69,11
丝域养发馆（王府步步高店）,芙蓉区,芙蓉区,4.0,草本养发,69,11
么么造型,芙蓉区,五一广场,3.5,单人设计师洗剪吹,45,10
国颐堂养发spa馆（西街花园店）,芙蓉区,古曲路/浏阳河婚庆文化园,4.2,单人专业头皮头发护理套餐,19,8
美丽之约发型工作室,芙蓉区,袁家岭/火车站,4.4,【美丽之约】私人会所专业设计剪发+烫/染/直3选1,390,6
西雅图专业美发美甲美睫（农大店）,芙蓉区,湖南农业大学,4.2,单人VS烫发一次,128,5
格调,芙蓉区,湖南农业大学,4.0,单人欧莱雅烫/染/拉直三选一,128,3
聚星好莱坞美发沙龙连锁,芙蓉区,司门口,4.6,单人威娜烫/染/直发三选一,158,2
瑷丝坊头部养生养发馆（家润多店）,芙蓉区,韭菜园,3.5,单人玫瑰花蕊养发+五维矿物套餐一次,68,2
鼎尚发艺,芙蓉区,人民中路/朝阳路/融圣国际,3.5,单人潮流染发或烫发,368,1
主流欧派纯技术发艺,芙蓉区,德政园/杨家山,3.7,单人时尚烫/染/顺直3选1套餐,169,1
MARUI造型,芙蓉区,芙蓉区,5.0,代金券,188,1
巴夜公馆,芙蓉区,芙蓉区,3.5,单人韩国Gold&Silver;烫染套餐2选1,280,0
时尚美学造型（火车站店）,芙蓉区,五里牌,5.0,单人高端烫护/染护2选1,488,0
发庄造型国际连锁机构,芙蓉区,人民中路/朝阳路/融圣国际,3.5,单人精致烫染拉直套餐,498,0
韩艺家增发,芙蓉区,袁家岭/火车站,3.5,补发套餐1次,10000,0
首艺造型,芙蓉区,芙蓉区,3.5,烫/染2选1+头发保养1次,88,0
美之东方名剪,芙蓉区,袁家岭/火车站,3.8,单人施华蔻烫染2选1套餐,650,0
88潮牌美发连锁（植物园店）,雨花区,汽车南站,5.0,单人洗剪吹,38.8,20226
88潮牌美发连锁（德思勤店）,雨花区,德思勤城市广场,5.0,单人洗剪吹,38.8,20226
TOP D私人发型SALON,雨花区,喜盈门 /喜乐地,5.0,单人星级洗剪吹,35,15050
水灵珑美容美发造型中心（阳光锦城卡顿店）,雨花区,雨花亭,5.0,单人美发洗剪吹套餐,36,14809
水灵珑美容美发造型中心（三江店）,雨花区,体育新城,5.0,单人美发洗剪吹套餐,36,14809
水灵珑美容美发造型中心（阳光小镇雨花亭店）,雨花区,雨花亭,5.0,单人美发洗剪吹套餐,36,14809
水灵珑美容美发造型中心（东塘店）,雨花区,东塘,5.0,单人美发洗剪吹套餐,36,14809
水灵珑美容美发造型中心（唯美店）,雨花区,雨花区,5.0,单人美发洗剪吹套餐,36,14809
水灵珑美容美发美甲中心（绿城）,雨花区,运达中央广场,5.0,单人美发洗剪吹套餐,36,14809
迪美造型（韶山北路店）,雨花区,东塘,3.0,【品质特惠】单人欧莱雅烫/染5选1+护理,128,14350
INSI Hair Salon（德思勤店）,雨花区,德思勤城市广场,5.0,单人店长欧莱雅烫/染套餐,388,12672
丝域养发馆（喜盈门店）,雨花区,雨花区,4.0,玫瑰香薰spa+水润头皮护理,88,10636
丝域养发馆（徳思勤店）,雨花区,德思勤城市广场,4.9,玫瑰香薰spa+水润头皮护理,88,10636
丝域养发馆（侯家塘店）,雨花区,梓园路/省儿童医院,4.5,玫瑰香薰spa+水润头皮护理,88,10636
丝域养发馆（香堤雅境店）,雨花区,人民东路,5.0,玫瑰香薰spa+水润头皮护理,88,10636
丝域养发馆（新城新世界店）,雨花区,树木岭,4.7,玫瑰香薰spa+水润头皮护理,88,10636
丝域养发馆（长沙凯德广场店）,雨花区,雨花亭,5.0,玫瑰香薰spa+水润头皮护理,88,10636
倷丝国际烫染连锁（雨花亭店）,雨花区,雨花亭,5.0,单人美芝品美发套餐,168,10611
倷丝私人定制烫染名店（东塘店）,雨花区,东塘,5.0,单人美芝品美发套餐,168,10611
沙宣烫染连锁（德思勤广场店）,雨花区,德思勤城市广场,5.0,单人高级施华蔻烫染3选1套餐,290,10095
Kiss Me美发连锁（喜盈门店）,雨花区,德思勤城市广场,4.3,单人无痕接发套餐1包,468,6442
Kiss Me美发连锁（德思勤店）,雨花区,井湾子,5.0,单人无痕接发套餐1包,468,6442
Kiss Me美发连锁（东塘店）,雨花区,东塘,5.0,单人无痕接发套餐1包,468,6442
头等舱（民政学院店）,雨花区,民政学院/香樟路,5.0,单人洗剪吹套餐,29.9,5677
发爵形象设计（德思勤店）,雨花区,德思勤城市广场,5.0,单人设计师洗剪吹套餐,30,5082
发爵形象设计（东塘平和堂店）,雨花区,东塘,5.0,单人设计师洗剪吹套餐,30,5082
米琳造型（民政店）,雨花区,雨花区,4.6,单人欧莱雅美奇丝系列烫/染套餐,148,4264
丝荟养发造型馆（德思勤）,雨花区,德思勤城市广场,5.0,单人精品洗剪吹,39,4207
无痕接发美发连锁（德思勤店）,雨花区,德思勤城市广场,4.5,单人全头无痕接发套餐,1299,3268
大唐造型私人定制,雨花区,雨花区,5.0,单人首席总监洗头+剪发+吹造型,19.8,3177
柏妮丝形象设计（德思勤店）,雨花区,德思勤城市广场,5.0,单人洗剪吹1次,39.9,1975
伊人色彩美发连锁（窑岭店）,雨花区,窑岭/长岭,5.0,单人洗剪吹,28,1904
M BEAUTY 你好漂亮美容美发（绿城会所）,雨花区,运达中央广场,5.0,时尚单人洗吹造型套餐,42,1563
M BEAUTY 你好漂亮美容美发（星城会所）,雨花区,雨花区,5.0,时尚单人洗吹造型套餐,42,1563
HairCode芭曲发型(德思勤城市广场店),雨花区,德思勤城市广场,5.0,单人洗剪吹1次,60,1406
上上造型（德思勤店）,雨花区,德思勤城市广场,5.0,资深设计师单人洗剪吹,45,1234
上上造型（万博汇店）,雨花区,雨花亭,5.0,资深设计师单人洗剪吹,45,1234
秀发型屋,雨花区,雨花亭,5.0,单人洗剪吹,19,1228
长沙无痕接发DAY造型（德思勤店）,雨花区,德思勤城市广场,3.5,专业无痕接发感恩特价全头套餐,980,1143
杨扬美甲（悦容香樟店）,雨花区,民政学院/香樟路,3.6,单人专业烫/染套餐,178,353
杨扬美甲（东塘店）,雨花区,东塘,3.8,单人专业烫/染套餐,178,353
绮漫造型（运达店）,雨花区,运达中央广场,4.2,单人设计师洗剪吹,45,347
时光show,雨花区,树木岭,5.0,单人总监洗剪吹,20.8,334
无界美发美甲工作室,雨花区,运达中央广场,5.0,总监设计精剪,47.9,330
瑞豪专业烫染连锁（牛角塘店）,雨花区,东塘,5.0,【长发情结】原生态无痕接发,1580,325
法兹美容美发店（御溪国际店）,雨花区,德思勤城市广场,5.0,总监洗剪吹,39,311
法兹美容美发店（宝格丽公寓店）,雨花区,德思勤城市广场,5.0,总监洗剪吹,39,311
爱尚美（林科大店）,雨花区,雨花区,4.6,欧莱雅套餐+护理+发型修剪一次,168,291
爱尚美（铁道学院店）,雨花区,雨花区,5.0,欧莱雅套餐+护理+发型修剪一次,168,291
爱尚美（雨花亭）,雨花区,雨花亭,4.9,欧莱雅套餐+护理+发型修剪一次,168,291
爱尚美甲（民政学院店）,雨花区,民政学院/香樟路,5.0,欧莱雅套餐+护理+发型修剪一次,168,291
爱尚美（树木岭店）,雨花区,树木岭,5.0,欧莱雅套餐+护理+发型修剪一次,168,291
艺美国际形象设计会所（铁道学院店）,雨花区,雨花区,4.7,单人套餐4选1,0.9,287
wow凡妮莎造型,雨花区,窑岭/长岭,4.8,单人时尚设计师洗剪吹,78,280
丝域养发馆（广济桥鸿林店）,雨花区,窑岭/长岭,4.9,丝域头部香薰spa,69,275
乐点造型（窑铃店）,雨花区,窑岭/长岭,5.0,资深设计师洗剪吹,19.9,268
娟子色彩艺术馆,雨花区,雨花亭,4.7,单人总监剪发造型,68,264
爱美.国际（井湾子店）,雨花区,井湾子,4.9,单人欧莱雅染烫套餐4选1,168,245
HOT专业接发造型,雨花区,德思勤城市广场,5.0,单人单次资深设计师洗剪吹,19.8,158
寻回Salon造型,雨花区,德思勤城市广场,5.0,单人高级设计师洗剪吹,38.8,137
艾诺专业美发（东塘店）,雨花区,东塘,5.0,单人总监剪发/洗发/吹发,88,106
贝丝·国际形象工作室（汽车南站店）,雨花区,红星国际会展中心,5.0,单人精选总监剪发,58,80
向前高端形象设计,雨花区,雨花亭,5.0,单人资深设计师洗剪吹,68,72
洛拉美发沙龙,雨花区,民政学院/香樟路,3.6,单人洗剪吹1次,50,71
So私人定制发型连锁,雨花区,红星国际会展中心,5.0,总监发型设计,28.8,69
威尼国际护肤造型（宏景店）,雨花区,窑岭/长岭,5.0,单人高级设计师洗剪吹,36,64
蕾迪美发机构,雨花区,桂花路/车站南路,4.4,单人总监烫发/ 染发套餐二选一,168,57
发之根养发馆（旗舰店）,雨花区,左家塘,4.2,单人植物洗发/养发护理二选一套餐,38,56
艾美（华盛世纪店）,雨花区,环保学院/科技职院,3.5,单人瑛派尔咖啡品牌烫染4选1,268,54
柏妮丝形象设计（同升湖店）,雨花区,雨花区,4.7,单人总监洗剪吹1次,58,54
艾美（高铁总部）,雨花区,武广高铁,4.7,单人瑛派尔咖啡品牌烫染4选1,268,54
艾美私人定制（运达店）,雨花区,运达中央广场,4.1,单人瑛派尔咖啡品牌烫染4选1,268,54
丝域养发馆（鸿铭中心店）,雨花区,窑岭/长岭,4.7,单人玫瑰水润SPA套餐,69,51
十美造型,雨花区,左家塘,4.9,十美造型单人泰式洗头按摩1次,68,50
时尚艺格造型工作室,雨花区,梓园路/省儿童医院,4.0,首席洗剪吹单人套餐,29.8,35
tt秀形象顾问,雨花区,汽车南站,4.2,资深发型设计师洗剪吹,28,32
安迪私人定制,雨花区,雨花亭,4.9,单人资深发型师洗剪吹,38,32
飞羽造型,雨花区,民政学院/香樟路,4.0,单人泰皇式洗吹,16.8,27
扎西形象工作室（扎西形象工作室）,雨花区,东塘,3.7,单人洗吹造型+精剪刘海套餐,14.9,26
赫拉美韩式半永久,雨花区,高桥,5.0,单人修眉,6.8,26
首艺style私人订制,雨花区,东塘,4.4,单人总监洗剪吹,85,21
法莫造型概念馆（城南东路店）,雨花区,左家塘,4.0,单人法莫造型欧莱雅烫或染2选1,298,19
资生堂烫染国际连锁（洋湖白鹭郡店）,雨花区,德思勤城市广场,4.2,代金券,1,16
艾米造型,雨花区,雨花区,4.5,单人洗吹体验,18.8,14
86+美发连锁（美博汇店）,雨花区,雨花区,3.6,单人明星发型师洗剪吹套餐,58,14
索菲娅形象设计,雨花区,雨花区,3.9,索菲娅形象设计优姿堂烫拉染三选一,148,12
匠艺造型沙龙,雨花区,红星国际会展中心,4.4,单人资深设计师洗剪吹,49,11
丝域养发馆（标志店）,雨花区,德思勤城市广场,4.0,草本养发,69,11
魅力私人订制烫染连锁（东塘店）,雨花区,雨花区,3.5,单人VIP美发套餐,128,7
剪爱造型,雨花区,梓园路/省儿童医院,3.7,单人时尚烫染套餐,198,5
时光走廊烫染吧,雨花区,喜盈门 /喜乐地,3.6,单人资深设计师洗剪吹1次,32,4
托尼盖美容美发（友阿奥特莱斯店）,雨花区,友阿奥特莱斯,3.6,单人首席发型师洗剪吹,38,2
美尚（红星店）,雨花区,雨花区,4.0,单人欧莱雅烫/染一次,158,2
美尚（莲湖店）,雨花区,环保学院/科技职院,3.8,单人欧莱雅烫/染一次,158,2
青丝坊,雨花区,梓园路/省儿童医院,4.0,单人染烫套餐,88,1
快乐辛巴儿童理发（西子店）,雨花区,高桥,5.0,儿童单人精致雕发游乐套餐,78,1
柒理捌里造型,雨花区,窑岭/长岭,3.5,单人时尚洗剪吹1次,49.9,0
派典美发沙龙,雨花区,雨花区,3.5,单人染/烫2选1,148,0
梳颜美容美发（喜盈门范城店）,雨花区,喜盈门 /喜乐地,4.8,单人无痕接发,2000,0
艺美形象设计店,雨花区,雨花亭,3.5,单人时尚环保健康烫/染/护理3选1,98,0
懿嘉国际美容美发会所（西子店）,雨花区,高桥,3.8,单人烫发一次,298,0
想想精致剪烫店,雨花区,井湾子,3.8,单人时尚烫染二选一,150,0
芸熙美人,雨花区,窑岭/长岭,4.7,单人温控洗护套餐,299,0
HK造型,雨花区,左家塘,4.0,单人歌薇护理1次,88,0
沙宣烫染连锁（五一广场店）,天心区,天心区,4.9,单人高级施华蔻烫染3选1套餐,290,10095
头等舱长沙无痕接发烫染simple沙龙（解放西路店）,天心区,解放西路,5.0,单人洗剪吹套餐,29.9,5677
佐佐·木发型设计（五一广场店）,天心区,天心区,5.0,单人施华蔻无氨烫或染二选一,108,3468
无痕接发美发连锁（五一广场店）,天心区,天心区,4.2,单人全头无痕接发套餐,1299,3268
千百度专业美发造型,天心区,铁道学院/林科大,5.0,单人高级洗剪吹,22.9,2955
《1号连锁》美发专家（世纪大街店）,天心区,天心区,3.5,乔薇尔（JOVIAL)单选,339,2334
米咔造型（天虹旗舰店）,天心区,天虹,4.2,单人店长总监高端烫染3选1,398,1899
M BEAUTY 你好漂亮美容美发（生活馆会所）,天心区,侯家塘,5.0,时尚单人洗吹造型套餐,42,1563
KK美发工作室（五一广场店）,天心区,天心区,5.0,洗剪吹套餐,29,1536
伊己造型（太平街店）,天心区,坡子街,4.9,单人洗剪吹套餐,45,1517
亚凡潮牌沙龙（总店）,天心区,天心区,5.0,单人超值烫➕染双项目套餐,169,1512
伊己造型（天虹店）,天心区,天虹,5.0,单人无氨烫/染/直3选1套餐,238,1489
AS爱尚造型,天心区,南门口,5.0,单人精致洗剪吹套餐,39.8,1466
AS爱尚造型（黄兴广场店）,天心区,步行街,5.0,单人精致洗剪吹套餐,39.8,1466
天天造型,天心区,新开铺,5.0,单人总监洗剪吹,30.35,1228
天天造型（书香苑）,天心区,劳动广场/书院路,4.9,单人总监洗剪吹,30.35,1228
艾菲尔造型护肤养生,天心区,黄土岭,3.7,单人首席设计师洗剪吹,32.8,1197
思黛尔无痕接发&色彩•造型,天心区,定王台,5.0,单人施华蔻烫发/拉直/染发3选1+固色彩膜/头发抛光套餐,228,1151
思黛尔无痕接发（白沙店）,天心区,劳动广场/书院路,3.9,单人施华蔻烫发/拉直/染发3选1+固色彩膜/头发抛光套餐,228,1151
CJ美咖造型,天心区,天心区,5.0,单人欧莱雅套餐,258,274
沐沐造型（BOBO国际店）,天心区,解放西路,4.7,烫/染/拉直3选1,388,262
可美可乐,天心区,新开铺,5.0,单人洗剪吹,27,257
爱美.国际（新开铺店）,天心区,新开铺,4.7,单人欧莱雅染烫套餐4选1,168,245
NoNo美容美发美甲私人定制,天心区,新开铺,5.0,资深设计师洗剪吹,19.8,225
C.L无痕接发,天心区,坡子街,4.7,单人资深设计师洗剪吹,39.9,221
东尼专业发型设计,天心区,铁道学院/林科大,3.8,单人总监剪发,30,218
慕慕造型,天心区,天心阁,4.4,单人高级造型师洗剪吹,29.9,204
u造型,天心区,解放西路,4.4,单人U造型超值剪发,29.9,186
绮漫造型（慕诗店）,天心区,天心区,4.6,单人精品洗剪吹1次,35,185
苹果精剪造型美容,天心区,铁道学院/林科大,4.5,单人星级洗剪吹1次,26,162
首轩烫染造型中心,天心区,天心区,3.7,单人泰式按摩加金剪加整体造型,24.8,159
文子造型,天心区,人民西路口,5.0,单人高级发型师洗剪吹,35,143
L私享发型定制（解放西店）,天心区,坡子街,5.0,男士专属洗剪吹套餐,25,131
zy造型,天心区,浦沅,5.0,总监洗剪吹,49,127
自由style无痕接发（解放西路）,天心区,解放西路,5.0,无痕接发单人套餐（包烫染、包量）,1888,123
FIM无痕接发&烫染,天心区,解放西路,5.0,单人刘海无痕接发,20,123
mod's hair,天心区,步行街,5.0,单人健康洗发,19.8,123
光泽烫染工作室,天心区,天心区,5.0,单人洗剪吹,36,94
米澜Hair Salon（五一广场店）,天心区,天心区,4.7,单人线上巨惠/打蜡/套餐,0.1,80
GOODTIME日系美发沙龙,天心区,天心区,5.0,单人资深设计师定制剪裁,48,77
goldmiss金小姐,天心区,坡子街,3.9,单人技术总监洗吹造型套餐,29.9,77
coco造型（城市经典店）,天心区,解放西路,4.0,单人COCO造型,99.9,72
coco造型,天心区,省政府,4.6,单人COCO造型,99.9,72
匠心私人订制,天心区,天心区,4.6,单人菲灵烫染二选一套餐,198,67
ANT Hair salon烫染无痕接发,天心区,天心区,5.0,单人洗吹造型,30,55
西井美发美甲私人会所（人民西路店）,天心区,人民西路口,5.0,洗吹造型,28,50
KK美发工作室（五一新干线店）,天心区,天心区,5.0,打蜡,1.9,50
Color Master形象设计,天心区,天心区,5.0,单人洗剪吹,35,49
国豪养发堂（和庄店）,天心区,天虹,5.0,单人草本植物洗头,19,42
亚凡潮牌沙龙,天心区,天心区,5.0,打蜡,1.9,38
搜麦积柯造型无痕接发（解放西路店）,天心区,解放西路,4.6,单人资深首席总监洗剪吹,48,36
阿暾发型工作室,天心区,浦沅,4.8,单人资深设计师剪发套餐,58,33
FG无痕接发专业烫染（湖南五一新干线店）,天心区,天心区,5.0,单人洗剪吹,38.8,32
格林造型,天心区,人民西路口,3.7,精品单人洗剪吹,33,31
固城私人形象发型定制会所,天心区,铁道学院/林科大,4.2,单人总监设计师洗剪吹,56,24
时光订制造型工作室,天心区,定王台,5.0,单人首席设计师洗剪吹1次,78,19
秀生堂生发养发馆旗舰店,天心区,坡子街,4.5,单人秀生堂专业养发套餐,128,19
品魅坊造型,天心区,铁道学院/林科大,4.0,单人总监剪发,28,15
Meishow魅秀私人订制,天心区,天心区,4.4,首席店长洗剪吹,19.8,13
丝域养发馆（博林金谷店）,天心区,天虹,4.0,草本养发,69,11
拉斐派瑞巴黎法式发艺,天心区,坡子街,4.0,单人高级发型修剪套餐,80,11
龚老师韩国原创发型,天心区,铁道学院/林科大,3.8,单人ST染烫,98,8
MAMASALON(悦方IDMall店),天心区,坡子街,3.6,单人代金券,188,5
阿坚造型工作坊,天心区,摩天轮,3.5,总监时尚剪发设计,68,4
素言能量坊,天心区,省政府,3.5,单人总监精致洗剪吹套餐,68.8,4
v.style微时代,天心区,解放西路,4.1,焗油梳直抛光三选一,128,1
哲美造型,天心区,天心区,4.2,单人私人定制烫染,168,0
爱丽社形象会所（竹塘西路店）,天心区,铁道学院/林科大,4.2,单人圣薇娜染烫4选一,268,0
Aixi美甲舍（南门口店）,天心区,南门口,4.3,单人韩式定妆仿真眉,688,0
芊艺形象工作室,天心区,天心区,3.5,单人烫或染,158,0
8+8造型,天心区,南门口,3.7,单人洗剪吹+烫发染发,298,0
ZZ造型工作室,天心区,解放西路,3.5,单人施华蔻烫染套餐,528,0
启创造型,天心区,铁道学院/林科大,3.9,烫染二选一套餐,128,0
乔思国际（解放路店）,天心区,坡子街,3.0,美发套餐,58,0
Aixi美甲舍（解放西路店）,天心区,坡子街,5.0,单人韩式定妆仿真眉,688,0
佑米造型（四方坪麦德龙店）,开福区,四方坪,5.0,丽人狂欢节-欧莱雅烫/染二选一,228,310650
欧莱雅私人定制（长沙万国城店）,开福区,珠江花城/万国城,5.0,单人洗剪吹/护理套餐2选1,39,101046
欧莱雅私人定制（长沙北辰三角洲店）,开福区,伍家岭,5.0,单人洗剪吹/护理套餐2选1,39,101046
施华蔻美发连锁（长沙绿地中心店）,开福区,开福万达广场,5.0,单人施华蔻烫染套餐3选1,208,85656
施华蔻美发连锁（长沙万科店）,开福区,伍家岭,5.0,单人施华蔻烫染套餐3选1,208,85656
柯琳造型（四方坪学堂园公交站店）,开福区,四方坪,5.0,【洗剪造型】套餐,29.8,74165
柯琳造型（中山亭店）,开福区,中山亭/乐和城,5.0,【洗剪造型】套餐,29.8,74165
绚诺soho（四方坪天都店）,开福区,四方坪,4.9,单人资深造型师洗剪吹套餐,29.8,20646
88潮牌美发连锁（五一广场店）,开福区,开福区,5.0,单人洗剪吹,38.8,20226
水灵珑美容美发造型中心（唐潮店）,开福区,松桂园,5.0,单人美发洗剪吹套餐,36,14809
水灵珑美容美发造型中心（双拥店）,开福区,开福区,4.9,单人美发洗剪吹套餐,36,14809
水灵珑美容美发造型中心（兴汉门店）,开福区,开福区,5.0,单人美发洗剪吹套餐,36,14809
水灵珑美容美发造型中心（营盘店）,开福区,松桂园,4.9,单人美发洗剪吹套餐,36,14809
水灵珑美容美发造型中心（顺天店）,开福区,湘江世纪城,5.0,单人美发洗剪吹套餐,36,14809
丝域养发馆（月湖公园店）,开福区,月湖公园/长沙大学,4.6,玫瑰香薰spa+水润头皮护理,88,10636
丝域养发馆（芙蓉盛世店）,开福区,伍家岭,5.0,玫瑰香薰spa+水润头皮护理,88,10636
久星国际（湘江世纪城店）,开福区,湘江世纪城,4.5,单人美发套餐4选1,198,4789
发泽Young(开福万达广场店),开福区,开福万达广场,5.0,发泽young'单人洗剪吹（女宾专享）,49.8,1589
艾缪斯美发美甲沙龙,开福区,开福区,5.0,单人洗剪吹套餐,29.9,1587
M BEAUTY 你好漂亮美容美发（文华会所）,开福区,开福万达广场,5.0,时尚单人洗吹造型套餐,42,1563
伊己卡秀（世纪金源店）,开福区,开福区,5.0,单人洗剪吹套餐,45,1517
i care造型（泊富广场店）,开福区,开福区,5.0,单人高级设计师洗剪吹,48,1416
伊秀美容美发店,开福区,湘江世纪城,3.8,单人洗剪吹,28.8,1398
剪爱,开福区,月湖公园/长沙大学,4.0,单人洗剪吹1次,29.9,655
悦美造型,开福区,开福万达广场,5.0,单人精品洗剪吹,48,453
燕子坞私人定制,开福区,湘江世纪城,4.0,单人洗剪吹套餐,35,413
艺界美发绿沙龙,开福区,开福区,5.0,单人洗吹造型1次,24,372
sum塑美造型（才子佳院店）,开福区,四方坪,5.0,单人剪洗吹1次,35,350
SUM塑美造型（双拥路店）,开福区,四方坪,4.3,单人剪洗吹1次,35,350
SUM塑美造型（四方坪商贸城店）,开福区,四方坪,4.7,单人剪洗吹1次,35,350
sum塑美造型（金帆店）,开福区,四方坪,3.8,单人剪洗吹1次,35,350
迪图美丽会所（福城路店）,开福区,湘江世纪城,4.3,单人专业洗剪吹,39.8,307
迪图美丽会所（湘江世纪城店）,开福区,湘江世纪城,5.0,单人专业洗剪吹,39.8,307
芭莎造型,开福区,四方坪,5.0,单人洗剪吹1次,25,304
颖川造型（北辰店）,开福区,伍家岭,3.5,专业单人洗剪吹,49,284
AM时尚主题生活馆,开福区,开福区,5.0,单人洗剪吹,30,217
创美连锁唐潮美典店,开福区,月湖公园/长沙大学,5.0,单人钻石豪华烫发+染发套餐,298,192
快乐辛巴儿童理发（世纪城店）,开福区,湘江世纪城,4.3,儿童单人创意精剪游乐套餐,58,153
魅尚造型,开福区,四方坪,5.0,单人设计师洗剪吹超值体验1次,35,126
悦心造型（万科店）,开福区,珠江花城/万国城,4.9,单人泰式洗剪吹,30,115
King潮牌工作室（万达店）,开福区,开福万达广场,5.0,单人资深设计师剪发套餐,35,111
成珉造型私人定制工作室,开福区,中山亭/乐和城,5.0,私人定制单人形象洗剪吹造型,58,96
越人造型,开福区,开福万达广场,5.0,单人资深设计师剪发套餐,19.9,88
唯美美容美发养生馆,开福区,烈士公园,3.6,单人欧莱雅美发造型,188,75
缔美造型,开福区,开福万达广场,5.0,单人洗吹造型套餐,29,67
时光漫步发型连锁,开福区,湘江世纪城,4.2,单人洗剪吹1次,29,64
氧发堂植物染发（湘江四季城店）,开福区,湘江世纪城,3.0,长沙氧发堂,9.9,60
剪时光美发（REFINED）,开福区,湘江世纪城,4.9,单人洗剪吹+烫染2选1套餐,298,50
墨者美学生活概念馆,开福区,松桂园,5.0,洗剪吹,59.8,21
J.Style私人美发秀场,开福区,开福万达广场,3.5,单人李靖私人订制精剪+精华洗护＋造型套餐,158,16
HT造型,开福区,开福万达广场,4.7,单人私人订制剪发体验套餐,48,16
丝华蔻造型,开福区,世界之窗/国际会展中心,4.1,单人健康烫/染/顺直3选1套餐,198,14
虞美人,开福区,开福区,3.6,单人品质烫/染发2选1,99,14
丝域养发馆（湘江世纪城二店）,开福区,湘江世纪城,4.4,草本养发,69,11
丝域养发馆(世纪金源店),开福区,湘江世纪城,4.2,草本养发,69,11
秀和美容美发茶艺会所,开福区,湘江世纪城,4.0,单人烫染拉3选1,98,11
诗蕴韩式皮肤管理,开福区,伍家岭,5.0,单人精致眉型设计套餐,1.8,7
悦心造型（金泰店）,开福区,湘江世纪城,3.5,单人泰式洗剪吹套餐,39,4
悦心造型（洪山店）,开福区,月湖公园/长沙大学,3.5,单人泰式洗剪吹套餐,39,4
悦心造型（江湾店）,开福区,湘江世纪城,3.5,单人泰式洗剪吹套餐,39,4
源生堂养发馆,开福区,烈士公园,3.5,单人专业养发护理+肩颈按摩保养套餐,39,4
悦心造型（金北店）,开福区,湘江世纪城,3.5,单人泰式洗剪吹套餐,39,4
西尔顿美发美妆纹绣（三角花园店）,开福区,中山亭/乐和城,5.0,单人店长/总监中山佳丽染发,199.9,3
上古造型,开福区,松桂园,3.5,单人总监剪发套餐,48,3
艾美美容养生馆,开福区,月湖公园/长沙大学,3.9,单人圣薇娜烫染拉三选二送韩国抛光护理,298,3
再出发月湖店（白发脱发养发）,开福区,月湖公园/长沙大学,4.2,单人高级调理,108,1
秀色护肤造型会所,开福区,月湖公园/长沙大学,3.8,单人洗剪吹套餐,38,1
一站式彩妆美甲,开福区,中山亭/乐和城,3.0,单人韩式无痕接发包接整头,999,0
美琪造型,开福区,开福区,3.8,单人健康烫/染套餐,468,0
汉唐草美容美发,开福区,湘雅附一医院,3.9,单人洗发面护理套餐,88,0
碌咔.造型,开福区,四方坪,3.5,单人圣薇娜烫/染2选1,188,0
joy美甲美睫形象工作室,开福区,开福区,4.6,单人韩式半永久丝雾 眉,1380,0
I color salon,开福区,开福万达广场,5.0,单人技术总监洗剪吹,180,0
美丽定制,开福区,马栏山/鸭子铺,4.3,单人设计总监烫染2选1,498,0
佑米造型（西站罗马商业街店）,岳麓区,涉外经济学院,5.0,丽人狂欢节-欧莱雅烫/染二选一,228,310650
佑米造型（麓谷湘麓国际店）,岳麓区,麓谷,5.0,丽人狂欢节-欧莱雅烫/染二选一,228,310650
佑米造型（大学城悦购广场旗舰店）,岳麓区,岳麓大学城,5.0,丽人狂欢节-欧莱雅烫/染二选一,228,310650
佑米造型（汽车西站店）,岳麓区,汽车西站,5.0,丽人狂欢节-欧莱雅烫/染二选一,228,310650
佑米造型（湘雅三医院店）,岳麓区,王府井/步步高,5.0,丽人狂欢节-欧莱雅烫/染二选一,228,310650
佑米造型（长沙含浦米兰春天店）,岳麓区,含浦,5.0,丽人狂欢节-欧莱雅烫/染二选一,228,310650
佛伦斯私人定制烫染国际连锁（喜地时代广场店）,岳麓区,汽车西站,5.0,美芝品系列单人美发套餐,168,143257
佛伦斯私人定制烫染国际连锁（中南大学城店）,岳麓区,岳麓大学城,5.0,美芝品系列单人美发套餐,168,143257
佛伦斯私人定制烫染国际连锁（-河西步步高店）,岳麓区,王府井/步步高,5.0,美芝品系列单人美发套餐,168,143257
瑞豪专业烫染连锁（咸嘉湖街道店）,岳麓区,商学院/人人乐,5.0,【资深设计师】提案+精致裁剪+造型,28.8,107240
瑞豪专业烫染连锁（大学城店）,岳麓区,岳麓大学城,5.0,【资深设计师】提案+精致裁剪+造型,28.8,107240
欧莱雅私人定制（长沙王府井店）,岳麓区,王府井/步步高,5.0,单人洗剪吹/护理套餐2选1,39,101046
欧莱雅私人定制（长沙国际新城店）,岳麓区,阳光100,5.0,单人洗剪吹/护理套餐2选1,39,101046
欧莱雅私人定制（长沙大学城店）,岳麓区,岳麓大学城,5.0,单人洗剪吹/护理套餐2选1,39,101046
欧莱雅私人定制（长沙奥克斯广场店）,岳麓区,奥克斯广场,5.0,单人洗剪吹/护理套餐2选1,39,101046
欧莱雅私人定制美发连锁（长沙米兰春天店）,岳麓区,含浦,5.0,单人欧莱雅美奇丝烫/染/拉3选1套餐),159,76413
柯琳造型（西站步步高店）,岳麓区,汽车西站,5.0,【洗剪造型】套餐,29.8,74165
瑞豪专业烫染连锁（岳华路店）,岳麓区,观沙岭/茶子山,5.0,【时尚白领】玩转色彩／定制造型+首席设计师,188,47908
艺境造型烫染研发中心,岳麓区,涉外经济学院,4.2,单人施华蔻烫/染/直C套餐,208,20695
绚诺soho造型（湘腾城市广场店）,岳麓区,王府井/步步高,5.0,单人资深造型师洗剪吹套餐,29.8,20646
88潮牌美发连锁（领秀店）,岳麓区,商学院/人人乐,5.0,单人洗剪吹,38.8,20226
88潮牌美发连锁（主流造型店）,岳麓区,岳麓区,4.8,单人洗剪吹,38.8,20226
摩登时尚（家润多店）,岳麓区,岳麓大学城,5.0,【首次体验】烫染三选一,128,19729
米淇烫染技术全国联盟（天马大学城店）,岳麓区,岳麓大学城,4.7,单人利威丝奇幻烫染系列,158,18735
水灵珑美容美发造型中心（简美店）,岳麓区,溁湾镇,5.0,单人美发洗剪吹套餐,36,14809
水灵珑美容美发造型中心（郡原店）,岳麓区,王府井/步步高,5.0,单人美发洗剪吹套餐,36,14809
蔓莎造型全国连锁（润泽园店）,岳麓区,商学院/人人乐,5.0,单人高级理发师单人洗剪吹,24.8,14279
丝域养发馆（梅溪湖店）,岳麓区,达美D6/梅溪湖,5.0,玫瑰香薰spa+水润头皮护理,88,10636
丝域养发馆（奥克斯分店）,岳麓区,奥克斯广场,5.0,玫瑰香薰spa+水润头皮护理,88,10636
丝域养发馆(步步高梅溪新天地店),岳麓区,溁湾镇,4.8,玫瑰香薰spa+水润头皮护理,88,10636
丝域养发馆（星澜汇店）,岳麓区,观沙岭/茶子山,4.7,玫瑰香薰spa+水润头皮护理,88,10636
倷丝国际烫染连锁（湘腾盘龙山店）,岳麓区,王府井/步步高,5.0,单人美芝品美发套餐,168,10611
沙宣烫染连锁（湘腾店）,岳麓区,王府井/步步高,4.9,单人高级施华蔻烫染3选1套餐,290,10095
美学·星工坊（湘雅三医院店）,岳麓区,王府井/步步高,4.1,单人总监欧莱雅美奇丝烫染套餐,158,7519
头等舱（天马公寓店）,岳麓区,岳麓大学城,4.7,单人洗剪吹套餐,29.9,5677
头等舱（工业学院店）,岳麓区,含浦,3.8,单人洗剪吹套餐,29.9,5677
头等舱（中南大学店）,岳麓区,岳麓大学城,4.0,单人洗剪吹套餐,29.9,5677
发爵形象设计（奥克斯店）,岳麓区,奥克斯广场,5.0,单人设计师洗剪吹套餐,30,5082
丰天造型,岳麓区,涉外经济学院,4.4,单人精致洗剪吹,21,1035
沐熙形象设计会馆,岳麓区,汽车西站,5.0,单人洗剪吹,41,1014
小王家烫染潮牌沙龙（河西大学城店）,岳麓区,岳麓大学城,5.0,单人精品洗剪吹套餐,30,980
灵感形象设计,岳麓区,商学院/人人乐,5.0,单人高级设计师洗剪吹,22.8,949
优米造型烫染私人定制（润泽园店）,岳麓区,王府井/步步高,5.0,单人首席设计师洗剪吹,29,938
优米造型烫染私人定制（大学城店）,岳麓区,岳麓区,5.0,单人首席设计师洗剪吹,29,938
秀吧.巴洛克美发形象馆（步步高梅溪新天地店）,岳麓区,涉外经济学院,5.0,单人高级设计师洗剪吹,58,915
秀吧.巴洛克美发形象馆（郡原广场店）,岳麓区,王府井/步步高,5.0,单人高级设计师洗剪吹,58,915
阿汤哥美发工作室,岳麓区,岳麓区,5.0,单人总监剪发1次,23.8,837
Ash·樱丝国际美发沙龙（王府井店）,岳麓区,王府井/步步高,5.0,单人洗剪吹1次,58,834
阿玛尼造型养发馆,岳麓区,观沙岭/茶子山,5.0,单人阿玛尼造型养发馆洗剪吹,49,822
瑞豪蔓莎造型（河西大学城总店）,岳麓区,岳麓大学城,5.0,单人高级发型师洗剪吹套餐1次,28.8,731
妮可造型（中南店）,岳麓区,岳麓大学城,4.4,单人洗剪吹套餐,18,659
卡尔美时尚造型,岳麓区,岳麓大学城,5.0,单人洗剪吹,18.8,637
美简造型,岳麓区,岳麓区,4.4,单人美简洗剪吹方案,27.8,563
格格发型私人定制,岳麓区,汽车西站,5.0,单人洗剪吹造型,29,525
艾肯发型工作室,岳麓区,岳麓大学城,5.0,单人洗剪吹,35,488
Hi造型形象顾问,岳麓区,岳麓大学城,5.0,单人洗剪吹/护理二选一,31,451
头条烫染美发连锁,岳麓区,王府井/步步高,4.2,单人洗剪吹1次,26.8,446
简介 Hair salon（秀泽店）,岳麓区,商学院/人人乐,3.0,单人IDA烫染直三选一套餐,118,427
青春记忆（奥克斯广场店）,岳麓区,奥克斯广场,5.0,单人资深设计师剪发套餐,49.9,413
快乐造型,岳麓区,岳麓大学城,5.0,单人洗剪吹套餐,19.8,413
聚美造型,岳麓区,商学院/人人乐,4.3,单人高级洗剪吹1次,35,409
非凡形象设计会所,岳麓区,奥克斯广场,5.0,非凡洗剪吹➕剪后护理,38,405
DA形象定制空间,岳麓区,观沙岭/茶子山,4.6,单人星级洗剪吹1次,37.8,404
MMZX（奥克斯广场店）,岳麓区,奥克斯广场,5.0,单人资深设计师剪发套餐,49.9,391
文峰美容美发（玛依拉山庄店）,岳麓区,王府井/步步高,4.7,单人明星洗剪吹造型,30,373
勤斯丹匠美发,岳麓区,奥克斯广场,4.3,单人总监洗剪吹套餐,65,332
瑞豪专业烫染连锁（财院路店）,岳麓区,岳麓区,5.0,【长发情结】原生态无痕接发,1580,325
魅力创造专业美发,岳麓区,含浦,5.0,单人洗剪吹,25,314
爱慕尔美发会所,岳麓区,涉外经济学院,5.0,单人男士单洗剪发,33,299
六楼造型（工作室）,岳麓区,岳麓大学城,5.0,德国施华蔻尊享套餐,198,296
蝶变国际美业,岳麓区,商学院/人人乐,4.7,单人洗剪吹1次,25,287
发坊美发美甲沙龙（骑龙店）,岳麓区,涉外经济学院,4.6,单人时尚洗剪吹套餐,22.8,277
发坊美发美甲沙龙（涉外店）,岳麓区,涉外经济学院,5.0,单人时尚洗剪吹套餐,22.8,277
丝域养发馆（奥克斯缔壹城店）,岳麓区,岳麓区,4.9,丝域头部香薰spa,69,275
冰锋造型,岳麓区,岳麓大学城,5.0,单人洗剪吹＋施华蔻烫/染＋护理套餐,218,267
SJ简约造型,岳麓区,岳麓大学城,4.0,单人洗剪吹1次,21,263
文峰美容美发（加州阳光店）,岳麓区,麓谷,4.7,洗剪吹,39,263
维纳斯美容美发养生会所,岳麓区,麓谷,3.6,单人高级发型师洗剪吹,30,78
希西Cici美容美发私人定制,岳麓区,王府井/步步高,4.3,单人单次洗剪吹,28,70
秀美形象设计机构（咸嘉新村店）,岳麓区,王府井/步步高,4.1,优质烫/染/拉/抛光套餐,98,57
艺美造型,岳麓区,商学院/人人乐,3.9,优质烫/染/拉/抛光套餐,98,57
玉轩（玉人箫美容店）,岳麓区,王府井/步步高,4.4,单人总监洗剪吹1次,49,56
T-3色彩造型,岳麓区,商学院/人人乐,4.7,单人资深设计师洗剪吹,30,53
骄典发型,岳麓区,观沙岭/茶子山,4.5,单人骄典造型洗剪吹,31,52
印象WO RKSH OP私人定制,岳麓区,岳麓大学城,5.0,单人洗剪吹高级设计师,18,50
悦己美容美发养生馆,岳麓区,商学院/人人乐,3.6,单人高级设计师洗剪吹1次,29.9,36
艾美丽马上健康减肥（奥克斯广场店）,岳麓区,奥克斯广场,3.9,单人高级设计师剪发,35,34
艺阁,岳麓区,阳光100,4.2,单人洗剪吹套餐,39.9,33
爱上造型,岳麓区,岳麓区,5.0,单人店长精剪,25,27
丝语,岳麓区,商学院/人人乐,3.8,烫/染套餐,158,27
时尚码头（左家垅店）,岳麓区,岳麓大学城,4.0,单人蓝爵专业烫染套餐2选1,98,23
时尚码头（黄鹤店）,岳麓区,阳光100,3.7,单人蓝爵专业烫染套餐2选1,98,23
爱情魔发师造型,岳麓区,岳麓大学城,4.0,单人洗剪吹套餐,20,23
时尚码头（盛峰造型店）,岳麓区,岳麓大学城,4.0,单人蓝爵专业烫染套餐2选1,98,23
哈发秀,岳麓区,观沙岭/茶子山,3.8,哈发秀美发套餐,198,16
悦悦美妆美甲美睫工作室（大学城店）,岳麓区,岳麓大学城,4.7,单人韩式彩妆造型1次,25,15
86+美发连锁（涉外店）,岳麓区,涉外经济学院,3.5,单人明星发型师洗剪吹套餐,58,14
艺星发艺,岳麓区,麓谷,3.8,艺星发艺男士精剪,24,13
锋尚,岳麓区,市政府,3.7,单人烫或染套餐,198,11
文峰美发美容（长沙绿地店）,岳麓区,观沙岭/茶子山,3.4,总监精剪,98,9
微美形象私人定制,岳麓区,商学院/人人乐,4.5,单人日韩纳米无痕接发,1280,9
Layla蕾拉形象设计会所,岳麓区,岳麓区,4.1,单人雅姿品牌烫/染2选1,88,9
格色风造型,岳麓区,观沙岭/茶子山,3.5,单人时尚白领烫/染/拉套餐,128,3
印象素美美发造型（天马大学城店）,岳麓区,岳麓大学城,5.0,单人染色手工费用,88,2
潇艺专业美发连锁,岳麓区,岳麓区,3.5,单人洗剪吹1次,15,2
魔镜烫染名店,岳麓区,汽车西站,3.8,单人清爽酷夏限量夏日补水护理,39.9,2
i.尚美韩国精致发型私人定制,岳麓区,商学院/人人乐,3.5,单人资深设计师洗剪吹,25,1
星美形象工作室,岳麓区,王府井/步步高,3.0,单人星美形象工作室洗剪造型,150,1
格调（德智园店）,岳麓区,岳麓大学城,4.4,单人洗剪吹一次  免预约,29,1
简艺造型（简艺造型）,岳麓区,观沙岭/茶子山,3.5,单人高级发型师烫染套餐,348,1
艺流造型,岳麓区,含浦,4.7,单人伊人烫发,88,1
名扬造型（大学城店）,岳麓区,岳麓大学城,4.1,代金券,90,0
tt秀专业形象顾问（西站店）,岳麓区,汽车西站,3.5,资深设计师洗剪吹,36,0
布莱森国际烫染连锁（天马大学城店）,岳麓区,岳麓大学城,3.5,布莱森国际烫染连锁,298,0
美琪造型,岳麓区,汽车西站,3.5,单人烫染套餐,78,0
Allen造型,岳麓区,王府井/步步高,3.5,单人品牌总监洗剪吹套餐,68,0
手艺人私人订制烫染连锁,岳麓区,商学院/人人乐,5.0,单人半永久仿真眉/美睫线/半永久唇套餐3选1,480,0
永琪美容美发,岳麓区,王府井/步步高,3.5,单人美发套餐,880,0
沙朴shirp私人形象订制（时代广场店）,岳麓区,商学院/人人乐,3.5,单人(技术店长)洗剪吹套餐(洗发+剪发+造型),108,0
指爱美甲小店,岳麓区,涉外经济学院,5.0,单人韩式半永久定妆仿真眉,680,0
独品私人定制（河西总店）,岳麓区,王府井/步步高,3.5,单人林志玲代言利威丝烫染套餐,328,0
安宇造型美发会所,望城区,望城步行街,3.7,安宇造型连锁机构洗剪吹套餐,29.8,812
尚美私人定制,望城区,望城区,4.8,单人中式洗剪吹,31.8,529
椰岛发型美容美发,望城区,望城步行街,3.8,高级设计师洗剪吹,35,430
芙蓉姐姐烫染造型吧,望城区,望城区,5.0,单人精品洗剪吹1次,36,264
神草传奇植物染发馆,望城区,望城区,3.0,单人植物洗发,18.8,224
百分百美容美发休闲中心,望城区,望城区,5.0,松筋洗护,58,214
新艺造型,望城区,望城区,3.7,洗吹剪1次,20.8,191
纤手造型,望城区,太平洋服饰广场,4.4,洗剪吹单人,18,119
欧泉造型,望城区,望城区,4.0,单人洗剪吹,28,26
86+美发连锁（雷峰店）,望城区,望城区,3.5,单人明星发型师洗剪吹套餐,58,14
缔美尚联盟店首都,望城区,望城区,4.0,营养烫，烫染套餐,168,12
魅力私人订制烫染连锁（工业学院店）,望城区,望城区,3.5,单人美芝品美发套餐,148,7
欧莱雅私人定制（浏阳雨润发店）,浏阳市,淮川街道,5.0,单人洗剪吹/护理套餐2选1,39,101046
vimine微蜜造型美发沙龙,浏阳市,浏阳,5.0,单人形象设计套餐,48,2601
漂亮宝贝美发会所,浏阳市,淮川街道,3.8,单人烫发+染发套餐,258,262
名匠发艺,浏阳市,集里街道,3.5,单人经典洗剪吹,18,1
lD制造美容美发美甲会所（lD制造星沙旗舰店）,长沙县,易初莲花,4.0,发型师洗剪吹1次,46,172
M.X美秀造型纹绣,长沙县,易初莲花,5.0,单人洗剪吹套餐(请提前2小时预约),25,158
比克美容美发（星沙易初莲花店）,长沙县,易初莲花,5.0,单人首席/总监洗剪吹造型2选1,68,141
美链惠时尚沙龙（卜蜂莲花店）,长沙县,易初莲花,5.0,单人总监洗剪吹护理套餐,68,135
L私人发型定制（星沙店）,长沙县,大众传媒,5.0,男士专属洗剪吹套餐,25,131
名尚j美发店,长沙县,泉塘/星城国际,3.9,单人高级设计师洗剪吹,28,121
蓝调造型旗舰店（新店）,长沙县,长沙县,4.9,单人VIP设计师精剪,26,96
蓝调造型 3店（3店）,长沙县,长沙县,4.7,单人VIP设计师精剪,26,96
兰.会所（总店）,长沙县,大众传媒,5.0,单人VIP设计师精剪,26,96
TOP D私人发型SALON（泉塘店）,长沙县,长沙县,4.7,单人精品洗剪吹,29.9,62
星梦想造型,长沙县,易初莲花,4.6,资深设计师洗剪吹造型,35,59
巴马传奇,长沙县,易初莲花,4.4,头疗spa单人套餐,98,58
T-S造型（T-S造型工作室）,长沙县,星沙一桥,3.8,单人双子座染烫美发套餐,188,58
D·M美发私人订制。清吧,长沙县,长沙县,5.0,单人精致洗剪吹,68,53
美度造型（湖南信息学院店）,长沙县,长沙县,5.0,单人欧莱雅烫/染/拉直套餐3选1,178,42
领航美发,长沙县,星沙通程广场,3.9,单人洗吹1次,19,29
TT秀,长沙县,长沙县,3.0,单人明星发型师洗剪吹套餐,58,14
T-S造型（楚天店）,长沙县,星沙一桥,3.5,潮流发型设计,228,9
意点时尚,长沙县,城西安置小区,4.2,欧莱雅美奇丝烫染拉直5选1,148,3
so形象设计（大众传媒灰埠店）,长沙县,大众传媒,4.2,欧莱雅烫染套餐,198,3
8+8造型,长沙县,易初莲花,3.7,单人洗剪吹+烫发染发,298,0
优美·美容美发连锁（优美16店）,长沙县,榔梨镇,4.1,单人欧莱雅烫染美发套餐,398,0
优美·美容美发连锁（优美8店）,长沙县,星沙通程广场,4.1,单人欧莱雅烫染美发套餐,398,0
8+8造型（苏宁店）,长沙县,星沙通程广场,3.8,单人洗剪吹+烫发染发,298,0
优美·美容美发连锁（优美18店）,长沙县,黄花镇/黄花机场,3.5,单人欧莱雅烫染美发套餐,398,0
优美·美容美发连锁（20店）,长沙县,长沙县,3.0,单人欧莱雅烫染美发套餐,398,0
优美·美容美发连锁（泉塘五店）,长沙县,泉塘/星城国际,4.0,单人欧莱雅烫染美发套餐,398,0
金池韩式半永久培训机构,长沙县,城西安置小区,4.3,单人韩式6D仿生眉/烟雾眉/粉黛眉/美瞳眼线套餐4选1,680,0
优美·美容美发连锁（优美17店）,长沙县,星沙一桥,3.5,单人欧莱雅烫染美发套餐,398,0
优美·美容美发连锁（尚都汇优美14店）,长沙县,黄花镇/黄花机场,3.7,单人欧莱雅烫染美发套餐,398,0
优美·美容美发连锁（优美9店）,长沙县,筑梦园,4.1,单人欧莱雅烫染美发套餐,398,0
