﻿商家,区域,商圈,星级,服务,价格,销量
施华蔻美发连锁（南宁航洋国际店）,青秀区,航洋国际,5.0,单人施华蔻烫染套餐3选1,208,85651
施华蔻美发连锁（南宁东盟商务店）,青秀区,东盟商务区,5.0,单人施华蔻烫染套餐3选1,208,85651
施华蔻美发连锁（南宁首艺东葛店）,青秀区,东葛望园,5.0,单人施华蔻烫染套餐3选1,208,85651
施华蔻美发连锁（南宁金旺角店）,青秀区,金湖,5.0,单人施华蔻烫染套餐3选1,208,85651
欧莱雅私人定制（南宁航洋国际店）,青秀区,航洋国际,5.0,单人欧莱雅美奇丝烫/染/拉3选1套餐),159,76411
紫尚造型（南宁建政园湖店）,青秀区,园湖路,5.0,【人气】单人烫染直三选一美发套餐,159,59499
紫尚造型（南宁航洋国际店）,青秀区,航洋国际,5.0,【人气】单人烫染直三选一美发套餐,159,59499
紫尚造型（东葛店）,青秀区,东葛望园,5.0,【人气】单人烫染直三选一美发套餐,159,59499
紫尚造型（南宁国贸店）,青秀区,国贸中心,5.0,【人气】单人烫染直三选一美发套餐,159,59499
紫尚造型（南宁东方广场店）,青秀区,仙葫,5.0,【人气】单人烫染直三选一美发套餐,159,59499
芸熙美人（水晶城店）,青秀区,金湖,3.8,欧莱雅烫染拉5选1+高级护理+洗剪单人套餐,229,48633
瑞豪专业烫染连锁（航洋国际店）,青秀区,航洋国际,5.0,【时尚白领】玩转色彩／定制造型+首席设计师,188,47907
米娜造型（桃源路百佳华店）,青秀区,桃源天桃路口,5.0,单人美发套餐5选1,128,35164
米娜造型（盛天地店）,青秀区,东盟商务区,5.0,单人美发套餐5选1,128,35164
米娜造型（中山路丽原天际店）,青秀区,丽原天际,5.0,单人欧莱雅高端五选一套餐,198,27358
启明星·时尚（丽原天际店）,青秀区,丽原天际,4.8,美发套餐,128,24643
美天淘日系沙龙（青秀店）,青秀区,国贸中心,5.0,欧莱雅烫发染发直发护理单人套餐,159,24325
摩登时尚（七星路新天地店）,青秀区,七星路,5.0,【品质优选】设计师定制裁剪,29.8,23680
摩登时尚（华润万家店）,青秀区,东葛望园,5.0,【品质优选】设计师定制裁剪,29.8,23680
88潮牌美发连锁（天健公馆店）,青秀区,东盟商务区,4.9,单人洗剪吹,38.8,20218
北京汤米造型（航洋店）,青秀区,航洋国际,5.0,汤米造型总监洗剪吹1次 民族大道,60,2529
北京汤米（古城总店）,青秀区,古城民族,5.0,汤米造型总监洗剪吹1次 民族大道,60,2529
多米造型全国连锁（国贸店）,青秀区,国贸中心,4.6,单人洗剪吹套餐,38,2523
印觉形象设计（金湖店）,青秀区,琅西,5.0,洗剪吹+头部瑜伽,58,2504
印觉形象设计（琅西店）,青秀区,琅西,5.0,洗剪吹+头部瑜伽,58,2504
印觉形象设计（东盟店）,青秀区,东盟商务区,5.0,洗剪吹+头部瑜伽,58,2504
韵龙商务造型（锦春路埌西店）,青秀区,琅西,5.0,单人洗剪吹套餐,29.8,2300
爱时尚造型（国贸分店）,青秀区,丽原天际,5.0,欧莱雅烫、染、拉套餐（3选1）,158,2256
丽人网－广西美发连锁品牌（七星店）,青秀区,七星路,5.0,美发洗剪吹＋欧莱雅系列3选1单人套餐,158,1992
丽人网-广西美发连锁品牌（万象店）,青秀区,东盟商务区,4.9,美发洗剪吹＋欧莱雅系列3选1单人套餐,158,1992
丽人网-广西美发连锁品牌（金旺角店）,青秀区,金湖,5.0,美发洗剪吹＋欧莱雅系列3选1单人套餐,158,1992
丽人网-广西美发连锁品牌（国贸中心）,青秀区,国贸中心,5.0,美发洗剪吹＋欧莱雅系列3选1单人套餐,158,1992
丽人网-广西美发连锁品牌（祥滨店）,青秀区,南湖公园,4.9,美发洗剪吹＋欧莱雅系列3选1单人套餐,158,1992
丽人网-广西美发连锁品牌（凤翔原创店）,青秀区,凤翔路,4.6,美发洗剪吹＋欧莱雅系列3选1单人套餐,158,1992
丽人网-广西美发连锁品牌（东葛永凯店）,青秀区,东葛望园,5.0,美发洗剪吹＋欧莱雅系列3选1单人套餐,158,1992
米咔造型（东葛古城店）,青秀区,东葛古城,4.1,单人店长总监高端烫染3选1,398,1898
C&K;诗倚造型（思贤店）,青秀区,青秀区,5.0,单人发型设计师洗剪造型,52,1865
北京汤米（航洋国际六分店）,青秀区,航洋国际,5.0,北京汤米单人298施华蔻A/B套餐,298,1812
颖秀造型（竹溪大道总店）,青秀区,竹溪大道,4.0,单人专业洗剪吹,32,1735
颖秀造型（东盟分店）,青秀区,东盟商务区,4.9,单人专业洗剪吹,32,1735
楚侗洗发（广园店）,青秀区,青秀区,4.0,茶麸+草本+水疗洗发护理,39.8,646
楚侗洗发（祥宾店）,青秀区,金湖,4.2,茶麸+草本+水疗洗发护理,39.8,646
星艺美发,青秀区,仙葫,4.0,洗剪吹套餐,31,644
你好ING,青秀区,航洋国际,5.0,资深总监单人精剪,80,628
秀·造型,青秀区,丽原天际,5.0,设计师洗剪吹,50,610
时尚定制,青秀区,国贸中心,5.0,单人专业洗护+精剪,39,597
上海公爵,青秀区,丽原天际,4.8,洗剪吹套餐,29.8,595
ShanQi美发沙龙（永凯店）,青秀区,航洋国际,5.0,洗剪吹,38,577
润色头发色彩4s店（国贸女神店）,青秀区,国贸中心,5.0,单人私人订制专业染发套餐,158,565
印象.格莱美发艺馆,青秀区,七星路,5.0,单人设计师剪发,48,534
手艺人美发沙龙工作室,青秀区,国贸中心,5.0,单人总监洗剪吹,38,509
梦幻造型,青秀区,青秀区,5.0,洗剪吹单人套餐,30,490
飘宇美发（东葛店）,青秀区,东葛望园,4.3,洗剪吹套餐,26,472
飘宇美发（新华店）,青秀区,青秀区,4.4,洗剪吹套餐,26,472
美壹造型,青秀区,东盟商务区,5.0,美壹造型单人精剪造型1次,35,465
丝享家·精粹草本养发（桂雅店）,青秀区,东盟商务区,5.0,单人姜泥防掉控油护理,50,434
香港精工制作美发会所,青秀区,古城民族,4.6,总监洗剪吹一次49.9,50,422
本末（维特）专业美发工作室,青秀区,七星新民,5.0,单人施华蔻系列5选1+护理套餐,188,420
托尼造型,青秀区,丽原天际,4.6,私人定制，日本菲灵烫染二选一,358,419
DAVID造型专业烫染无痕接发店（市中心国贸店）,青秀区,国贸中心,5.0,单人无痕接发（360片）接全头,688,412
专属定制,青秀区,民族大道,4.8,洗剪吹,38,409
女王心,青秀区,青秀区,5.0,女王心姜疗养发/水疗养发（单人）,26,403
名人秀（国贸店）,青秀区,国贸中心,4.5,单人洗剪吹,35,397
威森造型（水晶城店）,青秀区,金湖,4.8,圣薇娜烫染拉3选1,138,389
沙宣精致定制美发连锁（天健公馆店）,青秀区,东盟商务区,4.1,美奇丝烫染拉3选1套餐,118,378
Ms无痕接发潮牌（国贸店）,青秀区,国贸中心,5.0,单人无痕接发55cm（360片拆卸无残留）,688,368
Ms无痕接发潮牌（东盟财经店）,青秀区,万象城,4.7,单人无痕接发55cm（360片拆卸无残留）,688,368
欧文形象研究中心,青秀区,航洋国际,5.0,单人首席设计师洗剪吹,48,349
奥维森造型社,青秀区,长湖路,4.2,精剪,48,348
妙逸形象设计,青秀区,青秀区,4.8,单人洗剪吹+造型,38,338
启源新时尚沙龙,青秀区,东盟商务区,4.4,单人洗剪吹造型,30,335
庆翠堂茶麸养发（南宁旗舰店）,青秀区,东盟商务区,4.9,单人草本茶麸洗发,38,291
漂亮宝贝（丽原天际店）,青秀区,丽原天际,5.0,圣微娜烫染拉（3选1）（单人）,88,282
漂亮宝贝连锁造型沙龙（东葛望园店）,青秀区,东葛望园,5.0,圣微娜烫染拉（3选1）（单人）,88,282
19范工作室,青秀区,航洋国际,5.0,洗剪造型,38,277
Yoka 风尚造型,青秀区,航洋国际,5.0,资深首席设计师单人洗剪吹,50,265
代言专业美发,青秀区,青秀区,3.9,代言美发洗剪吹新,25,262
上尚造型（东盟店）,青秀区,东盟商务区,3.0,单人烫染拉三选一,88,151
时尚芭莎（永凯店）,青秀区,东葛望园,5.0,单人烫染拉三选一,88,151
时尚芭莎（丽原天际店）,青秀区,丽原天际,5.0,单人烫染拉三选一,88,151
时尚芭莎（遇尚店）,青秀区,新竹路,4.7,单人烫染拉三选一,88,151
剪王发型工作室,青秀区,东盟商务区,4.9,单人洗剪吹,30,140
ST秀场造型（平湖店）,青秀区,东葛望园,3.7,【首席督导】创意裁剪+定制造型,88,140
南宁市宫村丝艺造型,青秀区,双拥路,4.4,宫村丝艺日式菲灵烫染拉3选1单人美发套餐,188,134
TS造型（Trend shop）,青秀区,民族大道,5.0,洗剪吹单人套餐,49.9,133
F&FIVE;影视造型设计（南宁店）,青秀区,航洋国际,5.0,单人总监精剪单人套餐,80,131
众鑫时代造型会所（金洲分店）,青秀区,金湖,4.8,精剪造型套餐,28,127
C&K;梵希造型会所（航洋店）,青秀区,航洋国际,5.0,技术店长洗剪吹,128,122
让·路易大卫,青秀区,长湖路,5.0,设计总监洗剪造型,48,121
女王美发,青秀区,茶花园路,5.0,洗吹+水疗/奶·疗/姜疗三选一,28,121
SHOW发型公社,青秀区,国贸中心,5.0,单人设计师洗剪吹套餐,29.9,119
以梦为马造型（百佳华店）,青秀区,桃源天桃路口,5.0,“丝滑柔美”圣薇娜烫染拉3选1单人套餐,98,117
鸿贵人美发（金湖南路店）,青秀区,琅西,4.4,单人洗剪吹,33,112
草沐屋草本养发馆,青秀区,凤岭南,5.0,现熬草本植物+头部、肩颈经络按摩（单人）,25,110
艾特国际形象,青秀区,青秀区,4.0,风格设计师单人洗剪吹,38,110
摩丝密码护肤造型,青秀区,凤翔路,4.9,单人总监精剪造型,98,103
享美造型（爱美工作室）,青秀区,青秀区,5.0,单人全真纳米无痕接发65cm,880,102
名艺阁,青秀区,丽原天际,4.4,造型洗吹,16.8,98
剪艺人生,青秀区,青秀区,5.0,自动按摩洗头+造型,20,96
M-ONE造型,青秀区,东盟商务区,5.0,圣薇娜烫发/染发,188,95
安之酸五倍子天然植物养发染发,青秀区,东葛望园,5.0,草本洗发,25,92
刘科美发造型会所,青秀区,东盟商务区,4.9,门店特色超值烫染拉三选一（单人）,358,90
瑶药祖方养发馆,青秀区,青秀区,4.4,养发姜精华草本防脱洗护,29.9,90
T M无痕接发潮牌店（古城店）,青秀区,古城民族,5.0,单人洗剪吹,39,87
范儿工作室,青秀区,国贸中心,4.9,洗剪吹套餐,39.9,86
廖和李陆韩日美发会所,青秀区,长湖路,3.8,烫拉染柔顺4选1,158,85
私人定社,青秀区,青秀区,5.0,单人时尚造型圣威娜套餐3选2,158,82
米娅造型,青秀区,东葛望园,3.8,99,138,80
艺辉发型定制,青秀区,琅西,5.0,单人总监洗剪吹,49.9,72
爱葛妮丝（金州店）,青秀区,民族大道,4.4,单人草本茶麸洗发养护＋姜元素护理＋水因素护理,16.8,66
名媛世家,青秀区,七星新民,3.7,单人烫染拉3选1套餐,78,65
MT 谜题造型工作室（MT cut）,青秀区,东盟商务区,5.0,资深设计师洗剪,108,63
BMB国际造型,青秀区,民族大道,5.0,国际剪发豪华套组  男士,68,62
格聚造型,青秀区,凤岭北,5.0,单人洗剪吹套餐,25,63
星艺社形象创意沙龙,青秀区,青秀区,4.8,单人资深设计师+造型,30,60
名人秀,青秀区,东盟商务区,3.9,单人烫染拉3选1,269,60
中草药茶麸洗头馆（军区店）,青秀区,东葛古城,5.0,汉方草本+茶麸+姜疗洗护单人套餐,39.8,60
雅阁造型（百佳华店）,青秀区,桃源天桃路口,5.0,单人设计师洗剪吹／护理二选一,30,59
欧美沙龙（百佳华店）,青秀区,桃源天桃路口,5.0,单人设计师洗剪吹／护理二选一,30,59
F&G;时尚女孩美发美甲造型,青秀区,古城民族,4.9,韩式首席洗剪吹（单人）,38,58
贵颜坊美容养生馆,青秀区,七星路,5.0,姜疗养发(单人）,25,58
出色美发,青秀区,青秀区,3.5,洗吹套餐,25,57
名世家专业美发会所（葛村路店）,青秀区,青秀区,4.0,名世家专业美发泰式洗头+时尚精剪造型套餐,38,57
木森造型（木森潮店）,青秀区,东葛路,5.0,洗剪吹单人次,39,57
无痕接发,青秀区,国贸中心,5.0,无痕接发,699,53
中华民瑶养生养发中心,青秀区,凤岭南,4.8,火麻营养植物养发套餐,29,52
青木造型社,青秀区,东盟商务区,5.0,烫染拉三选一单人套餐,368,51
红衣瑶茶麸洗发,青秀区,青秀区,5.0,草本+茶麸洗头,29,49
苏帝造型（总店）,青秀区,竹溪大道,4.3,洗剪吹+烫染拉套餐,128,47
标签造型（盛天地店）,青秀区,东盟商务区,4.6,单人导师洗剪造型套餐,45,47
美奇丝私人订制（市中心国贸店）,青秀区,青秀区,5.0,【特价】单人美发体验套餐使用卷,1,46
伊娜美发造型会所,青秀区,中山路,4.0,258德国施华蔻烫染拉精致套餐,258,41
鸿贵人美发（东盟店）,青秀区,东盟商务区,3.9,单人分店资深发型师洗剪+造型,33,40
美妃斯精品烫染（新梦之岛店）,青秀区,古城民族,4.7,单人精剪+洗剪吹,38,40
阳伊倍生活馆（山语城店）,青秀区,凤岭北,4.9,汉方茶麸生姜洗头护理单人套餐（首次体验）,28,40
北京尊尚沙龙,青秀区,金湖,4.4,尊尚精品洗剪吹套餐,48,38
一丝造型总监私人工作室,青秀区,东盟商务区,5.0,单人洗剪吹套餐体验价,60,38
雅辰美甲工作室,青秀区,东葛古城,5.0,单人水晶线接发（200束）,158,2
伊彩美业（琅东店）,青秀区,凤岭南,5.0,单人染发套餐,198,2
清绣阁,青秀区,青秀万达,5.0,首席l洗l剪l吹l造型,58,4
美琪丝发型设计工作室,青秀区,金湖,3.0,发型设计女发,49,1
文子沙龙,青秀区,东葛望园,3.5,单人男士商务裁剪,100,1
完美定制,青秀区,青秀区,4.9,完美定制3选2丽人套餐（单人）,168,259
名师名店造型连锁（水晶城店）,青秀区,金湖,3.9,精品烫染套餐,369,0
名人秀,青秀区,柳沙半岛,4.8,背部保养,58,0
JOHN发型工作室,青秀区,东盟商务区,3.5,创意总监剪发,498,0
新尚造型,青秀区,青秀区,3.5,29.8洗剪吹1次,29.8,0
若仙名流美容养生会所,青秀区,青秀区,4.3,纯草本养发护理,28,0
南宁唐风采织发补发假发中心,青秀区,青秀区,3.5,单人私人定制织发补发套餐,20000,0
北京KAKU精品造型（丽原天际形象店）,青秀区,丽原天际,4.2,单人精品洗剪吹套餐,268,0
首选护肤造型,青秀区,青秀区,4.6,欧莱雅5选1,269,0
鑫鑫美容美甲养生馆,青秀区,金湖,4.5,单人茶麸草本养发/姜疗养发2选1套餐,25,0
盛世皇潮商务造型,青秀区,青秀区,4.0,欧莱雅3选1,158,0
佑米造型（步行街广场女神店）,兴宁区,兴宁区,5.0,丽人狂欢节-欧莱雅烫/染二选一,228,310638
瑞豪专业烫染连锁（澳门街店）,兴宁区,兴宁区,5.0,【资深设计师】提案+精致裁剪+造型,28.8,107231
瑞豪专业烫染连锁（和安街礼发公馆店）,兴宁区,兴宁区,5.0,【资深设计师】提案+精致裁剪+造型,28.8,107231
欧莱雅私人定制（南宁香樟林店）,兴宁区,人民公园,5.0,单人洗剪吹/护理套餐2选1,39,101038
欧莱雅私人定制（南宁盛天首派店）,兴宁区,兴宁区,5.0,单人洗剪吹/护理套餐2选1,39,101038
美宝莲美发直营连锁（南宁步行街店）,兴宁区,朝阳广场,5.0,施华蔻套餐3选1,208,42708
摩登时尚（望州南路店）,兴宁区,人民公园,5.0,【品质优选】设计师定制裁剪,29.8,23680
绚诺soho（东葛望园店）,兴宁区,兴宁区,4.2,单人资深造型师洗剪吹套餐,29.8,20644
摩登时尚（南宁兴宁店）,兴宁区,朝阳广场,4.1,单人摩登奢华烫/染/拉直3选1套餐,258,11968
曼妮斯（朝阳路店）,兴宁区,朝阳广场,4.4,单人MATRIX美奇丝烫/染/拉直3选1套餐,198,10503
豪门美业（步行街广场工作室）,兴宁区,兴宁区,5.0,时尚造型洗剪吹单人套餐,26.8,7511
三千·烦恼丝（共和店）,兴宁区,市中心,4.4,经典泰式洗吹＋精油推肩单人套餐,25,6210
三千·烦恼丝（北宁店）,兴宁区,市中心,3.7,经典泰式洗吹＋精油推肩单人套餐,25,6210
三千·烦恼丝（民主店）,兴宁区,兴宁区,5.0,经典泰式洗吹＋精油推肩单人套餐,25,6210
dby及时雨造型全国连锁（11分店）,兴宁区,朝阳广场,5.0,单人洗剪吹套餐,29,5546
千潮惠护肤造型（福莱阁店）,兴宁区,朝阳广场,3.9,单人洗剪吹套餐,29.8,4580
摩卡时尚造型（北宁店）,兴宁区,市中心,5.0,创意设计师精剪+洗吹单人套餐,38,3866
多米造型全国连锁（西南商都店）,兴宁区,朝阳广场,4.3,单人洗剪吹套餐,38,2523
印觉形象设计（朝阳店）,兴宁区,市中心,5.0,洗剪吹+头部瑜伽,58,2504
佛伦斯私人定制烫染国际连锁（-广西大学店）,西乡塘区,广西大学,5.0,美芝品系列单人美发套餐,168,143258
瑞豪专业烫染连锁（时代天骄店）,西乡塘区,广西大学,5.0,【资深设计师】提案+精致裁剪+造型,28.8,107231
瑞豪专业烫染连锁（安吉万达金街店）,西乡塘区,新阳路,5.0,【资深设计师】提案+精致裁剪+造型,28.8,107231
瑞豪专业烫染连锁（秀隆商业街店）,西乡塘区,西乡塘区,5.0,【资深设计师】提案+精致裁剪+造型,28.8,107231
瑞豪专业烫染连锁（鲁班路店）,西乡塘区,鲁班路,4.4,【资深设计师】提案+精致裁剪+造型,28.8,107231
瑞豪专业烫染连锁（大学东路店）,西乡塘区,西乡塘区,5.0,【资深设计师】提案+精致裁剪+造型,28.8,107231
欧莱雅私人定制（南宁北湖丽人网店）,西乡塘区,北湖,5.0,单人洗剪吹/护理套餐2选1,39,101038
欧莱雅私人定制美发连锁（南宁明秀店）,西乡塘区,明秀路,5.0,单人洗剪吹/护理套餐2选1,39,101038
欧莱雅私人定制（南宁香格里拉店）,西乡塘区,广西大学,5.0,单人洗剪吹/护理套餐2选1,39,101038
欧莱雅私人定制美发连锁（南宁大学东路店）,西乡塘区,广西大学,5.0,单人洗剪吹/护理套餐2选1,39,101038
欧莱雅私人定制（南宁华成都市店）,西乡塘区,高新区,5.0,单人洗剪吹/护理套餐2选1,39,101038
施华蔻美发连锁（南宁华成都市店）,西乡塘区,高新区,5.0,单人施华蔻烫染套餐3选1,208,85651
施华蔻美发连锁（南宁北湖摩客店）,西乡塘区,北湖,5.0,单人施华蔻烫染套餐3选1,208,85651
施华蔻美发连锁（南宁江川圣境店）,西乡塘区,相思湖,5.0,单人施华蔻烫染套餐3选1,208,85651
施华蔻美发连锁（南宁主题沙龙店）,西乡塘区,广西大学,5.0,单人施华蔻烫染套餐3选1,208,85651
施华蔻美发连锁（南宁香格里拉店）,西乡塘区,广西大学,5.0,单人施华蔻烫染套餐3选1,208,85651
紫尚造型（南宁广西大学店）,西乡塘区,广西大学,5.0,【人气】单人烫染直三选一美发套餐,159,59498
米娜造型（轻剪飞扬店）,西乡塘区,广西大学,4.2,单人美发套餐5选1,128,35164
迪美造型（罗文市场店）,西乡塘区,西乡塘区,5.0,【品质特惠】单人欧莱雅烫/染5选1+护理,128,14350
蔓莎造型全国连锁（大沙田店）,西乡塘区,广西大学,4.6,单人高级理发师单人洗剪吹,24.8,14279
瑞丽·美丽频道（新阳路店）,西乡塘区,新阳路,4.8,单人洗剪吹,28.8,1062
瑞丽·美丽频道（西大东门店）,西乡塘区,西乡塘区,4.1,单人洗剪吹,28.8,1062
瑞丽·美丽频道（国际商务学院店）,西乡塘区,大学路,4.4,单人洗剪吹,28.8,1062
元素（微壳）时尚订制,西乡塘区,明秀路,5.0,剪发造型,25,1029
欧米造型（广西大学店）,西乡塘区,广西大学,5.0,资生堂烫染单人套餐,588,920
欧米造型（广西大学店）,西乡塘区,广西大学,5.0,资生堂烫染单人套餐,588,920
Andy造型,西乡塘区,广西大学,4.0,单人洗剪吹套餐,38,833
MS预约造型美发连锁品牌（时代天骄店）,西乡塘区,广西大学,5.0,单人洗剪吹+造型,25,816
自由角度发型设计会所,西乡塘区,高新区,5.0,单人洗剪吹套餐,33,814
东田私人订制造型室（西大时代天骄店）,西乡塘区,广西大学,5.0,美发洗剪吹＋欧莱雅烫染拉3选1单人套餐,288,813
摩卡时尚造型（国际商务学院分店）,西乡塘区,西乡塘区,5.0,升级版圣威娜烫染拉单人3选1,158,776
摩卡时尚造型（相思湖总店）,西乡塘区,相思湖,5.0,升级版圣威娜烫染拉单人3选1,158,776
弥漫造型私人工作室（时代天骄）,西乡塘区,广西大学,5.0,单人老板一对一洗剪吹,38,754
森系造型,西乡塘区,广西大学,5.0,森系造型套餐一,25.6,712
艾尚造型（华成店）,西乡塘区,高新区,4.8,单人洗剪吹,31,705
非色形象设计机构,西乡塘区,明秀路,5.0,单人洗剪吹+LPP护理+正品韩国纳米烫染系列3选1套餐,388,653
生命密码美容美发（高新店）,西乡塘区,高新区,5.0,单人首席设计师洗剪吹套餐,35,649
宣妮丝专业烫染连锁店（秀灵店）,西乡塘区,西乡塘区,5.0,男士洗剪吹,20,602
宣妮丝专业烫染连锁店,西乡塘区,西乡塘区,5.0,男士洗剪吹,20,602
名匠世家,西乡塘区,安吉万达SOHO,5.0,舒缓单人洗头+精剪+造型,20,594
雅琪美业,西乡塘区,广西大学,4.5,洗剪吹套餐,26.8,516
Allen形象设计工作室,西乡塘区,广西大学,5.0,单人时尚洗剪吹+造型套餐,25,505
形象设计工作室（时代天骄2店）,西乡塘区,广西大学,4.8,单人时尚洗剪吹+造型套餐,25,505
辛格·潮沙龙（安吉万达店）,西乡塘区,安吉万达SOHO,5.0,时尚洗剪吹单人套餐,35.8,465
纯中药养发馆,西乡塘区,广西大学,5.0,草本植物洗发水＋生姜汁养发＋头部按摩单人养发套餐,26,464
首艺造型（万秀店）,西乡塘区,友爱路,4.4,洗、剪、吹,29.8,448
首艺造型（安吉店）,西乡塘区,安吉万达SOHO,4.2,洗、剪、吹,29.8,448
雾恋壹字号造型,西乡塘区,西乡塘区,5.0,资深设计师洗剪吹+泰式洗护单人套餐,29.8,444
伊魅尔（西大店）,西乡塘区,广西大学,3.5,单人健康还原美发套餐,88,439
海伦造型会所,西乡塘区,广西大学,5.0,单人洗剪吹套餐,28,438
型格私人染烫工坊,西乡塘区,明秀路,5.0,洗剪吹+造型单人套餐,30,431
DAVID造型专业烫染无痕接发店（西大时代天娇店）,西乡塘区,广西大学,5.0,单人无痕接发（360片）接全头,688,412
MG摩登（正恒国际店）,西乡塘区,明秀路,5.0,单人资深发型师洗剪吹＋水疗,30,386
沙宣精致定制美发连锁（广西大学店）,西乡塘区,广西大学,4.8,美奇丝烫染拉3选1套餐,118,378
Ms无痕接发潮牌（西大时代天骄店）,西乡塘区,广西大学,5.0,单人无痕接发55cm（360片拆卸无残留）,688,368
凯诗造型（安吉万达店）,西乡塘区,西乡塘区,5.0,首席设计师精剪,30,362
锦生堂茶麸养发馆,西乡塘区,西乡塘区,5.0,单人本草+茶麸+姜泥+水疗,35,359
宁尚卡顿,西乡塘区,北湖,4.5,设计师洗剪吹单人套餐,23,342
烦恼丝,西乡塘区,北湖,3.9,洗头发+精剪+造型,68,334
喜儿美容美发,西乡塘区,相思湖,5.0,洗剪吹单人套餐,26.8,319
居家造型烫染（旗舰店）,西乡塘区,西乡塘区,5.0,首席设计师洗剪+造型单人套餐,35,302
美妃斯精品烫染艺术馆（女神店）,西乡塘区,北湖,5.0,烫染拉护3选1单人套餐,188,298
漂亮宝贝（工业学院店灵路店）,西乡塘区,西乡塘区,4.3,圣微娜烫染拉（3选1）（单人）,88,282
炫幻造型,西乡塘区,广西大学,4.0,烫染拉3选1,78,257
慧冠堂养发洗发,西乡塘区,鲁班路,3.8,草本+茶麸+颈肩按摩,25,239
上海七式美容美发会所,西乡塘区,相思湖,5.0,单人洗剪吹,28.9,234
原创剪美发沙龙,西乡塘区,北湖,4.6,高级设计师洗剪吹套餐,33.9,211
森林坊美发,西乡塘区,西乡塘区,4.7,单人发型师精品＋时尚造型,25.8,195
新发匠烫染造型（西大店）,西乡塘区,广西大学,3.8,单人洗剪吹套餐,28,194
新发匠烫染造型（西乡塘店）,西乡塘区,西乡塘区,3.5,单人洗剪吹套餐,28,194
新发匠烫染造型（农院路新店）,西乡塘区,广西大学,4.6,单人洗剪吹套餐,28,194
H·ONE潮发会所（荣和摩客店）,西乡塘区,北湖,5.0,单人总监洗剪吹,38,183
首奕美发造型（明秀店）,西乡塘区,明秀路,5.0,单人精剪洗剪吹或护理套餐,29.9,177
巧怡丝韩国美发沙龙,西乡塘区,鲁班路,5.0,巧怡丝韩国美发沙龙 单人 烫染拉 三选一,168,174
品尚造型,西乡塘区,友爱路,5.0,创意设计师洗剪吹＋护理单人套餐,30,166
米萝造型,西乡塘区,相思湖,4.1,品质烫染拉3选1,178,156
梵蒂造型,西乡塘区,北湖,5.0,超值洗剪护造型套餐,32.8,153
无硅时代养发馆,西乡塘区,衡阳路,5.0,茶麸+羊胎素高蛋白水疗单人养发护发,39,152
时尚芭莎（轻剪飞扬秀灵路店）,西乡塘区,广西大学,4.2,单人烫染拉三选一,88,151
上古斋中药养发,西乡塘区,西乡塘区,4.7,中式植物茶麸水润护理单人套餐,30,132
丝型发艺,西乡塘区,北湖,4.8,设计师剪发单人套餐,30,131
美丝美客美发私人订制,西乡塘区,广西大学,5.0,单人精剪造型,29,128
MG嘿色汇（安吉万达店）,西乡塘区,安吉万达SOHO,5.0,单人女子品牌代言人剪发套餐男士不可使用,35,123
MG形象,西乡塘区,广西大学,5.0,单人女子品牌代言人剪发套餐男士不可使用,35,123
楚侗洗发（北湖店）,西乡塘区,北湖,4.0,茶麸+汉方+水疗洗发护理单人套餐,28,116
格格梳形象美妆纹饰机构,西乡塘区,明秀路,5.0,圣薇娜 烫染拉（3选2）单人套餐,268,100
烦恼丝美容美发（四分店）,西乡塘区,北湖,3.6,单人烫染拉三选一,258,99
T M无痕接发潮牌店（北湖店）,西乡塘区,北湖,4.7,单人洗剪吹,39,87
《发必生》养发店,西乡塘区,北湖,4.8,鲜姜精华养发护理,18.8,82
尊艺美发,西乡塘区,新阳路,4.1,单人洗吹＋护理套餐,25,81
引领发艺,西乡塘区,新阳路,4.4,店长或技术总监剪发单人套餐,28.8,81
艺剪坊美容美发（万秀店）,西乡塘区,明秀路,5.0,超值烫染拉单人套餐,128,80
名域时尚造型（正恒国际店）,西乡塘区,西乡塘区,5.0,预约  单人男发洗剪吹（首席发型师）,28.8,74
百草养发堂,西乡塘区,北湖,5.0,纯中草本植物+茶麸+鲜姜养发+精华素,35,71
爱葛妮丝抗衰老会所,西乡塘区,明秀路,4.8,单人草本茶麸洗发养护＋姜元素护理＋水因素护理,16.8,55
美奇丝私人订制（秀灵店）,西乡塘区,明秀路,5.0,【特价】单人美发体验套餐使用卷,1,46
美奇丝私人订制（罗文市场店）,西乡塘区,相思湖,5.0,【特价】单人美发体验套餐使用卷,1,46
雅丝纯天然植物染发护发养发旗舰店,西乡塘区,相思湖,3.6,纯植物花泥+中式+精油,38,27
秀语养发坊,西乡塘区,高新区,4.9,单人茶麸+水疗+姜+植物草本套餐,35,24
炫彩造型,西乡塘区,高新区,4.7,炫彩造型洗护,20,24
媚艺族,西乡塘区,明秀路,3.7,时尚个性烫染拉（3选1）单人套餐,98,22
韩孝私人定制,西乡塘区,西乡塘区,4.5,单人名师洗剪吹,26,22
贝贝沙龙,西乡塘区,广西大学,5.0,形象设计洗剪吹,60,22
惠美传球护发养发中心,西乡塘区,西乡塘区,4.2,中式草本水润护理单人套餐,40,19
VIP预约精品烫染,西乡塘区,北湖,5.0,德国施华蔻低温无损烫/单人,228,17
语诗美容美甲店,西乡塘区,广西大学,4.4,茶麸洗头项目,19.9,8
西唯造型（衡阳西路店）,西乡塘区,衡阳路,4.2,单人烫染直4选1+洗剪吹+护理套餐,268,7
朗悦花养生院,西乡塘区,高新区,4.0,茶麸洗头＋姜疗＋面部护理单人套餐,19,7
丝雨中草药美容养发,西乡塘区,高新区,4.1,草本+茶麸+姜泥按摩,30,5
维丽美容美发养生馆,西乡塘区,安吉万达SOHO,4.7,健康烫染拉三选一,128,2
朋友造型,西乡塘区,北湖,4.0,烫染拉三选二,168,2
彫荣刺青工作室,西乡塘区,广西大学,4.9,非洲辫子,800,0
名师名店造型连锁（广西大学店）,西乡塘区,广西大学,4.8,烫染套餐,259,0
半岛造型,武鸣区,风雨桥,5.0,健康洗吹+护理单人套餐,35,278
诗雅专业美发沙龙,武鸣区,东盟经济技术开发区,4.3,韩国水果烫染拉3选1单人套餐,158,5
