﻿商家,区域,商圈,星级,服务,价格,销量
佛伦斯私人订制烫染国际连锁（中骏世界城店）,丰泽区,中骏世界城,5.0,美芝品系列单人美发套餐,168,143259
瑞豪专业烫染连锁（中心站店）,丰泽区,泉州客运中心周边,5.0,【资深设计师】提案+精致裁剪+造型,28.8,107228
欧莱雅私人定制美发连锁（泉州中骏世界城店）,丰泽区,中骏世界城,5.0,单人洗剪吹/护理套餐2选1,39,101034
欧莱雅私人定制美发连锁（泉州丰泽广场潮店）,丰泽区,丰泽广场/丰泽街,5.0,单人洗剪吹/护理套餐2选1,39,101034
欧莱雅私人定制美发连锁（泉州浦西万达旗舰店）,丰泽区,浦西万达广场,5.0,单人洗剪吹/护理套餐2选1,39,101034
镁连社（万达广场店）,丰泽区,浦西万达广场,5.0,菲灵剪护造型送烫发染发二选一,178,97787
施华蔻美发连锁（泉州中骏世界城店）,丰泽区,中骏世界城,5.0,单人施华蔻烫染套餐3选1,208,85650
施华蔻美发连锁（泉州领秀天地店）,丰泽区,领SHOW天地,5.0,单人施华蔻烫染套餐3选1,208,85650
紫尚造型（泉州丰泽广场总店）,丰泽区,丰泽广场/丰泽街,5.0,【人气】单人烫染直三选一美发套餐,159,59492
88潮牌美发连锁（贝影店）,丰泽区,美食街,4.0,单人美发轻度受损发质烫/染/直,299,12101
倷丝国际烫染连锁（东海湾太古二期店）,丰泽区,泉州客运中心周边,5.0,单人美芝品美发套餐,168,10611
倷丝国际烫染连锁（东海大街店）,丰泽区,东海湾新华都广场,5.0,单人美芝品美发套餐,168,10611
神采飞扬（金汇店）,丰泽区,星光不夜城及周边,4.7,高级设计师洗剪吹套餐,47,6290
发源地,丰泽区,大洋百货周边,5.0,单人洗剪吹1次,30,5646
尚美形象（云谷工业店）,丰泽区,津淮街,3.5,综合烫染套餐,418,4195
尚美形象（霞淮店）,丰泽区,星光不夜城及周边,3.8,综合烫染套餐,418,4195
《1号连锁》美发专家（万达店）,丰泽区,浦西万达广场,3.0,乔薇尔（JOVIAL)单选,339,2334
贝影时尚造型（泉秀店）,丰泽区,永辉/现代家居广场,5.0,［资深组］单人潮品洗剪吹,38.8,2311
艾瑞卡·时尚造型（浦西万达店）,丰泽区,浦西万达广场,5.0,［资深组］精致单人裁剪＋蛋白修护,68,1315
蜗牛造型,丰泽区,星光不夜城及周边,5.0,单人洗剪吹,38,1080
Morning猫宁造型,丰泽区,浦西万达广场,5.0,单人洗吹造型,30,221
080 启星整体形象工作室,丰泽区,浦西万达广场,5.0,专业工具人物风格测试+洗剪吹,49,185
索美美发（金帝店）,丰泽区,永辉/现代家居广场,3.4,狄薇烫染套餐,88,165
索美美发（东海湾店）,丰泽区,东海大街/师范学院,3.4,狄薇烫染套餐,88,165
格调造型会所,丰泽区,东海大街/师范学院,5.0,单人剪发,20,161
名姿美业，津淮店，,丰泽区,津淮街,5.0,单人AP4D烫染拉套餐（3选一）,188,149
炫雅格调·潮品沙龙,丰泽区,侨乡体育馆/东湖,5.0,单人高级设计师裁剪,45,131
纤姿秀（丰泽店）,丰泽区,丰泽广场/丰泽街,5.0,单人首席设计师精剪,42,99
恩米造型,丰泽区,华侨大学周边,5.0,单人男士私人订制裁剪,25,80
卡诗形象沙龙（万达公馆店）,丰泽区,宝洲路,4.8,单人洗吹造型套餐,28,74
唐人造型,丰泽区,领SHOW天地,4.8,单人洗剪吹,100,67
零点时尚造型,丰泽区,泉州客运中心周边,3.9,洁发+设计裁剪+造型,19.9,67
印象BOSS,丰泽区,丰泽广场/丰泽街,5.0,洗头,30,57
秀吧造型,丰泽区,丰泽广场/丰泽街,5.0,单人洗吹造型,20,48
Summer森墨造型,丰泽区,津淮街,5.0,单人洗剪吹,45,40
精剪世家（万达三店）,丰泽区,星光不夜城及周边,3.9,单人美发套餐,188,34
精剪世家（和昌店）,丰泽区,丰泽广场/丰泽街,4.0,单人美发套餐,188,34
精剪世家美容美发（前坂店）,丰泽区,大洋百货周边,3.6,单人美发套餐,188,34
精剪世家美容美发连锁,丰泽区,六灌路,4.2,单人美发套餐,188,34
克莉丝发艺,丰泽区,泉州客运中心周边,4.4,精美套餐,199,26
H&C;发型定制馆,丰泽区,星光不夜城及周边,3.7,单人资深发型师洗吹套餐,16,25
佳丽美发沙龙,丰泽区,丰泽广场/丰泽街,3.5,三千丝造型洗剪吹+店长精剪,19.9,18
hq造型,丰泽区,华侨大学周边,4.3,欧莱雅拉染烫4选1,138,13
N度空间形象公社,丰泽区,泉州客运中心周边,3.5,美发套组,88,8
艾菲妮造型艺术中心（艾菲妮）,丰泽区,星光不夜城及周边,4.9,艾菲妮造型会所美发套组,338,4
yy美发,丰泽区,侨乡体育馆/东湖,4.6,单人烫染拉套餐,168,2
Logo奇艺商务造型,丰泽区,侨乡体育馆/东湖,3.5,单人洗剪吹,19.8,2
悦己家整体形象,丰泽区,浦西万达广场,4.1,单人巴西焗油顶.级顺直,680,2
杰克龙摩登理发店（金帝店）,丰泽区,永辉/现代家居广场,3.5,单人烫染拉三选一套餐,169,1
星盛美容美发养生会所,丰泽区,六灌路,4.0,单人星盛烫发/染发,169.9,1
唐风采织发补发假发中心丰泽店,丰泽区,浦西万达广场,3.5,单人私人定制织发补发套餐,20000,0
精剪派美发,鲤城区,浮桥,3.9,单人美发套餐,35,0
微Vi美容美发,鲤城区,凯德广场,3.5,单人熏蒸古疗,68,0
神采飞扬（英林店）,晋江市,英林,5.0,高级设计师洗剪吹套餐,47,6290
神采飞扬（安海店）,晋江市,安海,5.0,高级设计师洗剪吹套餐,47,6290
神采飞扬（万达店）,晋江市,晋江,5.0,高级设计师洗剪吹套餐,47,6290
头版头条,晋江市,阳光广场,5.0,洗剪吹,28.8,3150
头发乱了,晋江市,阳光广场,5.0,洗剪吹,28.8,3150
懿salon私人定制（原金玛名姿）,晋江市,阳光广场,5.0,单人洗剪吹套餐组合（资深设计师）,58,2237
神采飞扬（青阳店）,晋江市,阳光广场,5.0,烫发/染发+高级发型师洗剪吹,208,1659
纤丝美造型,晋江市,SM广场,5.0,洗剪吹造型套餐,20,396
木木美容美发馆,晋江市,安海,5.0,单人木木造型洗剪,35,386
兰仔色彩造型,晋江市,泉安中路,3.6,单人兰仔私人定制染或烫选一,128,15
剪约造型,晋江市,清濛开发区,3.9,剪约造型圣威娜热烫套组,98,8
小熊猫造型（龙湖店）,晋江市,晋江,3.9,特制型欧莱雅烫染套组,638,0
小熊猫造型（深沪店）,晋江市,晋江,3.5,单人 染发+烫发+护发,458,0
丝艺时尚沙龙,晋江市,晋江,3.0,单人陶瓷烫发套餐,300,0
神采飞扬（振兴路店）,石狮市,星期Yi,5.0,高级设计师洗剪吹套餐,47,6290
神采飞扬（祥芝店）,石狮市,石狮,5.0,高级设计师洗剪吹套餐,47,6290
神采飞扬（豪富华店）,石狮市,泰禾广场,5.0,高级设计师洗剪吹套餐,47,6290
神采飞扬（德辉店）,石狮市,德辉广场,5.0,高级设计师洗剪吹套餐,47,6290
名人SHOW造型,石狮市,金汇花园,5.0,单人名人SHOW洗剪吹,32.8,339
杰克龙vip美容美发连锁店,石狮市,狮城广场,4.5,单人洗剪吹1次,48,139
杰克龙（a8店）,石狮市,石狮,3.5,单人洗剪吹1次,48,139
杰克龙vip美容美发连锁店,石狮市,石狮,4.0,单人洗剪吹1次,48,139
T·N  SALON,石狮市,泰禾广场,4.0,单人高级发型师洗剪吹,118,4
小熊猫造型连锁（宝盖店）,石狮市,泰禾广场,3.5,单人 染发+烫发+护发,458,0
小熊猫造型（旗舰店）,石狮市,石狮,4.1,单人 染发+烫发+护发,458,0
小熊猫造型（洋下店）,石狮市,石狮,3.9,特制型欧莱雅烫染套组,638,0
小熊猫造型（南洋店）,石狮市,石狮,3.8,单人 染发+烫发+护发,458,0
佛伦斯私人订制烫染国际连锁（南安长安街店）,南安市,南安市区,5.0,美芝品系列单人美发套餐,168,143259
艺天精剪烫染,南安市,洪濑镇,3.5,洗剪吹造型,20,26
金成美发,南安市,南安水头镇,3.5,单人洗剪吹套餐,42,2
四季美人美容美发（水头旗舰店）,南安市,南安水头镇,3.0,烫染拉套餐,188,0
壹家人专业烫染机构,南安市,洪濑镇,3.5,精致染发,190,0
苗家美妆（南安店）,南安市,南安市区,4.0,高级新娘化妆,230,0
DG沙宣私人定制,安溪县,宝龙城市广场,5.0,单人洗剪造型套餐,35,377
名姿形象创意沙龙,安溪县,县政府,4.4,精致洗剪吹,36,250
尚姿美业（总店）,安溪县,安溪,3.5,洗头,16,36
星姿美业旗舰店,安溪县,龙湖,4.2,欧莱亚烫发+卡奴彩焗,438,0
哆唻咪造型,安溪县,北石光德,3.8,单人头发打蜡1次,168,0
顶尚空间形象沙龙,安溪县,安溪,4.3,单人染烫拉套餐,150,0
