﻿商家,区域,商圈,星级,服务,价格,销量
佑米造型（李家村万达旗舰店）,碑林区,李家村,5.0,丽人狂欢节-欧莱雅烫/染二选一,228,310658
佑米造型（太白立交店）,碑林区,怡丰城/西荷花园,4.9,丽人狂欢节-欧莱雅烫/染二选一,228,310658
佑米造型（西安中贸广场旗舰店）,碑林区,南稍门,5.0,丽人狂欢节-欧莱雅烫/染二选一,228,310658
佑米造型（立丰国际旗舰店）,碑林区,立丰国际,5.0,丽人狂欢节-欧莱雅烫/染二选一,228,310658
佛伦斯私人订制烫染国际连锁（粉巷一号店）,碑林区,广济街,5.0,美芝品系列单人美发套餐,168,143257
佛伦斯私人定制烫染国际连锁（东门外鸡市拐店）,碑林区,东关正街,5.0,美芝品系列单人美发套餐,168,143257
佛伦斯私人定制烫染国际连锁（李家村万达广场店）,碑林区,李家村,5.0,美芝品系列单人美发套餐,168,143257
佛伦斯私人定制烫染名店（中贸至尊店）,碑林区,南稍门,5.0,美芝品系列单人美发套餐,168,143257
佛伦斯私人定制烫染国际连锁（兴庆路交通大学店）,碑林区,交大/理工大,5.0,美芝品系列单人美发套餐,168,143257
瑞豪专业烫染连锁,碑林区,南稍门,4.9,【资深设计师】提案+精致裁剪+造型,28.8,107242
欧莱雅私人定制美发连锁（西安李家村万达总店）,碑林区,李家村,5.0,单人洗剪吹/护理套餐2选1,39,101049
欧莱雅私人定制美发连锁（西安泰华金汇店）,碑林区,西北大/西工大,5.0,单人洗剪吹/护理套餐2选1,39,101049
欧莱雅私人定制（西安幸福逸家店）,碑林区,东关正街,5.0,单人洗剪吹/护理套餐2选1,39,101049
施华蔻美发连锁（西安立丰国际店）,碑林区,立丰国际,5.0,单人施华蔻烫染套餐3选1,208,85657
施华蔻美发连锁（粉巷一号凯曼酒店总店）,碑林区,广济街,5.0,单人施华蔻烫染套餐3选1,208,85657
施华蔻美发连锁（西安中贸广场店）,碑林区,南稍门,5.0,单人施华蔻烫染套餐3选1,208,85657
施华蔻美发连锁（西安御城龙脉店）,碑林区,交大/理工大,5.0,单人施华蔻烫染套餐3选1,208,85657
施华蔻美发连锁（西安大洋时代国际店）,碑林区,怡丰城/西荷花园,5.0,单人施华蔻烫染套餐3选1,208,85657
施华蔻美发连锁（西安李家村万达店）,碑林区,李家村,5.0,单人施华蔻烫染套餐3选1,208,85657
欧莱雅私人定制美发连锁（西安中贸广场店）,碑林区,南稍门,5.0,单人欧莱雅美奇丝烫/染/拉3选1套餐),159,76414
新靓点烫染全国连锁（太白路立交店）,碑林区,怡丰城/西荷花园,4.7,新靓点优质烫发/染发护发套餐,148,7365
新靓点烫染全国连锁（太白北路店）,碑林区,西北大/西工大,5.0,新靓点优质烫发/染发护发套餐,148,7365
新靓点烫染全国连锁（骡马市店）,碑林区,钟楼/鼓楼,4.8,新靓点优质烫发/染发护发套餐,148,7365
新靓点烫染全国连锁（粉巷店）,碑林区,广济街,4.2,新靓点优质烫发/染发护发套餐,148,7365
新靓点烫染全国连锁（立丰国际店）,碑林区,立丰国际,5.0,新靓点优质烫发/染发护发套餐,148,7365
新靓点烫染全国连锁（建工路店）,碑林区,立丰国际,5.0,新靓点优质烫发/染发护发套餐,148,7365
Kiss Me无痕接发,碑林区,碑林区,5.0,单人无痕接发套餐1包,468,6442
优姿造型连锁机构（交大店）,碑林区,交大/理工大,5.0,单人剪发套餐,24.8,4205
优姿造型连锁机构（立丰国际店）,碑林区,立丰国际,5.0,单人剪发套餐,24.8,4205
海滨岛烫染全国连锁（尊颜美容美发店）,碑林区,交大/理工大,4.4,单人烫染护+首席洗剪吹套餐,188,4134
绚诺soho（李家村万达旗舰店）,碑林区,碑林区,4.8,欧莱雅美奇丝系列单人轻奢 烫/染+护理 套餐,198,3712
兮古造型（南稍门中贸广场店）,碑林区,南稍门,5.0,单人设计师洗剪吹套餐,35,3526
绚诺soho（东大街店）,碑林区,东大街,4.0,单人小资美发 染/烫/柔顺/直发/定位5选1+护理 套餐,148,3311
良子造型,碑林区,东关正街,5.0,洗剪吹单人套餐,21.8,3226
摩羯座发型,碑林区,李家村,5.0,单人洗剪吹1次,25,3061
匠人组合,碑林区,黄雁村,4.9,单人发型总监精剪,25,3042
明洞形象（互助路店）,碑林区,互助路立交,5.0,单人剪发套餐,38,2856
JY发型工作室（钟楼总店）,碑林区,东大街,4.6,单人菲灵烫发,298,2333
悦瑟坊.染接.国际连锁（立丰国际店）,碑林区,立丰国际,5.0,单人总监洗剪吹+护理,88,1854
悦瑟坊染接国际连锁（御城龙脉）,碑林区,交大/理工大,5.0,单人总监洗剪吹+护理,88,1854
悦瑟坊专业染发接发连锁品牌（怡丰城店）,碑林区,怡丰城/西荷花园,5.0,单人总监洗剪吹+护理,88,1854
Uz造型连锁机构（东二环店）,碑林区,立丰国际,5.0,单人首席设计师洗剪吹+泰式洗发+欧式造型套餐,19.8,1760
臻美形象会所,碑林区,交大/理工大,5.0,臻美形象会所洗剪吹,22.8,1710
达人工作室,碑林区,东大街,5.0,单人欧莱雅美奇丝烫发或卡凡染发套餐,188,1566
尚流造型（世纪金花店）,碑林区,南大街,5.0,单人资深设计师洗剪吹1次,68,1529
唯尼造型,碑林区,黄雁村,4.4,单人剪发套餐,21.8,1521
澳威雅美发沙龙工作室,碑林区,和平门/建国门,5.0,单人剪发套餐,19.9,1499
永琪美容美发（西安昌润广场）,碑林区,黄雁村,4.6,单人洗剪吹,39.9,1421
永琪美容美发（西安粉巷店）,碑林区,广济街,4.7,单人洗剪吹,39.9,1421
永琪美容美发（西安中坤广场店）,碑林区,立丰国际,4.1,单人洗剪吹,39.9,1421
6号沙龙潮牌连锁（李家村店）,碑林区,李家村,5.0,单人总监洗剪吹套餐,38,1383
莫凡造型（李家村店）,碑林区,碑林区,5.0,单人首席精剪造型,28,1377
兮颜SHOW,碑林区,钟楼/鼓楼,5.0,单人资深设计师洗剪吹,29.8,1252
巴黎造型（李家村万达广场店）,碑林区,李家村,5.0,单人洗剪吹,29.8,1211
Everyday每天形象发型社,碑林区,南稍门,5.0,单人洗剪吹,28.8,1162
熙城造型（兰蒂斯城店）,碑林区,交大/理工大,3.9,单人普通洗剪吹套餐,30,1147
骊波银座（粉巷店）,碑林区,广济街,4.6,单人精剪套餐,88,1114
悦色Usee造型（省体育场店）,碑林区,碑林区,4.0,【专业组】发型师单人精致裁剪,55,1105
悦色Usee造型（交大尊颜店）,碑林区,碑林区,4.5,【专业组】发型师单人精致裁剪,55,1105
赫斯形象设计,碑林区,钟楼/鼓楼,5.0,单人专业造型师精剪,29.8,1061
艺芙形象设计（中贸广场店）,碑林区,南稍门,5.0,单人技术总监日韩裁剪体验,19.9,1048
以勒造型工作室,碑林区,南稍门,5.0,以勒造型工作室美发套餐,24.9,1048
尚上造型工作室（钟楼尚上造型）,碑林区,东大街,4.8,兰齐儿染发/凯旋烫发2选一,228,1034
艾尚美形象工作室,碑林区,南稍门,4.9,单人剪发造型套餐,39.8,981
MISS铭丝（李家村万达店）,碑林区,李家村,5.0,单人资深造型师洗剪吹套餐,29.8,897
釉尚·沙龙,碑林区,南稍门,5.0,单人首席设计师洗剪吹 体验,23.8,878
小海造型,碑林区,怡丰城/西荷花园,4.8,【小海美发】洗剪吹,35.8,862
东尚造型烫染连锁（万达广场店）,碑林区,李家村,5.0,单人美发套餐,198,840
E造型美发连锁（尚都城店）,碑林区,交大/理工大,4.7,单人洗剪吹,38,819
美人邦私人订制美发连锁（中贸广场店）,碑林区,南稍门,4.9,高级滋养美发单人套餐,55.8,809
BOBO形象设计,碑林区,交大/理工大,5.0,单人洗剪吹,23,764
每美魅美容美发养生名店,碑林区,交大/理工大,5.0,单人剪发套餐,18,753
元素美发工作室,碑林区,李家村,5.0,单人洗剪吹,30,744
空谷形象,碑林区,朱雀大街北段,5.0,单人洗剪吹套餐,24.9,740
芭曲私人造型,碑林区,交大/理工大,5.0,单人资深设计师洗剪吹,25,735
晓惠造型（总店）,碑林区,劳动南路,5.0,单人洗剪吹限时特惠,19.9,699
ZZM接发烫染潮牌美发连锁（佐佐木中贸广场店）,碑林区,南稍门,5.0,单人精剪吹,30,637
东尼造型工作室,碑林区,李家村,5.0,潮色,188,629
McQ发型设计沙龙,碑林区,互助路立交,5.0,【剪裁】精致裁剪设计,28.9,624
兮古造型（李家村万达店）,碑林区,李家村,5.0,单人总监豪华烫染套餐,268,623
英皇沙宣造型,碑林区,钟楼/鼓楼,5.0,单人丽诺烫发/染发/柔顺拉直发3选1套餐,358,554
尊颜美容美发（南二环店）,碑林区,交大/理工大,3.5,巴黎欧莱雅烫染系列,138,546
摩影岛造型,碑林区,南稍门,5.0,单人设计师洗剪吹套餐,35,500
ofer形象设计,碑林区,南稍门,5.0,单人设计师洗剪吹,9.9,506
髻美舍,碑林区,李家村,5.0,单人总监剪发加造型,25,483
Biggirls比格女孩,碑林区,南稍门,4.4,洗剪吹,25,472
美蒂造型（科技大学店）,碑林区,李家村,4.9,单人美发套餐,199,448
时光发型工作室·杰杰发艺,碑林区,李家村,4.2,洗剪吹套餐,25.8,425
简艺形象,碑林区,长安立交,5.0,单人资深设计师洗剪吹,28,421
名尚美发工作室,碑林区,文艺路,4.6,洗剪吹,20,373
天使爱人美容美发养生会所,碑林区,南稍门,5.0,单人设计师洗剪吹,19.8,341
尚姿艺术形象工作室（中贸广场店）,碑林区,南稍门,4.9,尚姿艺术形象工作室洗发按摩造型,25,302
卡拿魅力造型,碑林区,立丰国际,5.0,单人发型总监洗剪吹,39.9,279
发都私人定制,碑林区,长安立交,5.0,单人首席洗剪吹,28.8,275
sy艺琅造型（互助路店）,碑林区,互助路立交,4.9,单人剪发套餐,25,273
川木造型私人定制,碑林区,李家村,5.0,单人洗剪吹,58,255
丝艺美容美发会所,碑林区,互助路立交,5.0,单人精剪套餐,20,248
天域凯莱大酒店美发沙龙（玉坤创意发艺）,碑林区,李家村,5.0,单人洗剪吹套餐,36.8,247
她美发型（东大街店）,碑林区,和平门/建国门,3.4,剪发,18,16
Fancy hair salon,碑林区,南稍门,3.8,单人洗吹造型套餐,30,16
金氏美发工作室,碑林区,南大街,3.5,单人总监洗剪吹套餐,60,16
青沐发型,碑林区,南稍门,5.0,单人设计师洗剪吹,51,15
LM 形象设计室,碑林区,南稍门,4.6,单人设计师洗剪吹套餐,30,15
WAKE初醒,碑林区,南稍门,4.4,单人洗剪吹,49,14
严制造型,碑林区,南稍门,4.0,单人总监剪发套餐,100,14
伊丽丝专业美发烫染私人定制,碑林区,南稍门,4.9,染烫套餐,258,13
云涯造型,碑林区,交大/理工大,4.6,头发护理套餐,38,13
潮人形象会所,碑林区,长安立交,4.9,单人资深设计师洗剪吹造型,39,13
遇见 hair salon,碑林区,南稍门,5.0,单人资深设计师定制精剪,98,12
BE YOURSELF 美发沙龙,碑林区,文艺路,4.0,单人资深设计师精剪套餐,66,11
臻美印象,碑林区,南稍门,5.0,单人瑞丽烫/染2选1套餐,168,10
李南造型（雁塔北路店）,碑林区,李家村,3.7,单人帝臣樱花精华营养陶瓷烫发染发二选一,238,9
李南造型（开元店）,碑林区,南大街,3.3,单人帝臣樱花精华营养陶瓷烫发染发二选一,238,9
顶尚风,碑林区,钟楼/鼓楼,4.6,单人总监洗剪吹,29.9,9
典雅造型,碑林区,东关正街,4.4,单人高级烫染套餐,158,8
青果形象,碑林区,南稍门,5.0,单人剪护套餐,39.8,7
子培形象沙龙,碑林区,南稍门,5.0,单人洗护造型套餐,30,7
佛伦斯私人定制烫染名店（师范大学店）,雁塔区,政法/师大,5.0,美芝品系列单人美发套餐,168,143257
佛伦斯私人定制烫染名店（小寨金莎尊享店）,雁塔区,小寨,5.0,美芝品系列单人美发套餐,168,143257
佛伦斯私人订制烫染国际连锁（-电子城店）,雁塔区,电子城,5.0,美芝品系列单人美发套餐,168,143257
佛伦斯私人定制烫染国际连锁（旗舰店）,雁塔区,小寨,5.0,美芝品系列单人美发套餐,168,143257
佛伦斯私人订制烫染国际连锁（橄榄国际店）,雁塔区,雁翔路,5.0,美芝品系列单人美发套餐,168,143257
瑞豪专业烫染连锁（华旗国际广场店）,雁塔区,小寨,5.0,【资深设计师】提案+精致裁剪+造型,28.8,107242
欧莱雅私人定制美发连锁（融桥馨苑店）,雁塔区,电子城,5.0,单人洗剪吹/护理套餐2选1,39,101049
欧莱雅私人定制美发连锁（西安三纤发型店）,雁塔区,西影路,5.0,单人洗剪吹/护理套餐2选1,39,101049
欧莱雅私人定制美发连锁（西安小寨华旗国际店）,雁塔区,小寨,5.0,单人洗剪吹/护理套餐2选1,39,101049
欧莱雅私人定制美发连锁（西安电子正街旗舰店）,雁塔区,电子城,5.0,单人洗剪吹/护理套餐2选1,39,101049
欧莱雅私人定制美发连锁（西安紫郡长安店）,雁塔区,电视塔,5.0,单人洗剪吹/护理套餐2选1,39,101049
欧莱雅私人定制（西安金地广场店）,雁塔区,曲江新区,5.0,单人洗剪吹/护理套餐2选1,39,101049
欧莱雅私人定制（西安师范大学店）,雁塔区,政法/师大,5.0,单人洗剪吹/护理套餐2选1,39,101049
施华蔻美发连锁（西安师大路店）,雁塔区,政法/师大,5.0,单人施华蔻烫染套餐3选1,208,85657
施华蔻美发连锁（西安小寨店）,雁塔区,小寨,5.0,单人施华蔻烫染套餐3选1,208,85657
施华蔻美发连锁（西安电子正街总店）,雁塔区,电子城,5.0,单人施华蔻烫染套餐3选1,208,85657
米娜造型（金莎国际店）,雁塔区,小寨,4.0,单人美发套餐5选1,128,35162
佑美乐（小寨店）,雁塔区,小寨,5.0,单人剪发套餐1份,39.8,28761
绚诺soho（师范大学店）,雁塔区,政法/师大,4.7,单人资深造型师洗剪吹套餐,29.8,20647
绚诺soho（丈八东路店）,雁塔区,明德门,4.2,单人资深造型师洗剪吹套餐,29.8,20647
绚诺soho（华润万家店）,雁塔区,雁翔路,4.7,单人资深造型师洗剪吹套餐,29.8,20647
绚诺soho（兰乔圣菲店）,雁塔区,电子城,4.4,单人资深造型师洗剪吹套餐,29.8,20647
绚诺soho（科技路西口店）,雁塔区,雁塔区,5.0,单人资深造型师洗剪吹套餐,29.8,20647
椰岛造型（金莎国际购物广场店）,雁塔区,小寨,5.0,单人美发烫/染套餐二选一,308,16340
椰岛造型（海港城店）,雁塔区,小寨,5.0,单人美发烫/染套餐二选一,308,16340
椰岛造型（西安17店）,雁塔区,小寨,5.0,单人美发烫/染套餐二选一,308,16340
椰岛造型（龙湖星悦荟购物中心店）,雁塔区,曲江新区,5.0,单人美发烫/染套餐二选一,308,16340
椰岛造型（西安29师大店）,雁塔区,政法/师大,5.0,单人美发烫/染套餐二选一,308,16340
《1号连锁》美发专家（小寨音乐学院店）,雁塔区,小寨,4.6,单人首席洗剪吹套餐,38,14348
蔓莎造型全国连锁（华旗国际广场店）,雁塔区,小寨,4.8,单人高级理发师单人洗剪吹,24.8,14279
希克造型（小寨百盛店）,雁塔区,小寨,5.0,单人洗剪吹套餐,34.9,10836
丝域养发馆（曲江翠竹A店）,雁塔区,雁翔路,4.7,玫瑰香薰spa+水润头皮护理,88,10636
倷丝国际烫染连锁（小寨店）,雁塔区,小寨,5.0,单人美芝品美发套餐,168,10611
倷丝国际烫染连锁（师范大学店）,雁塔区,政法/师大,5.0,单人美芝品美发套餐,168,10611
倷丝国际烫染连锁（电子正街店）,雁塔区,电子城,5.0,单人美芝品美发套餐,168,10611
嘟渼啦主题沙龙（高新总店）,雁塔区,雁塔区,5.0,单人美发套餐,299,10214
嘟渼啦主题沙龙（小寨金莎店）,雁塔区,小寨,5.0,单人美发套餐,299,10214
嘟渼啦主题沙龙（阳阳国际店）,雁塔区,朱雀大街南段,5.0,单人美发套餐,299,10214
新靓点烫染全国连锁（西影路店）,雁塔区,西影路,5.0,新靓点优质烫发/染发护发套餐,148,7365
卡诗造型,雁塔区,曲江新区,3.8,单人卡诗造型洗剪吹1次,29.8,547
DK潮牌迪卡私人定制（小寨旗舰店）,雁塔区,小寨,5.0,单人DK潮流设计一次,39.8,536
丽即美馆发艺形象,雁塔区,小寨,5.0,单人总监洗剪吹,29.8,534
匠人工作室,雁塔区,小寨,5.0,单人洗剪吹套餐,28.8,471
尚艺美发,雁塔区,曲江新区,5.0,单人尚艺美发精品洗剪吹,28.88,463
美蒂造型（翠华南路店）,雁塔区,曲江新区,5.0,单人美发套餐,199,448
美蒂造型（橄榄国际店）,雁塔区,雁翔路,5.0,单人美发套餐,199,448
首炫造型,雁塔区,大雁塔,4.7,首炫造型洗剪吹,15,442
创艺,雁塔区,含光路南段,4.7,单人洗剪吹项目,25,433
TC天裁美业连锁（小寨店）,雁塔区,小寨,4.9,单人纹身刺青纹绣套餐,1980,412
微造型（我爱我家店）,雁塔区,电子城,5.0,单人男士精剪套餐,19.8,397
GT造型,雁塔区,小寨,5.0,GT造型玩转美发单人套餐,258,393
亚楠造型工作室,雁塔区,小寨,5.0,单人洗发造型套餐,19.8,386
发源地（小寨店）,雁塔区,小寨,5.0,单人首席总监洗剪吹,39.9,373
风格美·国际造型,雁塔区,大雁塔,5.0,洗吹造型,20,349
雅典娜,雁塔区,小寨,5.0,单人洗剪吹1次,19.8,345
咿唈形象工作室,雁塔区,南二环西段,4.8,剪发套餐,40,325
T.s  Hairsalon 美发沙龙,雁塔区,小寨,5.0,单人精致烫染套餐,198,324
Fg salon 潮牌沙龙,雁塔区,小寨,5.0,单人精致烫染套餐,198,324
MX逸型潮牌沙龙,雁塔区,电子城,5.0,单人设计师洗剪吹套餐,19.8,306
积累造型,雁塔区,小寨,5.0,单人洗剪吹1次,25,300
美诺造型,雁塔区,电子城,4.2,单人洗剪吹,12.9,299
东亚美发,雁塔区,小寨,5.0,单人洗剪吹1次,30,287
天地人美发沙龙,雁塔区,政法/师大,4.8,洗吹+造型,15,275
蔚蓝海岸美发沙龙,雁塔区,大雁塔,4.2,蔚蓝海岸美发19.9套餐,29.9,274
艾尼斯私人定制烫染名店【师范大学店】,雁塔区,政法/师大,5.0,单人首席洗剪吹套餐,25.8,272
髻云发型工作室,雁塔区,小寨,5.0,单人首席洗剪吹,48,269
波·熙美理发店,雁塔区,小寨,4.2,洗剪吹,29.8,265
TREVOR SORBIE特孚索彼（金地广场店）,雁塔区,曲江新区,4.8,资深发型师精剪单人套餐,168,260
浪波湾美发沙龙,雁塔区,含光路南段,5.0,单人剪发套餐,19,260
沙宣私人订制（小寨店）,雁塔区,小寨,5.0,单人洗剪吹一次,18.9,257
辉仔a造型设计,雁塔区,曲江新区,5.0,单人洗剪吹（特惠）,20,233
维多利亚美发沙龙,雁塔区,大雁塔,4.8,首席造型师剪发单人套餐,108,228
no.one发型会所,雁塔区,雁塔区,4.9,单人剪发套餐,25.8,224
美炫发型设计,雁塔区,电子城,4.3,单人洗剪吹套餐,15,224
靓剪造型,雁塔区,朱雀大街南段,5.0,靓剪造型单人洗剪吹,38,221
风潮造型,雁塔区,电子城,4.7,单人洗剪吹套餐,22.8,221
MT.studio（曲江海港城店）,雁塔区,大雁塔,5.0,高级设计师洗剪吹（限时抢购）,60,220
時光理Fashion show发型工坊,雁塔区,小寨,4.4,精品洗剪吹,25,218
奕轩烫染工作室（发艺轩）,雁塔区,明德门,4.7,单人黄金烫或植物染发选一,138,211
发型私人订制（象牙公寓店）,雁塔区,政法/师大,5.0,单人设计师剪发,24.9,211
左辉造型（铁炉庙店）,雁塔区,西影路,4.0,单人设计师洗剪吹,19.9,208
桃资妍FASHION美发美容生活馆,雁塔区,小寨,5.0,【首次体验】单人洗剪造型,36,197
莫白造型,雁塔区,电子城,4.4,单人发型师剪发套餐,32.8,184
佐伊造型美发会所,雁塔区,电子城,5.0,单人高品质健康烫染套餐,298,176
佐伊造型,雁塔区,电子城,4.4,单人高品质健康烫染套餐,298,176
长安壹号发型潮品店,雁塔区,小寨,5.0,单人首席发型师剪发造型,38,175
尚上造型工作室（懿宸造型工作室）,雁塔区,小寨,4.9,单人烫/染二选1套餐,98,174
唐辉造型（唐辉造型金桥国际店）,雁塔区,雁塔区,4.7,单人首席设计师洗剪吹1次,58,169
NEW STYLE   新形象设计中心（曲江店）,雁塔区,曲江新区,4.8,单人总监剪发套餐,49,168
双时造型,雁塔区,电视塔,4.7,单人洗剪吹套餐,22,161
丝柏舍造型会所,雁塔区,明德门,5.0,丝柏舍一周年店庆单人精剪套餐,20,159
流金岁月专业美发沙龙（赛格时尚店）,雁塔区,小寨,5.0,单人高级导师剪发造型套餐,78,154
摩尔造型,雁塔区,小寨,5.0,单人精剪（含洗发）1次,19.8,147
唯渼造型沙龙,雁塔区,政法/师大,5.0,单人剪发套餐,19.9,132
手艺人发艺,雁塔区,小寨,5.0,单人洗剪吹套餐,50,130
蚕丝无痕接发（象牙公寓店）,雁塔区,政法/师大,5.0,单人时尚无痕接发55cm（15片）套餐,135,128
回头率烫染连锁（西旅国际店）,雁塔区,小寨,4.6,单人施华蔻烫或染套餐,368,123
美熙造型美发会所【曲江银泰店】,雁塔区,大雁塔,4.3,单人设计师洗剪吹套餐,68,113
MG魔术造型明星店（小寨金莎店）,雁塔区,小寨,5.0,单人MG潮流设计一次,40,108
x范儿私人专属发型工作室,雁塔区,大雁塔,4.9,单人洗剪吹1次,15.8,106
秀阁造型,雁塔区,政法/师大,5.0,单人洗剪吹1次,23.9,104
至简天成发型工作室,雁塔区,朱雀大街南段,5.0,单人发型师精剪,60,102
沙龙威,雁塔区,电视塔,3.7,高级设计师剪发单人套餐,38,102
木子造型,雁塔区,雁翔路,4.5,单人剪发套餐,25.8,100
蘭桂坊 hair salon,雁塔区,小寨,4.6,单人精剪套餐,52,96
爱丽珍美发工作室,雁塔区,小寨,5.0,单人总监洗剪吹一次,25,95
缪斯潮牌店,雁塔区,小寨,5.0,单人剪发套餐,30,95
深海蓝形象设计（小寨东路店）,雁塔区,小寨,4.1,烫染套餐,228,94
简约造型,雁塔区,小寨,5.0,单人创意首席洗+剪+造型套餐,39,94
朗艺沙龙（红专路店）,雁塔区,小寨,4.4,单人健康洗发+资深造型师精剪+专业造型师设计,25,89
完初造型,雁塔区,小寨,5.0,单人技术总监风格剪裁,58,84
新潇洒美发美甲（紫郡长安店）,雁塔区,电视塔,5.0,洗剪吹造型,29,82
韩国丝客富脱发育发连锁机构（金莎店）,雁塔区,小寨,5.0,单人脱发掉发护理套餐＋头皮问题检测,99,75
紫鑫造型（曲江大道店）,雁塔区,雁翔路,4.2,单人洗剪吹套餐,25,73
梦想形象设计,雁塔区,电视塔,3.9,精剪单人套餐,20,73
希克造型（中海店）,雁塔区,雁塔区,5.0,单人设计师洗剪吹套餐,34.9,71
MIE HAIR SALON（MIE美发沙龙）,雁塔区,小寨,4.3,单人剪发套餐,48,70
倾城造型,雁塔区,电视塔,4.0,倾城19.9,19.9,68
完美芦荟养发护肤养生馆（中海观园b区店）,雁塔区,雁翔路,4.0,完美芦荟养发护肤养生馆芦荟纯植物养发+头皮SPA按摩,28,67
完美芦荟养发美容养生馆（曲江翠竹园店）,雁塔区,曲江新区,3.0,完美芦荟养发护肤养生馆芦荟纯植物养发+头皮SPA按摩,28,67
格佳丽美容美发店,雁塔区,大雁塔,4.8,洗剪吹（优秀设计师）,30,65
嘉兰时尚造型,雁塔区,电视塔,4.3,洗剪吹套餐,28,63
无痕接发,雁塔区,小寨,5.0,单人全头无痕接发体验,1288,63
佳阳造型（小寨金莎店）,雁塔区,小寨,5.0,单人剪发套餐,38,63
美联社,雁塔区,小寨,5.0,单人总监洗剪吹套餐,38,62
微造型（西京社区店）,雁塔区,电子城,5.0,单人女士专享烫染套餐,158,62
天娇烫染店,雁塔区,政法/师大,4.9,资深设计师单人剪发,21.8,59
MOMA Design发型工作室,雁塔区,小寨,5.0,单人剪发套餐,50,50
流金岁月美发会所（曲江店）,雁塔区,大雁塔,3.5,单人首席剪发造型,100,44
allure倾城,雁塔区,电视塔,4.9,单人洗剪吹,28.8,44
HF潮牌时尚沙龙（金沙国际直营）,雁塔区,小寨,4.7,单人资深设计师洗剪吹,39,43
HF潮牌时尚沙龙（华旗国际直营店）,雁塔区,小寨,4.6,单人资深设计师洗剪吹,39,43
首尔美发店,雁塔区,电视塔,4.3,单人洗剪吹套餐,28,43
古色私人订制美发工作室,雁塔区,明德门,4.5,古色美发烫或染套餐,198,37
one造型,雁塔区,小寨,4.7,单人洗剪吹套餐,29.9,37
MONET个人形象设计,雁塔区,曲江新区,4.6,单人创意发型师洗剪吹套餐,180,14
国颐堂养发馆,雁塔区,电子城,5.0,单人植物染发（短发）套餐,98,11
新颖精剪坊,雁塔区,明德门,4.5,单人特惠剪发套餐,25.8,11
美芙雅美容美发养生会所,雁塔区,曲江新区,4.6,专业洗剪吹套餐,38,10
风剪发艺（怡兴大厦店）,雁塔区,电子城,3.9,单人洗剪吹套餐,29.8,10
璃墨美发造型,雁塔区,大雁塔,3.5,璃墨美发造型洗剪吹套餐,29,9
丝域养发馆（曲江龙湖星悦荟店）,雁塔区,雁翔路,4.0,单人丝域玫瑰精油养发护理一次,98,7
时光造型,雁塔区,政法/师大,4.1,单人洗剪吹1次,25,6
近距离发艺（南二环店）,雁塔区,南二环东段,3.9,欧莱雅热烫/染2选1,158,6
梵蒂造型,雁塔区,小寨,4.9,单人烫/染2选1套餐,188,6
圣美发艺交流馆,雁塔区,小寨,4.6,单人发型师洗剪吹套餐,99,5
纤秀坊造型,雁塔区,曲江新区,5.0,单人德国植脂彩感套餐,368,4
丝域养发馆（曲江翠竹店）,雁塔区,曲江新区,4.2,丝域养发馆玫瑰精油养发,68,3
简单造型,雁塔区,电子城,3.0,洗剪套餐,20,3
美域国际,雁塔区,政法/师大,4.1,单人亮发因子（酸护）套餐,88,2
汀水·楼兰形象设计,雁塔区,大雁塔,5.0,经典单人修护烫染二选一,388,2
宜Salon（盛美利亚精品店）,雁塔区,大雁塔,4.5,单人技术总监剪发,120,2
倍尔秀养发堂（曲江六号店）,雁塔区,大雁塔,4.4,单人倍尔秀专业养发套餐,58,2
清区发型顾问,雁塔区,电视塔,3.5,烫染套餐,278,1
3H-造型工作室,雁塔区,小寨,4.2,单人染/烫套餐B,139,1
左辉美容美发（观音庙店）,雁塔区,西影路,4.4,单人左辉烫或染套餐,208,1
彼知斑斓,雁塔区,电视塔,4.6,单人精华染发套餐,198,1
美涛发艺,雁塔区,明德门,4.1,染发套餐,118,0
蜗居美甲,雁塔区,南二环东段,4.1,单人韩式眉,512,0
水晶甲艺美甲美睫店,雁塔区,小寨,4.6,单人韩式简约编发套餐,19.9,0
美炫烫染会所,雁塔区,电子城,3.5,单人烫染护理套餐,268,0
缪丝美发工作室,雁塔区,电子城,4.4,美发打蜡单人套餐,158,0
三纤发美发沙龙,雁塔区,雁翔路,4.1,烫染套餐,238,0
舒馨美发,雁塔区,电子城,3.8,单人烫/染二选一,128,0
光头佬专业烫染工作室,雁塔区,小寨,3.5,单人光头佬专业烫染洗剪吹,80,0
李南造型（开元店）,雁塔区,电子城,3.5,单人帝臣高蛋白烫染二选一套餐,308,0
卡美伦造型（小寨店）,雁塔区,小寨,3.5,美发套餐,148,0
晓辉造型,雁塔区,雁翔路,4.4,品质烫染二选一,158,0
美·甲天下半永久,雁塔区,含光路南段,5.0,单人时尚接发（彩带）一包整头,288,0
托普迪赛主题沙龙（TopDesign）,雁塔区,小寨,3.5,单人剪发造型套餐,98,0
yy造型（电子五路店）,雁塔区,电子城,3.0,单人洗剪吹套餐,20,0
佑米造型（高新玫瑰大楼店）,高新区,玫瑰大楼,5.0,丽人狂欢节-欧莱雅烫/染二选一,228,310658
佑米造型（丈八北路店）,高新区,大寨路,5.0,丽人狂欢节-欧莱雅烫/染二选一,228,310658
佛伦斯私人定制烫染国际连锁名店（【技路西口店明星店】）,高新区,科技路西口,5.0,美芝品系列单人美发套餐,168,143257
佛伦斯私人定制烫染国际连锁（高新区金桥国际广场店）,高新区,玫瑰大楼,5.0,美芝品系列单人美发套餐,168,143257
欧莱雅私人定制美发连锁（西安高新丹枫国际店）,高新区,玫瑰大楼,5.0,单人洗剪吹/护理套餐2选1,39,101049
欧莱雅私人定制美发连锁（西安民生购物广场店）,高新区,吉祥村,5.0,单人洗剪吹/护理套餐2选1,39,101049
欧莱雅私人定制全国连锁店（西安锦业时代店）,高新区,绿地世纪城,5.0,单人洗剪吹/护理套餐2选1,39,101049
欧莱雅私人定制（玫瑰公馆民生店）,高新区,高新软件园,5.0,单人洗剪吹/护理套餐2选1,39,101049
欧莱雅私人定制美发连锁（西安尚品国际店）,高新区,枫林绿洲,5.0,单人洗剪吹/护理套餐2选1,39,101049
欧莱雅私人定制美发连锁（西安华润万家店）,高新区,科技路西口,5.0,单人洗剪吹/护理套餐2选1,39,101049
施华蔻美发连锁（西安凯创国际店）,高新区,高新路,5.0,单人施华蔻烫染套餐3选1,208,85657
施华蔻美发连锁（西安尚品国际店）,高新区,枫林绿洲,5.0,单人施华蔻烫染套餐3选1,208,85657
施华蔻美发连锁（西安西万路口店）,高新区,西万路口,5.0,单人施华蔻烫染套餐3选1,208,85657
施华蔻美发连锁（西安科技路西口店）,高新区,科技路西口,5.0,单人施华蔻烫染套餐3选1,208,85657
绚诺soho（新一代店）,高新区,吉祥村,5.0,单人资深造型师洗剪吹套餐,29.8,20647
绚诺SOHO（南窑头店）,高新区,高新软件园,4.9,单人资深造型师洗剪吹套餐,29.8,20647
丝域养发馆（恒大影城店）,高新区,大寨路,3.8,玫瑰香薰spa+水润头皮护理,88,10636
丝域养发馆（紫薇臻品店）,高新区,科技路西口,3.7,玫瑰香薰spa+水润头皮护理,88,10636
丝域养发馆（枫林绿洲店）,高新区,枫林绿洲,4.0,玫瑰香薰spa+水润头皮护理,88,10636
倷丝国际烫染连锁（太白南路店）,高新区,吉祥村,5.0,单人美芝品美发套餐,168,10611
倷丝国际烫染连锁（高新一中店）,高新区,高新路,5.0,单人美芝品美发套餐,168,10611
倷丝国际烫染连锁（科技路西口店）,高新区,科技路西口,5.0,单人美芝品美发套餐,168,10611
嘟渼啦主题沙龙（科技路西口旗舰店）,高新区,科技路西口,4.7,单人美发套餐,299,10214
新靓点烫染全国连锁（西斜七路店）,高新区,吉祥村,5.0,新靓点优质烫发/染发护发套餐,148,7365
新靓点烫染全国连锁（总店）,高新区,科技路西口,5.0,新靓点优质烫发/染发护发套餐,148,7365
明洞造型（高新店）,高新区,高新路,5.0,单人剪发套餐,38,2856
丝舍美发工作室（尚品国际店）,高新区,枫林绿洲,5.0,（资深组）精致单人裁剪加造型,55,2053
丝舍美发（望庭国际店）,高新区,枫林绿洲,5.0,（资深组）精致单人裁剪加造型,55,2053
希克造型（绿地世纪城店）,高新区,绿地世纪城,5.0,高级设计师剪发套餐,49.8,2050
紫水晶美发工作室,高新区,光华路,5.0,洗＋剪＋造型1次（单人）,19,2008
标卓发型（高新店）,高新区,高新路,4.6,单人高级设计师精剪1次,45.8,1969
悦瑟坊染接国际连锁（电子五路店）,高新区,西万路口,5.0,单人总监洗剪吹+护理,88,1854
卡尔发型空间,高新区,科技路西口,5.0,单人烫染二选一,138,1582
曲泽造型工作室,高新区,绿地世纪城,4.6,精剪造型套餐,35,1577
尚流造型（科技路店）,高新区,玫瑰大楼,5.0,单人资深设计师洗剪吹1次,68,1529
尚流造型（金鹰店）,高新区,高新路,5.0,单人资深设计师洗剪吹1次,68,1529
丝艺发型会所,高新区,枫林绿洲,5.0,洗剪造型1次,38,1433
永琪（绿地世纪城店）,高新区,绿地世纪城,4.7,单人洗剪吹,39.9,1421
艾莫形象,高新区,吉祥村,5.0,单人洗剪吹套餐,28.8,751
皇妃私人形象会所,高新区,科技路西口,4.9,单人洗剪吹套餐,16.8,634
暮色造型,高新区,科技路西口,5.0,总监精剪或深层护理一次,29.9,599
托尼盖造型,高新区,玫瑰大楼,4.9,单人设计师精剪剪裁+洗发按摩,28.8,583
千慕主题沙龙（尚中心店）,高新区,高新路,5.0,单人洗剪吹套餐,39.9,562
千慕主题沙龙（大寨路店）,高新区,大寨路,5.0,单人洗剪吹套餐,39.9,562
钟爱一生美发沙龙,高新区,徐家庄,4.9,剪发套餐,18,530
美蒂造型（恒大城店）,高新区,大寨路,4.4,单人美发套餐,199,448
左西形象（高新路店）,高新区,高新路,5.0,单人资深设计师洗剪吹,48,433
左西形象（高新四路店）,高新区,玫瑰大楼,5.0,单人资深设计师洗剪吹,48,433
TC天裁美业连锁（科技路西口明星店）,高新区,科技路西口,4.2,单人纹身刺青纹绣套餐,1980,412
MISS,高新区,徐家庄,4.6,单人氨基酸系列烫染直三选一套餐,178,364
双手剪DOUBLE SHEAR私人会所,高新区,玫瑰大楼,5.0,单人洗剪吹套餐,29.8,334
蓝晶美容美发（高新店）,高新区,科技路西口,4.6,单人洗发+剪发+造型,25,302
禾里設計,高新区,高新路,5.0,单人春日复苏体验洗发造型,28,299
尚艺轩美发,高新区,高新软件园,4.4,洗发+剪发+造型,24.9,258
MA-TO HAIR SALON,高新区,高新路,5.0,单人首席总监剪发造型套餐,108,239
金尊国际美发沙龙,高新区,高新软件园,4.9,单人洗剪吹套餐,24.9,237
美时美尚,高新区,吉祥村,5.0,单人洗剪吹,23.9,224
封面美发沙龙,高新区,枫林绿洲,4.9,剪发套餐,50,206
启泰造型,高新区,高新软件园,4.3,精致剪发,25,119
你型我塑美发,高新区,科技路西口,5.0,单人洗剪吹,14.8,119
梵熙,高新区,高新路,4.8,单人七周年店庆特惠套餐,68,119
玩salon（【玩】发型工作室）,高新区,大寨路,5.0,单人洗剪吹,35,113
h2.s美发工作室,高新区,科技路西口,4.7,单人洗剪吹,16.9,108
伊人造型美发沙龙,高新区,枫林绿洲,5.0,单人洗剪吹套餐,18.8,101
X·M唯美造型全国连锁（太白南路店）,高新区,徐家庄,5.0,单人资深洗剪吹,22.8,93
薇卡美发沙龙,高新区,高新路,5.0,资深设计师剪发,38,94
艺美造型,高新区,科技路西口,4.2,艺美造型干洗按摩单人剪发造型,16,83
林子发艺,高新区,科技路西口,4.0,单人洗剪吹1次,12.9,82
韩国丝客富脱发育发连锁机构（金鹰店）,高新区,高新路,4.9,单人脱发掉发护理套餐＋头皮问题检测,99,75
bh 发艺,高新区,大寨路,3.8,洗剪吹,39,70
爱慕形象会所,高新区,科技路西口,4.9,单人发型师剪发,19.9,69
新派造型,高新区,大寨路,3.8,108烫染,108,63
丝颂魅力发型,高新区,唐延路北段,5.0,单人洗剪吹造型,1,67
梵熙造型,高新区,唐延路南段,4.8,染烫3选1美发套餐,168,56
艺美发型,高新区,玫瑰大楼,4.0,发型师单人洗剪吹,39.8,55
Show Me Style美发沙龙,高新区,高新路,4.8,单人设计师剪发,58,52
靓源美发,高新区,高新软件园,4.2,单人造型套餐,10,41
DUDU形象设计,高新区,绿地世纪城,5.0,男士剪发+洗吹套餐,18,41
王均美发工作室,高新区,徐家庄,4.0,单人魏祥国美发沙龙,25,38
Eshow美发沙龙,高新区,吉祥村,5.0,单人首席洗剪吹一次,55,38
黑与白时尚发型会所,高新区,科技路西口,4.4,单人染烫套餐2选1,158,32
MYTIME铭泰造型（高新店）,高新区,枫林绿洲,3.9,单人洗剪吹套餐,38,29
E18hteen美容美发沙龙（E18hteen）,高新区,枫林绿洲,4.9,单人资深设计师精剪造型,58,27
若色造型,高新区,枫林绿洲,5.0,单人高级发型师设计,88,23
丝域养发馆（融侨城店）,高新区,大寨路,4.6,单人洗护5选1,38,21
0感造型,高新区,绿地世纪城,4.4,烫染护理单人套餐,88,20
古贝美甲美发潮店,高新区,科技路西口,3.7,单人首席洗剪吹套餐,32.8,16
巨星风采专业美发沙龙,高新区,枫林绿洲,4.0,单人洗剪吹,9.9,14
圣泽美发会所,高新区,高新路,4.9,单人总监洗剪吹套餐,88,14
丽东美甲美睫半永久,高新区,科技路西口,5.0,单人洗剪吹套餐,25,13
丝域养发馆（高新店）,高新区,光华路,4.1,洗剪吹套餐,18.8,13
私人形象工作室,高新区,科技路西口,4.6,单人洗剪吹套餐,29.8,13
美立方造型,高新区,高新软件园,3.6,单人洗剪吹,29,12
凡一美发沙龙,高新区,高新路,4.0,单人美发套餐,288,10
晶品阁美容美发会所,高新区,唐延路北段,4.9,单人精剪设计洗剪吹,58,10
爱尚私人订制潮牌沙龙,高新区,高新路,4.6,单人首席洗剪吹套餐,68,9
A3美学事务所,高新区,高新路,4.5,单人首席设计师高级修剪一次,68,8
CUBY STUDIO,高新区,高新路,4.0,单人首席设计师剪发造型,100,8
韩国造型（高新店）,高新区,高新路,3.0,纳米无痕接发套餐,999,1
释美U+形象工作室（变样儿店）,高新区,玫瑰大楼,3.5,单人总监剪发套餐,98,1
纤丝名剪（博文路店）,高新区,枫林绿洲,3.5,单人A.美发套餐,68,0
魅力发型（高新店）,高新区,唐延路北段,3.5,单人精致剪发（高级设计师）,100,0
尊尼巴黎欧莱雅专业美发,高新区,光华路,3.8,剪发10次,580,0
克丽缇娜美容美发会所（都市印象店）,高新区,科技路西口,5.0,单人优质美发套餐,268,0
章华养发中心（绿地世纪城店）,高新区,绿地世纪城,4.2,秀发养护套餐,78,0
优尼联邦美发竹里馆,高新区,枫林绿洲,3.5,单人私人订制烫发套餐,698,0
长生发养发护理氧疗体验中心,高新区,大寨路,3.5,头发加密 增量防脱,10,0
momo style造型,高新区,枫林绿洲,4.0,单人高端护理,198,0
VINO薇诺女性发型顾问,高新区,西万路口,4.0,单人烫或染发套餐,468,0
瑞丽发型,高新区,枫林绿洲,3.5,美发护发套餐,18,0
选择发型设计室,高新区,枫林绿洲,3.0,染烫3选1套餐,128,0
仁美韩式半永久定妆,高新区,高新路,3.5,单人编发1次,19.9,0
佑米造型（西门人人乐店）,莲湖区,莲湖区,5.0,丽人狂欢节-欧莱雅烫/染二选一,228,310658
佑米造型（钟楼店）,莲湖区,钟楼/鼓楼,5.0,丽人狂欢节-欧莱雅烫/染二选一,228,310658
佛伦斯私人订制烫染国际连锁（龙湖星悦荟店）,莲湖区,红庙坡,5.0,美芝品系列单人美发套餐,168,143257
佛伦斯私人定制烫染国际连锁（西稍门店）,莲湖区,西稍门,5.0,美芝品系列单人美发套餐,168,143257
佛伦斯私人定制烫染国际连锁（北大街店）,莲湖区,钟楼/鼓楼,5.0,美芝品系列单人美发套餐,168,143257
瑞豪专业烫染连锁（西门店）,莲湖区,西稍门,4.3,【资深设计师】提案+精致裁剪+造型,28.8,107243
欧莱雅私人定制（西安太奥广场店）,莲湖区,大兴新区,5.0,单人洗剪吹/护理套餐2选1,39,101050
欧莱雅私人定制美发连锁（西安龙湖星悦荟店）,莲湖区,红庙坡,5.0,单人洗剪吹/护理套餐2选1,39,101050
欧莱雅私人定制（华东万锦城店）,莲湖区,汉城路沿线,5.0,单人洗剪吹/护理套餐2选1,39,101050
欧莱雅私人定制美发连锁（西安西稍门十字店）,莲湖区,西稍门,5.0,单人洗剪吹/护理套餐2选1,39,101050
欧莱雅私人定制美发连锁（西安钟楼北大街店）,莲湖区,钟楼/鼓楼,5.0,单人洗剪吹/护理套餐2选1,39,101050
施华蔻美发连锁（西安克罗地亚店）,莲湖区,北关正街,5.0,单人施华蔻烫染套餐3选1,208,85657
施华蔻美发连锁（西安龙湖星悦荟店）,莲湖区,红庙坡,5.0,单人施华蔻烫染套餐3选1,208,85657
施华蔻美发连锁（西安开元商城店）,莲湖区,西稍门,5.0,单人施华蔻烫染套餐3选1,208,85657
施华蔻美发连锁（西安北大街钟楼店）,莲湖区,钟楼/鼓楼,5.0,单人施华蔻烫染套餐3选1,208,85657
绚诺soho（龙首村店）,莲湖区,莲湖区,5.0,单人资深造型师洗剪吹套餐,29.8,20647
绚诺soho（人人乐店）,莲湖区,莲湖区,5.0,单人资深造型师洗剪吹套餐,29.8,20647
绚诺soho（新世界百货店）,莲湖区,钟楼/鼓楼,5.0,单人资深造型师洗剪吹套餐,29.8,20647
米淇烫染技术全国联盟（晓惠造型店）,莲湖区,劳动南路,5.0,单人利威丝奇幻烫染系列,158,18735
椰岛造型（鑫苑大都汇）,莲湖区,大兴新区,5.0,单人美发烫/染套餐二选一,308,16340
迪美造型（人人乐西门店）,莲湖区,莲湖区,5.0,单人设计师洗剪吹1次,29.8,13351
丝域养发馆（西市城购物中心店）,莲湖区,劳动南路,4.0,玫瑰香薰spa+水润头皮护理,88,10636
丝域养发馆（老城根Gpark店）,莲湖区,红庙坡,4.0,玫瑰香薰spa+水润头皮护理,88,10636
倷丝国际烫染连锁（钟楼北大街宏府嘉会店）,莲湖区,钟楼/鼓楼,5.0,单人美芝品美发套餐,168,10611
倷丝国际烫染连锁（-龙首村店）,莲湖区,莲湖区,5.0,单人美芝品美发套餐,168,10611
新靓点烫染全国连锁（大兴新区店）,莲湖区,大兴新区,5.0,新靓点优质烫发/染发护发套餐,148,7365
新靓点烫染全国连锁（西门店）,莲湖区,西大街,5.0,新靓点优质烫发/染发护发套餐,148,7365
新靓点烫染全国连锁（丰盛路店）,莲湖区,汉城路沿线,5.0,新靓点优质烫发/染发护发套餐,148,7365
新靓点烫染全国连锁（北关十字店）,莲湖区,莲湖区,5.0,新靓点优质烫发/染发护发套餐,148,7365
新靓点烫染全国连锁（土门店）,莲湖区,汉城路沿线,5.0,新靓点优质烫发/染发护发套餐,148,7365
韩国李勋美发沙龙（西大街店）,莲湖区,西大街,3.5,炫染套餐,98,6076
三毛造型（三毛造型店）,莲湖区,莲湖区,3.7,单人烫染护+首席洗剪吹套餐,188,4134
P.L hair salon 染发·无痕接发（原格调发型）,莲湖区,钟楼/鼓楼,4.9,单人无痕接发套餐,1580,3183
绣丝·钱程美容美发（桃园北路店）,莲湖区,大兴新区,4.5,单人洗发+裁剪+发型设计套餐,22.8,2282
发源地（安定广场店）,莲湖区,莲湖区,5.0,单人剪发套餐,29.9,2196
love秀（钟楼店）,莲湖区,钟楼/鼓楼,5.0,精致洗剪吹套餐,32.8,2096
悦瑟坊染接国际连锁（MOCO国际店）,莲湖区,红庙坡,5.0,单人总监洗剪吹+护理,88,1854
悦瑟坊染接国际连锁（西稍门店）,莲湖区,西稍门,4.7,单人总监洗剪吹+护理,88,1854
悦瑟坊染接国际连锁（龙湖店）,莲湖区,红庙坡,5.0,单人总监洗剪吹+护理,88,1854
MG形象工作室,莲湖区,西大街,5.0,MG时尚造型,20,1352
A-MG你好时尚工作室（龙首店）,莲湖区,莲湖区,5.0,单人无痕彩接1片（+488施华蔻可升级烫+染）,8.8,1225
巴黎造型（钟楼店）,莲湖区,钟楼/鼓楼,4.1,单人洗剪吹,29.8,1211
艾伦斯私人定制美发烫染国际连锁,莲湖区,红庙坡,5.0,单人洗剪吹+造型套餐,35.8,1073
艾伦斯私人定制美发沙龙（大兴新区分店）,莲湖区,红庙坡,4.9,单人洗剪吹+造型套餐,35.8,1073
CH复古主题美发工作室,莲湖区,莲湖公园,5.0,单人剪发套餐,30,874
高党剪发养发,莲湖区,西稍门,5.0,单人高党美发养发,14.8,842
东尚造型烫染连锁（丰镐东路店）,莲湖区,西稍门,5.0,单人美发套餐,198,840
X21美发沙龙（北大街店）,莲湖区,北大街,5.0,单人设计师洗剪吹+造型套餐,42.5,822
大先生国际染烫连锁,莲湖区,莲湖区,5.0,单人施华蔻染烫3选一,268,798
晓惠造型（丰禾路店）,莲湖区,红庙坡,4.9,单人洗剪吹限时特惠,19.9,699
芭娜造型（钟楼店）,莲湖区,钟楼/鼓楼,5.0,单人洗剪吹,30,583
高杰发型设计,莲湖区,莲湖区,4.7,单人套餐,188,546
小南发型,莲湖区,土门,3.8,单人洗剪吹,25,513
格彩研创发型潮牌私人会所,莲湖区,西大街,5.0,单人剪发1次,29.9,473
韩涛美发纹刺工作室,莲湖区,钟楼/鼓楼,4.9,单人首席洗剪吹套餐,39,402
百魅造型,莲湖区,劳动南路,5.0,单人首席设计师风格裁剪,59.9,358
BM美发美甲Salon,莲湖区,劳动南路,5.0,单人首席设计师风格裁剪,59.9,358
晓惠美发《纹眉，纹绣》会所（西稍门开元店）,莲湖区,西稍门,5.0,万圣节特惠单人首席洗剪吹,31,354
名仕私人发型工作室,莲湖区,莲湖区,5.0,单人首席洗剪吹,30,299
扎西造型,莲湖区,大兴新区,4.0,扎西造型 洗剪吹,19.8,259
壹家人美发工作室,莲湖区,汉城路沿线,5.0,单人设计师洗剪吹,12,249
广成大酒店棋牌室,莲湖区,莲湖区,5.0,单人单次洗剪发+头部穴位按摩,28,235
名剪发型设计,莲湖区,莲湖公园,5.0,名剪发型设计剪发,19.8,230
作品形象美发美甲,莲湖区,莲湖区,5.0,单人洗剪吹套餐,19.8,225
MTstudio（老城根店）,莲湖区,红庙坡,5.0,高级设计师洗剪吹（限时抢购）,60,220
Star形象设计,莲湖区,大兴新区,5.0,单人欧莱雅烫染套餐,268,214
波纹烫染工作室（波纹烫染工作室）,莲湖区,汉城路沿线,4.6,单人洗剪吹套餐,18.5,196
蛊色专业染发接发连锁机构,莲湖区,西稍门,5.0,单人订制染发套餐,298,123
麦田造型,莲湖区,莲湖区,4.4,洗剪吹,59,120
崇尚美发私人会所,莲湖区,大兴新区,5.0,店长剪发1次,16,116
禅觉发型,莲湖区,大兴新区,4.6,首席设计师洗剪吹,25,108
丝域养发馆（旭景名园店）,莲湖区,西稍门,4.0,单人丝域玫瑰精油养发护理1次,98,99
雅米造型,莲湖区,莲湖区,5.0,单人洗剪吹套餐,20,98
流金岁月专业美发沙龙（劳动南路店）,莲湖区,西稍门,5.0,单人设计师剪发造型套餐,88,74
漂亮沙龙私人美发定制,莲湖区,西稍门,4.2,漂亮沙龙单人总监洗剪吹,68,68
完美芦荟养发美容养生馆（桃源南路丰园小区店）,莲湖区,丰庆公园,3.5,完美芦荟养发护肤养生馆芦荟纯植物养发+头皮SPA按摩,28,67
吾舍艺术造型（劳动南路店）,莲湖区,劳动南路,4.6,单人洗剪吹+修护造型,39.8,61
YG潮牌美发,莲湖区,莲湖区,4.0,单人洗剪吹套餐,22.8,47
卡丝尼定制美发设计,莲湖区,红庙坡,5.0,单人剪发套餐,29.9,46
鐘·造型,莲湖区,西稍门,5.0,单人总监剪发,59.8,45
你好漂亮,莲湖区,莲湖区,3.9,单人洗剪吹,33,34
ART古德Salon,莲湖区,劳动公园,4.6,单人洗+剪+吹造型套餐,26,29
唐辉造型,莲湖区,土门,4.4,单人资深设计师剪发套餐,36.8,22
梦之幻美发理疗馆,莲湖区,大兴新区,4.1,单人洗剪吹,23,19
广成大酒店游泳馆（健身中心）,莲湖区,莲湖区,5.0,单人洗剪吹10次卡,169,14
迷你发型连锁（城西店）,莲湖区,汉城路沿线,4.0,迷你造型烫染套餐,169,12
迷你造型,莲湖区,汉城路沿线,3.8,迷你造型烫染套餐,169,12
美神造型,莲湖区,劳动公园,4.0,美神造型精品烫染套餐,118,10
府尚造型,莲湖区,汉城路沿线,4.2,府尚造型,38,10
李南造型（北大街）,莲湖区,北大街,3.5,单人帝臣樱花精华营养陶瓷烫发染发二选一,238,9
主创造型,莲湖区,红庙坡,4.8,烫染2选1,188,5
黑发王养发中心,莲湖区,北关正街,3.0,印度天然海娜植物染发、养发一次,48,4
GAEA COLOUR盖亚·卡洛发型工作室,莲湖区,莲湖区,4.6,单人洗剪造型套餐,25.8,3
克罗地亚,莲湖区,北关正街,3.5,克罗地亚烫发方案,178,3
天然植物美发,莲湖区,西大街,3.5,烫染拉直套餐,68,2
紫菡造型,莲湖区,莲湖区,4.1,紫菡造型 单人烫染二选一,88,1
新起点私人定制,莲湖区,莲湖区,3.8,精剪烫染大礼包,228,1
青春造型,莲湖区,西稍门,4.4,青春造型欧莱雅/美奇丝烫发,128,1
私塾印象,莲湖区,大兴新区,3.2,专业设计剪裁,25,1
梳豪美发美甲,莲湖区,西大街,4.4,剪发套餐,38,0
孙晓明发型私人会所,莲湖区,莲湖区,3.5,洗剪吹套餐,23.8,0
喜来登美发部,莲湖区,丰庆公园,3.8,单人欧莱雅烫染套餐,559,0
阿建形象会所,莲湖区,莲湖区,3.8,烫发套餐,188,0
原创发型站,莲湖区,丰庆公园,3.5,精简吹套餐,19.9,0
知心发型设计,莲湖区,劳动公园,3.0,精烫套餐,199,0
紫尚造型（西安盛龙广场店）,未央区,未央路,5.0,【人气】单人烫染直三选一美发套餐,159,59506
米娜造型（龙首村店）,未央区,未央路,4.3,单人欧莱雅高端五选一套餐,198,27358
米娜造型（谭家花苑店）,未央区,太华路,4.7,单人欧莱雅高端五选一套餐,198,27358
绚诺soho（时代广场店）,未央区,未央路,5.0,单人资深造型师洗剪吹套餐,29.8,20647
绚诺soho（大明宫店）,未央区,大明宫万达,5.0,单人资深造型师洗剪吹套餐,29.8,20647
她雅发型（新界店）,未央区,未央路,4.7,单人洗剪吹认证发型师团购价,36,20437
米淇烫染技术全国联盟（时光不老私人订制店）,未央区,未央路,5.0,单人利威丝奇幻烫染系列,158,18735
米淇烫染技术全国联盟（星艺形象设计店）,未央区,大明宫,4.7,单人利威丝奇幻烫染系列,158,18735
椰岛造型（西安9赛高街区店）,未央区,赛高街区,5.0,单人美发烫/染套餐二选一,308,16340
椰岛造型（西安19店）,未央区,未央路,4.1,单人美发烫/染套餐二选一,308,16340
椰岛造型（28店大明宫万达店）,未央区,太华路,5.0,单人美发烫/染套餐二选一,308,16340
椰岛造型（23店凤五海逸国际店）,未央区,未央路,5.0,单人美发烫/染套餐二选一,308,16340
丝域养发馆（凤城八路店）,未央区,文景路,4.3,玫瑰香薰spa+水润头皮护理,88,10636
丝域养发馆（印象城购物中心店）,未央区,未央路,3.9,玫瑰香薰spa+水润头皮护理,88,10636
丝域养发馆（锦园新世纪店）,未央区,大明宫,4.1,玫瑰香薰spa+水润头皮护理,88,10636
倷丝国际烫染连锁（凤城五路店）,未央区,未央路,5.0,单人美芝品美发套餐,168,10611
倷丝国际烫染连锁（大明宫万达店）,未央区,太华路,5.0,单人美芝品美发套餐,168,10611
沙宣烫染连锁（盛龙广场店）,未央区,未央路,5.0,单人高级施华蔻烫染3选1套餐,290,10095
新靓点烫染全国连锁（建章路店）,未央区,未央区,4.4,新靓点优质烫发/染发护发套餐,148,7365
新靓点烫染全国连锁（凤城五路店）,未央区,未央路,5.0,新靓点优质烫发/染发护发套餐,148,7365
品鉴造型工作室,未央区,明光路,5.0,单人洗剪吹套餐,15.8,726
锐邦形象烫染会所,未央区,文景路,5.0,单人洗+剪+吹,18,724
发容道美容美发集团,未央区,未央区,4.4,发容道资深设计师剪发单项,29,638
兮古造型（凤城二路店）,未央区,未央路,5.0,单人总监豪华烫染套餐,268,623
艾美emmy发型设计,未央区,龙首村,5.0,首席精剪,32,588
梵古发型私人订制（大明宫店）,未央区,太华路,5.0,梵古洗剪吹造型,35,582
梵古私人定制（未央区店）,未央区,赛高街区,5.0,梵古洗剪吹造型,35,582
梵古私人定制全国连锁,未央区,三桥,5.0,梵古洗剪吹造型,35,582
美度造型（美度连锁店）,未央区,未央区,5.0,单人洗剪吹套餐,14.8,542
纳蔻美发沙龙,未央区,大明宫,5.0,纳蔻美发沙龙,25.8,519
美范造型,未央区,辛家庙,4.2,美范造型洗发+剪发+造型,19.8,518
萨曼尼美发沙龙,未央区,未央路,5.0,单人总监洗发+裁剪+造型套餐,16.8,499
从心造型（盛龙广场店）,未央区,未央路,4.0,剪发套餐,30,485
对白美发沙龙,未央区,未央路,4.8,单人洗剪吹,29.8,477
亿泽潮牌工作室,未央区,未央路,4.9,单人剪发造型,39.8,475
蓝曼发型（凤城五路店）,未央区,赛高街区,5.0,蓝曼发型单次剪发,39.8,470
崇尚造型,未央区,未央路,4.7,单人剪发套餐,58,451
大美屋子,未央区,未央路,4.4,哈韩形象设计工作室单人,25,450
基地理容,未央区,未央路,4.4,单人洗剪吹+造型,27.8,441
名发宣精品烫染,未央区,辛家庙,4.7,名发宣单人精品烫染方案一,19.8,400
阿辉造型,未央区,大明宫,4.4,阿辉造型洗剪吹单人,20,398
徐辉造型,未央区,龙首村,4.6,烫发套餐/染发套餐二选一,128,371
DOMO  modelling,未央区,未央路,5.0,【创意组】创意造型师精致裁剪,68,369
尚格造型  （凤城五路店）,未央区,未央路,5.0,资深设计师洗剪造型 限男士,25.8,355
I-MU Hair Salon 艾慕,未央区,辛家庙,5.0,单人洗剪吹造型,23,332
雅美造型工作室,未央区,未央区,5.0,单人洗剪吹一条龙,15,326
sunny造型设计,未央区,未央路,5.0,单人精剪/专业护发2选1,29.9,301
威尼丝形象设计会所,未央区,未央路,4.4,威尼丝形象设计会所精致烫染2选1,228,301
张章造型,未央区,未央路,4.8,英皇整体形象设计工作室洗剪吹单人,15,300
可人儿专业美发,未央区,太华路,4.8,单人洗剪吹套餐,24.9,286
迦勒造型（凤城五路店）,未央区,未央路,4.9,单人设计师精剪1次,47,283
余磊发型工作室,未央区,未央路,5.0,单人首席洗剪吹套餐,16.5,277
蓝贝壳发艺轩,未央区,三桥,5.0,单人剪发套餐,45,264
雨荷造型,未央区,大明宫,3.6,雨荷造型单人,20,262
逻格辑调私人定制烫染国际连锁,未央区,未央路,5.0,单人洗剪吹套餐,45,249
南明吉发型连锁机构,未央区,未央路,5.0,单人洗剪吹1次,25,247
唐潮*专业烫染工作室,未央区,未央路,5.0,精英洗剪吹单人套餐,19.9,247
古贝,未央区,未央路,5.0,洗剪吹单人套餐,15,241
瑾雯专业美发,未央区,明光路,4.4,单人洗剪吹,28,232
流沙（一品形象工作室）,未央区,未央路,4.6,单人精剪特惠套餐,25,220
流沙发型,未央区,朱宏路,5.0,单人精剪特惠套餐,25,220
妙绘1904发型工作室（妙绘1904）,未央区,未央路,5.0,单人发型师发型设计及造型,30,212
钟小白发型设计（兴乐园店）,未央区,未央路,3.6,洗剪吹1次,29.8,189
高斌形象设计中心,未央区,辛家庙,4.8,高斌形象设计中心方案1单人,19.9,187
完美芦荟养发护肤养生馆（白桦林居店）,未央区,明光路,4.1,单人头皮spa套餐,28,185
高格发型工作室,未央区,文景路,5.0,单人洗剪吹套餐,36.9,181
千西沙龙,未央区,龙首村,5.0,单人洗剪吹,28,176
锦熙造型（紫薇希望城人人乐店）,未央区,太华路,4.7,单人设计师洗剪吹造型套餐,24.8,168
锦熙造型（卜蜂中心店）,未央区,红旗厂,5.0,单人设计师洗剪吹造型套餐,24.8,168
a·印象私人订制,未央区,未央路,5.0,单人五官设计剪裁洗剪吹,28,166
sieson丝颂沙龙,未央区,太华路,5.0,单人剪发套餐,58,166
3M造型,未央区,三桥,5.0,单人洗剪吹套餐,20,141
丝媛茶麸养发护理中心（凤城五路店）,未央区,未央路,4.7,单人茶麸姜疗头皮按摩套餐,38,139
尚妍造型会所,未央区,未央路,3.4,尚妍造型会所洗剪吹,19.9,138
美丽空间,未央区,赛高街区,4.8,精美盘发,5,128
虫二发型私人订制,未央区,未央路,5.0,单人技术总监量身设计裁剪,40,121
潮可发型会所,未央区,未央路,5.0,单人美发烫染护发套餐,288,117
慕丝造型工作室,未央区,太华路,5.0,单人首席剪发套餐,29.9,108
主创造型,未央区,赛高街区,4.1,单人剪发套餐,25,108
海丝黛,未央区,北大学城,4.1,护理,28,102
圣得兰美容美发国际连锁机构,未央区,未央路,5.0,单人洗剪吹套餐,26,96
国颐堂养发馆白桦林居店,未央区,文景路,4.9,单人皇室洗头+头部按摩1次,28,94
市尚美业,未央区,大明宫,4.4,普通剪发15单人,15,88
42街-ND STREET（大明宫万达店）,未央区,太华路,5.0,单人洗剪吹/护理套餐2选1,39,88
发迹形象设计,未央区,赛高街区,5.0,单人高级设计师洗剪吹套餐,28,87
曼森形象公社,未央区,未央路,4.2,洗剪吹套餐单人,15.8,85
迪兰美发美容,未央区,太华路,4.6,设计师精剪造型/水疗养发造型,50,83
韩国丝客富脱发育发连锁机构（赛高店）,未央区,未央路,5.0,单人脱发掉发护理套餐＋头皮问题检测,99,75
发源地（大明宫万达广场店）,未央区,太华路,3.7,单人总监店长剪发套餐,58,74
美途沙龙,未央区,未央路,4.5,烫染2选1,298,69
摩卡专业烫染形象设计,未央区,三桥,4.8,摩卡男士洗剪吹套餐,14.9,69
千百度美发沙龙,未央区,三桥,4.0,单人欧芙烫发,131,65
victoria紫爵·美发沙龙,未央区,辛家庙,4.9,单人精致烫染套餐二选一,128,59
云顶造型,未央区,未央路,5.0,单人精剪护理套餐,34.5,53
Small Trees 树 美发馆,未央区,大明宫万达,4.3,单人设计师剪发,50,50
紫勛造型,未央区,太华路,4.1,剪发,8.9,50
名尚美发沙龙（三桥凡蒂店）,未央区,三桥,5.0,单人无痕接发,0.49,47
杰米美发沙龙,未央区,明光路,3.8,剪发,20,46
千月美发沙龙,未央区,未央路,5.0,单人剪发套餐,68,45
丝域美发,未央区,北大学城,4.4,丝域造型工作室精致护理,28,44
自由风尚美发沙龙,未央区,未央区,4.3,单人时尚精剪,20,44
丝域养发馆,未央区,辛家庙,4.2,丝域养发馆方案二,69,43
HF潮牌时尚沙龙（大明宫万达直营）,未央区,太华路,4.7,单人资深设计师洗剪吹,39,43
紫妍发型,未央区,未央路,4.3,单人总监剪发,23.8,41
金手指发型屋,未央区,未央路,4.5,单人精剪套餐,29,41
鲁.先生造型,未央区,太华路,4.7,单人洗剪吹套餐,29,39
艺唯美业,未央区,文景路,5.0,洗剪吹,26.8,35
XM发型屋,未央区,未央路,5.0,单人烫染套餐,158,35
一間发型工作室,未央区,未央路,4.3,单人设计师精剪,26.8,34
高格发型工作室,未央区,未央路,5.0,单人洗吹,15,30
YZS佐森形象,未央区,未央路,5.0,单人技术指导洗剪吹套餐,58,28
昕光造型,未央区,未央路,4.4,单人洗剪冷烫\染护套餐,98,25
完美芦荟养发美肤养生馆,未央区,文景路,4.4,单人养发套餐,38,22
巴洛克形象,未央区,未央路,4.9,单人巴洛克形象超值洗剪吹一次,48,21
帝艾斯,未央区,未央路,4.1,单人美芝品,128,17
铭爵专业造型,未央区,城市运动公园,4.1,滑溜溜精美护理,58,15
头发辫子养发馆,未央区,太华路,5.0,单人玫瑰花蕊铂金养发套餐,88,15
阿力美发会所,未央区,未央路,4.7,单人首席发型师洗剪吹,58,15
KIMI SALON,未央区,未央路,5.0,［剪发］单人私人定制裁剪➕造型,35,14
子尚美容美发,未央区,朱宏路,3.0,洗吹造型按摩,29,14
聚美秀客形象设计,未央区,太华路,4.5,单人剪发套餐,30,14
Jessie杰西造型,未央区,未央路,3.5,单人专业烫染二选一套餐,198,11
邓松私人发型会所,未央区,未央路,3.5,单人剪发套餐,48,10
汉唐草烫染养发馆,未央区,未央路,4.7,单人洗吹造型+精油保养,9.9,10
蓝曼发型（宫园壹号店）,未央区,未央路,4.6,单人施华寇烫染套餐,228,10
蓝曼发型（凤城二路店）,未央区,未央路,4.4,单人施华寇烫染套餐,228,10
鑫创美美容美发形体管理中心,未央区,未央路,5.0,单人曲筱綃 (立体剪裁)时尚简约,8.8,10
阿宝发型烫染工作室,未央区,未央路,5.0,养发护发套餐单人,88,9
MEYI美艺（印象城购物中心店）,未央区,未央路,4.4,单人烫发或染发套餐,218,9
long hair,未央区,赛高街区,4.8,专业生化烫针对短发定位烫,200,8
0102朋克发艺,未央区,未央区,4.0,单人剪发套餐,20,7
星格形象私人定制,未央区,未央路,5.0,单人刘海修剪套餐,5,7
蒂凡尼国际专业烫染连锁（三桥店）,未央区,三桥,4.6,单人品质烫发或染发,148,6
翠壤专业养发护发中心,未央区,未央路,4.7,单人生态洗发+头皮及毛囊健康检测,19.9,5
发迹形象设计,未央区,大明宫,3.5,单人剪发套餐,28,5
Simple way曦微美发沙龙,未央区,文景路,4.7,单人沙宣创意染色套餐,498,4
千禧烫染造型,未央区,辛家庙,3.5,单人精品烫染套餐,288,0
无名发型工作室,未央区,文景路,3.0,单人单次体验剪发套餐,15,0
华年造型,未央区,太华路,4.2,单人卡琪烫染套餐,305,0
你好漂亮美发工作室,未央区,龙首村,3.5,单人美奇丝烫染护理套餐,128,0
A造型烫染沙龙,未央区,大明宫,3.8,洗剪吹套餐单人,28,0
紫妍发型,未央区,文景路,3.8,经典染/烫套餐,188,0
美度造型,未央区,辛家庙,3.7,健康烫染二选一,128,0
米澜造型,未央区,未央路,3.5,水疗/乳疗2选1,298,0
DNA造型,未央区,辛家庙,4.0,单人品质烫染护理套餐,168,0
千色花美甲美睫工作室,未央区,太华路,3.5,单人编发,30,0
艾尚迷颜科技美妆,未央区,未央路,5.0,单人欧莱雅烫发2选1,168,0
幽美造型,未央区,未央路,3.8,烫/染3选1套餐,258,0
尚岛形象（文景路分店）,未央区,明光路,4.0,单人洗剪造型1次,20,0
佑米造型（胡家庙万和城旗舰店）,新城区,胡家庙,5.0,丽人狂欢节-欧莱雅烫/染二选一,228,310659
佛伦斯私人定制烫染国际连锁（华东万和城购物中心店）,新城区,胡家庙,5.0,美芝品系列单人美发套餐,168,143258
欧莱雅私人定制美发连锁（西安新城区店）,新城区,胡家庙,5.0,单人洗剪吹/护理套餐2选1,39,101050
欧莱雅私人定制全国连锁店（西安天香心苑店）,新城区,矿山路,5.0,单人洗剪吹/护理套餐2选1,39,101050
欧莱雅私人定制美发连锁（西安万达裕朗店）,新城区,民乐园,5.0,单人洗剪吹/护理套餐2选1,39,101050
欧莱雅私人定制（西安西北国际茶城店）,新城区,金花路,5.0,单人洗剪吹/护理套餐2选1,39,101050
施华蔻美发连锁（西安国际茶城店）,新城区,金花路,5.0,单人施华蔻烫染套餐3选1,208,85657
椰岛造型（26店钟楼端履门店）,新城区,东大街,5.0,单人美发烫/染套餐二选一,308,16340
《1号连锁》美发专家（华清店）,新城区,胡家庙,3.5,单人首席洗剪吹套餐,38,14348
摩登时尚（胡家庙万和城店）,新城区,金花路,4.7,单人摩登奢华烫/染/拉直3选1套餐,258,11968
倷丝国际烫染连锁（朝阳门白马店）,新城区,民乐园,5.0,单人美芝品美发套餐,168,10611
倷丝国际烫染连锁（华东万和城购物中心店）,新城区,胡家庙,5.0,单人美芝品美发套餐,168,10611
美天淘日系沙龙（咸宁东路店）,新城区,新城区,4.3,单人设计师洗剪吹,28,9974
新靓点烫染全国连锁（幸福中路店）,新城区,韩森寨,5.0,新靓点优质烫发/染发护发套餐,148,7365
新靓点烫染全国连锁（龙首村店）,新城区,新城区,5.0,新靓点优质烫发/染发护发套餐,148,7365
新靓点烫染全国连锁（盛龙广场店）,新城区,新城区,5.0,新靓点优质烫发/染发护发套餐,148,7365
润泽造型（碧罗店）,新城区,金花路,5.0,单人发型师洗剪吹套餐,25,4802
新靓点烫染全国连锁（长乐东路店）,新城区,新城区,5.0,单人精质烫染套餐,358,3312
章华养发中心（东四路店）,新城区,东大街,3.8,章华养发中心秀发染、养健康套餐,78,41
金肤专业美容美发院,新城区,韩森寨,4.1,烫发套餐,188,36
从头做起美发形象会所,新城区,民乐园,4.9,单人资深设计师洗剪吹体验,30,35
（SILYOR  丝韵）国际形象设计（多彩商城店）,新城区,民乐园,3.5,单人洗剪吹套餐,28.8,20
维也纳美容美发私人定制机构,新城区,胡家庙,5.0,单人洗剪吹/护理套餐2选1,30,19
丝语salon主题沙龙,新城区,新城区,4.9,单人洗剪吹套餐,28,13
张倩高端修颜工作室,新城区,新城区,4.6,单人洗（护）发造型一次,19.9,9
美尚美甲（东郊店）,新城区,韩森寨,5.0,千千氏精美盘发一次,16.9,7
近距离发型（公园北路）,新城区,新城区,3.9,欧莱雅热烫/染2选1,158,6
蒂凡尼国际专业烫染连锁,新城区,东大街,3.5,单人品质烫发或染发,148,6
阿星形象会所,新城区,韩森寨,4.4,美奇丝（欧莱雅）品牌染/烫2选1,168,4
阿平造型区,新城区,民乐园,3.5,洗剪套餐,20,3
星艺时空,新城区,新城广场,3.0,星艺时空护发,38,3
布莱森国际烫染连锁（朝阳门店）,新城区,新城区,3.5,布莱森国际烫染连锁,298,0
欧莱雅私人定制美发连锁（西安长乐坡店）,灞桥区,十里铺,5.0,单人洗剪吹/护理套餐2选1,39,101051
欧莱雅私人定制美发连锁（西安濠景大厦店）,灞桥区,纺织城,5.0,单人洗剪吹/护理套餐2选1,39,101051
号外,灞桥区,纺织城,5.0,单人精剪套餐,15,2450
Sieson丝颂美发店,灞桥区,长乐坡,5.0,单人品牌美发沙龙大礼包1份,38,1920
希克造型（灞桥城东客运站店）,灞桥区,城东客运站,4.6,单人发型师剪发,29.8,1058
典雅发型制作,灞桥区,浐灞半岛/世园会,5.0,单人剪发一次,25,888
X-R美发工作室,灞桥区,十里铺,5.0,剪发,20.8,845
米娜发型会所,灞桥区,长乐坡,5.0,单人剪发,19.9,654
卡玛琪造型,灞桥区,十里铺,5.0,单人洗剪吹+造型设计,23.8,433
阿波美发工作室,灞桥区,十里铺,5.0,洗剪吹套餐,15,398
欧尚美发,灞桥区,纺织城,4.6,欧尚单人美发烫染套餐,88,115
美灞造型,灞桥区,浐灞半岛/世园会,4.2,单人剪发一次,25,74
中和造型,灞桥区,纺织城,4.4,单人滋养烫染二选一,188,50
小琴烫染沙龙,灞桥区,纺织城,4.4,烫染二选一,88,13
创艺美发沙龙,灞桥区,田洪正街,4.8,单人离子烫套餐,108,12
小小发屋,灞桥区,灞桥区,4.3,单人美发 烫发 染发 拉直 修剪,68,8
焦点美发,灞桥区,白鹿原,4.6,焦点美发烫染二选一套餐,118,5
典尚欧时发型设计室,灞桥区,长乐坡,4.1,艾玛单人精华水疗套餐,38,3
时尚焦点（田王店）,灞桥区,田洪正街,4.0,单人精美冷热烫染套餐,168,3
时尚焦点（洪庆店）,灞桥区,田洪正街,4.0,单人精美冷热烫染套餐,168,3
时尚焦点（向阳店）,灞桥区,田洪正街,3.8,单人精美冷热烫染套餐,168,3
伊美轩造型,灞桥区,纺织城,4.2,超值代金券,59,3
阿惠造型（灞桥店）,灞桥区,纺织城,3.8,单人维护美发套餐,102,0
米兰造型,临潼区,人民路/文化路,5.0,洗剪吹套餐,14.8,1375
第一印象,临潼区,人民路/文化路,4.6,剪发套餐,20,646
钰荆漂亮百分百,临潼区,人民路/文化路,4.4,单人精剪,28,624
钰荆漂亮百分百（文化路店）,临潼区,临潼,5.0,单人精剪,28,624
风之羽he·style,临潼区,人民路/文化路,5.0,风之羽He·style单人洗剪吹,38,462
亦晨造型,临潼区,东三岔,4.2,优惠方案,88,257
庆翠堂茶麸养发馆（临潼文化路店）,临潼区,人民路/文化路,4.8,茶麸洗发套餐,49,195
简尚美发沙龙,临潼区,人民路/文化路,4.2,单人烫染二选一套餐,88,145
LENMO兰木造型,临潼区,人民路/文化路,4.3,单人洗剪吹套餐,21.8,122
唯美发型设计,临潼区,临潼,4.1,单人设计剪发,13.9,54
精剪工作室,临潼区,人民路/文化路,4.7,烫/染套餐,168,41
YS造型私人订制发型（会昌路店）,临潼区,东三岔,4.1,染发护理套餐,58,29
子晨美容美发（文化路十字店）,临潼区,人民路/文化路,4.6,单人精剪套餐,30,19
魅阁造型,临潼区,人民路/文化路,4.0,精剪套餐,14.9,12
米洛造型科大店,临潼区,临潼,4.2,单人剪护套餐,68,3
丝蕴造型,临潼区,东三岔,3.9,单人精品烫染,158,0
发客造型,临潼区,人民路/文化路,3.9,烫染2选1,98,0
倷丝国际烫染连锁（景宏大厦店）,长安区,韦曲西街,5.0,单人美芝品美发套餐,168,10611
新靓点烫染全国连锁（长安广场店）,长安区,长安广场,5.0,新靓点优质烫发/染发护发套餐,148,7365
新靓点烫染全国连锁（航天城店）,长安区,韦曲西街,5.0,新靓点优质烫发/染发护发套餐,148,7365
新靓点烫染全国连锁（紫薇田园都市店）,长安区,紫薇田园都市,5.0,新靓点优质烫发/染发护发套餐,148,7365
新靓点烫染全国连锁（长安万科店）,长安区,南大学城,5.0,新靓点优质烫发/染发护发套餐,148,7365
新靓点烫染全国连锁（樱花广场二店）,长安区,郭杜,5.0,新靓点优质烫发/染发护发套餐,148,7365
木北造型（长安广场店）,长安区,长安广场,5.0,单人剪发套餐,19.8,2829
驻颜美容美发（樱花广场店）,长安区,郭杜,5.0,单人洗剪吹套餐,39,2616
驻颜美容美发（长安广场店）,长安区,长安广场,4.8,单人洗剪吹套餐,39,2616
驻颜美容美发（陕师大店）,长安区,南大学城,4.9,单人洗剪吹套餐,39,2616
悦瑟坊.染接.国际连锁（航天城店）,长安区,韦曲西街,4.4,单人总监洗剪吹+护理,88,1854
NO. one美发工作室,长安区,三森,5.0,单人超值剪发套餐,19.8,1650
永琪美容美发（阳光天地店）,长安区,郭杜,4.0,单人洗剪吹,39.9,1421
巴黎造型（长安店）,长安区,郭杜,4.6,单人洗剪吹,29.8,1211
琳梵国际美发连锁机构（10103号）,长安区,郭杜,5.0,首席资深设计师洗剪吹单人套餐,22.8,1158
琳梵国际美发连锁机构（琳梵国际长安店）,长安区,郭杜,5.0,首席资深设计师洗剪吹单人套餐,22.8,1158
巴厘岛造型（电子城店）,长安区,三森,5.0,单人设计师洗剪吹套餐,23.8,1097
预约时尚（大学城店）,长安区,南大学城,5.0,单人预约时尚优质3选1套餐,198,1036
预约时尚（北长安街店）,长安区,长安广场,4.4,单人预约时尚优质3选1套餐,198,1036
姬美造型（老区委店）,长安区,韦曲西街,5.0,单人洗剪吹+造型套餐,23.8,1035
东尚造型烫染连锁（康杜村店）,长安区,南大学城,5.0,单人美发套餐,198,840
X21美发沙龙（紫薇店）,长安区,郭杜,4.7,单人设计师洗剪吹+造型套餐,42.5,822
美人邦私人定制美发烫染连锁（凤栖苑店）,长安区,韦曲西街,3.5,高级滋养美发单人套餐,55.8,809
千艺美发时尚会所（韦曲店）,长安区,韦曲南站,5.0,单人洗剪吹1次,18.9,794
港田造型（长安店）,长安区,长安广场,4.5,单人洗剪吹套餐,15,785
千艺美发时尚会所（政法大学店）,长安区,南大学城,5.0,技术总监洗剪吹,35.8,735
卡美伦造型（长安广场店）,长安区,长安广场,5.0,白领精品烫染,148,656
東木造型,长安区,南大学城,5.0,单人资深设计师洗剪吹+奶茶1杯,39,621
希克造型（阳光天地店）,长安区,郭杜,5.0,单人设计师洗剪吹,34.9,565
Ns Hairsalon美发沙龙,长安区,长安区,5.0,单人洗剪吹套餐,20,562
第一世界,长安区,南大学城,4.4,单人洗剪吹1次,16.8,465
美蒂造型（航天城店）,长安区,韦曲西街,5.0,单人美发套餐,199,448
兰花辫（阳光天地店）,长安区,郭杜,5.0,单人发型师精剪套餐,58,400
Belle原创造型（长安店）,长安区,南大学城,5.0,单人总监洗剪吹+造型,38.8,369
名流发艺,长安区,航天城,4.4,单人洗剪吹,18,362
金栗国际,长安区,长安广场,4.7,烫发/染发单人套餐,99,340
流行密码,长安区,长安广场,4.5,烫发/染发单人套餐,99,340
小贝美发会所,长安区,郭杜,4.6,超值洗剪吹单人套餐,15.9,321
驻颜美容美发（高新国际幼儿园店）,长安区,紫薇田园都市,4.1,单人烫染套餐,158,295
驻颜美容美发（艺术大街店）,长安区,紫薇田园都市,5.0,单人烫染套餐,158,295
妙济堂健发馆（绿园店）,长安区,长安广场,4.0,草本健康洗发,8.8,74
国美染烫连锁,长安区,韦曲西街,4.2,单人国美豪华染烫直三选一,298,70
MG美发工作室,长安区,南大学城,5.0,单人资深设计师剪发造型,30,58
夏田造型,长安区,秦岭沿线,4.7,单人洗剪吹套餐,22.9,56
发无界美发美甲私人订制,长安区,紫薇田园都市,5.0,单人洗剪吹套餐,20,38
查理仕私人定制烫染连锁（长安总店）,长安区,长安区,5.0,单人首席洗剪吹,39,34
Mr chen工作室,长安区,郭杜,5.0,单人洗剪吹套餐,35,33
艾薇烫染,长安区,长安广场,4.2,单人艾薇烫染超值洗剪烫染组合,168,30
艾尚发型机构,长安区,南大学城,4.0,艾尚精品护理套餐,68,29
晓彬发艺,长安区,航天城,3.9,烫/染套餐,158,25
酷时代发型会所,长安区,南大学城,4.9,单人美发套餐使用券,1,23
Sieson丝颂潮沙龙,长安区,南大学城,4.7,单人发型设计师剪发,45,21
X21美发沙龙（大学城店）,长安区,南大学城,4.0,单人设计师洗剪吹套餐,29.8,20
天宇菲尔德美发沙龙,长安区,航天城,3.5,资生堂丝亮洗发护理套餐,35,18
聚褔轩社区生活馆（紫薇D区店）,长安区,紫薇田园都市,4.6,仅售19.9元！价值116元的纯植物养发2次，男女不限，发长,19.9,16
唯妮美,长安区,南大学城,4.2,芭寇烫/染单人套餐,128,16
米莱私人造型工作室,长安区,三森,4.6,烫/染单人套餐,268,14
馨锐私人形象会所（阳光天地店）,长安区,郭杜,3.5,单人风格设计+创意裁剪,40,12
艾诺造型（华美店）,长安区,三森,4.6,烫/染2选1美发套餐,168,12
泽成造型,长安区,长安广场,4.2,单人超值护理套餐,39,11
椰岛形象（阎良店）,阎良区,阎良,5.0,椰岛形象洗发-专业剪发-精致造型（约50分钟）,29.8,313
润色头发色彩4s店,阎良区,阎良,4.4,单人洗剪吹套餐,15,283
缔造型,阎良区,润天大道,3.5,单人缔造型剪发套餐,25,122
印象主题发型私人定制,蓝田县,北环路,3.8,单人精品烫发或染发2选1,158,55
飞龙造型,蓝田县,北环路,4.0,精剪,19.9,19
紫晶石美发会所,蓝田县,蓝田,3.5,卡洛美染发+香水生化烫,128,2
