﻿商家,区域,商圈,星级,服务,价格,销量
良子足浴（安高店）,蜀山区,华润五彩城,5.0,单人足疗套餐,88,3837
念奴娇养生SPA会所,蜀山区,蜀山区,5.0,单人念奴印象养生一次,168,2938
良子足浴（国购广场店）,蜀山区,国购广场,5.0,经典足浴单人套餐,99,2733
良子足浴（琥珀山庄一店）,蜀山区,蜀山区,5.0,经典足浴单人套餐,99,2733
良子足浴（高新区天波路店）,蜀山区,大铺头,5.0,单人养生套餐1次,108,2608
迎客松盲人推拿康复中心,蜀山区,蜀山区,5.0,单人推拿足浴2选1,65,2344
圣达养生馆,蜀山区,大铺头,5.0,单人三生有幸套餐,168,2264
魔尔时光养生馆,蜀山区,蜀山区,5.0,单人指压套餐,168,2066
良子足浴（亚坤大厦店）,蜀山区,蜀山区,5.0,单人初级足疗,76,1996
沅明源养生会所,蜀山区,清溪路大润发,4.8,单人经典指压spa套餐,158,1977
舞指仙境足浴指压（紫荆广场店）,蜀山区,凤凰城,5.0,舞指单人SPA套餐,268,1886
星辰盲人推拿,蜀山区,大铺头,4.7,单人推拿足浴二选一套餐,52,1762
学子推拿,蜀山区,三里庵,5.0,单人推拿套餐,50,1409
港岛音乐SPA会所,蜀山区,蜀山区,4.8,单人经典养生套餐,138,1376
领尚会养生会所,蜀山区,蜀山区,5.0,单人精品足道套餐,98,1337
金座水汇养生会所,蜀山区,青阳路,5.0,单人经典养生SPA套餐,168,1325
古尊spa会所,蜀山区,蜀山区,5.0,古尊指压,139,1229
龙品足浴会所,蜀山区,凤凰城,5.0,单人经典spa套餐,168,1093
云端养生堂,蜀山区,蜀山区,5.0,单人精品足道1次,138,1021
安然养生馆,蜀山区,蜀山区,4.8,单人养生套餐,198,1014
金鼎养生SPA,蜀山区,蜀山区,5.0,单人古典spa套餐,188,942
尊享养生SPA,蜀山区,蜀山区,5.0,单人尊享套餐,168,925
安然纳米汗蒸（三里庵店）,蜀山区,三里庵,5.0,单人汗蒸体验,13.9,851
金陵春梦足道养生尊享会所,蜀山区,蜀山区,5.0,单人尊享足道体验套餐（免费住宿过夜）,98,801
丰艾堂艾灸养生会馆（大溪地店）,蜀山区,1912街区,4.3,单人中式局部推拿拔罐调理套餐,88,758
丰艾堂艾灸养生会馆（港澳广场店）,蜀山区,蜀山区,4.3,单人中式局部推拿拔罐调理套餐,88,758
丰艾堂艾灸养生会馆（港汇广场店）,蜀山区,蜀山区,5.0,单人中式局部推拿拔罐调理套餐,88,758
丰艾堂艾灸养生会馆（国际花都店）,蜀山区,蜀山区,4.3,单人中式局部推拿拔罐调理套餐,88,758
融和堂影院式养生足道,蜀山区,大铺头,5.0,单人融术足道套餐,69,778
宋一刀扬州修脚（史河路店）,蜀山区,凤凰城,5.0,单人修脚修灰指甲套餐,48.8,746
吉原养生休闲会所,蜀山区,大铺头,5.0,单人经典养生套餐,168,739
兰馨阁养生足浴会所,蜀山区,蜀山区,4.3,单人养生足浴套餐,109,723
龙都养生会所,蜀山区,大铺头,5.0,单人养生套餐,138,706
龙庭御典足浴会所,蜀山区,青阳路,5.0,单人沐足,78,691
尚泉男子SPA会所,蜀山区,清溪路大润发,4.9,尚泉经典养生套餐,168,688
铜鹊台养生会所,蜀山区,摩尔广场,5.0,单人铜雀云海经典SPA套餐,168,660
左岸养生spa（黄山路店）,蜀山区,蜀山区,5.0,单人经典净身之旅SPA一次,299,647
心之语盲人推拿足浴,蜀山区,清溪路大润发,5.0,单人推拿+拔罐套餐,45,637
康元推拿中心,蜀山区,三里庵,4.3,单人中式推拿套餐,55,605
洌滟养生会所,蜀山区,蜀山区,5.0,单人养生套餐,138,603
汪振盲人推拿（彩虹家园）,蜀山区,青阳路,4.7,单人休闲套餐,60,321
汪振盲人按摩,蜀山区,凤凰城,4.8,单人休闲套餐,60,321
伊路相惜spa养生休闲茶楼,蜀山区,蜀山区,4.5,单人伊路相惜升级养生SPA套餐,390,301
郑远元专业修脚房（青阳路店）,蜀山区,青阳路,4.5,单人足疗套餐,25,277
非凡养生会所,蜀山区,蜀山区,4.3,单人非凡养生套餐,178,268
燕子经络推拿汗蒸馆,蜀山区,根据地美食广场,5.0,单人汗蒸一次,12.5,251
水善汇,蜀山区,蜀山区,5.0,单人洗浴汗蒸+韩式按摩+足疗套餐,218,242
联手盲人推拿,蜀山区,蜀山区,5.0,单人拔罐套餐,9.9,238
红都养生会所（祁门路店）,蜀山区,蜀山区,5.0,单人养生套餐,158,230
康孚正骨推拿馆,蜀山区,蜀山区,5.0,单人推拿+拔罐套餐,58,228
紫罗兰spa养生会所,蜀山区,蜀山区,5.0,单人养生SPA套餐,158,215
刘丽足浴（丽足天下）,蜀山区,根据地美食广场,5.0,单人足浴大钟一次（90分钟）,149,203
吉源公馆,蜀山区,1912街区,5.0,豪华养生套餐,168,203
静心养生吧,蜀山区,三里庵,4.7,单人精油净排套餐,239,195
熙园养生会所,蜀山区,青阳路,4.6,单人经典spa套餐,168,195
之心宫养生馆,蜀山区,蜀山区,5.0,单人经典养生spa套餐,128,194
左岸养生spa（望江路店）,蜀山区,蜀山区,5.0,单人经典远古之旅SPA一次,199,194
璞真堂,蜀山区,望潜交口,5.0,单人全身经络推拿套餐,178,188
纤纤手水疗spa,蜀山区,黄潜交口,5.0,单人全身油压套餐,258,184
菩提推拿足浴养生spa,蜀山区,蜀山区,4.8,单人养生套餐,168,182
悦色养生汇,蜀山区,蜀山区,5.0,单人悦色养生spa套餐,168,174
玉铭堂汗蒸美容养生馆（和谐店）,蜀山区,1912街区,5.0,单人汗蒸,12.9,169
枫玲养生spa,蜀山区,凤凰城,5.0,单人轻枫养生spa套餐,158,161
硕康推拿,蜀山区,三里庵,5.0,腰椎推拿,55,157
富桥影院式足道,蜀山区,蜀山区,5.0,单人普通足道,89,162
铭仕休闲会所,蜀山区,蜀山区,5.0,单人养生套餐,158,146
御之宫,蜀山区,凤凰城,3.6,单人spa养生套餐,138,141
艺佳盲人推拿中心,蜀山区,凤凰城,5.0,单人刮痧拔罐套餐,29,140
络康推拿养生中心,蜀山区,1912街区,4.8,单人推拿,60,127
梦康盲人推拿,蜀山区,大铺头,5.0,单人颈肩护理,59,121
忘忧宫养生SPA会所,蜀山区,蜀山区,4.6,单人经典SPA养生套餐,118,119
天和养生spa会所,蜀山区,蜀山区,5.0,单人经典养生SPA套餐,178,114
益登祥养生足浴会所,蜀山区,蜀山区,5.0,单人草本养生足浴套餐,88,107
颜至尊足疗会所,蜀山区,大铺头,4.2,单人指压套餐,198,100
顶尚堂头疗馆,蜀山区,凤凰城,3.7,单人头疗体验1次,48,100
思颜丽抗衰养生（尊荣名店）,蜀山区,蜀山区,4.0,思颜丽抗衰养生套餐,88,94
皇朝指韵,蜀山区,大铺头,5.0,皇朝单人养生spa,268,96
天籁养生spa会所,蜀山区,蜀山区,4.9,单人经典套餐,138,95
八里皇养生SPA会所,蜀山区,1912街区,4.8,单人朝阳欣喜SPA套餐,178,98
逸静阁足浴会所,蜀山区,蜀山区,4.3,单人足疗套餐,99,93
海棠湾养生馆,蜀山区,大铺头,4.3,单人时之影养生套餐,269,92
华健盲人推拿,蜀山区,大铺头,5.0,中式推拿足疗二选一,53.9,91
艾柔脏腑推拿,蜀山区,三里庵,5.0,单人全身推拿套餐,50,88
云尚公馆养生会所,蜀山区,蜀山区,4.5,单人指压套餐,168,82
御上皇养生spa会所,蜀山区,凤凰城,5.0,单人养生SPA套餐,168,82
苏安推拿,蜀山区,蜀山区,4.3,单人推拿,53,81
玉澜庭养生会所,蜀山区,凤凰城,5.0,单人经典养生套餐,138,76
少林正骨堂（长江路店）,蜀山区,蜀山区,4.7,少林任督通脉大黑膏单人套组感恩父母关爱健康,29,70
天御古典足道,蜀山区,根据地美食广场,4.3,单人古典足道,78,68
西山银杏汗蒸养生馆,蜀山区,蜀山区,5.0,单人汗蒸1次,12.9,70
中疗堂,蜀山区,大铺头,4.6,单人推拿+拔罐套餐,58,66
颐道养生馆,蜀山区,蜀山区,4.6,单人开业特惠油压套餐,139,65
北京良子足浴SPA会所（贵池路店）,蜀山区,贵池路美食街,5.0,单人足疗套餐,138,60
君豪足浴会所,蜀山区,蜀山区,5.0,单人全身按摩+足浴全套+精油开背,139,57
巴厘岛风情养生会所,蜀山区,黄潜交口,4.4,单人经典养生SPA套餐,138,59
艾尚灸养生堂,蜀山区,长江西路华联,4.0,刮痧+艾灸+拔罐套系,59,58
扬州足医馆,蜀山区,蜀山区,4.0,单人足浴修脚套餐,58,57
道涵堂古法养生馆,蜀山区,蜀山区,5.0,单人专业推拿,79,56
重庆富侨足浴,蜀山区,大铺头,4.5,单人中式足浴,75,56
高兴推拿,蜀山区,蜀山区,4.5,单人推拿1次,39.8,52
天天足浴,蜀山区,蜀山区,4.2,推拿按摩,58,6
御贵堂养生会所,蜀山区,蜀山区,3.0,单人经典养生SPA体验1次,158,6
韩式汗蒸馆,蜀山区,青阳路,5.0,精油开背+汗蒸（单人）,58,6
扬州益德修脚堂,蜀山区,大铺头,3.5,单人采耳套餐,18,5
玛丽艳养生馆,蜀山区,蜀山区,4.4,单人肩颈+后背+经络疏通1次,68.8,5
百合堂（同乐汇广场店）,蜀山区,蜀山区,3.5,单人产后套餐,98,6
诗娜美养生SPA生活馆,蜀山区,蜀山区,4.6,单人熏蒸/拔罐2选1套餐,19,4
寻康盲人推拿,蜀山区,长江西路华联,3.5,单人推拿+拔罐,58,3
安然纳米汗蒸（合家福店）,蜀山区,大铺头,3.9,单人刮痧或者拔罐一次,19.9,3
陈姐修脚店（西园店）,蜀山区,三里庵,3.5,单人修甲嵌甲套餐,36,2
明珠中医推拿理疗馆,蜀山区,蜀山区,3.7,全身穴位推拿,88,1
慈心堂养生馆,蜀山区,凤凰城,4.9,全身推拿/足浴（45分钟）二选一,48,1
菩曌经络堂,蜀山区,凤凰城,4.1,单人头疗,88,0
博文中医推拿（发能太阳海岸店）,蜀山区,蜀山区,3.5,单人颈肩腰推拿10次卡,640,0
世龙世家手足连锁（庐阳区阜阳北路店）,庐阳区,双岗,4.8,泡脚足浴+修脚护理单人套餐,9.9,26970
世龙世家手足健康连锁（合肥蒙城北路店）,庐阳区,沿河路,4.1,泡脚足浴+修脚护理单人套餐,9.9,26970
世龙世家手足健康连锁（藕塘路十字建行对面店）,庐阳区,庐阳区,4.1,泡脚足浴+修脚护理单人套餐,9.9,26970
雲龍足道（亳州路富桥足浴一店）,庐阳区,亳州路,5.0,单人足浴套餐,88.8,20133
雲龍足道（沿河路富桥足浴二店）,庐阳区,沿河路,5.0,单人足浴套餐,88.8,20133
雲龍足道（双岗富桥足浴六店）,庐阳区,双岗,5.0,单人足浴套餐,88.8,20133
雲龍足道（老报馆富桥足浴三店）,庐阳区,老报馆,5.0,单人足浴套餐,88.8,20133
七朵莲花影院式文化足道（金裟堂店）,庐阳区,沿河路,5.0,单人文化足道套餐,59.9,14004
富桥足浴,庐阳区,双岗,5.0,单人富桥尊品足浴,89,10847
富侨足浴（富桥旗舰店）,庐阳区,颍上路,5.0,单人精品足疗,83.8,8902
良子足浴（亳州路店）,庐阳区,亳州路,5.0,单人足部按摩套餐,89,6310
北京良子足浴,庐阳区,凤台路大润发,5.0,北京良子单人足浴套餐,79,5923
重庆富侨足浴（合肥钻石店）,庐阳区,凤台路大润发,5.0,富侨单人经典套餐,98,5861
富足天下,庐阳区,明发商业广场,5.0,单人泰式推拿套餐,118,4893
大拇指盲人推拿,庐阳区,白水坝,5.0,单人推拿套餐,59,4183
纤纤玉指足浴养生会所（临泉路店）,庐阳区,颍上路,5.0,单人纤纤养生套餐,198,3681
康健玉指,庐阳区,白水坝,5.0,单人康健姜疗养生套餐,88,3376
国道推拿养生馆,庐阳区,三孝口,5.0,单人推拿足疗套餐,78,2649
禅轩阁影院式足道,庐阳区,四里河,5.0,单人禅之经典,139,2266
良子足浴（界首路店）,庐阳区,庐阳区,5.0,单人足浴,69,2113
百花井友友盲人推拿,庐阳区,百花井,5.0,单人颈椎、腰椎按摩、拔罐套餐,50,439
华足康修脚,庐阳区,沿河路,4.7,单人修脚+刮脚足部护理套餐,38,416
轩悦养生馆,庐阳区,凤台路大润发,4.3,单人悦享养生套餐,138,361
墨家SPA养生会所,庐阳区,双岗,4.5,单人经典养生开业特惠套餐,298,355
玛丽艳美容汗蒸养生馆（海洲景秀世家店）,庐阳区,凤台路大润发,4.9,背部经络疏通+五行拔罐,39,353
玛丽艳美容汗蒸养生馆（北环阳光花园店）,庐阳区,凤台路大润发,5.0,背部经络疏通+五行拔罐,39,353
玛丽艳美容汗蒸养生馆（荣凤苑店）,庐阳区,庐阳区,4.7,背部经络疏通+五行拔罐,39,353
康瑞盲人推拿,庐阳区,庐阳区,3.9,推拿足浴套餐,98,319
御龙会所,庐阳区,祥源广场,5.0,单人新夜之旅—净身SPA,259,306
御韵堂养生足道,庐阳区,庐阳区,5.0,单人神韵普足套餐,99,292
孔氏盲人推拿,庐阳区,三孝口,5.0,宗医推拿背部里疗+刮痧/拔罐2选1,35,284
自强盲人推拿中心,庐阳区,老报馆,4.6,单人足疗/推拿2选1,68,282
郑远元专业修脚房（义井路店）,庐阳区,颍上路,5.0,单人足疗套餐,25,277
郑远元专业修脚房（固镇路店）,庐阳区,凤台路大润发,4.9,单人足疗套餐,25,277
真功夫盲人推拿足疗,庐阳区,庐阳区,5.0,单人肩颈按摩+拔罐套餐,28,271
尊道足浴养生馆（四里河店）,庐阳区,四里河,5.0,单人精品养生SPA套餐,158,259
舞指仙境足浴（杏花店）,庐阳区,杏花公园,4.7,单人特色足浴套餐,138,256
五季养生会所,庐阳区,庐阳区,4.5,养元固宝单人SPA,89,248
自立盲人推拿,庐阳区,城隍庙,5.0,单人全身推拿,55,197
唐古盲人推拿馆（四里河路店）,庐阳区,四里河,5.0,盲人推拿单人体验券,25,184
悠然养生SPA足道,庐阳区,庐阳区,5.0,单人经典养生体验套餐,149,170
百会盲人推拿,庐阳区,电子16所,4.7,单人全身推拿+拔罐,60,169
怡梦spa,庐阳区,双岗,5.0,单人闲时养生套餐,158,165
汉唐足道,庐阳区,亳州路,5.0,单人尊享足道,118,165
大圣盲人推拿足疗,庐阳区,凤台路大润发,5.0,单人推拿套餐,49,141
杨氏推拿足道馆,庐阳区,凤台路大润发,4.1,推拿套餐,35,138
亲亲鱼疗馆,庐阳区,步行街,5.0,双人鱼疗体验1次,35,141
盘古盲人推拿足浴,庐阳区,凤台路大润发,4.5,单人足疗+肩颈按摩+拔罐套餐,49,130
美邦养生馆,庐阳区,电子16所,4.7,单人东风养生套餐,168,127
宏伟足道,庐阳区,橡树湾,4.2,单人经典足道套餐,98,115
纳米汗蒸养生馆,庐阳区,四里河,5.0,单人汗蒸套餐,9.9,113
安康推拿馆（梨花巷店）,庐阳区,四牌楼,4.6,保健养生套餐,59,109
瑞康推拿,庐阳区,庐阳区,4.7,单人推拿套餐,59.9,107
康乐盲人推拿,庐阳区,庐阳区,3.9,推拿+刮痧或拔罐套餐,55,103
仁术推拿,庐阳区,庐阳区,4.1,单人全身推拿套餐,49,98
老洪盲人推拿,庐阳区,双岗,4.7,单人推拿+拔罐,49,93
老地方修脚足疗,庐阳区,庐阳区,5.0,单人足疗+修脚+颈肩按摩套餐,25,86
经典阁养生会所,庐阳区,亳州路,5.0,单人养生套餐,168,81
玉水阁养生会所,庐阳区,电子16所,4.7,单人养生spa套餐,138,82
唐古盲人推拿（蒙城北路/耀远路店）,庐阳区,蒙城北路,4.8,盲人推拿单人体验券,25,76
福灸堂推拿养生馆,庐阳区,双岗,5.0,单人推拿套餐,55,75
视觉岛SPA会所,庐阳区,女人街,5.0,单人土耳其经典油压SPA套餐,198,73
少林正骨堂（逍遥津店）,庐阳区,步行街,3.7,少林任督通脉大黑膏单人套组感恩父母关爱健康,29,70
孟强推拿,庐阳区,庐阳区,4.4,单人推拿,26.6,70
夏时根修脚足疗,庐阳区,白水坝,4.6,单人泡脚+修脚+按摩套餐,28,68
颐和养生堂,庐阳区,庐阳区,5.0,单人全身推拿拔罐套餐,59,65
恒泰养生馆,庐阳区,阿奎利亚,5.0,单人刮痧+拔罐1次,48,65
龙广源高端养生SPA,庐阳区,宿州路,4.8,单人全身养生spa套餐,258,57
大康中医推拿,庐阳区,庐阳区,5.0,单人推拿+刮痧+拔罐套餐,48,57
伯之爵养生会所,庐阳区,庐阳区,4.4,单人经典养生spa套餐,138,45
新康推拿按摩中心,庐阳区,红星路,4.3,局部推拿套餐,45,43
小五纳米汗蒸美容生活馆,庐阳区,润地星城,4.1,单人韩式汗蒸,10,39
鑫诚养生馆,庐阳区,颍上路,4.2,单人推拿+火罐套餐,29.9,37
盲人推拿,庐阳区,庐阳区,4.2,推拿一次,28,33
安然纳米汗蒸馆（金域蓝湾店）,庐阳区,庐阳区,5.0,单人汗蒸+精油开背,68,32
皖亳盲人按摩中心,庐阳区,宿州路,4.5,颈椎推拿,50,32
凝香阁SPA养生会所,庐阳区,宿州路,4.5,单人美容护理养生套餐,48,30
恒意盲人按摩推拿（双岗店）,庐阳区,双岗,4.6,单人全身推拿套餐,66,30
梦圆推拿,庐阳区,凤台路大润发,4.5,单人推拿/足疗二选一,49.9,29
足神堂,庐阳区,城隍庙,3.6,单人经典足疗全套,79,27
天水足疗养生会馆,庐阳区,庐阳区,4.0,现金优惠券,2,5
大崔盲人推拿,庐阳区,四里河,3.5,单人推拿+刮痧,55,4
孔之林SPA养生馆,庐阳区,白水坝,4.9,单人足疗套餐,69,3
凌氏经络堂,庐阳区,颍上路,3.5,单人推拿+拔罐+刮痧,80,2
爱之手盲人推拿按摩,庐阳区,步行街,4.3,单人专业拔火罐,30,2
永康盲人推拿门诊,庐阳区,老报馆,3.5,特惠刮痧/拔罐2选1,18,1
小尹盲人推拿,庐阳区,双岗,3.5,单人刮痧,20,0
skin plus肤美加韩国美容养生中心,庐阳区,银泰百货,3.5,单人拔罐,15,0
禅轩阁养生私府（元一名城店）,瑶海区,元一名城,5.0,单人禅之悦,99,1624
足迹养生会所,瑶海区,瑶海家具大世界,5.0,单人足迹足道,78,1396
足春堂（胜利路店）,瑶海区,大东门,4.6,单人锦堂春白套餐,118,1301
海月阁养生馆,瑶海区,瑶海区,5.0,单人养生保养1次,158,1155
清韵足道（原古御ceo会所）,瑶海区,长江东大街,5.0,单人养生套餐,198,1113
天涯海角养生会所,瑶海区,明光路汽车站,5.0,单人养生套餐,158,1057
依水阁休闲会所,瑶海区,磨店,4.8,单人养生套餐,168,900
福桥足浴（大通路店）,瑶海区,瑶海区,3.5,单人特色足浴,79,878
重庆富侨,瑶海区,瑶海区,5.0,单人精品足浴,118,873
润足堂,瑶海区,瑶海区,4.1,经典足浴,48,866
御美人汇养生馆,瑶海区,长江东路,5.0,经典单人养生B套餐,278,850
汪氏推拿,瑶海区,长江东路,5.0,单人颈肩/腰背推拿 限时特惠,30,844
众康盲人推拿,瑶海区,和平路,5.0,单人全身推拿+刮痧/拔罐,50,807
传古推拿（淮矿和平盛世店）,瑶海区,瑶海区,4.6,单人全身松筋推拿套餐,59,783
传古推拿（东一环店）,瑶海区,瑶海区,5.0,单人全身松筋推拿套餐,59,783
足春堂（元一名城店）,瑶海区,元一名城,5.0,单人汗蒸套餐,19,706
康瑞盲人推拿（站前路店）,瑶海区,火车站,5.0,单人推拿套餐,58,699
老朱盲人推拿,瑶海区,长江东大街,4.8,推拿,45,674
合肥水木桶足道,瑶海区,家天下,4.4,单人艾草套餐,98,669
足上煌尊享会所,瑶海区,瑶海区,5.0,单人经典足浴套餐,89,582
痘敏斑康复中心,瑶海区,瑶海区,4.3,拔罐刮痧套餐,19.9,143
江南印象足道会（临泉路店）,瑶海区,临泉路,5.0,单人养生足浴套餐,109,143
诗韵养生spa会所（嘉山路店）,瑶海区,瑶海区,5.0,单人经典暖阳SPA养生套餐,158,135
水月阁spa会所,瑶海区,瑶海区,5.0,单人养生SPA,158,131
御芝堂推拿,瑶海区,瑶海公园,4.8,局部针对性舒筋推拿套餐,45,130
风韵养生会所,瑶海区,家天下,4.5,单人养生套餐4,158,121
美丽心情SPA会所,瑶海区,瑶海区,5.0,单人汗蒸/拔罐/刮痧3选2套餐,19.8,114
康丽汗蒸美容养生馆,瑶海区,瑶海区,5.0,单人刮痧/拔罐二选一套餐,15,113
仁康推拿足浴中心,瑶海区,瑶海区,4.1,单人推拿+拔罐套餐,50,111
城东足浴堂,瑶海区,瑶海区,4.5,单人足浴套餐,98,110
舞指仙境足浴（闽商国贸店）,瑶海区,瑶海区,5.0,单人休闲足浴,99,110
铂spa（喜来登店）,瑶海区,家天下,4.3,单人铂spa薰衣草之旅套餐,499,105
舞指仙境（旗舰店）,瑶海区,火车站,5.0,单人经络调理,188,103
唯尚良子足浴,瑶海区,胜利广场,4.8,单人芳香足浴,88,98
思颜丽女士美容生活馆,瑶海区,长江东路,4.2,思颜丽抗衰养生套餐,88,94
艾一堂中医推拿,瑶海区,临泉路,5.0,单人推拿+刮痧+拔罐,58,93
医佳盲人按摩中心（东湖山庄清水苑店）,瑶海区,瑶海区,4.3,单人局部推拿套餐,46,91
富康足浴休闲馆,瑶海区,东二环,3.5,单人富康足浴按摩足浴套餐2,58,87
素之林亚健康调理中心,瑶海区,瑶海区,4.7,单人中式推拿,68,84
家天下专业修脚坊,瑶海区,家天下,4.4,单人足疗套餐,38,80
舒适足浴,瑶海区,武里山天街,3.5,单人足疗+按摩,88,29
英子养生馆,瑶海区,裕溪路,5.0,单人拔罐套餐,20,28
小牟养生足道,瑶海区,裕溪路,4.5,芳香足疗,68,27
恒景堂灰指甲（大河数码广场旗舰店）,瑶海区,瑶海区,3.5,单人手足护理套餐,9.9,22
古典御足,瑶海区,瑶海区,4.2,单人泡脚套餐,100,21
益康舒达经筋推拿（家天下店）,瑶海区,家天下,4.4,单人肩颈/腰部推拿套餐,39.9,21
御指天宫spa养生,瑶海区,瑶海区,4.3,单人精品养生SPA体验套餐,188,21
祈美中医养生会所（大通路店）,瑶海区,大通路,3.9,全身淋巴疏通,198,21
正一堂中医推拿,瑶海区,临泉路,3.8,正骨推拿套餐,48,20
康桥养生足道,瑶海区,瑶海区,3.9,单人经典足疗,50,20
手昕盲人推拿,瑶海区,瑶海区,5.0,单人全身推拿+头部放松+火罐,46,20
彩明足道,瑶海区,瑶海区,5.0,单人尊享足道套餐,128,19
福康盲人推拿,瑶海区,瑶海区,4.9,全身推拿足疗二选一,48,19
人一经络养生馆,瑶海区,和平路,4.0,单人微雾桑拿1次,19.9,18
金豪庭足疗休闲会所,瑶海区,瑶海区,3.8,特色足道,118,18
阿宏女子养生馆,瑶海区,临泉路,4.2,单人精油推背+刮痧+拔罐,58,17
康院盲人推拿,瑶海区,临泉路,4.4,单人刮痧+拔罐,28,15
夏时跟专业修脚足疗,瑶海区,瑶海区,3.8,单人修脚按摩套餐,35,15
夏时跟专业修脚足疗（火车站店）,瑶海区,临泉路,3.9,单人修脚按摩套餐,35,15
王族足浴,瑶海区,家天下,3.8,单人欧式养生,198,0
高登良子足浴,包河区,南一环,5.0,单人经典良子足浴套餐,98,2860
御书堂推拿,包河区,万达广场,5.0,单人养生套餐,39,2795
舞指仙境足浴（南站店）,包河区,包河区,5.0,单人沐足套餐（免费住宿过夜）,138,2727
大唐盲人按摩中心（万达文旅城店）,包河区,滨湖万达文化旅游城,5.0,单人洗浴+托玛琳汗蒸套餐,29.9,2282
江南印象足浴会所,包河区,包河苑,4.8,单人新品养生spa套餐（五星推荐）,199,2214
好良子养生会所,包河区,包河区,5.0,单人经典spa1次,158,1778
良子足浴（徽州大道四牌楼店）,包河区,徽州大道,5.0,足疗护理套餐,79,1551
利士盲人专业推拿（大钟楼店）,包河区,徽州大道,3.9,单人全身保健推拿套餐,60,1501
莱颐养生殿,包河区,包河花园,5.0,单人经典指压套餐1次,168,1196
儒之堂,包河区,望江东路,5.0,单人足疗全身养生套餐,69,1175
足金修脚（宿松路店）,包河区,宿松路,5.0,单人修脚套餐A,29.8,1159
汉仁堂养生馆（桐城路店）,包河区,包河区,4.8,单人经典养生套餐,128,1160
乐天足疗会馆（包河花园店）,包河区,包河花园,5.0,单人新品养生spa套餐,168,867
乐天足浴会所（马鞍山路店）,包河区,马鞍山路,5.0,单人新品养生spa套餐,168,867
良子足浴（黄山路店）,包河区,百脑汇,5.0,单人全身按摩,129,843
良子足浴（南七维果店）,包河区,南七,5.0,单人全身按摩,129,843
良子足浴（创智广场店）,包河区,望江东路,5.0,单人全身按摩,129,843
良子足浴（南七店）,包河区,南七,5.0,单人全身按摩,129,843
维杨足艺（合肥总店）,包河区,马鞍山路,5.0,单人中华养生套餐,118,842
御爵养生馆,包河区,徽州大道,5.0,单人养生套餐,198,824
大黄推拿按摩中心,包河区,包河区,4.3,单人专业推拿/足疗套餐,58,800
传古推拿（银杏苑店）,包河区,包河区,4.8,单人全身松筋推拿套餐,59,783
易医堂（太湖路店）,包河区,太湖路,5.0,易医堂刮痧拔罐单人套餐,49,768
易医堂（马鞍山路店）,包河区,马鞍山路,5.0,易医堂刮痧拔罐单人套餐,49,768
宋一刀扬州修脚（九华山路店）,包河区,九华山路,5.0,单人修脚修灰指甲套餐,48.8,746
皇龙足道,包河区,万达广场,4.3,足疗套餐,35,744
昇医堂,包河区,望江东路,5.0,全身推拿+拔罐,88,740
名爵spa养生会所,包河区,包河区,5.0,单人经典SPA套餐A,138,745
御尚足道会所,包河区,望江东路,5.0,单人尊享足疗养生套餐,129,737
五指山足浴spa养生馆,包河区,包河区,5.0,单人SPA按摩套餐,158,722
恒生阳光城社区汗蒸生活馆,包河区,太湖路,5.0,单次汗蒸,10.8,698
潮曼养生SPA,包河区,包河区,5.0,单人悦享养生SPA,198,637
蓝鼎社区生活馆,包河区,包河区,5.0,单人汗蒸1次,9.9,618
半月浮生SPA养生会所,包河区,望江东路,5.0,单人甜蜜蜜套餐,138,582
千玺台养生,包河区,百脑汇,5.0,单人活力养生spa套餐,168,566
龙之都养生会所,包河区,望江东路,5.0,单人养生套餐,138,569
香茗沐浴会所（马鞍山路店）,包河区,包河区,4.4,单人浴资+足疗套餐,88,462
1988指尊公馆,包河区,望江东路,4.7,单人指尊养生套餐,158,455
舞指境港派足浴指压,包河区,包河区,4.8,经典SPA套餐,198,441
金地国际城汗蒸社区生活馆,包河区,包河区,5.0,单人汗蒸1次,9.9,438
龙廷养生会所,包河区,包河苑,5.0,单人豪华养生套餐,258,417
富侨足浴SPA,包河区,加侨广场,5.0,单人富侨足浴,98,377
玛丽艳美容汗蒸养生馆（省直家园店）,包河区,太湖路,4.5,背部经络疏通+五行拔罐,39,353
指享CEO养生,包河区,百脑汇,5.0,单人养生SPA套餐,138,348
扬州足浴养生会所（南二环店）,包河区,加侨广场,5.0,单人尊享足道套餐,108,329
上海康益推拿,包河区,徽州大道,5.0,单人推拿套餐,48,311
中经堂（太湖路店）,包河区,太湖路,4.5,合肥中经堂头颈肩部推拿护理套餐,49,296
客来耳目（太湖路店）,包河区,徽州大道,5.0,单人采耳,35,278
郑远元专业修脚房（银杏苑店）,包河区,包河区,5.0,单人足疗套餐,25,277
玉指仙域（顶峰公寓店）,包河区,南一环,4.9,单人养生套餐,178,240
蓝海阁养生馆,包河区,万达广场,5.0,单人舒缓足浴套餐,68.8,241
红都养生会所（太湖路店）,包河区,太湖路,5.0,单人养生套餐,158,230
金脚丫足浴,包河区,包河区,3.9,单人足浴/养生套餐,68,221
颐灸堂,包河区,马鞍山路,5.0,单人艾足套餐,68,211
半生缘养生会所,包河区,南七,5.0,单人经典养生spa套餐,158,198
佳乐盲人专业推拿,包河区,太湖路,5.0,单人全身推拿套餐,55,195
纤纤手（桐城南路店）,包河区,包河区,4.5,单人全身油压套餐,258,184
纤纤手水疗（徽州大道店）,包河区,徽州大道,4.8,单人全身油压套餐,258,184
丁氏按摩养生馆,包河区,包河区,4.5,单人拔罐刮痧套餐,36,169
熙悦养生馆,包河区,包河区,3.7,单人养生套餐,168,169
安泰推拿按摩,包河区,包河区,4.6,单人特色刮痧+拔罐套餐,38,164
福康堂推拿,包河区,徽州大道,5.0,单人刮痧拔罐＼艾灸拔罐2选1,38,154
云水涧足浴养身SPA,包河区,包河区,4.5,古典足浴,68,147
慕名而来养生spa,包河区,包河区,5.0,单人经典养生SPA套餐,168,137
君悦轩养生Spa,包河区,徽州大道,5.0,单人养生spa套餐,168,140
御豪养生馆,包河区,南一环,4.1,单人养生spa套餐,179,132
曼莎养生会所,包河区,包河区,3.3,单人养生spa套餐,108,131
知足堂养生spa会所,包河区,悦方IDMALL,5.0,知足足道,108,130
善雅SPA养生会所,包河区,包河花园,5.0,单人经典SPA养生体验套餐,158,130
知足养生足浴,包河区,包河区,4.8,单人知足特价足浴,58,116
康复盲人按摩,包河区,加侨广场,4.7,单人盲人推拿,59,115
富桥足道（淝河路店）,包河区,淝河路,4.5,单人足疗套餐,69,116
若耶溪水疗spa,包河区,淝河路,4.1,单人养生套餐,118,105
润福堂颈腰理疗馆,包河区,望江东路,4.4,单人拔罐/刮痧2选1,15,99
天珑湾养生SPA足浴会所,包河区,包河苑,4.1,单人经典足浴套餐,68,88
纤姿女子spa会所,包河区,包河区,4.3,纤姿女子spa会所汗蒸/泡澡2选1,9.9,84
铂spa（威斯汀店）,包河区,万达广场,4.1,单人乾阳之曲,399,82
汤乐宫温泉汗蒸文化汤,包河区,包河区,5.0,单人洗浴汗蒸+灵性SPA+过夜套餐,259,75
伊度足浴会所（繁华大道店）,包河区,包河苑,4.8,单人黄土足浴+泰式按摩,118,72
慕缘堂spa养生会所,包河区,望江东路,4.6,单人经典养生SPA,128,69
金品御足,包河区,包河区,3.5,港式养生,198,2
善水美痧社区生活馆,包河区,包河区,4.9,单人精油开背,59.9,2
晶鑫韩式汗蒸馆,包河区,包河区,4.3,单人养生SPA,158,2
碧波庭养生工作室,包河区,芜湖路,3.5,单人颈椎保养,38,1
华康中医推拿,包河区,包河区,3.5,单人全身手法推拿套餐,45,1
张三丰游泳健身养生中心,包河区,包河区,3.5,会员卡1张,3920,1
好态时光养生spa会所,包河区,宣城路,3.9,单人养生护理1次,168,0
富侨足浴保健会所（百乐门贵宾店）,经开区,经开区,5.0,单人中级足疗套餐（免浴资）,98,42935
蘭宫养生会所,经开区,经开区,4.8,单人指压套餐,138,3063
凡足休闲养生SPA,经开区,经开区,5.0,单人经典养生spa,138,2802
飞仙楼养生会所,经开区,明珠广场,5.0,单人经典指压spa套餐,138,2791
明珠一号休闲养生spa会所,经开区,明珠广场,5.0,单人经典SPA套餐,198,2474
富乾养生SPA会馆,经开区,经开区,5.0,单人养生SPA套餐,138,2323
养身堂足道,经开区,明珠广场,5.0,单人养生足疗套餐,119,2253
富侨影院试御足馆,经开区,港澳广场,5.0,单人高端套餐,139,1655
雲顶足公馆,经开区,经开区,5.0,单人经典足疗套餐,108,1490
汤泉谷,经开区,经开区,5.0,单人养生套餐,158,1135
御轩宫足浴SPA会馆,经开区,经开区,4.8,单人御轩宫贵足泡脚,99,682
柏悦商务SPA会所,经开区,经开区,5.0,单人柏悦套餐,138,630
养身堂SPA会所,经开区,明珠广场,5.0,单人韩式spa套餐,138,616
精诚盲人推拿,经开区,港澳广场,5.0,单人推拿足浴2选1,56,464
亲亲鱼疗体验馆（金星商业街店）,经开区,大学城,4.5,亲亲鱼疗馆套餐,15,181
蓝梦休闲会所,经开区,大学城,5.0,单人蓝梦养生套餐,138,164
富贵足浴,经开区,大学城,4.3,单人足疗套餐,99,92
倾国倾城养生会所,经开区,港澳广场,3.7,单人经典SPA一次,158,65
悦伴湾养生会所,经开区,明珠广场,4.4,单人养生套餐,158,56
良子足浴（绿地蓝海B座店）,政务区,天鹅湖银泰城,5.0,单人经典足浴套餐1次,79,7758
纤指御宫足浴,政务区,天鹅湖万达广场,5.0,经典足浴套餐,118,2249
富桥足浴养生会所（绿地蓝海B座店）,政务区,天鹅湖银泰城,5.0,单人开业特惠经典足浴,99,1339
康瑞盲人推拿,政务区,天鹅湖银泰城,5.0,单人推拿套餐,58,1000
倾城倾国,政务区,政务区,4.3,单人SPA狂欢套餐,168,864
丰艾堂艾灸养生会馆（奥体中心店）,政务区,政务区,4.8,单人中式局部推拿拔罐调理套餐,88,758
丰艾堂艾灸养生会馆（天鹅湖万达店）,政务区,天鹅湖万达广场,4.3,单人中式局部推拿拔罐调理套餐,88,758
泉道尊贵会养生洗浴SPA会所（ceo店）,政务区,天鹅湖万达广场,5.0,宠爱一身spa+浴资全天单人,298,733
舞指仙境（政务区店）,政务区,政务区,5.0,单人商务足道套餐,128,683
五指唐推拿馆（中医推拿政务区店）,政务区,政务区,5.0,全身推拿（3合1）综合调理套餐,58,591
Box网咖（天鹅湖万达店）,政务区,天鹅湖万达广场,4.9,单人大厅2小时上网套餐,9.9,443
尚御宫ceo养生足道馆,政务区,天鹅湖银泰城,5.0,单人商务足道,59,422
花都汗蒸养生馆,政务区,天鹅湖银泰城,5.0,单人汗蒸1次,9.9,353
上海经正堂足道,政务区,政务区,5.0,艾药套餐,128,206
中艾堂专业盲人推拿按摩（汇林阁店）,政务区,天鹅湖万达广场,5.0,全身经络推拿+拔火罐,54,173
壹道养生,政务区,天鹅湖万达广场,5.0,单人足疗1次,78,167
温络堂中医推拿,政务区,政务区,5.0,全身推拿或足疗二选一,88,164
大夫第中医盲人推拿,政务区,天鹅湖万达广场,3.9,中式推拿,75,149
振元堂（天鹅湖店）,政务区,天鹅湖万达广场,4.5,单人全身疏通+拔罐套餐,88,132
蓝蝶苑社区生活馆,政务区,政务区,5.0,单人汗蒸1次,9.9,96
御尊养生会所,政务区,天鹅湖银泰城,5.0,单人御尊休闲套餐,368,95
康益推拿,政务区,天鹅湖银泰城,4.6,单人小儿推拿套餐,0.1,1054
元气堂盲人推拿,政务区,天鹅湖银泰城,5.0,单人中式足疗套餐,60,68
鸿雨盲人推拿店,政务区,天鹅湖银泰城,4.1,单人推拿套餐,58,34
东方博艾馆,政务区,新地中心,4.5,肩颈经络调理+艾灸调理,168,23
理和堂中医推拿馆（九重锦店）,政务区,政务区,4.6,单人推拿套餐,60,14
美馨养生护理中心,政务区,政务区,5.0,单人单次产后开奶催乳,189,12
又一居养生馆,政务区,政务区,4.5,单人艾灸拔罐刮痧,9.9,12
健康推拿,政务区,天鹅湖万达广场,3.5,单人足疗套餐,68,0
福桥足浴SPA会所,滨湖区,滨湖世纪城,5.0,单人男子SPA套餐,159,7300
地中海养生馆（滨湖店）,滨湖区,滨湖世纪城,5.0,养足足道单人套餐,69.9,6075
重庆富侨足浴（滨湖店）,滨湖区,滨湖区,4.3,单人中式沐足套餐,98,3957
天御古典足道,滨湖区,滨湖世纪城,5.0,天御古典足道草本足浴套餐,78,3628
天山会所,滨湖区,滨湖世纪城,5.0,单人养生spa套餐,139,3555
良子足浴（滨湖世纪金源店）（世纪金源店）,滨湖区,滨湖世纪城,4.8,单人经典足浴1次,88,3329
良子健身,滨湖区,滨湖世纪城,5.0,单人足疗套餐,138,2794
玉指盲人按摩推拿中心（一店）,滨湖区,滨湖世纪城,5.0,单人单次推拿二选一,48.9,2296
玉指盲人按摩推拿中心（二店）,滨湖区,滨湖世纪城,5.0,单人单次推拿二选一,48.9,2296
周天养生馆（滨湖店）,滨湖区,滨湖世纪城,5.0,单人小周天功夫调理（含精油开背）,108,2013
爱莲说中医养生健康会所（连锁）,滨湖区,滨湖世纪城,5.0,精油刮痧+拔罐1次,28,1169
舞指幻境足浴SPA会所,滨湖区,滨湖世纪城,5.0,单人男子经典SPA套餐,159,1132
滨湖中医推拿馆,滨湖区,滨湖世纪城,5.0,单人推拿+拔罐1次,63.88,744
尊悦养生spa休闲会所,滨湖区,滨湖区,5.0,单人尊悦经典SPA套餐,158,679
遇见,滨湖区,滨湖世纪城,5.0,单人遇见高端养生套餐,168,468
扬州足天城（滨湖店）,滨湖区,滨湖世纪城,5.0,扬州足疗套餐,99,456
舒美汗蒸健康养生馆,滨湖区,滨湖世纪城,5.0,单人刮痧+拔罐1次,29.9,366
颐和天下足浴养生会所,滨湖区,滨湖世纪城,5.0,单人港派指压+养生SPA+汗蒸1次,168,334
溢水阁养生公馆,滨湖区,滨湖世纪城,5.0,单人古典足道套餐{包括浴资},88,322
玛丽艳养生馆,滨湖区,滨湖世纪城,5.0,单人精油开背刮痧拔罐套餐,19.8,246
缤纷时代养生足道SPA会所,滨湖区,高速滨湖时代广场,5.0,单人经典SPA养生套餐,168,138
金足阁养生会所,滨湖区,滨湖世纪城,3.9,单人养生套餐,168,109
老张推拿,滨湖区,滨湖区,4.1,艾纤姿推拿养生,68,107
民医堂旭辉旗舰店（旭辉御府店）,滨湖区,高速滨湖时代广场,4.3,单人修脚护理套餐,29.9,103
民医堂滨湖旗舰店,滨湖区,滨湖世纪城,4.1,单人修脚护理套餐,29.9,103
藏象养生公馆,滨湖区,滨湖世纪城,4.3,单人艾灸扶阳罐养生套餐,68,98
佲颜养生会所,滨湖区,滨湖世纪城,4.1,单人养生套餐,148,88
康健盲人推拿,滨湖区,滨湖区,4.8,精油开背+全身推拿1次,59.9,74
水之道会所,滨湖区,滨湖世纪城,4.2,单人养生SPA套餐,128,57
义门推拿,滨湖区,滨湖区,4.4,义门陈局部推拿套餐,27.9,39
天邸云境养生会所,滨湖区,滨湖世纪城,4.2,单人经典养生套餐,138,30
良子足浴（高速时代广场店）,滨湖区,高速滨湖时代广场,4.4,经典良子足浴,88,30
艾美特美容美体养生馆,滨湖区,滨湖世纪城,3.7,艾美特spA养生馆,8,26
碧玺沙灸美容养生馆（徽杰苑店）,滨湖区,滨湖区,4.2,单人沙灸,38,16
金源养生堂,滨湖区,滨湖世纪城,4.7,单人养生足疗,68,10
徽昌推拿瑶浴养生馆,滨湖区,滨湖区,4.0,推拿套餐,45,8
医福康盲人推拿中心,滨湖区,滨湖区,4.7,单人熏蒸,48.5,0
恒颜美容养生馆,滨湖区,滨湖世纪城,3.0,恒颜美容养生馆保健B套餐,58,0
艾美养生SPA馆,滨湖区,滨湖世纪城,3.5,单人高级面部护理,19.9,0
良子足浴（桂花园店）,高新区,高新区,5.0,单人经典良子足浴套餐,98,4738
七星足疗养生会所,高新区,高新区,5.0,单人巴厘岛香薰套餐,128,3706
良子足浴（高新区店）,高新区,高新区,5.0,经典良子足浴,99,3462
足上煌养生会所,高新区,高新区,5.0,单人经典足疗,89,2301
星辰盲人推拿,高新区,高新区,5.0,单人推拿足浴二选一套餐,52,1762
良子足浴（蜀峰路店）,高新区,高新区,5.0,单人良子足浴+中式按摩套餐,138,1615
品尊养生会所,高新区,高新区,5.0,单人云手养生,138,1522
良子足浴（创新大道店）,高新区,高新区,5.0,单人经典足疗套餐,108,1472
淮扬足典（大铺头店）,高新区,高新区,5.0,单人古典足浴,68,1459
祥云足浴会所,高新区,高新区,5.0,单人中式足浴1次,78,819
一都休闲养生会所,高新区,高新区,5.0,单人养生spa套餐,138,433
纤指御宫休闲会所,高新区,高新区,5.0,单人纤指足浴1份,89,401
御皇减肥美容养生汗蒸脱毛会所（田埠东路店）,高新区,高新区,5.0,单人汗蒸养生套餐,25.8,390
疏经堂盲人推拿（大铺头店）,高新区,高新区,5.0,单人专业推拿套餐,58,214
天和养生spa会所,高新区,高新区,5.0,单人经典养生SPA体验1次,138,99
丁医生推拿,高新区,高新区,5.0,单人全身推拿（头、颈、肩、背、脖、四肢）,50,78
苏安推拿（二店）,高新区,高新区,4.5,单人推拿,53,81
柒唐足道,高新区,高新区,4.6,单人足疗+肩颈按摩+脚底拔罐,79,58
足言堂,高新区,高新区,4.1,单人中式泡脚,58,47
点明盲人推拿,高新区,高新区,5.0,单人推拿足疗二选一,48,34
摩艺传奇新概念足浴指压（巢湖店）,巢湖市,耳街,4.0,精品指压,118,6480
邦运盲人推拿,巢湖市,巢湖火车站,5.0,推拿+拔罐,48.6,1337
魔石汗蒸茶坊,巢湖市,第一人民医院,5.0,魔石汗蒸茶足疗套餐（单人）,38,84
水沐年华·汤泉宫,肥东县,肥东县,5.0,单人洗浴汗蒸+养生SPA+过夜费+自助餐,169,2
高升盲人推拿,庐江县,军二路,4.5,单人推拿,56,74
鑫梦足浴养生会所,庐江县,军二路,3.4,鑫梦养生1次,179,43
大彬盲人推拿,庐江县,庐江县,4.5,单人专业推拿,45,14
