﻿商家,区域,商圈,星级,服务,价格,销量
世龙世家灰指甲手足健康连锁（市北区鞍山路店）,市北区,万达CBD,3.5,泡脚足浴+修脚护理单人套餐,9.9,26971
朋朋修脚（人民路店）,市北区,小村庄,4.4,单人足部护理套餐,33.9,15634
朋朋修脚（镇江路店）,市北区,市北家乐福,4.7,单人足部护理套餐,33.9,15634
五行能量养生馆,市北区,台东步行街商圈,5.0,单人走罐+拔罐,15.9,1192
李丽盲人推拿（台东店）,市北区,台东步行街商圈,5.0,单人推拿套餐,48.9,962
周和通络骨伤康复中心,市北区,台东步行街商圈,4.8,单人 全身经络推拿+拔罐套餐,68,871
福得宫国际保健会馆,市北区,市北家乐福,4.9,单人洗浴+桑拿+搓背/采耳/足疗3选1,38,531
微足道轮子修脚杭州路店,市北区,海云庵,5.0,颈肩护理+足疗套餐,19,516
海福康真功夫足疗,市北区,台东步行街商圈,5.0,足疗修脚拔罐套餐／推拿拔罐套餐（2选1）,58.8,438
扬州御足坊,市北区,万达CBD,5.0,单人足疗+全身按摩套餐,158,407
海福康真功夫足疗（总店）,市北区,台东步行街商圈,5.0,单人推拿拔罐套餐/足疗修脚拔罐套餐（2选1）（60分钟）,55,384
家家富桥,市北区,南京路北段,5.0,单人刮痧/拔罐/采耳3选1,29.9,345
福康堂亚健康调理中心（劲松一路店）,市北区,浮山后,5.0,单人局部推拿/小儿推拿 三选一,48,311
桐楠阁足道,市北区,浮山后,5.0,单人足疗+颈肩背调理+背部拔罐/膝盖热疗2选1套餐,58,251
塘子推拿养生,市北区,台东步行街商圈,4.9,足疗,50,235
尚道中式养生会馆,市北区,台东步行街商圈,4.9,尚道单人刮痧拔罐套餐,29.9,227
岛城真功夫（家乐福店）,市北区,市北家乐福,5.0,单人推拿（50分钟）+背部拔罐,55,218
清川足道,市北区,浮山后,4.1,单人足疗+推拿套餐,69,181
千淳真功夫足道（乐陵路店）,市北区,科技街,5.0,单人足疗+推拿套餐（70分钟）,69,100
富荣真功夫足疗,市北区,海云庵,4.7,单人足疗+推拿+走罐拔罐刮痧闪罐4选1,69.9,98
岛城真功夫（哈尔滨路店）,市北区,新业广场,3.6,单人全身推拿（50分钟）+拔罐,55,89
康来舒保健按摩苑,市北区,浮山后,4.8,单人中式推拿调理套餐,48,89
黄大夫推拿所错埠岭店,市北区,新业广场,4.2,单人局部推拿拔罐,38,76
清籁 足疗·养身·spa,市北区,凯德广场,5.0,足部轻风,118,69
林子足疗,市北区,市北区,5.0,单人足疗+推拿,50,64
御足道足疗保健馆,市北区,海云庵,5.0,单人按摩+刮痧+拔罐,40,64
原宿·古法推拿馆,市北区,市北区,4.7,单人古法全身推拿,98,60
爱美阁半永久减肥工作室（万达店）,市北区,万达CBD,4.5,肩颈调理,29.8,52
恒佳上瑶池养生会所,市北区,市北家乐福,4.7,单人足疗+精油开背+刮痧/拔罐/采耳三选一,238,49
世纪康按摩院,市北区,台东步行街商圈,5.0,草本足疗,35,48
金铭轩大兴推拿养生工作室,市北区,海琴广场,5.0,单人拔罐/刮痧（2选1）,15,39
小飞盲人按摩,市北区,浮山后,4.5,单人局部推拿,45,36
荷悦艾灸,市北区,市北家乐福,4.0,单人艾灸调理套餐,69,35
大众专业修脚,市北区,台东步行街商圈,3.5,单人生姜热理超值套餐,34,26
清悦庭保健会所,市北区,台东步行街商圈,3.9,单人养生SPA,99,23
妙手李按摩馆,市北区,浮山后,4.0,单人成人推拿,55,19
朱氏推拿,市北区,小村庄,3.8,单人全身推拿,55,16
荣凯盲人推拿足疗（台东五路店）,市北区,台东步行街商圈,4.5,单人全身推拿30分钟,34,12
乐道水疗SPA养生保健会所,市北区,台东步行街商圈,4.5,单人深渡减压SPA,498,6
舒院美学推拿空间（浮山后社区店）,市北区,浮山后,5.0,单人中式全身推拿,98,5
及时雨推拿院（台东店）,市北区,台东步行街商圈,4.5,单人全身SPA,229,5
易骨堂（浮山后店）,市北区,浮山后,4.0,单人刮痧/拔罐二选一,9.9,1
源SPA水疗中心,市北区,万达CBD,3.0,单人夏威夷格调SPA套餐+万达艾美酒店经典大床房一晚,1580,0
通和推拿康复中心,市北区,海云庵,3.5,单人刮痧,28,0
易骨堂（长春路店）,市北区,市北区,3.5,单人运动功能训练,200,0
中蓉,市北区,市北区,3.5,代金券,100,0
世龙世家手足健康护理连锁（市南区香港中路店）,市南区,香港中路沿线,4.0,泡脚足浴+修脚护理单人套餐,9.9,26971
华夏良子（青岛云霄路店）,市南区,云霄路,5.0,代金券,75,11170
华夏良子（青岛银海店）,市南区,银海大世界,5.0,代金券,75,11170
华夏良子（青岛中联店）,市南区,中联广场,5.0,代金券,75,11170
良子健身（五四广场店）,市南区,万象城,4.7,单人足部保健套餐,148,8418
良子健身（福州路店）,市南区,大润发,4.3,单人足部保健套餐,148,8418
良子健身（闽江路店）,市南区,闽江路,4.4,单人足部保健套餐,148,8418
鼎康泰定制足道,市南区,香港中路沿线,5.0,单人阴阳足道+背部与后腿部按摩/古式踩跷2选1,188,6039
盈足堂保健会所福州路店,市南区,香港中路沿线,5.0,单人足疗套餐福州路店,86,3119
富侨足道（总店）,市南区,市南区,5.0,单人足疗+全身按摩套餐,118,1879
扬州足尚足艺,市南区,浮山所,5.0,单人经典足疗+背部套餐,69,1069
宅舍 | HOUSE 推拿院（闽江一路店）,市南区,闽江路,5.0,单人中式全身推拿,98,777
五指生（福州南路店）,市南区,香港中路沿线,5.0,单人足疗+局部推拿套餐,158,743
好兄弟足道（市南店）,市南区,香港中路沿线,5.0,单人传奇足道二（住宿＋简餐）,228,430
纳日足道（银川西路）,市南区,大润发,5.0,单人足疗套餐,49,418
青竹园养生足道,市南区,闽江路,5.0,单人中式全身推拿,62,358
鸥迪足道会馆（东海中路店）,市南区,市南区,5.0,鸥迪足道,89,291
盈润·SPA,市南区,万象城,5.0,单人润SPA,268,234
伦子足浴,市南区,火车站/团岛,5.0,足疗+肩颈按摩+里疗,38,231
尚道养生会馆,市南区,火车站/团岛,4.7,尚道单人刮痧拔罐套餐,29.9,227
益元堂经络抗衰养生会馆,市南区,闽江路,4.7,益元养生足疗按摩套餐,88,46
金贵推拿会馆,市南区,五四广场商圈,4.4,单人养生经典套餐,59,35
晓艾堂养生馆,市南区,麦凯乐,4.0,单人拔罐/刮痧2选1套餐,9.9,30
和养堂熏蒸调理中心（五四广场店）,市南区,五四广场商圈,5.0,单人熏蒸经络通调套餐,138,23
筋骨堂（江西路店）,市南区,市南区,4.3,单人中式推拿,60,23
天泽堂脚艺,市南区,香港中路沿线,4.7,单人精油足疗,68,21
信愿行自然养生堂,市南区,云霄路,3.5,单人拔罐,9.9,20
兰乔足疗保健会馆,市南区,香港中路沿线,3.5,单人兰乔养生套餐,268,19
御泉推拿（市南店）,市南区,镇宁桥,3.5,单人颈肩推拿套餐,30,19
北星脊柱梳理（青岛店）,市南区,镇宁桥,4.1,脊柱梳理单次体验（30分钟）,19.9,14
圣度私人定制推拿馆,市南区,闽江路,5.0,单人全身推拿,98,14
良医堂推拿养生,市南区,市南区,4.0,单人全身推拿套餐,65,8
益健康盲人按摩中心,市南区,浮山所,4.5,单人足疗/按摩+拔罐按摩,78,7
宏超古方推拿馆,市南区,万象城,4.5,单人推拿（头颈腰背肩）1次,98,7
瓮吸奇效活水减肥,市南区,镇宁桥,3.5,单人拔罐套餐,9.9,6
雅丽馨养生美容,市南区,镇宁桥,3.9,艾灸,9.9,6
婵韵绣尊尚会所,市南区,市南区,3.5,哈尼植物浴,19.9,5
碧海少女联盟spa,市南区,市南区,4.0,单人经典舒心spa,199,4
辉煌养生会所,市南区,远洋广场,5.0,单人足疗+肩颈按摩,78,3
康玉子足道（鑫达店）,市南区,火车站/团岛,4.6,单人养生足疗套餐（送采耳）,118,2
和记福康盲人按摩院,市南区,市南区,4.5,单人拔罐,19,2
香港中路社区推拿中心,市南区,浮山所,3.5,单人全身十四经络疏通,500,0
妙手坊盲人按摩中心,市南区,镇宁桥,3.5,单人拔罐,18,0
顺康盲人按摩,市南区,大润发,3.5,单人拔罐或走罐,14.5,0
海哥真功夫,市南区,市南区,3.5,单人休闲足疗,39,0
静逸堂功夫肩颈（和元康美乐客公寓店）,李沧区,维客广场,4.0,单人功夫肩颈一次,88,17002
唐朝足道（李村店）,李沧区,万达广场,5.0,单人太宗级足疗保健套餐,88,2785
清川足道（九水东路店）,李沧区,九水东路,5.0,单人精品足疗按摩,139,1521
紫荆花王健康管理（308国道店）,李沧区,万达广场,5.0,单人刮痧或拔罐2选1,9.9,1449
紫荆花王健康管理（精品店）,李沧区,维客广场,4.9,单人刮痧或拔罐2选1,9.9,1449
紫荆花王健康管理（红秀天香店）,李沧区,维客广场,5.0,单人刮痧或拔罐2选1,9.9,1449
紫荆花王健康管理（大崂路店）,李沧区,维客广场,5.0,单人刮痧或拔罐2选1,9.9,1449
紫荆花王健康管理（百通店）,李沧区,维客广场,5.0,单人刮痧或拔罐2选1,9.9,1449
紫荆花王健康管理（源头路店）,李沧区,维客广场,5.0,单人刮痧或拔罐2选1,9.9,1449
好手功夫足疗,李沧区,维客广场,5.0,单人足疗1次,28.8,1415
千金笑健康管理（三友店）,李沧区,维客广场,5.0,单人刮痧/拔罐2选1,9.9,1321
千金笑健康管理（奥克斯店）,李沧区,维客广场,5.0,单人刮痧/拔罐2选1,9.9,1321
千金笑健康管理（银座店）,李沧区,维客广场,5.0,单人刮痧/拔罐2选1,9.9,1321
眯眯眼健康管理（苏宁大厦店）,李沧区,维客广场,5.0,单人全息足道,9.9,746
眯眯眼健康管理（精品店）,李沧区,维客广场,4.9,单人全息足道,9.9,746
眯眯眼健康管理（福至心灵店）,李沧区,维客广场,4.0,单人全息颈疗,9.9,564
丽方盲人推拿按摩,李沧区,李沧商圈,5.0,单人推拿1小时,49.8,508
乖乖鸟健康管理（金岭路店）,李沧区,维客广场,5.0,单人全息足道,9.9,443
乖乖鸟健康管理（夏庄路店）,李沧区,李村公园商圈,5.0,单人全息足道,9.9,443
乖乖鸟健康管理（百通店）,李沧区,维客广场,5.0,单人全息足道,9.9,443
乖乖鸟健康管理（指点店）,李沧区,维客广场,5.0,单人全息足道,9.9,443
奕森足道,李沧区,李沧区,5.0,单人养生足疗1次,118,280
明尚御足,李沧区,万达广场,5.0,单人经典足疗,58,193
若安养生调理,李沧区,万年泉路,5.0,单人办公室精英升级调养,86,168
霜羽健康管理,李沧区,维客广场,5.0,单人刮痧/拔罐2选1,9.9,161
正能量足疗,李沧区,维客广场,4.7,单人足疗保健套餐,168,131
源顺康推拿按摩中心,李沧区,维客广场,5.0,单人全身推拿,54,103
伊上美发韩式会所,李沧区,维客广场,5.0,背部经络疏通+刮痧,28,83
中雪养生,李沧区,李沧区,5.0,中雪足浴,55,78
绿康园经络养生馆,李沧区,维客广场,4.6,单人足疗超值套餐,99.9,70
涵康推拿,李沧区,李沧区,4.5,单人拔罐,9.9,53
十指健康管理,李沧区,维客广场,4.6,单人刮痧/拔罐2选1,9.9,50
及时雨推拿院（夏庄路店）,李沧区,李沧区,5.0,单人全身spa,199,35
雅仕泰足浴,李沧区,维客广场,4.4,单人港式按摩,59,31
董氏推拿,李沧区,李沧商圈,4.1,颈部推拿,30,30
天然靓姿美容美体会所,李沧区,李沧区,3.6,天然靓姿古法足道单人套餐,58,28
泰和足疗,李沧区,万达广场,3.0,单人养生SPA,99,23
昭旭推拿,李沧区,维客广场,4.0,单人小儿推拿,40,21
帝尊良子足道,李沧区,李沧区,4.7,良子足道（90分钟）,168,21
花之语足浴,李沧区,维客广场,4.8,单人花之语尊贵套餐,119,16
永乐功夫足疗,李沧区,李沧区,4.4,单人足疗+肩疗+中式泡脚,25,15
颐健堂小儿推拿（宝龙店）,李沧区,李沧宝龙,4.0,单人单次艾灸,100,14
肤泉佳美理疗养生馆,李沧区,维客广场,4.1,单人中式推拿,19.9,13
靳公子专业修脚,李沧区,万年泉路,4.4,单人中式足疗,35,13
君悦足疗,李沧区,维客广场,3.0,单人全身按摩,50,5
唯吾知足真功夫足疗店,李沧区,君峰路沿线,4.5,单人拔罐,18,4
和医堂养生（李沧店）,李沧区,李沧商圈,4.0,单人拔罐,15,3
金水缘足道,李沧区,李沧区,3.5,单人草本足浴,48,3
华夏良子（青岛蓝海店）,崂山区,丽达购物广场,5.0,代金券,75,11170
良子健身（香港东路店）,崂山区,崂山区,4.6,单人足部保健套餐,148,8418
富桥足道（渝富桥休闲会馆）,崂山区,丽达购物广场,5.0,单人专业足道套餐90分钟,118,2988
紫荆花王健康管理（郑张店）,崂山区,崂山区,5.0,单人刮痧或拔罐2选1,9.9,1449
紫荆花王健康管理（张村店）,崂山区,崂山区,5.0,单人刮痧或拔罐2选1,9.9,1449
清源足道,崂山区,国信体育中心,5.0,单人足疗按摩套餐,159,808
菩海按摩康复中心,崂山区,香港东路沿线,5.0,推拿套餐,49,501
艾生活养生馆,崂山区,大拇指广场,5.0,单人颈肩调理1次,58.8,454
上河真功夫（麦岛路店）,崂山区,麦岛,5.0,单人养生保健套餐,78,420
尚缘轩美容养生苑,崂山区,大拇指广场,5.0,单人推拿拔罐套餐,59.8,334
三把刀修脚,崂山区,石老人海水浴场商圈,4.9,单人修脚,45,221
峰涛大自然养生足道,崂山区,丽达购物广场,5.0,单人足道养生,129,114
意康中医推拿艾灸,崂山区,丽达购物广场,4.1,单人推拿/艾灸/足疗三选一,60,71
文晓推拿,崂山区,崂山区,4.3,单人经筋颈肩调理,38,70
足春堂,崂山区,崂山区,4.7,白天特惠：单人超值体验足疗（11：30-18：00）,59,59
松伯按摩养生馆,崂山区,国信体育中心,5.0,单人足疗（限时特惠）,89,47
子午门推拿,崂山区,崂山区,5.0,单人足疗+推拿+拔罐/刮痧二选一,120,47
康美新美容养生会所,崂山区,崂山区,4.1,艾灸养生套餐,18,44
康美新美容养生会所,崂山区,大拇指广场,3.5,艾灸养生套餐,18,44
御泉推拿（崂山店）,崂山区,青岛大学麦岛,4.0,单人颈肩推拿套餐,30,19
华夏良子（傲海星城店）,黄岛区,家佳源佳世客,5.0,代金券,75,11170
华夏良子（黄岛桂冠店）,黄岛区,长江路沿线,5.0,代金券,75,11170
华夏良子（胶南人民路店）,黄岛区,人民路,5.0,代金券,75,11170
华夏良子（胶南琅琊台店）,黄岛区,珠海路,5.0,代金券,75,11170
良子健身（黄岛分店）,黄岛区,官厅,5.0,单人足部保健,108,3622
良子健身（珠海路店）（良子健身）,黄岛区,珠海路,4.7,养生保健套餐,108,1730
良子健身（珠海东路店）,黄岛区,珠海路,4.5,养生保健套餐,108,1730
衡健轩养调（胶南一店）,黄岛区,珠海路,5.0,局部推拿+刮痧拔罐（2选1）,48,1711
衡健轩养调（旗舰店）,黄岛区,宏程新天地,5.0,局部推拿+刮痧拔罐（2选1）,48,1711
意境推拿养生,黄岛区,家佳源佳世客,5.0,刮痧➕火罐,19.8,1371
家富富侨足疗,黄岛区,家佳源佳世客,5.0,单人高级浴足,138,914
手尚功夫足浴店,黄岛区,马濠公园,5.0,单人特价足疗,33,794
足间道浴足,黄岛区,人民路,5.0,单人颈锥平衡套餐,172,791
五行中式推拿馆,黄岛区,马濠公园,4.8,单人拔罐,19.9,472
洛阳孚若堂盲人推拿,黄岛区,钱塘江路,5.0,单人推拿套餐,59,469
男士SPA健康养生会馆,黄岛区,上流汇,5.0,单人全身SPA经络,298,310
文君按摩所,黄岛区,黄岛,5.0,单人刮痧/拔罐二选一,15.8,265
文君按摩旗舰店,黄岛区,黄岛,3.9,单人刮痧/拔罐二选一,15.8,265
文君尚古理疗中心（千智广场店）,黄岛区,马濠公园,5.0,单人拔罐1次,15.9,236
文君尚古推拿院（利群店）,黄岛区,香江路,5.0,单人拔罐1次,15.9,236
金色港湾养生会所,黄岛区,黄岛,5.0,单人中式足疗,49,145
砭石养生堂,黄岛区,马濠公园,5.0,单人专业足疗,37,135
康宁推拿养生中心,黄岛区,胶南,5.0,单人背部拔罐,9.9,129
心悦足浴店,黄岛区,官厅,5.0,单人经典足疗,48,110
避风港足道,黄岛区,黄岛,4.9,单人经典足道套餐,99,104
富豪足浴养生会所,黄岛区,上流汇,3.9,香薰浴足套餐,98,99
艾美酒店足疗Spa,黄岛区,黄岛,4.8,单人养生足疗1次,118,89
伊莎韩美养生馆,黄岛区,官厅,5.0,单人拔罐,8.8,74
脊柱梳理健康会馆（家佳源店）,黄岛区,家佳源佳世客,4.1,脊柱梳理,68,71
脊柱梳理,黄岛区,黄岛,4.5,脊柱梳理,68,71
泰和堂中式推拿养生馆,黄岛区,家佳源佳世客,4.5,单人经络刮痧+拔罐,35,66
华康推拿（庐山路店）,黄岛区,庐山路,4.5,单人全身推拿+刮痧,107,54
华康推拿（紫金山路店）,黄岛区,紫金山路,3.9,单人全身推拿+刮痧,107,54
悦spa健康养生会馆,黄岛区,香江路,4.7,尊贵SPA套餐,598,50
港湾养生会所,黄岛区,长江路沿线,4.4,单人修脚,15,43
清爽纳米汗蒸养生会所,黄岛区,保税区,5.0,单人拔罐/刮痧二选一,22.9,40
仁康堂小儿推拿,黄岛区,黄岛,4.9,单人拔罐/刮痧二选一,9.9,37
男士SPA健康养生会馆（武当山路店）,黄岛区,黄岛,4.7,单人全身SPA经络疏通（送足疗）,328,32
道和汗蒸养生馆,黄岛区,紫金山路,4.1,单人韩式汗蒸+中式拔罐,19.8,31
力道中式推拿养生馆,黄岛区,胶南,5.0,优惠推拿,38.9,29
雅倩美容美体养生馆,黄岛区,长江路沿线,4.3,单人背部淋巴疏通,28.8,26
舒康足道馆,黄岛区,宏程新天地,4.6,单人刮痧、拔罐二选一,19.8,24
茶马足道,黄岛区,海王路,4.0,单人养生保健套餐二,178,22
赢源康盲人按摩,黄岛区,紫金山路,4.7,单人局部推拿,37,22
海源旺足浴,黄岛区,马濠公园,4.3,单人足疗保健套餐,78,20
康缘一生保健中心,黄岛区,长江路沿线,5.0,单人刮痧/拔罐二选一,15,18
敬珉推拿,黄岛区,石油大学,5.0,单人局部推拿+拔罐套餐,79,15
聚能堂人体4S店,黄岛区,家佳源佳世客,4.8,单人颈椎+肩周调理套餐,49.9,9
赛文健康生活馆,黄岛区,黄岛,3.5,单人面部护理套餐,38.8,8
芊秀社区生活馆,黄岛区,铁山路,4.7,养发套餐29.9,68,7
富足人生,黄岛区,胶南,4.6,单人中式养生足道,68,8
方圆推拿,黄岛区,长江路沿线,4.0,单人足疗1次/约50分钟,70,2
古月小儿推拿,黄岛区,珠海路,3.5,单次小儿风寒风热推拿调理套餐,54,2
桂菊足疗保健,黄岛区,黄岛,3.0,单人西式足疗,110,0
爱灸堂,黄岛区,庐山路,4.0,单人颈肩腰背调理灸/脾胃调理灸二选一,98,0
手善堂盲人推拿,城阳区,青特上豪/家佳源,4.7,单人推拿加拔罐套餐,60,17
卓蕙养生会所（江城路店）,城阳区,宝龙城市广场,3.8,面部玫瑰spa一次,9.9,6
孙雨汐美容养生会所,城阳区,城阳,4.0,美容养生套餐,68,6
慧娜养生馆,城阳区,青特上豪/家佳源,3.5,慧恩臧药泡脚,25.9,0
华夏良子（即墨文化路店）,即墨市,文化路,5.0,代金券,75,11170
华夏良子（即墨鹤山路店）,即墨市,正发利群,5.0,代金券,75,11170
仁德聖汇足道,即墨市,宝龙城市广场,5.0,单人仁德圣汇足道精油足疗1次,118,5012
好兄弟足道（嵩山二路店）,即墨市,即墨,5.0,单人传奇足道,148,3023
良子健身（即墨店）,即墨市,环秀街道,5.0,单人足部保健1次,105,1726
良子健身（鹤山路店）,即墨市,即墨,5.0,单人足部保健套餐,139,965
茗润堂盲人按摩,即墨市,开发区,5.0,单人全身按摩/足疗2选1,58,537
品足论道健康会所,即墨市,即墨,5.0,单人足浴套餐（送足底走罐）,68,372
王世修脚堂,即墨市,文化路,4.3,修脚+泡脚+足疗,30,286
邦道足疗,即墨市,即墨,4.5,单人经典足疗,59,271
百松盲人按摩院,即墨市,开发区,5.0,推拿60分钟,59.9,268
重庆富侨（即墨店）,即墨市,即墨,4.4,单人养生足疗套餐,88,148
鸿祥盲人按摩中心,即墨市,即墨,5.0,推拿+拔罐套餐,80,143
中港足道养生中心,即墨市,即墨,5.0,单人民间足疗,88,132
利华化妆品,即墨市,宝龙城市广场,5.0,单人刮痧（精油）,29.9,96
恒悦堂推拿,即墨市,环秀街道,5.0,单人局部推拿/小儿推拿2选1,35,93
舒心足疗,即墨市,即墨,4.7,精品拔罐,16,56
足康堂,即墨市,即墨,4.2,单人足疗套餐,50,26
金港足道,即墨市,即墨,4.6,单人精品足浴,68,11
华夏良子（青岛平度青岛路店）,平度市,维客/百货商圈,5.0,代金券,75,11170
良子健身（常州路店）,平度市,平度,5.0,单人足疗,90,3418
兰亭会足道养生会馆,平度市,维客/百货商圈,5.0,单人芳香足疗一次80分钟,90,1844
山里娃养生足道（常州路一店）,平度市,维客/百货商圈,5.0,单人足疗按摩,118,378
山里娃养生足道（青岛路圆中方二店）,平度市,维客/百货商圈,5.0,单人足疗按摩,118,378
中医理疗,平度市,维客/百货商圈,5.0,单人拔罐,28,372
于氏祖传中医推拿,平度市,利群/尚街,4.5,单人养生拔罐,9.9,137
永康推拿中心,平度市,维客/百货商圈,4.3,单人经络调治7选1,15,68
