﻿商家,区域,商圈,星级,服务,价格,销量
姗娜娜足浴（文一西路店）,西湖区,文一路沿线,5.0,单人经典足浴套餐（赠送汗蒸+洗浴）,79.9,27741
静逸堂功夫肩颈（灯彩街店）,西湖区,三墩镇,4.6,单人功夫肩颈一次,88,17002
儒之堂足道理疗会所（转塘店）,西湖区,美院象山,5.0,单人足浴套餐,145,16285
旭康盲人推拿按摩（竞舟路店）,西湖区,文三路沿线,5.0,单人推拿按摩 足疗保健二选一 手法专业、尊贵享受,73.9,12648
良子足浴（百合花店）,西湖区,西湖区,4.9,单人精油足底按摩套餐,98,9712
良子足浴（文华店）,西湖区,文二路沿线,5.0,单人精油足底按摩套餐,98,9712
海纳百川-知足中医养生馆,西湖区,教工路/学院路,5.0,知足养生足疗单人套餐,128,9663
太乙盲人推拿按摩（蒋村花园店）,西湖区,文二路沿线,5.0,单人全身专业经络保健推拿,69.8,9121
太乙盲人推拿按摩（西溪花园店）,西湖区,文二路沿线,5.0,单人全身专业经络保健推拿,69.8,9121
太乙盲人推拿按摩（西溪华府店）,西湖区,文一路沿线,5.0,单人全身专业经络保健推拿,69.8,9121
太乙盲人推拿按摩（星洲花园店）,西湖区,古墩路沿线,5.0,单人全身专业经络保健推拿,69.8,9121
御轩堂足道休闲会所,西湖区,教工路/学院路,5.0,单人御轩足疗,128,8008
大足神农（求是店）,西湖区,西湖北线/黄龙,5.0,单人神农专业足道（80分钟）,139,7468
大足神农（恒励店）,西湖区,西湖北线/黄龙,5.0,单人神农专业足道（80分钟）,139,7468
贵足世家足道养生专家（文三店）,西湖区,文三路沿线,5.0,“四维”足疗单人套餐,139,6768
足本纪（杭州旗舰店）,西湖区,文三路沿线,5.0,单人养生一式体验套餐,149,6665
芬芳四季养生会所（教工店）,西湖区,教工路/学院路,5.0,原生态足浴单人套餐,108,6458
丽晶足浴（文一西路店）,西湖区,文一路沿线,5.0,单人足浴3选1＋足底走罐,69,5870
丽晶足道（西溪分店）,西湖区,龙井,4.7,单人足浴3选1＋足底走罐,69,5870
姚氏按摩（文二西路店）,西湖区,文二路沿线,3.9,单人专业脊柱调理套餐,60,5403
超逸足吧,西湖区,古墩路沿线,5.0,超逸单人养生足疗,99,1081
崇本堂（三墩店）,西湖区,西湖区,4.5,单人颈肩腰腿推拿套餐,88,1062
立松盲人推拿（保俶店）,西湖区,西湖北线/黄龙,5.0,单人盲人推拿+拔罐+温灸套餐,105,982
沐忆养生SPA（Moe SPA）,西湖区,文三路沿线,4.2,单人沐●SPA一次,269,915
足居堂足道馆,西湖区,文一路沿线,5.0,单人足居堂足疗套餐,78,777
俞帝足浴馆,西湖区,文三路沿线,5.0,单人原生态足疗,98,761
泰国Health Land SPA·海诗兰,西湖区,文二路沿线,5.0,单人泰式芳香精油SPA护理90分钟,298,665
脊立健康（西溪诚品店）,西湖区,文一路沿线,5.0,单人肩颈疏通调理,99,610
脊立健康（高技街店）,西湖区,文一路沿线,5.0,单人肩颈疏通调理,99,610
和源汇假日养生（西溪天堂店）,西湖区,西溪,5.0,和源汇经络养足单人套餐,198,529
方易足浴棋牌（西溪店）,西湖区,文一路沿线,5.0,方易经典足浴,138,531
源木堂足道馆,西湖区,西湖区,5.0,单人鲜榨老姜套餐,138,471
西湖壹鼎国际SPA会所（益乐店）,西湖区,文二路沿线,5.0,单人精油SPA套餐,228,437
一指禅盲人推拿按摩（城西银泰店）,西湖区,古墩路沿线,5.0,单人草本泡脚1次,86,389
沁尚SPA养身会所,西湖区,古墩路沿线,5.0,单人凌丽养生套餐1次,368,392
水淄缘养生会所,西湖区,美院象山,5.0,尊享豪华SPA套餐,428,326
上古天真堂经络推拿,西湖区,西湖区,5.0,古法肩颈腰背经络推拿,88,322
善水之语●健康生活馆,西湖区,文三路沿线,5.0,单人经络按摩+头部疏经套餐,109,325
和轩沐之馆,西湖区,小和山,5.0,单人原生态沐足一次（80分钟）,118,318
天滋兰养生spa,西湖区,文一路沿线,5.0,单人尊享养生spa,358,318
良子足浴（浙江宾馆店）,西湖区,杨公堤,4.4,单人足部精油护理套餐,98,307
花港海航酒店足浴,西湖区,杨公堤,3.9,单人足部精油护理套餐,98,307
六通宾馆足浴馆,西湖区,杨公堤,3.5,单人足部精油护理套餐,98,307
良子足浴（教工路店）,西湖区,西湖北线/黄龙,3.8,单人足疗套餐,88,306
天音阁足浴,西湖区,文一路沿线,5.0,单人养生SPA,348,300
豪园唐轩（黄龙店）,西湖区,西湖北线/黄龙,5.0,单人香薰足疗套餐,168,288
御鼎轩足浴SPA养生,西湖区,文二路沿线,5.0,单人芳香SPA,368,268
曼林养生会所,西湖区,古墩路沿线,5.0,单人精致SPA套餐,368,256
千兰足浴,西湖区,古墩路沿线,5.0,养生套餐,358,235
轩逸养生馆,西湖区,古墩路沿线,4.4,单人舒缓精油SPA套餐,198,226
身心源盲人推拿（天目山路丽晶店）,西湖区,西湖北线/黄龙,4.6,单人中式推拿（全身推拿）1份,70,226
康贵足咖（三墩店）,西湖区,三墩镇,4.9,单人专业足道套餐,108,216
豪园唐轩（益乐店）,西湖区,文二路沿线,4.8,单人唐轩四玄足浴,145,210
灸久堂艾灸养生馆（文二西路店）,西湖区,古墩路沿线,4.5,单人益气安神灸(100分钟),288,198
从正堂健康理疗连锁,西湖区,三墩镇,5.0,单人中式推拿＋热敷1次,70,194
从正堂健康理疗连锁（城西银泰曹氏推经堂）,西湖区,古墩路沿线,4.7,单人中式推拿＋热敷1次,70,194
上岛养生SPA会所（长阳路店）,西湖区,古墩路沿线,5.0,单人精品SPA套餐,368,191
御轩足浴,西湖区,三墩镇,5.0,单人养生SPA,348,177
梦梵spa养生会所,西湖区,转塘,5.0,单人经典养生SPA,338,162
万康丰泽健康调理中心,西湖区,西溪,5.0,肌肉推拿 {肌康},81,159
水艺足道,西湖区,西湖北线/黄龙,5.0,单人精油开背套餐,188,19
自然源spa养生会所,西湖区,三墩镇,4.7,单人颜如玉SPA,358,17
西子人间养生会所,西湖区,文一路沿线,4.2,单人SPA养生套餐,238,16
郑远元专业修脚店（文三西路店）,西湖区,文三路沿线,4.3,代金券,40,16
三千佳丽美容养生会所（学院店）,西湖区,文二路沿线,4.1,淋巴 健胸 髋部三选一,58,10
海涛足浴推拿中心（求是路店）,西湖区,西湖北线/黄龙,3.5,单人推拿一次,90,10
常易健康咨询服务部,西湖区,文二路沿线,4.5,套餐2,58,8
豪园唐轩（西湖店）,西湖区,西湖区,4.4,单人香熏足疗,168,7
国术盲人推拿按摩店（莲花街店）,西湖区,古墩路沿线,4.5,推拿半小时+拔罐,54.9,9
舒荷造型半永久（文一西路店）,西湖区,文一路沿线,5.0,单人普通艾灸体验套餐,19.9,5
香格里拉豪SPA会所,西湖区,杨公堤,3.5,双人巴厘岛SPA豪享护理套餐,980,2
漣Spa足疗按摩,西湖区,西湖区,3.5,沁雅芳香按摩,398,1
茉思莉安中医美容养生馆,西湖区,古墩路沿线,5.0,面部经络美容护理套餐,158,1
善脊堂健康养生馆,西湖区,文一路沿线,4.0,30分钟高效部位推拿,70,0
雷世修脚,西湖区,西湖北线/黄龙,3.0,单人足浴,65,0
四圣养生馆,西湖区,小和山,3.5,单人中式推拿1次,59.9,2
传承盲人推拿馆（锦昌文化苑店）,拱墅区,丝联166创意园,4.9,单人全身推拿一次（60分钟）,70,130
行易堂（莫干山路店）,拱墅区,莫干山路,5.0,单人标准养生足浴,139,113
星沐SPA养生会所,拱墅区,德胜路沿线,4.8,单人星沐养生套餐,350,107
爱尚spa养生会所（半山店）,拱墅区,半山,5.0,单人经典怀旧养生SPA套餐,330,103
指云轩足道馆,拱墅区,运河广场,4.7,指云轩原生态足浴,108,102
浙湘缘养生会所,拱墅区,莫干山路,4.8,单人芳香养生套餐,388,102
星约养生会所,拱墅区,运河广场,5.0,单人经典怀旧养生SPA,350,102
禅韵足道推拿,拱墅区,城西银泰城,5.0,盲人推拿套餐60分钟,65,96
香香推拿馆（亲亲家园店）,拱墅区,拱墅区,4.8,单人中式推拿,68,92
斯尼养生spa,拱墅区,大关,5.0,单人经典怀旧养生SPA套餐,308,88
杭州景济堂中医门诊部,拱墅区,大关,4.5,单人推拿 4次+ 拔罐4次/艾灸4次,180,82
纤梦足浴,拱墅区,城西银泰城,5.0,单人芳香SPA,368,73
姗娜娜足浴店（德胜店）,拱墅区,德胜路沿线,5.0,单人经典SPA,288,72
乐也脊背养生馆,拱墅区,拱墅区,5.0,单人—养脊松背—推拿养护（60分钟）,138,67
荟正堂排湿艾灸馆,拱墅区,拱墅区,5.0,单人体验排湿护理,98,62
田园足浴馆,拱墅区,半山,3.5,单人田园足浴,75,60
尚益中医养生,拱墅区,城西银泰城,5.0,刮痧 拔罐,32,59
博京国际酒店龙辉足浴SPA养生馆,拱墅区,莫干山路,4.6,单人尊享SPA养生,358,53
宁静盲人推拿馆,拱墅区,拱墅区,5.0,单人保健推拿一次,68,52
菩兰蒂手工减肥纤体养生（赵伍路店）,拱墅区,莫干山路,4.1,单人瘦身套餐,168,1
海外海足浴SPA养生会所,拱墅区,大关,4.8,单人全身护理,299,0
即舒堂（运河广场店）,拱墅区,运河广场,3.5,背部经络放松调理,88,0
永楠足浴,萧山区,萧山经济开发区,4.3,单人养生套餐,178,250
元画阁足道（萧山店）,萧山区,萧山经济开发区,5.0,单人元画SPA,238,237
健康推拿,萧山区,义蓬,4.7,单次推拿70分钟,63,219
鑫源推拿,萧山区,城厢,5.0,单人推拿+拔罐约60分钟,59.8,205
何方针灸推拿足道,萧山区,城厢,3.8,清水足疗,55,157
康健推拿,萧山区,临浦,5.0,单人推拿一次,64,146
祝康盲人推拿,萧山区,城厢,5.0,单人推拿一次,65,121
坤高足浴,萧山区,萧山区,5.0,单人经典艾草足浴,98,121
好手易养生馆,萧山区,旺角城/银隆百货,5.0,单人单次推拿（约60分钟）,58,115
点赞足道养生会所,萧山区,城厢,4.8,单人足浴套餐,110,110
颐安洛阳推拿,萧山区,瓜沥镇,5.0,单人经络推拿,55,108
康隆足浴推拿,萧山区,市心南路,5.0,特惠迎宾·康隆推拿,55,88
伊缘美专业瘦身汗蒸会所,萧山区,萧山经济开发区,5.0,单人刷瘦塑形,39,70
明怡足道,萧山区,萧山区,4.6,单人精品SPA,228,65
郁香阁足浴,萧山区,闻堰,4.7,单人养生套餐,368,59
豫康专业推拿,萧山区,义蓬,4.6,单人专业推拿一次,65,56
郑远元专业修脚房（都市广厦店）,萧山区,加州阳光,4.5,单人足浴二选一,35,56
沙拉足浴（瓜沥店）,萧山区,瓜沥镇,3.5,单人足疗,88,52
方师傅周天推拿,萧山区,萧山区,5.0,单人传统中式推拿（60分钟）,68,26
逸居足道·spa,萧山区,萧山区,4.5,单人足道,78,22
小范推拿（国颖店）,萧山区,城厢,4.9,单人推拿,55,21
初见私人订制会所,萧山区,城厢,4.0,单人肩颈养护赠送全年1100话费,198,20
家家健康中医馆（闻堰店）,萧山区,闻堰,3.5,单人颈肩推拿套餐,78,16
帝元艾灸馆,萧山区,旺角城/银隆百货,5.0,单人局灸套餐（60分钟）,128,17
恒远专业推拿,萧山区,城厢,4.9,单人推拿+拔罐,78,15
指韵足浴,萧山区,加州阳光,4.2,单人君尚养生套餐,298,15
鑫原推拿,萧山区,城厢,4.6,单人推拿+拔罐,60,12
家家健康中医养生馆（萧山店）,萧山区,萧山区,4.0,单人肩颈专项调理,118,11
河庄军蚁纳米汗蒸会所,萧山区,南阳河庄,4.5,单人汗蒸+精油开穴,100,8
落足点足浴,萧山区,闻堰,3.7,单人精油开背,98,7
大元昊推拿修脚馆,萧山区,城厢,3.5,单人拔罐1次,20,5
金伟中医推拿理疗养生馆,萧山区,瓜沥镇,3.5,单人中式推拿,55,3
阿强推拿,萧山区,加州阳光,4.0,单人艾灸+疏通经络套餐,145,2
古道推拿按摩,萧山区,市心南路,3.0,单人中式推拿1份,128,1
水知情足浴（下沙店）,江干区,下沙,5.0,水系养生足浴,109,3073
星琪足道,江干区,丁桥,5.0,单人经典足浴,98,3052
方兴足浴,江干区,下沙,4.0,单人养生足疗3选1,88,2974
老叶盲人推拿,江干区,新塘路/秋涛路沿线,5.0,单人推拿1次,73.8,2955
老叶盲人推拿,江干区,钱江新城,4.4,单人推拿1次,73.8,2955
亚欧足浴会所,江干区,江干区,4.7,单人中式草本足浴,79,2864
天市茗商务大酒店（足浴部）,江干区,笕桥,5.0,单人草本足浴,55,2745
古越堂足道（下沙店）,江干区,下沙,5.0,单人四星足疗1次,179,2747
绿疗盲人推拿（高沙路店）,江干区,下沙,4.6,单人盲人推拿1次,60,1842
绿疗盲人推拿（大都文苑店）,江干区,下沙,5.0,单人盲人推拿1次,60,1842
绿疗盲人推拿（和达城店）,江干区,下沙,5.0,单人盲人推拿1次,60,1842
和顺堂足浴（艮秋店）,江干区,新塘路/秋涛路沿线,5.0,单人经典足浴套餐,88,1801
东宁会养生spa,江干区,火车东站,5.0,单人经典情怀养生SPA 套餐1次,380,1767
世隐▪足道SPA（钱江新城店）,江干区,钱江新城,5.0,单人芳香精油Spa+泡澡+汗蒸+点心水果,298,1752
康侨足浴养生会所,江干区,九堡,5.0,单人全真养生足疗,98,1749
11号房间伊莱文足体养生馆（东站店）,江干区,火车东站,5.0,单人一见钟情足浴套餐,99,1703
儒之堂足道理疗会所（华丰店）,江干区,丁桥,5.0,单人儒风套餐（100分钟）,255,1620
唐人足迹.足道.精油SPA.理疗,江干区,新塘路/秋涛路沿线,5.0,清风送月套餐,119,1541
源客轩足道,江干区,丁桥,3.6,嘉怡足道草本足浴套餐,68,1526
嘉怡足道,江干区,江干区,3.7,嘉怡足道草本足浴套餐,68,1526
温雅足浴,江干区,江干区,4.5,单人经典养生,338,19
太阳神盲人推拿,江干区,九堡,4.6,单人盲人精油开背+刮痧套餐,120,19
心意足浴spa养生会所,江干区,九堡,4.8,单人情怀经典套餐1次,158,18
姗娜娜足浴（五星路店）,江干区,钱江新城,4.0,单人玄武精灵SPA,538,18
娇鼎SPA养生会所,江干区,新塘路/秋涛路沿线,5.0,单人养生套餐,198,17
中医养生会馆（观澜时代店）,江干区,下沙,5.0,颈椎/肩周调理二选一,98,17
郑氏专业修脚,江干区,火车东站,3.5,代金券,40,16
名医名方中医经络养生馆,江干区,下沙,4.8,颈椎/肩周调理,98,17
浪漫情怀spa会所,江干区,钱江新城,4.6,单人浪漫养生SPA套餐,398,14
哈尼足浴养生会所,江干区,笕桥,4.3,哈尼SPA单人套餐,168,11
金鼎足浴spa养生,江干区,江干区,4.0,单人纯植物精油开背套餐,328,4
天禾养生会所,江干区,四季青,5.0,豪华足浴套餐（120分钟）,189,0
江南玉璞（滨江星耀城店）,滨江区,滨江区,5.0,单人璞人精油护理+洗浴+自助简餐,289,10528
碧塔海养生会馆（滨江店）,滨江区,滨江区,5.0,单人养生足道/中式推拿2选1（晚上不加价）,108,9808
月明盲人推拿（齐飞路店）,滨江区,开发区/高教园,4.7,单人全身推拿1次／足疗二选一,75,8477
月明盲人推拿（月明路店）,滨江区,星光大道,5.0,单人全身推拿1次／足疗二选一,75,8477
古越堂足道（滨江店）,滨江区,星光大道,5.0,单人三星足疗套餐,159,6379
姚氏按摩（江滨花园店）,滨江区,彩虹城,5.0,单人专业脊柱调理套餐,60,5403
姚氏按摩（彩虹城店）,滨江区,彩虹城,5.0,单人专业脊柱调理套餐,60,5403
元泉盲人推拿（彩虹店）,滨江区,滨江区,5.0,经穴推拿/足疗单人套餐二选一,70,4920
手功夫（月明中医馆）,滨江区,滨江区,3.0,中式经络全身推拿单人2选1套餐,98,3476
手功夫（中赢国际馆）,滨江区,滨江区,5.0,中式经络全身推拿单人2选1套餐,98,3476
手功夫（潮人汇馆）,滨江区,彩虹城,4.2,中式经络全身推拿单人2选1套餐,98,3476
蓝瑟足道会所,滨江区,物美/盒座社,5.0,单人蓝瑟主推足浴套餐,188,3362
乾桥足道,滨江区,滨江区,5.0,单人至极足浴套餐,159,3253
元画阁足道（浦沿店）,滨江区,开发区/高教园,5.0,单人元画养生足道套餐,98,1937
蓝湾足浴馆,滨江区,星光大道,5.0,单人养生套餐,268,1784
辉煌足浴馆,滨江区,彩虹城,5.0,单人养生套餐,268,1707
铂悦轩养生馆,滨江区,星光大道,5.0,单人铂悦养生套餐,218,1685
君霆足疗养生会所,滨江区,彩虹城,5.0,单人养生套餐,268,1505
沐钰SPA养生会所,滨江区,开发区/高教园,5.0,单人沐钰精油SPA,198,1514
白马湖建国饭店SPA养生会所,滨江区,开发区/高教园,5.0,汉方足浴单人套餐,98,1305
春天里养生会所,滨江区,滨江区,3.5,单人养生套餐,258,5
永源盲人推拿（中兴花园店）,滨江区,星光大道,4.4,单人推拿套餐,75,3
奕凯休闲足浴会所,滨江区,物美/盒座社,3.5,单人中式推拿,78,0
杭州滨江春慧足浴店,滨江区,开发区/高教园,3.5,单人足浴＋拔罐＋刮痧,158,0
慧盛足道会馆,滨江区,彩虹城,3.6,单人精油SPA,208,0
玉指堂盲人推拿,余杭区,临平,5.0,单人全身经络推拿,65,951
行易堂中医馆（临平店）,余杭区,临平,5.0,单人推拿+拔罐+经络调理套餐,49,921
豪园足王（行宫塘店）,余杭区,良渚,5.0,单人四玄足疗套餐,90,902
朝花夕拾足浴会所,余杭区,临平,5.0,单人时尚版80分钟足浴,89,884
金永印象足浴,余杭区,老余杭,5.0,单人印象贵足（时尚区）,113,838
瑶池足道CEO会所,余杭区,临平,5.0,单人三星足疗套餐,138,739
汉道足浴会所,余杭区,临平,5.0,单人古典泰式推拿,128,725
金永印象足浴（临平店）,余杭区,临平,5.0,单人印象足浴（时尚区）,119,729
郁金香足浴中心,余杭区,崇贤,5.0,单人雅典足浴1次,108,665
正康盲人推拿,余杭区,良渚,5.0,单人推拿足浴二选一,68,615
爱情海SPA养生馆,余杭区,临平,5.0,单人养生SPA,168,597
儒易轩足道,余杭区,五常,5.0,单人精品足道,108,535
聚中堂中医养生馆（原亲爱的头儿）,余杭区,临平,5.0,单人颈椎肩周不适调理,128,481
沈园堂（南大街店）,余杭区,临平,5.0,单人沈园一式足疗套餐（下午场）,99,426
好轻松盲人推拿,余杭区,乔司,5.0,单人推拿,53,418
林云汇足浴养生spa,余杭区,良渚,5.0,超值单人经典怀旧spa套餐,369,416
瑶池足浴,余杭区,临平,5.0,单人特惠足疗套餐（晚上场）,110,400
道承养生（闲林店）,余杭区,闲林,5.0,单人道家微痛强通法,118,386
皇府君子兰足浴（禹航路店）,余杭区,老余杭,5.0,单人基本足疗套餐,90,385
印象会所,余杭区,临平,5.0,单人印象SPA,368,277
秦桥足道馆,余杭区,临平,5.0,单人香足足疗,88,204
友源汗蒸养生馆,余杭区,临平,4.9,单人舒心养生套餐,188,198
康健盲人推拿,余杭区,永旺梦乐城,5.0,单人推拿,55,195
指云间足道,余杭区,良渚,4.7,指云间足道香薰足浴,118,177
醍醐堂,余杭区,五常,4.5,单人首次中式推拿,28,170
推拿狮中医推拿馆（亲亲家园店）,余杭区,余杭区,5.0,温阳腰腿背（亲亲家园）,78,169
芙蓉小镇足浴会所,余杭区,临平,5.0,单人SPA+木桶浴+搓背套餐,288,165
润.足道（润达国际大酒店足浴部）,余杭区,临平,4.6,单人中式润足浴套餐,98,125
雅致小足,余杭区,余杭区,4.6,香菲柔体,198,107
老根盲人推拿,余杭区,老余杭,4.7,单人中式推拿1次,63,103
佛手研本,余杭区,五常,4.1,佛手研本单部位推拿单人套餐,58,99
玉泉足道spa会所（古墩店）,余杭区,西田城购物中心,5.0,单人精品SPA套餐,368,96
星都休闲养生馆,余杭区,临平,5.0,单人广式养生套餐,388,92
杨子盲人推拿,余杭区,乔司,4.5,中式足浴,56,87
养生壹舍,余杭区,乔司,5.0,基本套餐,88,83
何之道足道,余杭区,良渚,4.6,何之道单人足浴,108,80
康沐唐,余杭区,乔司,4.5,单人中式草本足浴,108,68
尊悦spa养生会所,余杭区,老余杭,4.7,单人经典怀旧养生SPA套餐,268,55
水晶阁足浴会所,余杭区,余杭区,5.0,单人牛奶玫瑰木桶浴+搓背+SPA套餐,378,47
瑶池养生spa馆,余杭区,临平,5.0,单人舒压通络SPA,198,47
满福康盲人推拿,余杭区,乔司,5.0,单人精油推背+刮痧+拔罐套餐,148,43
印阁盲人推拿,余杭区,临平,4.4,单人全身经络盲人按摩,68,39
仁龍足疗棋牌养生会所,余杭区,良渚,3.9,单人足浴套餐,90,34
济远医疗综合门诊,余杭区,临平,5.0,单人推拿+拔罐+经络调理套餐,48,26
蕲艾馆,余杭区,临平,4.9,单人精油开背,88,17
家家健康中医馆（九曲店）,余杭区,临平,3.5,单人颈肩推拿套餐,78,16
家家健康中医馆（政法街店）,余杭区,临平,4.0,单人颈肩推拿套餐,78,16
家家健康中医馆（东湖北路店）,余杭区,临平,4.6,单人颈肩推拿套餐,78,16
G乐足道,余杭区,乔司,5.0,单人精油开背,138,15
星沐足浴棋牌,余杭区,闲林,5.0,星沐足浴,78,12
一手一足护理中心,余杭区,临平,4.2,刮痧+拔罐+精油开背单人套餐,108,12
水晶情足浴养生会所,余杭区,临平,4.2,单人SPA+木桶浴+搓背套餐,278,9
陕西专业修脚房,余杭区,老余杭,4.1,单人老姜足浴,35,9
碧沙岛水汇,余杭区,塘栖,4.9,养生足浴+浴资+茶水+过夜费,139,8
和顺荟汗蒸,余杭区,临平,5.0,单人肠清套餐1次,1780,0
永楠足浴（余杭店）,余杭区,乔司,4.1,单人养生套餐,178,0
足临门（岳王店）,上城区,平海路,5.0,足临门足浴+艾灸单人套餐,98,15172
足临门（平海店）,上城区,平海路,5.0,足临门足浴+艾灸单人套餐,98,15172
足临门（吴山店）,上城区,平海路,5.0,足临门足浴+艾灸单人套餐,98,15172
良子足浴（仁和店）,上城区,湖滨,5.0,单人精油足底按摩套餐,98,9712
姚氏按摩（吴山广场店）,上城区,上城区,3.8,单人专业脊柱调理套餐,60,5403
姚氏按摩（江城路店）,上城区,上城区,4.2,单人专业脊柱调理套餐,60,5403
姚氏按摩（城站火车站店）,上城区,城站火车站,4.3,单人专业脊柱调理套餐,60,5403
爱情故事·养生SPA会所（新侨店）,上城区,湖滨/解百商厦,5.0,单人植物精油护理套餐,268,5098
水舞源SPA（水舞涧）,上城区,西湖南山路/柳浪闻莺,5.0,单人精油护理1份,238,3246
姗娜娜足浴（望江店）,上城区,近江/之江路,4.2,单人神农草本足浴,118,2818
网客网咖（银贝店）,上城区,城站火车站,4.6,新老会员超值网上冲浪套餐,18,2146
亲亲鱼疗馆,上城区,清河坊/南宋御街,4.9,单人亲亲鱼疗馆鱼疗套餐,39.9,1747
信步足道,上城区,上城区,5.0,单人专业品牌足浴套餐,108,1420
益足堂足浴（江城路店）,上城区,上城区,5.0,单人牛奶足浴1次,96,1412
良子足浴（庆春路店）,上城区,浙一医院/庆春路沿线,3.7,夏日冰凉足浴单人套餐,98,1162
网客网咖（西湖银泰店）,上城区,西湖银泰,5.0,单人新办会员充值套餐,28,1048
河坊盲人按摩（河坊街店）,上城区,西湖南山路/柳浪闻莺,5.0,推拿/足浴2选1,85,819
网客网咖（清波街店）,上城区,西湖南山路/柳浪闻莺,5.0,单人新办会员充值套餐,28,783
国艺堂足浴馆,上城区,上城区,5.0,单人国艺养生足浴套餐,138,700
鼎丽养生会所,上城区,上城区,5.0,单人经典情怀养生SPA套餐,350,652
中经堂（湖滨店）,上城区,上城区,3.8,单人颈肩调理（推拿／按摩／艾灸／拔罐）套餐,228,637
脊立健康（春江花月店）,上城区,上城区,5.0,单人肩颈疏通调理,99,610
脊立健康（蓝色钱江店）,上城区,上城区,5.0,单人肩颈疏通调理,99,610
一桶天下养生足道（江城店）,上城区,上城区,5.0,单人泰式足道（晚上档）,139,397
紫金足浴,上城区,上城区,5.0,豪华单人足道,98,382
汉尊足道,上城区,平海路,3.5,汉尊足浴单人套餐,88,341
赵氏盲人按摩（光复路店）,上城区,平海路,5.0,单人推拿1次,73.8,332
健君盲人按摩（总店）,上城区,城站火车站,3.5,单人推拿一次,72.88,330
健君盲人按摩（雄镇永乐店）,上城区,上城区,3.8,单人推拿一次,72.88,330
一桶天下养生足道（之江路店）,上城区,复兴路沿线/南星,5.0,单人豪华足道,99,331
采耳匠,上城区,清河坊/南宋御街,5.0,单人采耳＋“刀锋”洗眼1次,108,309
皇庭足道,上城区,上城区,4.2,单人原生态足浴1次,108,294
烟浔spa养生会所（庆春路店）,上城区,浙一医院/庆春路沿线,5.0,单人养生SPA套餐,358,282
金禧道,上城区,上城区,5.0,下午场·金禧道足浴+精油/大宝+艾灸,85,267
宋皇浴足记佳优子会所（四宜店）,上城区,上城区,5.0,单人专业足浴,158,219
盛唐足道,上城区,平海路,5.0,单人原生态足浴套餐,88,158
伊雪足浴,上城区,平海路,5.0,单人高级养生SPA,338,155
圣和堂足道,上城区,江城路沿线,4.4,单人圣和堂养生SPA一次,228,146
尚兰竹SPA（湖滨店）,上城区,湖滨/解百商厦,5.0,单人VIP玫瑰泡浴净化SPA,368,119
大学路盲人按摩,上城区,上城区,5.0,单人推拿刮痧拔罐全套,146,104
俞同春103门诊,上城区,上城区,4.4,单人拔罐体验套餐,19.9,102
汗城汤泉,上城区,近江/之江路,5.0,汤泉SPA,239,94
清莲阁▪SPA养生足道,上城区,浙一医院/庆春路沿线,5.0,单人经典养生足道,129,94
歌德大酒店-SPA,上城区,城站火车站,4.7,歌德单人SPA,268,90
滋身堂足道,上城区,浙一医院/庆春路沿线,5.0,单人高级养生SPA套餐,348,70
蒸蒸日上汗蒸养生会所,上城区,浙一医院/庆春路沿线,5.0,单人拔罐+刮痧,68,62
姗娜娜足浴（维景店）,上城区,平海路,4.7,单人宫廷养生足浴,168,52
夏氏温源堂足浴养生会所,上城区,万泰城,4.5,单人经典情怀养生SPA,328,45
韵瑶生活馆,上城区,四季青/婺江路地铁站,4.7,单人水之养梦套餐,338,45
云集足浴养生馆,上城区,浙一医院/庆春路沿线,4.7,单人经典怀旧养生SPA,350,47
俞同春国医馆,上城区,上城区,4.5,单人火罐套餐,24,37
悠庭保健会所（南山路店）,上城区,西湖南山路/柳浪闻莺,4.5,单人颈肩腰部护理1次,468,37
丽美人按摩spa馆（西湖大道店）,上城区,上城区,4.5,精油开背单人套餐,148,35
梵医馆油疗,上城区,近江/之江路,4.4,梵艺馆中式SPA套餐一,398,30
分享足道,上城区,上城区,4.2,单人高级养生SPA套餐,348,19
常来足浴,上城区,鼓楼/河坊街,4.3,刮痧+拔火罐单人1次,38,18
宋御堂中式养生馆,上城区,上城区,5.0,单人艾灸调理套餐,168,7
中医推拿筋骨养护（中医理疗推拿）,上城区,上城区,3.8,单人玉玄宫磁护理1份,80,0
水知情足浴,下城区,北景园,5.0,单人足浴,119,18929
足临门（武林店）,下城区,武林广场,5.0,足临门足浴+艾灸单人套餐,98,15172
足临门（天水店）,下城区,武林广场,4.2,足临门足浴+艾灸单人套餐,98,15172
行易堂（和平广场店）,下城区,朝晖地区,5.0,单人行易堂养生休闲套餐3选1,98,8431
爱情故事·足道大家（五洋店）,下城区,庆春路沿线,5.0,单人香薰足浴套餐,188,7719
爱情故事·养生SPA会所（体育场路店）,下城区,体育场路沿线,5.0,单人香薰足浴套餐,188,7719
大足神农（中北店）,下城区,朝晖地区,5.0,单人神农专业足道（80分钟）,139,7468
大足神农（国都店）,下城区,朝晖地区,5.0,单人神农专业足道（80分钟）,139,7468
芬芳四季养生会所（武林店）,下城区,武林广场,5.0,原生态足浴单人套餐,108,6458
汤沐园浴场,下城区,北景园,4.4,单人香薰芳疗+浴资套餐,278,6275
圣儒堂足道理疗会所（东新店）,下城区,北景园,5.0,草本足浴单人套餐,129,5804
姚氏按摩（体育场路店）,下城区,体育场路沿线,4.2,单人专业脊柱调理套餐,60,5403
姚氏按摩（朝晖路店）,下城区,建国路沿线,5.0,单人专业脊柱调理套餐,60,5403
姚氏按摩（建国中路店）,下城区,建国路沿线,3.5,单人专业脊柱调理套餐,60,5403
姚氏按摩（环城西路店）,下城区,武林广场,3.5,单人专业脊柱调理套餐,60,5403
姚氏按摩（中山北路店）,下城区,朝晖地区,3.5,单人专业脊柱调理套餐,60,5403
姚氏按摩（百井坊店）,下城区,武林广场,4.0,单人专业脊柱调理套餐,60,5403
御容轩SPA会所,下城区,武林广场,5.0,单人足浴护理,98,3723
姗娜娜足浴（庆春店）,下城区,庆春路沿线,5.0,养生足疗套餐,138,3448
章氏足道（中山北路店）,下城区,庆春路沿线,5.0,单人益元五行套餐,99,2846
涌金会所,下城区,中大银泰城,5.0,单人足浴套餐,98,2561
康阳盲人按摩室,下城区,武林广场,4.7,单人推拿/足浴2选1,73.8,1864
怕疲劳去贵足世家▪万家星城店,下城区,下城区,5.0,单人标准足疗套餐（80分钟）,109,1822
锦绣养生会所,下城区,下城区,5.0,单人印度舒压套餐,350,1713
儒之堂足道理疗会所（德胜店）,下城区,下城区,5.0,单人儒风套餐（100分钟）,255,1620
儒之堂足道理疗会所（北景园店）,下城区,北景园,5.0,单人儒风套餐（100分钟）,255,1620
三梅阁足浴,下城区,庆春路沿线,4.7,单人六经足道套餐,89,1421
聚元扶阳堂（建国北路店）,下城区,建国路沿线,5.0,颈肩腰腿护理套餐,168,1125
泽和养生会所,下城区,下城区,5.0,单人放松足浴,78,1076
苗医生专业祛痘（中山北路店）,下城区,凤起路沿线,5.0,单人护理套餐,29,1074
苗医生专业祛痘（香积寺路店）,下城区,下城区,5.0,单人护理套餐,29,1074
行易堂（凤起路中医馆）,下城区,凤起路沿线,5.0,单人推拿+拔罐+经络调理套餐,49,921
臻本足道,下城区,武林广场,5.0,臻本单人经典足浴套餐（90分钟）,168,814
洪武足道（下城店）,下城区,下城区,5.0,单人3D乐享影院+四维养气足道,108,756
巧舒盲人按摩店,下城区,北景园,5.0,单人推拿1次,65,731
宏康盲人按摩,下城区,朝晖地区,4.8,单人中式推拿,73.9,729
名源足浴（建国北路店）,下城区,建国路沿线,5.0,单人原生态足疗,98,696
姗娜娜足浴（东新店）,下城区,中大银泰城,3.6,单人经典足道,88,696
舒宏亮盲人按摩店,下城区,下城区,4.2,单人推拿,73,660
舒宏亮盲人推拿（香积寺路店）,下城区,下城区,4.5,单人推拿,73,660
脊立健康（朝晖店）,下城区,朝晖地区,5.0,单人肩颈疏通调理,99,610
梦之阁足道,下城区,下城区,5.0,单人经典足浴,68,579
紫荷SPA养生（西文街店）,下城区,下城区,5.0,单人经典怀旧养生SPA,350,569
传承盲人推拿馆（河东路店）,下城区,朝晖地区,5.0,单人全身推拿／足疗二选一（60分钟）,75,538
舒源盲人推拿（戒坛寺巷店）,下城区,武林广场,5.0,单人推拿+拔罐+温炙,106,508
在水一方●乐享会所,下城区,朝晖地区,5.0,单人浴资+精油SPA护理,298,487
水云湾足浴,下城区,朝晖地区,5.0,代金券,1,440
艺佳SPA养生会所,下城区,朝晖地区,5.0,单人怀旧经典养生SPA,330,405
力道健康推拿（庆春路店）,下城区,庆春路沿线,5.0,单人推拿+拔罐,99.9,390
博彩养生会所,下城区,下城区,5.0,单人休闲养生SPA,350,389
康福宝盲人按摩,下城区,武林广场,5.0,单人推拿一次,69,335
巴厘海spa养生会所,下城区,凤起路沿线,5.0,单人经典怀旧养生SPA套餐,350,336
赵氏盲人按摩（总店）,下城区,建国路沿线,4.8,单人推拿1次,73.8,332
冬冬盲人推拿,下城区,下城区,5.0,单人推拿套餐1次,63,325
姗娜娜足浴（凤起路国都公寓店）,下城区,凤起路沿线,5.0,单人香薰足疗套餐,158,321
竹庭spa养生会所,下城区,北景园,5.0,单人经典怀旧养生SPA,350,267
采尼spa养生会所（碧桃巷店）,下城区,下城区,5.0,单人怀旧经典养生spa套餐,330,270
姗娜娜足浴（武林会所）,下城区,武林广场,5.0,单人午休养生足浴,98,257
舒适盲人按摩,下城区,凤起路沿线,4.6,单人舒适盲人推拿+足浴,130,9
蘭韵SPA会所,下城区,下城区,4.1,单人经典养生SPA,268,9
兆伟盲人按摩,下城区,延安路沿线,4.0,拔火罐,34.9,8
曲泽堂艾灸馆,下城区,下城区,4.4,单人纯手工艾灸（60分钟）,198,7
专业盲人推拿,下城区,下城区,3.5,单人拔罐,28,5
白洋SPA养生会所（建国店）,下城区,朝晖地区,4.0,单人背部精油SPA套餐,338,5
杭州全息中医诊所,下城区,庆春路沿线,3.8,“脊救行动”肩颈酸痛护理,118,3
老杨盲人推拿,下城区,朝晖地区,4.2,单人专业推拿套餐,73.8,3
赵氏盲人按摩（武林店）,下城区,武林广场,4.0,单人推拿1次,70.8,3
天禾足道（北景园店）,下城区,北景园,4.7,单人中式经络护理,68,1
沈园堂（杭州二店）,下城区,北景园,5.0,单人归元足道（晚上场）,129,0
宝马汇棋牌足浴,下城区,下城区,4.2,4人白天场棋牌套餐,168,0
绕指柔艾馨堂,下城区,下城区,3.0,单人小儿推拿,50,0
凌艾灸养生馆,下城区,体育场路沿线,4.2,单人二级调养灸,228,0
