﻿商家,区域,商圈,星级,服务,价格,销量
御轩足道会馆（清和宜康分店）,云岩区,星力银海元隆广场,5.0,单人五行强腰足道,169,10866
九松堂,云岩区,小十字,5.0,单人九松堂推拿调理套餐,79,10204
星福桥保健足疗（北京路店）,云岩区,北京路,5.0,宫廷足疗,98,9364
若石连锁养生会馆,云岩区,喷水池,5.0,单人足疗（东方神韵反射域调理）,118,6179
良宸足道,云岩区,云岩广场,5.0,单人足浴套餐,78,3358
本草记,云岩区,北京路,5.0,单人汉方胚穴1次,122,2632
重庆富侨（山林店）,云岩区,威清路,4.7,单人足疗套餐,98,2316
御轩公馆,云岩区,友谊路,5.0,单人足疗套餐,118,2246
妙荷轩足道,云岩区,富水北路,5.0,单人妙荷经典,148,2168
星福桥足疗【宝山店】,云岩区,云岩区,5.0,单人养生足疗套餐,118,2008
刘小波盲人按摩理疗（陕西路店）,云岩区,陕西路,5.0,单人盲人按摩/足疗2选1（60分钟）,50,1361
良子足道健身,云岩区,喷水池,5.0,单人足浴套餐(加强新手法),138,1084
曼古御足,云岩区,小十字,5.0,单人曼古主题套餐,158,1015
足之源养生馆,云岩区,飞山街,5.0,单人足疗修脚套餐,48,997
良晨足道,云岩区,北京路,4.0,单人足浴套餐,108,876
富足足疗养生馆（陕西路店）,云岩区,陕西路,5.0,单人富足足疗套餐1次（60分钟）,48,862
黔康足底,云岩区,公园路,5.0,养生足疗套餐,55,813
贵州省盲人按摩院（贵州仁德推拿医院）,云岩区,盐务街,5.0,单人保健/足疗二选一,65,660
春意堂中医理疗馆,云岩区,中大国际购物中心,5.0,单人肩颈局部调理,49.9,617
金沐堂,云岩区,小十字,5.0,单人足疗艾灸,69,614
舒适轩推拿汇馆,云岩区,恒峰步行街,4.6,单人理筋通络套餐,66,577
韩蒸天下石疗养生馆（中大国际店）,云岩区,中大国际购物中心,5.0,单人足疗套餐,79.8,564
阿娜律养生馆,云岩区,喷水池,5.0,中华肩颈疏通+祛湿排寒温经泡脚套餐,98,539
韩蒸天下石疗养生馆（恒峰店）,云岩区,恒峰步行街,5.0,单人宫廷足疗/韩式推拿二选一,88,511
纯元堂康复理疗中心,云岩区,恒峰步行街,5.0,纯元堂调理套餐,168,461
贵康中医盲人按摩中心（贵康之家盲人按摩）,云岩区,云岩区,4.7,足疗 按摩2选1,55,302
重庆富侨（市北店）,云岩区,市北路,4.9,【白天场】单人草本足疗套餐,69,296
百汇堂足疗保健养生馆,云岩区,喷水池,5.0,单人全身经络按摩,68,293
治祥尚品按摩院,云岩区,云岩区,5.0,单人活络拔罐,86,275
正寿益中理疗养生中心,云岩区,云岩区,4.6,单人/颈椎/腰椎/肩周/关节调理【体验价真情回馈】,98,232
乐康盲人按摩,云岩区,中大国际购物中心,5.0,全身按摩/足疗二选一,45,203
良缘足浴,云岩区,喷水池,5.0,单人足浴套餐,88,195
秦姐中医理疗,云岩区,文昌北路,5.0,单人全身精油套餐,108,172
玉元堂经络通养生馆（中天花园店）,云岩区,云岩区,5.0,单人五行经络刮痧/拔罐二选一,29.9,171
大家乐专业盲人按摩,云岩区,师大,5.0,足疗套餐（60分钟）,40,149
天合道重庆富侨（文昌店）,云岩区,文昌北路,4.9,单人贵宾足疗,88,113
月光水影影院式足疗洗浴空间,云岩区,云岩区,4.7,单人浴资,44,102
安然纳米汗蒸养生馆（渔安新城店）,云岩区,未来方舟,5.0,单人面部水疗,38,101
御灵雅养生馆,云岩区,红边门,4.7,一品足道套餐,48,97
缘来足疗养生馆（师大店）,云岩区,煤矿村,5.0,单人采耳/刮痧/拔罐/艾灸（4选1）,20,85
康庭推拿足道（小十字民生路店）,云岩区,小十字,4.7,单人足疗+保健+拔罐套餐,68,95
50美容养生馆,云岩区,大营坡,4.3,单人身体护理,48,58
古宗按拿,云岩区,未来方舟,4.6,『古宗』单人古宗通经彻络气顺血活养身术（90分钟）,188,55
碧玺沙灸,云岩区,喷水池,4.3,单人碧玺沙灸+肩颈护理,168,54
鸿升足道,云岩区,北京路,5.0,单人鸿升足疗90分钟,86,59
中大安然纳米汗蒸筋骨养护保健馆,云岩区,大营坡,5.0,单人单次筋骨养护（提供淋浴）,99.8,50
杏林筋骨养护中心,云岩区,大营路,4.5,单人套餐,69,50
健元堂中医理疗中心,云岩区,八角岩路,4.5,艾灸调理,69.9,47
莫道盲人按摩,云岩区,飞山街,4.7,肩颈足疗单人套餐,52,47
萱琳娜英式芳疗馆,云岩区,恒峰步行街,3.8,萱琳娜肩颈舒压套餐,98,37
锦时美容SPA会馆,云岩区,星力银海元隆广场,4.2,单人肩颈胸部护理特惠套餐,128,36
康福泰保理疗,云岩区,云岩广场,5.0,拔罐/刮痧/艾灸三选一,19.9,25
爱健康盲人按摩中心,云岩区,文昌北路,5.0,单人祛湿驱寒套餐,98,24
常任盲人按摩健康中心（瑞金北路店）,云岩区,黔灵公园,4.4,单人保健1次,50,19
鸿发盲人按摩馆,云岩区,富水北路,5.0,单人足疗按摩,58,19
太阳神足浴,云岩区,云岩区,4.9,养身精油,158,15
巧舒盲人按摩店（花果园B南区店）,云岩区,中大国际购物中心,5.0,单人拔罐一次,19,13
康瑞盲人推拿,云岩区,云岩区,4.6,单人穴位按摩/御寒足疗二选一体验套餐,58,10
康健盲人按摩院（瑞金北路店）,云岩区,延安西路,4.6,单人局部调理（60分钟）,55,8
康健盲人按摩院（威清路店）,云岩区,威清路,4.5,单人局部调理（60分钟）,55,8
康美缘阳光养生,云岩区,云岩区,3.5,单人头疗（60分钟）,58,6
御福康养生堂（鸿通城店）,南明区,鸿通城,5.0,单人御福足道1次,98,25147
重庆家贵富侨,南明区,花果园,4.4,单人重庆富侨足疗（送简餐一份）,108,6664
重庆富侨（鸿通城店）,南明区,鸿通城,5.0,单人标间足疗套餐,98,6633
星福桥保健足疗（军区店）,南明区,南明区,5.0,中式养生,128,5260
姐妹足疗养生馆,南明区,花果园,5.0,单人中式按摩/足疗二选一,39.8,4641
姐妹足疗养生馆（C区2店）,南明区,花果园,4.9,单人中式按摩/足疗二选一,39.8,4641
清和宜康足道养生,南明区,花果园,5.0,单人御方足道,109,3851
星福桥·足疗保健（文化路店）,南明区,河滨公园,5.0,养生足疗,88,2393
泰国足疗城,南明区,南明区,4.7,单人中泰足疗,108,2336
重庆富侨（花果园店）,南明区,南明区,4.6,单人富侨足道套餐,118,2047
水立方养身水疗馆,南明区,花果园,5.0,单人保健+门票+自助晚餐1次+足疗,199,1813
9号公馆港派足浴足疗保健养身馆（花果园店）,南明区,花果园,5.0,【赠自助餐+水果】单人9号珍品足疗套餐,128,1619
天竺足疗养生馆,南明区,大南门,5.0,单人全身按摩套餐,149,1599
御福康足浴保健养生会所（花果园店）,南明区,南明区,5.0,【口碑热销】单人宫廷乐足套餐,128,1228
盛泰足道推拿会馆,南明区,花果园,5.0,单人养身足疗/全身按摩2选1,58,1140
燕子盲人按摩店（花果园r区店）,南明区,花果园,5.0,单人全身推拿（60分钟）,50,893
美研坊美容养生足疗会所（花果园购物中心店）,南明区,花果园,5.0,单人精油刮痧拔罐艾灸,49,809
御足豪庭足疗保健养生馆（花果园T区店）,南明区,花果园,5.0,单人御足神龙百草足道,118,807
重庆富侨（亨特店）,南明区,亨特City Mall,5.0,单人中式足疗,88,796
金兴盲人按摩中心,南明区,南明区,5.0,按摩/足疗2选1,45,719
叁H∙养生殿,南明区,亨特City Mall,5.0,单人足疗保健,108,679
林都玉指保健养生会所,南明区,花果园,4.5,单人大厅足疗/大厅保健二选一,69,664
足之韵,南明区,鸿通城,5.0,单人足之道套餐,58,635
古氏中医足疗（一期店总店）,南明区,花果园,5.0,单人全身保健+足疗（70分钟）,68,621
古氏中医足疗（C区三分店）,南明区,花果园,5.0,单人全身保健+足疗（70分钟）,68,621
足之缘养生馆（花果园v区店）,南明区,花果园,4.5,单人白天场中级足疗,48,587
足之缘养生馆（花果园1期店）,南明区,花果园,5.0,单人白天场中级足疗,48,587
舒身足道,南明区,花果园,3.7,单人舒身足道,88,479
布道中医理疗,南明区,花果园,5.0,单人刮痧拔罐2选1,30,478
奕彩筋骨堂中医养生馆（亨特国际店）,南明区,亨特City Mall,5.0,刮痧、拔罐、艾灸,50,443
福莲花养生馆,南明区,南明区,5.0,单人福莲养足套餐,98,408
吉康盲人推拿按摩中心,南明区,南明区,4.9,单人按摩/足疗2选1体验,46,405
摩指印象（贵阳店）,南明区,遵义路,4.9,单人印象足浴,148,386
尚足轩足浴保健养生酒店（花果园店）,南明区,花果园,5.0,单人尚品康足套餐（80分钟）,128,376
大嘴鱼·风情鱼疗馆,南明区,南明区,5.0,单人泰式鱼疗,23,372
子亲康乐妇幼推拿,南明区,南明区,5.0,单人小儿推拿+热敷包,95,334
足鑫堂盲人推拿城,南明区,花果园,5.0,单人足疗套餐,45.8,294
盛权足疗（V区店）,南明区,花果园,5.0,单人超值足疗,38,280
新华路翠微巷盲人按摩,南明区,新华路,5.0,全身按摩+足疗,92.8,277
亿家康保健足疗,南明区,南明区,4.9,单人唐手足疗普包,98,263
徐氏康复养生中心,南明区,花果园,5.0,徐氏烧药+弩药元宝灸+徐氏推拿三合一套餐,38,252
黄海涛盲人按摩,南明区,花果园,5.0,按摩 足疗2选1,48,251
丽媛足疗养生馆（花果园金融街店）,南明区,花果园,5.0,单人全身按摩（60分钟）,68,222
理疗康复中心,南明区,花果园,4.9,单人养生足疗套餐,48,218
汤泉御足养生会所（花果园购物中心店）,南明区,花果园购物中心,5.0,单人汤泉传统足疗,68,217
社区富侨足疗店,南明区,花果园,5.0,单人拔火罐/刮痧2选1,16.8,212
千足堂足疗养生会所,南明区,花果园,5.0,单人全身保健足疗,68,203
尚足馆足疗养生,南明区,花果园,4.8,单人全天场足疗,49.9,200
爱康盲人按摩,南明区,花果园,4.9,全身推拿,48,190
理康盲人按摩中心,南明区,新华路,4.4,按摩/足疗二选一,40,155
蓝轩苗方熏蒸SPA养生（花果园店）,南明区,花果园,5.0,单人全身精油SPA养生,168,144
永泉盲人推拿足疗,南明区,护国路,5.0,单人全身保健按摩/足浴+保健二选一,48,92
御花园养生足疗会馆（花果园店）,南明区,花果园,5.0,【开业特惠】单人-宫廷养生足疗+足部按摩,68,86
天合道重庆富侨（次南门店）,南明区,河滨公园,4.4,单人贵宾足疗,88,87
瀚丽养生会所（花果园购物中心店）,南明区,花果园,4.9,单人古方保健初级头疗套餐,48,79
杨雅希汗蒸美容石疗养生馆（花果园店）,南明区,花果园,5.0,单人汗蒸足疗套餐,88,66
温馨足疗保健养生馆（花果园购物中心店）,南明区,花果园,5.0,【新春特惠】单人道式足浴（60分钟）,69,61
蓝轩苗方熏蒸SPA养生（亨特店）,南明区,南明区,5.0,单人肩颈调理,68,61
博迦梵康国际连锁养生会所（钻石广场店）,南明区,南明区,5.0,【周年庆-5折大促】单人宫廷五行经络养护SPA,194,59
国膳养生阁·足根堂总店（都司路店）,南明区,南明区,5.0,高级足部反射调理,188,58
平安足疗,南明区,花果园,4.1,脚气克星足疗,38,12
丸叶理疗养生馆,南明区,南明区,4.7,【老板推荐】肩颈疏通（60分钟）,69.8,9
天池洗浴,南明区,南明区,4.8,单人足浴+精油开背套餐,108,7
老杨盲人推拿按摩,南明区,花果园,5.0,单人足疗1小时,48,6
自然医学养生馆,南明区,花果园,4.2,面部护理,10,6
快乐瘦减肥养生连锁,南明区,箭道街,3.5,经典艾灸,9.9,5
苗玺专业祛痘祛斑连锁（花果园店）,南明区,花果园,5.0,痘坑细胞再生体验,49,3
际垣堂（花果园店）,南明区,花果园,4.5,单人卵巢保养、妇科调理,68,3
阳光盲人按摩室,南明区,南明区,3.5,单人肩颈护理,25,2
SUN H'PE健康减肥塑形理疗沙龙（花果园店）,南明区,花果园,4.5,【专业手法】单人瘦胳膊/瘦大腿2选1,88,1
安然纳米汗蒸养生馆（花果园t区店）,南明区,南明区,5.0,单人推拿调理（60分钟）,68,0
安然纳米汗蒸养生馆（花果园m区店）,南明区,南明区,5.0,单人脸部经络疏通,38,0
重庆富侨（新添寨店）,乌当区,乌当区,4.9,单人足疗套餐,98,5365
天合道重庆富侨（乌当店）,乌当区,顺海,4.7,单人贵宾足疗1次,98,4001
瑶香灵谷SPA,乌当区,新添寨,5.0,肩颈+背部护理套餐,138,1365
逸足轩,乌当区,新添寨,3.9,单人包房足浴套餐,58,775
御灵雅·足疗保健,乌当区,新添寨,4.3,单人足疗套餐,98,166
盲道足疗按摩店（乌当区店）,乌当区,正德家邦购物中心,5.0,单人中式推拿按摩（60分钟）,48,139
鑫助盲人专业推拿,乌当区,金阳新世界,5.0,单人80分钟左右综合调理套餐,98,139
华夏良子（贵阳会展店）,观山湖区,美的林城时代,5.0,代金券,75,11170
亿家康(世纪金源购物中心店),观山湖区,观山湖区,5.0,单人足疗保健套餐,118,9281
家乐康足道（金阳红街店）,观山湖区,观山湖区,4.8,单人足疗,98,6382
合一堂,观山湖区,观山湖区,5.0,单人足浴+肩颈疏通,79.9,2026
贵阳市盲人按摩足疗中心,观山湖区,红街,5.0,单人盲人按摩,58,1715
益康轩足疗会馆,观山湖区,观山湖区,4.8,单人土黄金足疗,136,1080
皇家御足,观山湖区,观山湖区,4.8,单人足疗,169,1061
慧鑫足道,观山湖区,观山湖公园,5.0,单人足疗套餐,58,751
尚御足道,观山湖区,金阳商业步行街,5.0,足疗套餐,128,702
涌泉堂养生馆,观山湖区,观山湖区,4.8,单人足疗套餐,60,671
一品足疗养生堂（金阳北路店）,观山湖区,观山湖公园,5.0,经典足疗,58,525
富阁足疗馆,观山湖区,观山湖区,4.5,单人富阁足道,78,379
大汉松骨足疗城,观山湖区,观山湖区,4.8,单人大汉松骨足疗,98,369
重庆富侨（观山湖会展店）,观山湖区,金朱东路,5.0,单人富侨标准足疗,118,273
云刚盲人按摩所,观山湖区,观山湖区,5.0,单人按摩全身,59,253
吉兴足疗汗蒸养生馆,观山湖区,中天帝景传说,4.6,单人足疗套餐,58,246
启元美容养生馆,观山湖区,美的林城时代,4.6,背部推柔+拔罐套餐,68,232
脉道养生会所,观山湖区,金阳商业步行街,5.0,脉道一品足疗套餐,98,232
黔和堂养生足疗会所,观山湖区,观山湖区,5.0,单人非凡足迹,168,220
观山湖严师筋骨养护馆,观山湖区,金阳商业步行街,5.0,减压套餐,69.9,202
