﻿商家,区域,商圈,星级,服务,价格,销量
晓巷养生会馆,南岗区,哈尔滨西站,5.0,单人现代养生套餐,139,275
刘刘盲人按摩（红旗大街店）,南岗区,国际会展中心,5.0,单人保健调理1次,70,246
冠盈养生堂,南岗区,芦家街/宣化街,5.0,单人背部刮痧走罐套餐,25.9,210
馨雨美容减肥塑型会馆（哈西悦城店）,南岗区,哈尔滨西站,5.0,单人拔罐瘦身套餐,1,208
大森林酵素浴养生馆,南岗区,文昌街,4.1,单人酵素养生浴,38,203
足益堂专业修脚,南岗区,国际会展中心,5.0,单人修脚套餐,19.9,203
若石足道,南岗区,省政府/龙塔,4.3,单人足道套餐,58,194
路易香浓按摩养生会馆,南岗区,凯德广场,5.0,单人艾灸套餐,19.9,188
若世堂推拿店,南岗区,哈尔滨西站,5.0,单人肩颈调理推拿,38.9,175
健足斋,南岗区,花园街,5.0,单人修脚套餐,25,169
益康足浴养生馆,南岗区,和兴路沿线,5.0,单人足疗减压调理套餐,39.8,151
储金柜足浴,南岗区,哈尔滨西站,5.0,单人养生足道,99,143
李大夫中式推拿,南岗区,和兴路沿线,5.0,单人无痛刮痧拔罐套餐,24.9,139
滨朋盲人按摩院,南岗区,和兴路沿线,5.0,单人全身推拿+火罐套餐,55,136
忠义传统按摩院,南岗区,和兴路沿线,5.0,单人养生足疗套餐,35.8,128
臧氏推拿按摩,南岗区,果戈里/革新街,5.0,保健足底套餐,89,123
润足堂保健按摩（华山北路店）,南岗区,芦家街/宣化街,4.9,单人养生足疗,48,114
心赏阳光盲人推拿,南岗区,教化广场,5.0,单人中式推拿,38,112
御尚堂养生会馆,南岗区,国际会展中心,4.8,单人中式经络调理1次,98,109
健足斋,南岗区,文昌街,5.0,单人扬州修脚1次,20,107
牛氏盲人按摩,南岗区,国际会展中心,3.0,全身推拿套餐,40,0
筋骨推拿调理中心,南岗区,和兴路沿线,3.5,单人魔罐纤体套餐15次,358,0
清松养生按摩会馆,南岗区,南岗区,3.5,单人经络疏通1次,29.9,0
陈胜按摩店,南岗区,南岗区,3.5,体控体验,40,0
竹健康体中心,道里区,群力地区,5.0,单人局部推拿套餐,32,251
东明盲人按摩会馆（群力店）,道里区,关东古巷,5.0,单人部位调理套餐,35,232
铭池轩养生馆,道里区,群力地区,5.0,单人御足,68,222
仁康中式按摩馆,道里区,群力地区,5.0,单人特惠养生套餐,29.9,197
三道馆,道里区,爱建社区,5.0,单人太极足心道,105,152
蒸鑫真意安然纳米汗蒸养生馆,道里区,顾乡,4.8,单人2小时汗蒸体验卡,9.9,145
爱康中医按摩,道里区,道里区,4.3,养生套餐,28,139
高宇保健按摩院,道里区,新阳路,5.0,单人拔罐/刮痧2选1,15,119
圣轩阁养生会所,道里区,新阳路,5.0,单人休闲套票,109,116
中泰按摩养生会所,道里区,新阳路,5.0,单人足部护理套餐,25,114
天泽堂御道养生会馆,道里区,群力地区,5.0,单人保健沐足套餐,38,95
君诺盲人按摩院,道里区,顾乡,5.0,中医保健+拔罐单人套餐,39.9,91
沐香足足道养生馆,道里区,新阳路,4.8,单人五行平衡修身术套餐,158,90
香水足浴馆（道里店）,道里区,中央大街索菲亚广场,5.0,单人经典足浴-70分钟专业按摩,89,88
健康港湾盲人按摩,道里区,公路大桥,5.0,单人传统拔罐,9.9,61
曹锋修脚室,道里区,爱建社区,4.2,修脚套餐,40,58
少林正骨堂（哈尔滨店）,道里区,新阳路,4.0,少林养生套餐3（单人）,49,54
越足富侨足道,道里区,新阳路,5.0,尊享足浴（90分钟）,89,53
仁脊康整脊工作室,道里区,中央大街索菲亚广场,4.6,单人拔罐体验券,9.9,46
松骨足疗会馆,道里区,群力地区,5.0,单人松骨套餐,98.8,31
雅顺松骨养生会所（哈药路分店）,道里区,公路大桥,5.0,单人SPA经络油压（90分钟）,158,31
中和堂保健按摩,道里区,道里区,4.3,中和堂经络瘦身套餐,0.99,30
君益养生馆,道里区,爱建社区,4.5,单人局部保健套餐,29.8,30
丰老师灸道堂,道里区,群力地区,4.0,推拿单人套餐,63,28
德康保健按摩院,道里区,中央大街索菲亚广场,4.2,单人养生套餐,58,26
泰医林,道里区,道里区,3.8,单人颈椎推拿,52.8,24
誉恒盲人按摩院,道里区,群力地区,5.0,单人足底保健,72,21
鑫萍艾草美容养生馆,道里区,中央大街索菲亚广场,4.0,砭石经络疏通,9.9,19
德康按摩工作室,道里区,新阳路,4.3,单人拔罐套餐,9.9,14
富在知足养生堂,道里区,新阳路,5.0,单人套罐1次,50,14
伊人纤体养生馆,道里区,关东古巷,4.8,单人足底保健（60分钟）,60,12
杜氏保健按摩室,道里区,爱建社区,4.4,刮痧,15,12
131中医按摩,道里区,道里区,4.4,单人足疗套餐,38,12
然蔻美容养生工作室,道里区,中央大街索菲亚广场,4.1,单人韩国水氧护肤,68,6
罗少保健按摩院,道里区,群力地区,3.5,单人汉方泡脚+专业修脚+足道,58,3
艾馨堂养生馆（远大购物中心群力店）,道里区,群力地区,4.0,单人五行罐拔罐1次,48,2
孙磊正骨按摩院,道里区,群力地区,3.9,单人拔罐1次套餐,9.9,1
蜡元养生馆,道里区,群力地区,3.5,单人中式竹罐,15,1
全民健盲人按摩院,道里区,中央大街索菲亚广场,3.5,单人腹疗,38.8,0
权健火医德养生,道里区,群力地区,3.5,拔罐梳理套餐,39,0
爱丁堡按摩中心,道里区,建国公园,3.0,单人足疗按摩套餐,49.9,0
足尚时光养生会所,香坊区,会展中心/黑龙江农垦总局,5.0,单人珍珠足浴,109,2396
首选盲人按摩名店（香坊店）,香坊区,菜艺街/珠江路,4.8,单人局部调理,29.8,1035
一淼健康按摩养生会所,香坊区,乐松广场,5.0,单人足疗按摩,38,339
足下生辉养生馆,香坊区,香坊大街/通乡街,4.6,特色足疗套餐,45.8,311
鸿轩养生按摩,香坊区,安埠商厦/果园街,5.0,单人足疗+肩颈按摩+泡脚+小腿排酸+烤电,43,308
旭日专业盲人推拿,香坊区,安埠商厦/果园街,5.0,单人局部调理,24.98,288
尚舒堂中医推拿足浴馆,香坊区,菜艺街/珠江路,5.0,单人全身保健套餐,58,265
鼎鑫足轩阁,香坊区,安埠商厦/果园街,4.9,单人浴足套餐,48,195
盛和足道会馆,香坊区,香坊区,5.0,单人养生足疗,48,175
足疗修脚室,香坊区,香坊大街/通乡街,5.0,修脚,30,122
恒康汗蒸养生馆,香坊区,三大动力/三合路,5.0,经络疏通,58,113
经之堂,香坊区,国际会展中心/香坊万达广场,4.7,单人经络痧疗1次,48,98
马姐养生浴仙阁,香坊区,安埠商厦/果园街,5.0,单人全身保健,35.8,92
润足堂,香坊区,香坊区,5.0,单人专业修脚,17,49
百步专业足道,香坊区,东北农业大学,4.3,百步贵足套餐  84元,84,31
栾氏传统推拿（果园街店）,香坊区,安埠商厦/果园街,4.4,单人肩颈背推拿+石盐热敷（赠拔罐1次）,25,25
葆足堂足浴保健会馆,香坊区,会展中心/黑龙江农垦总局,5.0,单人良子足浴,48,25
濯足堂,香坊区,国际会展中心/香坊万达广场,5.0,濯足养生足浴,128,24
原始点调理养生馆,香坊区,香坊大街/通乡街,4.2,单人全身调理,40,16
怡足养生推拿,香坊区,会展中心/黑龙江农垦总局,3.5,单人足疗,38,16
大森按摩,香坊区,会展中心/黑龙江农垦总局,4.1,本草足疗,53.8,15
陈氏推拿保健按摩院,香坊区,会展中心/黑龙江农垦总局,4.2,单人足疗保健套餐,50,13
云谷艾灸按摩养生会所,香坊区,会展中心/黑龙江农垦总局,4.0,单人局部调理 加送三伏贴一次,68,11
嘉康推拿按摩,香坊区,香坊区,5.0,经络拔罐+烤电,8.6,8
君康按摩院,香坊区,香坊区,3.5,单人刮痧+拔罐,29,4
益康理疗保健中心,香坊区,香坊大街/通乡街,3.0,脊柱梳理套餐,35,1
水中花皇家养生会馆,香坊区,三大动力/三合路,3.0,单人经络疏通,99,1
金柏木养生会馆,香坊区,香坊大街/通乡街,4.1,松骨,108,0
曹氏正骨按摩院,香坊区,乐松广场,3.5,单人背柱腰椎正骨推拿,88,0
张强中医按摩,香坊区,乐松广场,3.5,单人女性保养经络推拿,100,0
健和堂推拿艾灸养生馆,香坊区,会展中心/黑龙江农垦总局,4.6,单人经络油压,88,0
知足常乐,阿城区,阿城区,4.6,单人足疗1次,25,149
乾恒保健休闲会馆,松北区,世茂大道,5.0,单人乾恒足疗1次,95,3244
满益乐活养生堂,松北区,世茂大道,5.0,单人体位调理酸痛舒缓1次,38,416
重庆富侨足道,松北区,松北区,3.0,单人90分钟足浴套餐预售,70.8,27
茗源养生馆,松北区,松北区,4.5,单人全身经络疏通,128,20
敖麓谷雅·水疗健身中心,松北区,冰雪大世界,4.0,四国spa护理,398,5
段氏推拿按摩院,宾县,宾县,4.5,推拿套餐,34.8,52
