﻿商家,区域,商圈,星级,服务,价格,销量
赛江南（芳草街店）,武侯区,玉林/芳草街,5.0,步步高单人浴足,99,38639
赛江南（龙腾中路店）,武侯区,龙腾路,5.0,步步高单人浴足,99,38639
赛江南（浆洗街店）,武侯区,耍都,5.0,步步高单人浴足,99,38639
赛江南（双楠店）,武侯区,外双楠,5.0,步步高单人浴足,99,38639
世龙世家手足健康连锁（武侯区双楠店）,武侯区,大石路,5.0,泡脚足浴+修脚护理单人套餐,9.9,26970
世龙世家手足健康连锁（簇桥镇龙井西街店）,武侯区,簇桥,4.6,泡脚足浴+修脚护理单人套餐,9.9,26970
静逸堂功夫肩颈（簇桥金履店）,武侯区,簇桥,5.0,单人功夫肩颈一次,88,17002
静逸堂功夫肩颈（中华名园店）,武侯区,外双楠,5.0,单人功夫肩颈一次,88,17002
静逸堂功夫肩颈（燃灯寺北街店）,武侯区,大石路,4.1,单人功夫肩颈一次,88,17002
序颜·功夫肩颈,武侯区,簇桥,4.0,单人功夫肩颈一次,88,17002
静逸堂功夫肩颈（西城丽雅店）,武侯区,机投,3.0,单人功夫肩颈一次,88,17002
静逸堂功夫肩颈（合一天使人间）,武侯区,武侯区,3.5,单人功夫肩颈一次,88,17002
静逸堂功夫肩颈丽都会所,武侯区,高棚大道,3.5,单人功夫肩颈一次,88,17002
静逸堂功夫肩颈（亚太广场）,武侯区,科华北路,3.5,单人功夫肩颈一次,88,17002
静逸堂功夫肩颈（董家湾北街店）,武侯区,红牌楼,3.5,单人功夫肩颈一次,88,17002
静逸堂功夫肩颈体验馆（养怡阁芳草街店）,武侯区,玉林/芳草街,4.1,单人功夫肩颈一次,88,17002
静逸堂功夫肩颈（竞秀美店）,武侯区,火车南站,4.2,单人功夫肩颈一次,88,17002
静逸堂功夫肩颈（维米斯）,武侯区,伊藤/世豪广场,4.1,单人功夫肩颈一次,88,17002
静逸堂功夫肩颈（悦尔美容店）,武侯区,伊藤/世豪广场,5.0,单人功夫肩颈一次,88,17002
静逸堂功夫肩颈（天香星语店）,武侯区,五大花园,4.4,单人功夫肩颈一次,88,17002
静逸堂功夫肩颈体验馆（皇仕名媛金雁路店）,武侯区,五大花园,4.7,单人功夫肩颈一次,88,17002
静逸堂功夫肩颈（皇仕名媛）,武侯区,龙腾路,4.8,单人功夫肩颈一次,88,17002
静逸堂功夫肩颈（武侯区安娜店）,武侯区,武侯区,4.3,单人功夫肩颈一次,88,17002
谷中百合（武侯逸都路店）,武侯区,外双楠,3.5,单人功夫肩颈一次,88,17002
静逸堂功夫肩颈（靓丽坊店）,武侯区,科华路王府井,4.0,单人功夫肩颈一次,88,17002
静逸堂功夫肩颈（郭家桥北街店）,武侯区,磨子桥,3.5,单人功夫肩颈一次,88,17002
常乐足道（大悦城店）,武侯区,外双楠,5.0,常规调养60分钟套餐,119,16145
常乐足道（金楠天街店）,武侯区,龙湖金楠天街,5.0,常规调养60分钟套餐,119,16145
常乐足道（苏宁广场店）,武侯区,火车南站,5.0,常规调养60分钟套餐,119,16145
常乐足道（in99银泰中心店）,武侯区,武侯区,4.0,常规调养60分钟套餐,119,16145
常乐足道（来福士店）,武侯区,省体育馆,5.0,常规调养60分钟套餐,119,16145
常乐足道（世豪店）,武侯区,伊藤/世豪广场,5.0,常规调养60分钟套餐,119,16145
常乐足道（天府凯德店）,武侯区,火车南站,5.0,常规调养60分钟套餐,119,16145
常乐足道（银泰城店）,武侯区,银泰城,5.0,常规调养60分钟套餐,119,16145
常乐足道（航空路店）,武侯区,航空路,5.0,常规调养60分钟套餐,119,16145
常乐足道（奥克斯店）,武侯区,武侯区,5.0,常规调养60分钟套餐,119,16145
常乐足道（红牌楼店）,武侯区,红牌楼,5.0,常规调养60分钟套餐,119,16145
金足印象3D影院式浴足（玉林店）,武侯区,玉林/芳草街,5.0,足下生辉单人套餐,89.9,15459
金足印象3D影院式浴足（双楠店）,武侯区,外双楠,5.0,足下生辉单人套餐,89.9,15459
沐林泉3D影院式足艺养生会馆,武侯区,科华路王府井,5.0,单人贵宾浴足,108,12276
梦回南国,武侯区,红瓦寺,5.0,单人南国踏浪1次,78,10164
蓉城阳光推拿馆（广福桥正街店）,武侯区,高升桥,5.0,单人全身寻经推拿,52,6094
蓉城阳光推拿馆（双楠街店）,武侯区,双楠,3.5,单人全身寻经推拿,52,6094
蓉城阳光推拿馆（芳草店）,武侯区,玉林/芳草街,4.6,单人全身寻经推拿,52,6094
富侨（蓝天店）,武侯区,科华路王府井,4.8,单人富侨保健超值足疗套餐一次,78,4435
重庆富侨（龙江路店）,武侯区,新南门,5.0,单人足疗套餐,78,3335
九和印象3D影院式足道（兆景路店）,武侯区,保利花园,5.0,印象影院足道单人套餐（90分钟）,89,3225
魔指意境按摩馆,武侯区,科华路王府井,5.0,单人自然灵性,108,3164
龙韵浴足保健（高升桥店）,武侯区,高升桥,5.0,单人足浴套餐,115,2670
御手国医馆（锦里店）,武侯区,武侯祠,4.3,单人本草足道1次,98,2497
御手国医馆（广福桥店）,武侯区,高升桥,5.0,单人本草足道1次,98,2497
静雅推拿（科院店）,武侯区,科华北路,5.0,静雅全身推拿1次,52.5,2321
刘一刀修脚店（南门店成都老字号）,武侯区,玉林/芳草街,5.0,高级修脚师修脚+单人护理套餐,49.9,2308
渝富桥,武侯区,武侯祠,5.0,中草本浴足,98,2305
南国仙尊,武侯区,环球中心,5.0,单人精油SPA,119.9,2142
尊享驿站,武侯区,金花,5.0,单人玫瑰指压,168,1873
廊桥水岸国际会馆,武侯区,玉林/芳草街,5.0,单人廊桥浴足,68,1694
优足匠（天府三街店）,武侯区,伊藤/世豪广场,5.0,单人前进修脚1次,23.8,1609
优足匠－现代化足科标准（龙阳街店）,武侯区,鹭岛国际,5.0,单人前进修脚1次,23.8,1609
重庆家富富侨（九眼桥店）,武侯区,红瓦寺,5.0,单人草本浴足1次,68,1587
渝富桥金楠天街国际会所,武侯区,龙湖金楠天街,5.0,单人浴足套餐,128,1556
玉景阁影院式足疗保健,武侯区,伊藤/世豪广场,5.0,单人玉景足道,108,1422
贵足天堂,武侯区,外双楠,4.8,单人精品浴足,78,1354
渝富桥（蓉城理想店）,武侯区,火车南站,3.6,沐足3选1[复制],88,1263
爵妃帝宫,武侯区,武侯区,5.0,单人御宫贵足,68,1188
莉鹏陆脚,武侯区,复城国际广场,5.0,特色尊贵足浴1次,98,1152
锦城足御养生会所（红牌楼店）,武侯区,红牌楼,5.0,单人舒缓浴足,78,1137
足御天下,武侯区,五大花园,3.8,单人宏富浴足,68,1012
妙手国医推拿足道馆（高升桥店）,武侯区,高升桥,5.0,单人颈肩腰推拿/腹部炙疗/拔罐,39.9,1011
红城金贵足（红城总店）,武侯区,红牌楼,5.0,单人菩提足疗,78,970
名悦汇国际高端spa养生馆,武侯区,红瓦寺,5.0,影院式足浴,78,883
重庆家富富侨,武侯区,航空路,4.0,单人草本浴足1次,108,870
瑞和足道,武侯区,科华路王府井,5.0,单人浴足套餐,98,851
静逸堂功夫肩颈（魅力百合美妍连锁）,武侯区,火车南站,3.0,单人功夫腿一次,88,807
渝富桥,武侯区,武侯区,5.0,单人优惠套餐浴足,108,745
禹诚推拿,武侯区,伊藤/世豪广场,4.5,单人传统推拿,78,740
天颐道宗筋养生馆,武侯区,武侯区,5.0,单人天颐道足道套餐,138,703
百盛堂足浴（汇锦店）,武侯区,武侯区,5.0,单人泰式足道,128,701
嘉逸水乡（一品天下店）,武侯区,新南门,5.0,单人洗浴+推拿+足底按摩,268,698
嘉逸水乡（双楠店）,武侯区,红牌楼,4.9,单人洗浴+推拿+足底按摩,268,698
富侨西城店,武侯区,五大花园,5.0,单人富侨足浴,88,693
渝富桥精品会所,武侯区,石羊场,4.9,单人浴足,88,693
兴君道SPA,武侯区,外双楠,4.9,单人君道足疗,98,615
重庆富侨（晋阳店）,武侯区,五大花园,3.7,单人中草本浴足1次,78,567
夏時根专业修脚坊（菊乐店）,武侯区,大石路,4.4,单人浴足,38,554
玉指阁3D影院足疗保健,武侯区,机投,5.0,单人影院式浴足,98,552
杰艺理疗,武侯区,航空路,4.5,颈肩腰推拿,100,547
重庆家富富侨（南门店）,武侯区,科华路王府井,5.0,单人经典浴足1次,98,540
陈氏理疗中心（陈氏理疗中心）,武侯区,伊藤/世豪广场,4.3,单人全身推拿套餐,45,483
陈氏理疗中心,武侯区,伊藤/世豪广场,4.3,单人全身推拿套餐,45,483
中道中医推拿足道全国连锁（总店）,武侯区,高升桥,5.0,太极头部经络放松➕夏天拔罐➕温经艾炙,78,483
指尚雲间,武侯区,金花,5.0,单人指尚足健1次,128,467
天宫一指养生足道会馆,武侯区,伊藤/世豪广场,5.0,禅式养生浴足单人套餐80分钟,128,473
旭日理疗推拿馆（东升保健按摩店）,武侯区,火车南站,4.7,全身推拿,45.9,462
天天足道（科华店）,武侯区,科华北路,5.0,单人秘制中式草本浴足1次,128,433
颐梓源养生会馆,武侯区,外双楠,3.8,单人全息足道1次,118,424
约尚佳按摩（红牌楼店）,武侯区,红牌楼,5.0,单人全身舒缓SPA,198,418
约尚佳按摩（软件园店）,武侯区,武侯区,5.0,单人全身舒缓SPA,198,418
渝富桥（欧城店）,武侯区,桐梓林,4.8,单人陈艾足疗1次/90分钟,128,395
悠悦Massage（锦城店）,武侯区,石羊场,5.0,单人悠悦精品足疗,88,393
悦家spa养生馆,武侯区,五大花园,5.0,单人刮痧＋划罐＋拔罐组合套餐,48,387
玫瑰庄4K影院式浴足SPA,武侯区,复城国际广场,4.5,单人4k影院式足养,138,377
源康针灸推拿中心,武侯区,五大花园,5.0,打火罐,1,349
怡享时光3D影院式浴足馆,武侯区,武侯区,5.0,单人浴足,118,314
华康金奖古法灸拿馆,武侯区,桐梓林,4.7,单人刮痧拔罐,38,300
花雨满天·生活汇,武侯区,火车南站,5.0,单人全身舒压,168,292
九生堂理疗馆,武侯区,武侯区,5.0,全身穴位推拿,48,289
吉生堂理疗,武侯区,伊藤/世豪广场,3.5,单人颈椎/腰椎/肩周项目三选一,68,281
吉生堂理疗馆,武侯区,武侯区,5.0,单人颈椎/腰椎/肩周项目三选一,68,281
長生园养生堂（航空店）,武侯区,航空路,5.0,单人肩颈精油调理套餐（限体验一次）,68,281
足之韵,武侯区,外双楠,5.0,单人足享人生,78,271
适普健（和平广场店）,武侯区,火车南站,4.7,单人全息养生足疗,98,272
适普健（高升桥店）,武侯区,高升桥,4.4,单人全息养生足疗,98,272
小魔鱼养生堂,武侯区,五大花园,3.9,单人鱼疗,19.8,54
舒逸盲人按摩总店（凤凰城店）,武侯区,武侯区,5.0,单人精油足疗按摩60分钟,59.9,50
舒逸盲人按摩（保利店）,武侯区,伊藤/世豪广场,4.0,单人精油足疗按摩60分钟,59.9,50
南庭休闲会所,武侯区,玉林/芳草街,4.4,单人黄桶水疗,108,48
重庆家富富侨（一环南路店）,武侯区,玉林/芳草街,3.6,单人草本浴足套餐,100,46
谢氏盲人按摩,武侯区,簇桥,5.0,单人拔罐,14.9,44
茶女仕鱼疗,武侯区,火车南站,4.7,单人鱼疗,19.8,40
盛世阳光（鹭岛店）,武侯区,鹭岛国际,4.2,盛世足疗,58,39
禅道堂养生馆,武侯区,双楠,5.0,单人刮痧拔罐,58,39
空间养生馆,武侯区,武侯区,4.3,火炙,300,36
金帝美容,武侯区,金花,4.6,水貂单根睫毛嫁接,88,35
顺阳养生,武侯区,鹭岛国际,4.4,单人肩颈调理,118,34
足悦到家按摩,武侯区,航空路,3.5,单人泰式按摩1次,198,34
芯爱莱家浴足按摩养生spa（凯单广场店）,武侯区,火车南站,4.6,单人spa,398,34
芯爱莱家浴足按摩养生spa（天府大道店）,武侯区,复城国际广场,4.6,单人spa,398,34
佳上家,武侯区,武侯区,4.5,单人全身精油舒缓护理,268,33
佳上家（天府三街店）,武侯区,复城国际广场,5.0,单人全身精油舒缓护理,268,33
成诚推拿,武侯区,龙腾路,4.4,单人全身推拿1次,45,33
到家尚门（九眼桥店）,武侯区,红瓦寺,5.0,单人养生精致SPA套餐,298,31
到家尚门（高新区店）,武侯区,银泰城,5.0,单人养生精致SPA套餐,298,31
国逸阁中医推拿足道连锁（总店）,武侯区,高升桥,4.2,无极秘制足道➕拔罐/艾炙/头部放松➕颈肩腰热疗,58,29
豪帅男仕SPA馆,武侯区,航空路,4.1,经络循环调理套餐,488,28
巴厘时光上门按摩,武侯区,科华路王府井,3.5,单人香薰精油护理,238,28
仙趾足道,武侯区,玉林/芳草街,4.0,单人特价足浴,98,25
康丽养生,武侯区,鹭岛国际,3.9,单人全身Y部推拿保养套餐,158,24
铭恩堂,武侯区,大石路,3.5,足疗按摩,88,24
盛世鼎族,武侯区,簇桥,3.8,单人足疗一次,88,21
嵘御国际男仕SPA会所,武侯区,航空路,4.5,单人王之盛宴,898,20
简里SPA（银泰城店）,武侯区,银泰城,3.5,单人放松项目4选1（30分钟）,78,24
万和堂,武侯区,玉林/芳草街,3.5,单人保健推拿1小时,48,17
大理侍理疗馆,武侯区,银泰城,5.0,舒缓推拿初体验,48,17
早樂田自然疗法工作室,武侯区,伊藤/世豪广场,4.4,台湾御灸体验,10,16
云医经络堂,武侯区,高升桥,4.5,单人淋巴净排1次,59,15
元气自愈养生馆,武侯区,航空路,3.5,单人艾灸午休套餐,128,13
五千年足浴,武侯区,五大花园,3.5,草本浴足,68,12
祺芸康理疗馆,武侯区,武侯区,4.6,单人精油推背,49.8,10
康宏按摩,武侯区,航空路,4.6,单人经络刮痧加穴位拔罐,35,9
御手园,武侯区,伊藤/世豪广场,4.5,单人肩颈护理,90,9
六度国际尚品店,武侯区,科华路王府井,3.6,瘦身调理体验卡,198,9
按e下-上门推拿按摩专家,武侯区,火车南站,3.5,单人全身深度调理推拿,236,8
足之雨国际养生,武侯区,簇桥,3.0,单人魅力十足,88,8
按e下-上门推拿按摩专家（保利中心店）,武侯区,武侯区,5.0,单人全身深度调理推拿,236,8
兄妹专业盲人按摩,武侯区,鹭岛国际,5.0,单人精油推背,56.8,8
刘师盲人按摩,武侯区,华西坝,4.9,单人精油推背,50,8
按e下-上门推拿按摩专家（东苑店）,武侯区,火车南站,4.1,单人全身深度调理推拿,236,8
悦尚上家美容养生Spa,武侯区,玉林/芳草街,4.8,单人十二经络上家调理1次,298,8
初心养生按摩spa（奥克斯店）,武侯区,武侯区,5.0,单人乐享养生spa,588,7
三里堂中医养生馆（鹭岛国际店）,武侯区,鹭岛国际,5.0,单人90分钟四季风寒风热调理,158,7
三里堂中医养生馆（奥克斯广场店）,武侯区,武侯区,5.0,单人90分钟腰背养元调理套餐,138,9
初心养生按摩spa（香年广场店）,武侯区,银泰城,5.0,单人乐享养生spa,588,7
初心养生按摩spa（南门店）,武侯区,桐梓林,5.0,单人乐享养生spa,588,7
悦尔美容养生会所,武侯区,银泰城,4.0,单人瑶族原生态草本泡浴1次,88,6
怡康堂,武侯区,红牌楼,4.6,精油足疗,68,5
段掌门,武侯区,火车南站,3.5,单人洗脚,45,0
中骨堂,武侯区,外双楠,4.0,单人正骨＋（祖传膏贴、艾灸、刮痧三选一）,120,0
中医养生堂,武侯区,外双楠,3.5,单人精品浴足,72,0
安然纳米汗蒸（南苑店）,武侯区,武侯区,3.5,单人筋骨养护透皮蒸疗,198,0
浣足苑（大石西路店）,武侯区,大石路,3.8,春风雨露养生单人套餐,238,0
魏氏按摩店,武侯区,伊藤/世豪广场,5.0,单人草本泡脚一次,10,0
茉西烘焙,武侯区,红牌楼,5.0,缤纷水果慕斯花盒（鲜花生日蛋糕）,288,0
世龙世家手足健康连锁（青羊区金瓯路店）,青羊区,金沙遗址,4.2,泡脚足浴+修脚护理单人套餐,9.9,26970
世龙世家手足护理连锁（青羊区玉泉街店）,青羊区,草市街,4.6,泡脚足浴+修脚护理单人套餐,9.9,26970
世龙世家手足健康连锁（青羊区浣花北路店）,青羊区,青羊宫,3.5,泡脚足浴+修脚护理单人套餐,9.9,26970
静逸堂功夫肩颈体验馆（青羊区店）,青羊区,青羊区,4.9,单人功夫肩颈一次,88,17002
静逸堂功夫肩颈（博蒂雅中鹏店）,青羊区,青羊区,4.1,单人功夫肩颈一次,88,17002
静逸堂功夫肩颈体验馆（光华街店）,青羊区,光华村,4.5,单人功夫肩颈一次,88,17002
静逸堂功夫肩颈体验馆（光华东四路店）,青羊区,鹏瑞利.青羊广场,4.3,单人功夫肩颈一次,88,17002
静逸堂功夫肩颈体验馆（青羊区灵麟店）,青羊区,府南新区,4.3,单人功夫肩颈一次,88,17002
静逸堂功夫肩颈（紫伊阁青羊店）,青羊区,琴台,4.7,单人功夫肩颈一次,88,17002
静逸堂功夫肩颈（卡兰美丽店）,青羊区,清江西路,4.2,单人功夫肩颈一次,88,17002
雅淇产后恢复中心,青羊区,金沙遗址,3.0,单人功夫肩颈一次,88,17002
静逸堂功夫肩颈（玉泉店）,青羊区,太升路,4.7,单人功夫肩颈一次,88,17002
静逸堂功夫肩颈（青羊大道店）,青羊区,金沙遗址,4.4,单人功夫肩颈一次,88,17002
静逸堂功夫肩颈（安娜会所店）,青羊区,优品道,4.0,单人功夫肩颈一次,88,17002
静逸堂功夫肩颈（自然美红墙店）,青羊区,宽窄巷子,3.5,单人功夫肩颈一次,88,17002
静逸堂功夫肩颈（天邑花园店）,青羊区,仁和春天,4.7,单人功夫肩颈一次,88,17002
钟益手推拿馆（外光华店）,青羊区,鹏瑞利.青羊广场,5.0,单人全身寻经推拿套餐,69.8,490
脊养堂,青羊区,成飞大道,5.0,单人刮痧/拔罐/艾灸3选1,10,425
渝富桥（鸿源店）,青羊区,太升路,3.7,陈艾足疗,148,421
健康足迹,青羊区,清江西路,5.0,单人足疗,58,420
脊康堂（同善桥店）,青羊区,府南新区,4.3,单人脊椎调理套餐,78,420
四叶草影院式浴足养生馆,青羊区,文殊院,5.0,单人足底调理+松腿+背部舒缓套餐,118,398
梦幻足道养生会所,青羊区,鹏瑞利.青羊广场,5.0,人生足道 免预约,68,398
拾壹脉灸堂（私房养生精品店）,青羊区,宽窄巷子,5.0,单人传统拔罐,9.9,384
花样年华3D影院式浴足城,青羊区,鹏瑞利.青羊广场,5.0,单人五行足道（新店开业特惠价）,108,386
王师推拿按摩,青羊区,太升路,5.0,单人精油推背1次,35,364
绿之韵保健按摩店,青羊区,清江东路,4.3,单人纤指足道1次,78,359
康逸推拿（石人北路店）,青羊区,府南新区,5.0,单人冬季调理,59,352
台灣御仙堂健康会馆（青羊總店）,青羊区,青羊区,5.0,台式单人足底调理套餐,128,330
小足道浴足馆,青羊区,鹏瑞利.青羊广场,4.9,单人自由组合1次,72,295
康人堂养生馆,青羊区,文殊院,5.0,单人拔罐/刮痧/走罐（3选1）,10,291
萨拜泰式养生会馆,青羊区,青羊区,5.0,单人舒缓足浴,88,290
富侨概念会所,青羊区,青羊大道,5.0,单人富侨概念会所健康浴足套餐,78,288
适普健（小南街店）,青羊区,琴台,4.7,单人全息养生足疗,98,272
金澜印象,青羊区,光华村,5.0,单人金澜足道,68,267
鑫源中医推拿理疗,青羊区,清江西路,4.3,肩颈调理,68,245
中养堂养生SPA,青羊区,成飞大道,4.7,水疗SPA,108,223
嘉兰馆Spa&Massage;（浣花公园店）,青羊区,仁和春天,5.0,泰式单人古法按摩,168,221
富侨,青羊区,金沙遗址,5.0,精品养生足疗、100分钟超值享受,119,202
渝富桥（光华精品店）,青羊区,优品道,5.0,精品养生足疗、100分钟超值享受,119,202
泰印象SPA公馆,青羊区,青羊宫,5.0,单人东南亚体验套餐,99,197
手艺足道,青羊区,金沙遗址,4.3,手艺足道单人足底精油按摩,98,186
梦浴养生（青羊店）,青羊区,府南新区,5.0,单人【梦浴spa＋指韵】套餐,398,145
脊柱梳理,青羊区,清江西路,4.8,单人脊柱梳理,45,129
名人苑SPA会所（城市名人酒店店）,青羊区,小南街,4.3,经典足浴,138,123
余氏专业理疗按摩（富力店）,青羊区,骡马市/文殊院,5.0,单人浴足套餐,55,120
张姐专业按摩,青羊区,草市街,5.0,单人【浴足套餐】,55,117
贵族盛宫影院式浴足养生会馆,青羊区,优品道,5.0,单人动感十足,79,115
魔指天堂（金沙店）,青羊区,金沙遗址,4.1,单人天堂足健,178,108
海云轩养生会所,青羊区,草市街,4.8,单人沐足80分钟,68,106
成都全医堂（金沙馆）,青羊区,金沙遗址,4.8,小儿推拿单次套餐,59.8,85
锦城足道（八宝街店）,青羊区,八宝街,4.1,单人刮痧或拔罐,9.9,84
锦城足道（四道街店）,青羊区,八宝街,4.6,单人刮痧或拔罐,9.9,84
武指馆盲人按摩院,青羊区,宽窄巷子,3.8,足疗套餐,20,78
敏敏按摩浴足,青羊区,文殊院,4.6,单人泰式按摩,45,77
古月中式美容SPA（宽窄巷子店）,青羊区,青羊区,5.0,单人肩颈疏淤散结精油spa{限一次体验｝,78,71
康典足道推拿会馆,青羊区,鹏瑞利.青羊广场,5.0,康典传统浴足,98,67
锦豪国际会所,青羊区,青羊宫,5.0,单人舒适浴足,68,70
承济堂诊疗馆,青羊区,杜甫草堂,4.2,单人夏季养生特惠拔罐,10,64
美好时光养生按摩SPA,青羊区,金沙遗址,5.0,养生SPA香薰精油护理,238,61
家富富侨（贝森店）,青羊区,优品道,5.0,单人精油开背1次贝森店,158,48
易妙私享養生spa馆,青羊区,清江东路,5.0,单人泰式精油spa（男技师）,218,43
莲华养生馆,青羊区,青羊区,4.5,单人肩颈调理套餐,90,40
佳华时代,青羊区,骡马市/文殊院,4.0,单人养生足道,98,38
足悦浴足店,青羊区,光华村,3.0,单人泰式按摩1次,198,34
手道堂私家精品养生堂（西安中路店）,青羊区,宽窄巷子,5.0,单人手道温经灸疗,88,30
憨手推拿馆,青羊区,鹏瑞利.青羊广场,5.0,单人憨手养生推拿＋火罐／刮痧,88,29
到家尚门（草市街店）,青羊区,草市街,5.0,单人养生精致SPA套餐,298,31
到家尚门（骡马市店）,青羊区,太升路/春熙路,5.0,单人养生精致SPA套餐,298,31
巴厘时光到家按摩,青羊区,优品道,3.5,单人香薰精油护理,238,28
禧足轩,青羊区,宽窄巷子,4.7,特价养身足浴,79,28
王氏中医推拿,青羊区,太升路,4.7,单人套餐,59,26
富侨员工店,青羊区,八宝街,5.0,单人精油推背,80,4
尚门啦-按摩养生Spa,青羊区,小南街,4.8,贵宾尊享spa套餐,498,3
钟益手推拿馆（金沙店）,青羊区,优品道,3.5,单人全身减压推拿,66.8,3
御芝都养生馆,青羊区,成温立交,5.0,面部刮痧,68,3
脊柱梳理（金沙店）,青羊区,金沙遗址,3.5,单人脊柱梳理套餐,45,2
到家啦上门美容养生（宽窄巷子店）,青羊区,宽窄巷子,5.0,单人淋巴净化护理,598,2
静候足道,青羊区,青羊区,3.0,单人芳香精油spa套餐,398,1
李一刀修脚浴足按摩（李一刀）,青羊区,鹏瑞利.青羊广场,3.5,泡脚足疗推拿单人套餐,68,1
御指足道,青羊区,优品道,4.4,单人御指纤足套餐,98,1
铂晶宫,青羊区,金沙遗址,3.5,颈肩腰护理,199,1
富侨员工店,青羊区,宽窄巷子,3.5,单人古典泰式保健,118,1
乾泰轩侵浴养生,青羊区,仁和春天,4.0,单人单次五行艾灸体验,28,1
手道堂养生馆,青羊区,青羊区,5.0,单人手道经络推拿,168,0
吉祥盲人按摩,青羊区,府南新区,5.0,单人刮痧,25,0
木源理疗（总店）,成华区,塔子山公园,5.0,单人足疗,68,726
木源理疗（花郡店）,成华区,万象城,3.5,单人足疗,68,726
曼斯特足浴,成华区,驷马桥/动物园,5.0,单人经典足浴,98,678
怡东国际spa中心,成华区,十里店,4.8,水疗spa,98,656
颐缘健康馆,成华区,财富又一城,5.0,单人慢推拿1次,88,469
脉轮推拿中心,成华区,电子科技大学/四川电视塔,5.0,单人颈肩腰护理一次,48.8,433
大東海,成华区,新华公园,4.5,单人东海浴足1次,69,380
郑姐按摩,成华区,望平街,5.0,刮痧火罐,38,309
魅力天堂,成华区,凯德广场,3.3,魅力天堂浴足套餐,88,291
通和能量养生馆,成华区,十里店,4.5,单人浴足+推拿套餐,68,255
韩蒸天下汗蒸养生会所,成华区,电子科技大学/四川电视塔,5.0,单人汗蒸次卡,18,245
三位一体脏腑推拿足疗按摩养生堂,成华区,财富又一城,5.0,单人肩颈腰推拿套餐,39.9,223
九致意象养生堂（24城店）,成华区,万象城,5.0,单人九致足道（70分钟）,128,200
金色年华,成华区,电子科技大学/四川电视塔,5.0,单人浴足,78,199
一草一木健康管理公司（八里店）,成华区,八里庄,3.0,肩颈精油理疗刮痧,9.9,179
聚星纳米汗蒸养生馆,成华区,双林路,5.0,单人传统拔罐,6.6,161
鑫苑富侨,成华区,成华区,4.0,足浴,88,151
林康推拿按摩浴足,成华区,新华公园,5.0,单人全身按摩1次+烤灯草本1次,42.8,143
余泓坊养生馆,成华区,八里庄,3.8,单人轻舟浴足,58,143
缘美坊美容养生馆,成华区,成华区,4.1,单人背部经络疏通,19.9,127
冯氏中医推拿,成华区,万象城,5.0,单人中式全身推拿,55,109
一休堂,成华区,驷马桥/动物园,5.0,泡脚+修脚（含修指甲 老茧 钳甲 去除角质）,26.8,91
魔指天下,成华区,新华公园,4.9,精油SPA单人套餐,198,89
国康推拿按摩,成华区,成华区,5.0,单人刮痧+火罐,35,79
方正中医针灸推拿理疗,成华区,成都东站,5.0,单人刮痧拔罐1次,40,75
万里修脚房,成华区,财富又一城,5.0,单人中草本泡脚+修脚,40,70
春天里SPA会馆,成华区,新华公园,3.6,单人特色藏密浴足套餐,68,67
姜艾益生祛寒湿主题养生（前锋店）,成华区,财富又一城,3.5,单人温度肩颈1次,78,62
丽道养生居,成华区,驷马桥/动物园,4.4,单人特色药蒸,38,55
一休堂,成华区,财富又一城,5.0,单人修脚,19.9,55
推拿足道（蓝光COCO国际店）,成华区,成华区,3.7,单人经穴推拿1次,55,49
人人足浴保健,成华区,双林路,3.5,单人人人足足浴经典套餐,88,49
古月浴足按摩,成华区,成华区,4.0,单人全身按摩,45,49
推拿足道（荆竹中路店）,成华区,驷马桥/动物园,5.0,单人生姜精油推背,75,38
完美缘经络养生馆,成华区,成华区,5.0,单人保健刮痧+火罐+艾灸,78,35
到家尚门（理工大学店）,成华区,万象城,5.0,单人养生精致SPA套餐,298,31
郭氏堂（万年场店）,成华区,万象城,4.2,单人基本调理,1,27
脊椎梳理,成华区,SM广场,3.9,单人脊椎梳理,38,25
杨氏专业修脚店,成华区,电子科技大学/四川电视塔,3.5,单人修脚3次,120,0
翠玉竹,金牛区,营门口,5.0,单人养肝浴足,68,593
半闲居,金牛区,花牌坊,4.0,单人休闲足浴,88,533
重庆家富富侨（人北店）,金牛区,人民北路,4.5,单人浴足套餐,88,480
渝富桥（龙湖国际店）,金牛区,五块石,4.2,单人浴足套餐,68,419
慕名堂医馆,金牛区,营门口,5.0,单人儿童推拿,75,381
心悦减肥理疗工作室（杞美养生减肥终点站）,金牛区,金牛区,4.9,单人拔罐,9.8,309
蓉城岁月,金牛区,花牌坊,4.6,单人舒缓足疗套餐,78,273
适普健（永陵路店）,金牛区,抚琴,4.7,单人全息养生足疗,98,272
合乐和经络推拿馆,金牛区,一品天下,5.0,单人合乐和足道套餐,148,254
荣纪养生馆,金牛区,一品天下,5.0,足御天堂,68,240
家富富侨（江汉店）,金牛区,北较场,5.0,单人高级足疗1次（江汉店）,118,233
和泰印象3D影院式浴足,金牛区,蜀汉路,5.0,单人和泰足疗,88,217
锦悦汇都,金牛区,金牛区,3.9,单人花式足道,68,211
金钰阳光推拿馆（星辉西路店）,金牛区,人民北路,4.5,单人寻经祛湿套餐,88,180
金苑富侨,金牛区,营门口,3.7,草本浴足,88,180
一草一木美容养生馆（金牛万达总店）,金牛区,金牛万达广场,5.0,肩颈精油理疗刮痧,9.9,179
尚都锦会水疗会馆（蜀汉路店）,金牛区,蜀汉路,4.7,单人仙女芳疗1次,458,176
伯爵丽都足道会馆,金牛区,五块石,4.0,单人养生足浴,88,149
颐养堂足道养生,金牛区,一品天下,5.0,单人颐养贵足浴,99,148
朗月沐莲足体养生馆,金牛区,花牌坊,5.0,单人朗月足道+背部舒缓套餐,98,138
梦回大唐,金牛区,火车北站/高笋塘,3.5,单人传统足道,58,134
英伦爵都,金牛区,营门口,5.0,足行天下,58,134
鼎族怡华（一品天下店）,金牛区,一品天下,4.9,肩颈护理+足穴,108,123
渝凤轩保健浴足,金牛区,抚琴,3.9,单人足底按摩+肩颈放松1次,49,116
筋骨堂,金牛区,金牛区,4.3,单人火罐1次,20,99
蓉艾堂健康养生,金牛区,西安北路／宽窄巷子,4.1,单人陈年艾饼足浴1次,78,99
足三里,金牛区,蜀汉路,5.0,单人足三里足道,88,93
肩技道（金牛万达店）,金牛区,金牛万达广场,5.0,单人肩颈循经梳理技术( 1次),78,93
一休堂（保利店）,金牛区,营门口,4.2,特色足疗,45,87
万港御都,金牛区,马家花园,3.7,万港御足,88,86
田之缘美容汗蒸,金牛区,西南交大,3.9,单人汗蒸套餐,19,78
龙凤至尊（一品天下大街店）,金牛区,西南交大,3.7,单人精品浴足,158,74
盲人按摩（青羊东二路店）,金牛区,西安北路／宽窄巷子,4.0,全身推拿,38,73
艾尚中医养生,金牛区,人民北路,4.7,单人罐疗,29.9,71
天源中医·足道养生,金牛区,金牛区,4.7,单人全息足道（店长推荐）,108,62
点将盲人按摩,金牛区,西安北路／宽窄巷子,5.0,蒸脚,15,54
中医理疗,金牛区,西南交大,3.8,单人精油推背,40,54
点将盲人按摩,金牛区,西安北路／宽窄巷子,4.7,蒸脚,15,54
伽薰阁美容汗蒸养生会所,金牛区,西南交大,5.0,单人艾灸套餐,9.9,52
上风上水棋牌足浴,金牛区,欢乐谷,4.0,4人桌游,120,48
富侨健康会所（奥林春天店）,金牛区,营门口,3.7,单人高级养生,298,44
比皇浴足,金牛区,梁家巷,4.2,五行足拿,59,39
回春健康理疗推拿按摩（五里墩分店）,金牛区,营门口,4.1,单人颈肩推拿,18.8,35
牛市口盲人按摩院（三分院）,金牛区,五块石,4.9,浴足,50,35
足悦到家按摩,金牛区,蜀汉路,4.1,单人泰式按摩1次,198,34
芯爱莱家浴足按摩养生spa,金牛区,西安北路／宽窄巷子,4.5,单人spa,398,34
一生益足道,金牛区,金牛区,3.8,单人油压套餐,168,30
到家尚门（金牛万达店）,金牛区,金牛万达广场,5.0,单人养生精致SPA套餐,298,31
爱脊堂,金牛区,沙湾会展中心,4.5,单人整体脊椎养护,68,28
人鱼传说会馆,金牛区,火车北站,3.1,单人风采足道,88,28
圣SPA,金牛区,人民北路,4.8,藏式养生套餐,178,29
太术推拿养生馆,金牛区,金牛区,5.0,单人颈椎、腰椎推拿1次,58,24
牛庄茶楼,金牛区,蜀汉路,4.4,刮痧＋拔罐,38,22
泰宏养生堂,金牛区,李家沱,4.7,单人尊皇套餐,228,21
举手之劳推拿馆,金牛区,金牛区,4.6,传统中式养生拔罐一次,15,21
仙指圣堂,金牛区,蜀汉路,4.1,单人魅力指压,188,17
遍地红盲人按摩,金牛区,营门口,3.5,单人拔罐,15.8,15
君龙俊颜馆,金牛区,一品天下,3.8,泰式,78,10
龙爵国际养生会所,金牛区,一品天下,3.0,单人西域籠颜套餐,498,10
润天年理疗,金牛区,蜀汉路,4.6,舒筋压穴单人套餐,65,9
按e下-上门推拿按摩专家,金牛区,沙湾会展中心,3.5,单人全身深度调理推拿,236,8
海兰晴天商务会所,金牛区,花牌坊,4.5,单人洗浴+海兰养生宝套餐,368,8
身心简净自然拍打工作室,金牛区,营门口,4.4,单人首次拍打调理体验,88,8
足能量万物春王师推拿理疗馆,金牛区,花牌坊,4.0,足疗套餐,48,8
尚门啦-按摩养生Spa馆,金牛区,金牛区,4.8,刮痧/拔罐/精油走罐,20,5
唐人一手整体养生院,金牛区,蜀汉路,4.0,肠道水疗,98,4
御福足浴,金牛区,金牛区,4.6,单人中式按摩,45,4
诚意修脚店,金牛区,人民北路,4.0,单人老姜水泡脚➕修脚,45,3
健康理疗养生馆,金牛区,人民北路,4.1,单人面部护理,45,3
合一堂艾灸馆,金牛区,营门口,3.5,单人雷火艾灸推拿,40,2
高师盲人按摩,金牛区,沙湾会展中心,4.2,单人刮痧/拔罐/石头烫背,88,1
康乐足疗馆（平安正街店）,金牛区,李家沱,3.5,康乐修脚套餐,28,0
天香韵茶府,金牛区,茶店子,3.5,单人魅力养生,268,0
安然纳米汗蒸养生馆（蜀汉路店）,金牛区,蜀汉路,4.5,单人艾灸1次,58,0
赛江南（红星路店）,锦江区,红星路,5.0,步步高单人浴足,99,38639
静逸堂功夫肩颈体验馆（创美时美容美体店）,锦江区,海椒市,4.1,单人功夫肩颈一次,88,17002
静逸堂功夫肩颈（王家坝街店）,锦江区,红星路四段,4.0,单人功夫肩颈一次,88,17002
静逸堂功夫肩颈（慈惠堂街店）,锦江区,春熙路/太古里,4.1,单人功夫肩颈一次,88,17002
静逸堂功夫肩颈体验馆（世纪经络）,锦江区,三圣乡,4.1,单人功夫肩颈一次,88,17002
静逸堂功夫肩颈（佳蔚花漾）,锦江区,IFS/香槟广场,4.5,单人功夫肩颈一次,88,17002
静逸堂功夫肩颈（首嘉合作店）,锦江区,万达广场,4.0,单人功夫肩颈一次,88,17002
静逸堂功夫肩颈（俏佳人净居寺南街店）,锦江区,静居寺,5.0,单人功夫肩颈一次,88,17002
静逸堂功夫肩颈体验馆（纤诺健康馆）,锦江区,九眼桥,3.5,单人功夫肩颈一次,88,17002
常乐足道（仁恒置地店）,锦江区,仁恒置地,5.0,常规调养60分钟套餐,119,16145
常乐足道（兰桂坊店）,锦江区,兰桂坊,4.0,常规调养60分钟套餐,119,16145
常乐足道（春熙路茂业店）,锦江区,春熙路,3.0,常规调养60分钟套餐,119,16145
重庆家富富侨（红星路店）,锦江区,红星路,4.5,单人草本足疗套餐,95,15660
金足印象3D影院式浴足（牛市口店）,锦江区,海椒市,5.0,足下生辉单人套餐,89.9,15459
洗四方,锦江区,莲桂南路,5.0,儒道足韵,118,10375
蓉城阳光推拿馆（东光店）,锦江区,东光小区,5.0,单人全身寻经推拿,52,6094
蓉城阳光推拿馆（经天路店）,锦江区,琉璃场,5.0,单人全身寻经推拿,52,6094
蜀都保健浴足,锦江区,春熙路,5.0,单人秘制足浴,118,4037
唐宫浴足堂,锦江区,万达广场,5.0,单人精品浴足套餐,148,3476
明希中医推拿馆,锦江区,大业路,5.0,单人肩颈腰推拿1次,78,473
泛亚爽足馆,锦江区,东大街,5.0,泛亚舒爽足浴,98,432
约尚佳按摩（春熙路店）,锦江区,锦江区,5.0,单人全身舒缓SPA,198,418
足源修脚浴足,锦江区,海椒市,5.0,单人足疗套餐,54,406
小蒲按摩,锦江区,东光小区,5.0,单人拔火罐+刮痧套餐,36.8,365
魔指天堂（王府井店）,锦江区,春熙路/太古里,4.5,体验间单人天堂足健,118,356
台灣御仙堂健康会馆（財富二店）,锦江区,大业路,3.5,台式单人足底调理套餐,128,330
洪盛浴足堂,锦江区,静居寺,5.0,单人养生浴足,96,325
大唐养生堂,锦江区,三圣乡,4.8,单人浴足1次,68,296
爱仕堡中医养疗艺术工坊（春熙精品店）,锦江区,春熙路,5.0,全身经络舒筋推拿（头疗+颈+肩+背+腰+手+腿）,78,287
总府路张师专业按摩,锦江区,春熙路/太古里,5.0,刮痧+火罐套餐,40,241
永正推拿,锦江区,牛王庙,5.0,单人全身推拿,66,222
传世百年推拿馆,锦江区,四川师大,5.0,单人推拿,55,216
倍健理疗工作室,锦江区,红星路,4.9,古方艾灸,19,204
九致意象养生堂（翡翠城店）,锦江区,万达广场,4.9,单人九致足道（70分钟）,128,200
拿手盲人按摩,锦江区,四川师大,4.7,全身推拿,42,173
仟兮养生堂（天紫界店）,锦江区,九眼桥,5.0,刮痧拔罐,25.9,173
渝富桥（海椒市店）,锦江区,海椒市,4.7,单人足疗,79,142
六脉神指,锦江区,春熙路/太古里,4.5,单人足疗3选1,42,139
足尚堂,锦江区,合江亭,4.2,足浴+艾盐温灸,58,109
肩技道（三圣街店）,锦江区,滨江路,4.6,单人肩颈循经梳理技术( 1次),78,93
锦莱康中医推拿足道连锁,锦江区,春熙路,5.0,经典足道优惠套餐,88,93
上善堂盲人推拿按摩,锦江区,万达广场,4.8,基础推拿套餐,68,92
小蒲按摩,锦江区,四川师大,5.0,单人刮痧加火罐套餐,36.8,80
富侨印象,锦江区,静居寺,4.2,单人精品养生足疗100分钟超值享受,109,75
杨杨修脚店,锦江区,三圣乡,4.5,泡脚＋修脚,30,74
缘善堂脊柱颈腰椎调理中心（脊椎医学）,锦江区,牛市口,5.0,单人缘善肩颈,98,71
推拿足道中医养生连锁（春熙店）,锦江区,IFS/香槟广场,5.0,【连锁】养生足疗+颈肩腰热敷+传统拔罐+温阳艾灸,88,67
缘善堂脊柱调理中心（净心缘店）,锦江区,九眼桥,3.5,单人脊柱全息推拿套餐,158,65
姜艾益生祛寒湿主题养生（沙河壹号店）,锦江区,静居寺,4.1,单人温度肩颈1次,78,62
美好时光按摩spa,锦江区,锦江区,4.1,养生SPA香薰精油护理,238,61
美好时光养生按摩spa,锦江区,九眼桥,3.5,养生SPA香薰精油护理,238,61
福阁养生,锦江区,春熙路/太古里,4.8,单人秘方泡脚+修脚,19.8,62
妙伊足疗保健按摩养生,锦江区,春熙路/太古里,5.0,单人妙伊精致养生SPA 保健按摩养身美容,399,60
魔指传奇（牛市口店）,锦江区,牛市口,5.0,单人传奇足疗,79.9,60
爱尚纳米汗蒸氧吧,锦江区,万达广场,5.0,单人甲油胶,29,56
蘭心中医推拿足道,锦江区,IFS/香槟广场,5.0,经络刮痧+热疗+艾灸,38,55
火炬手中医推拿足道连锁（春熙路店）,锦江区,IFS/香槟广场,5.0,暑假促：全息足疗养生（赠送传统拔罐）,60,54
渝富侨（琉璃店）,锦江区,琉璃场,3.6,精品足疗,88,55
慈丹阁中西结合推拿,锦江区,三圣乡,4.1,特级全身循经推拿60分钟,88,53
巴厘时光上门按摩,锦江区,春熙路/太古里,3.9,单人香薰精油护理,238,28
十指坊到家服务,锦江区,春熙路/太古里,4.8,单人养生SPA,298,27
唯吾知足上门美容按摩,锦江区,红星路四段,3.5,单人植物精油深度调理,298,26
焕颜美容养生会馆,锦江区,万达广场,5.0,单人肩颈艾灸一次,38,24
大唐养生,锦江区,三圣乡,4.7,单人浴足1次,68,22
鼎族怡华（琉璃店）,锦江区,万达广场,4.5,足穴+肩颈套餐,128,18
兄弟足疗推拿会馆,锦江区,锦江区,4.0,【韩姜】,58,13
三九养生馆,锦江区,三圣乡,4.3,单人精油开背1次,55,13
帕雅泰高空纯泰式按摩spa,锦江区,IFS/香槟广场,4.8,单人泰式精油SPA,338,11
经点按摩,锦江区,红星路,4.1,单人浴足,38,8
韵琴浴足按摩（二号店）,锦江区,万达广场,4.0,单人寻经取穴,66,7
静禅到家SPA,锦江区,IFS/香槟广场,4.7,单人经络舒缓SPA,198,8
世纪经络·美容养生馆,锦江区,三圣乡,4.5,单人卵巢护理,68,6
涌泉道SPA养生馆,锦江区,IFS/香槟广场,3.5,单人巴黎异域SPA+经典采耳,498,5
文新理疗馆（成仁店）,锦江区,河滨路,4.0,单人腰背护理套餐,68,5
星期八到家按摩馆,锦江区,IFS/香槟广场,5.0,单人养生调理,399,4
36沐足一外出SPA（人南分店）,锦江区,仁恒置地,4.6,单人泥灸养生spa,328,4
兰曦个人形象管理中心,锦江区,牛王庙,3.5,单人头部拔筋单次体验套餐,19.9,4
牛市口盲人按摩一分院,锦江区,东大街,5.0,单人精油推背,66,3
重庆富侨（锦江形象店）,锦江区,滨江路,3.7,单人富侨保健养生,198,3
逐源堂国医馆,锦江区,万达广场,4.9,代金券1张,80,2
到家啦上门服务（春熙路店）,锦江区,IFS/香槟广场,5.0,单人淋巴净化护理,598,2
颐福古中医养生馆,锦江区,万达广场,3.5,单人艾灸/刮痧/拔罐三选一,48,2
安然纳米汗蒸（海椒市店）,锦江区,海椒市,4.8,单人浴足,58,2
佳蔚花漾SPA馆（太古里店）,锦江区,IFS/香槟广场,5.0,【拔罐】单人砭石罐,88,1
朴艾堂康复调理中心,锦江区,三圣乡,4.5,单人四通排/毒,400,1
浪淘沙足浴按摩,锦江区,静居寺,3.5,单人足疗套餐,50,0
蒲氏中式康复中心,锦江区,四川师大,3.5,单人通经消疼1次,108,0
传世百年推拿馆,锦江区,琉璃场,4.5,单人肩颈调理,78,0
小文手疗,锦江区,水碾河,3.5,小儿手疗,118,0
静逸堂功夫肩颈（黛珊纳米汗蒸）,郫县,郫县,5.0,单人功夫肩颈一次,88,17002
静逸堂功夫肩颈（诗涵美容美体店）,郫县,犀浦,4.9,单人功夫肩颈一次,88,17002
静逸堂功夫肩颈（华邑阳光里店）,郫县,合能四季城,4.5,单人功夫肩颈一次,88,17002
静逸堂功夫肩颈（安靖御景路店）,郫县,郫县,4.2,单人功夫肩颈一次,88,17002
静逸堂功夫肩颈（郫县科华北路店）,郫县,郫县,4.3,单人功夫肩颈一次,88,17002
静逸堂功夫肩颈（琪鑫东大街店）,郫县,郫筒,5.0,单人功夫肩颈一次,88,17002
静逸堂功夫肩颈（（丽美养生店）,郫县,安靖,4.1,单人功夫肩颈一次,88,17002
静逸堂功夫肩颈（校园路店）,郫县,犀浦,4.5,单人功夫肩颈一次,88,17002
静逸堂功夫肩颈（蓝光幸福满庭店）,郫县,郫县,3.9,单人功夫肩颈一次,88,17002
静逸堂功夫肩颈（安美人海骏达蜀都店）,郫县,郫县,5.0,单人功夫肩颈一次,88,17002
静逸堂功夫肩颈（郫县鑫澜古芳店）,郫县,郫筒,5.0,单人功夫肩颈一次,88,17002
指上云间（红光店）,郫县,红光,4.5,单人足浴,99,5075
龙鼎会所,郫县,郫县,4.4,单人植物浴足1次,99,4880
花香满境足浴SPA指压,郫县,红光,5.0,单人花香SPA,198,3219
富华侨居,郫县,红光,4.9,单人浴足,88,2920
渝富桥（郫县望东路店）,郫县,郫县,4.9,单人浴足,88,1921
天遇阳春堂,郫县,郫筒,5.0,单人花漾指压,228,1899
花漾韩情,郫县,郫筒,5.0,单人花漾指压,228,1899
天海霞坤足浴养生会所,郫县,犀浦,4.7,单人足疗,98,1638
尚乐逸海足浴会所（郫县桃园店）,郫县,郫县,5.0,单人足浴1次,138,1470
肆维亨健康管理中心,郫县,犀浦,4.7,肆维足道单人套餐,98,1086
足浴地带,郫县,红光,5.0,单人太极御足,138,935
艾伊美美容美体SPA会馆（犀浦地铁店）,郫县,犀浦,5.0,单人肩颈护理-经络疏通-缓解压力,19.9,824
Ainnae美容美体工作室（荣胜和店）,郫县,红光,5.0,单人肩颈护理-经络疏通-缓解压力,19.9,824
艳丽美容美体彩妆工作室（交大店）,郫县,犀浦,5.0,单人肩颈护理-经络疏通-缓解压力,19.9,824
艾+美美容彩妆工作室（传媒学院店）,郫县,郫县,5.0,单人肩颈护理-经络疏通-缓解压力,19.9,824
橘子美容美体工作室（上锦颐园店）,郫县,高新西区,5.0,单人肩颈护理-经络疏通-缓解压力,19.9,824
Alice 美容美体养生会馆（1958广场店）,郫县,红光,5.0,单人肩颈护理-经络疏通-缓解压力,19.9,824
创美主题艺术美容会馆（龙湖时代天街店）,郫县,高新西区,5.0,单人肩颈护理-经络疏通-缓解压力,19.9,824
倪尚美主题美容会馆（新博新美店）,郫县,郫县,5.0,单人肩颈护理-经络疏通-缓解压力,19.9,824
爱尚美美容彩妆工作室（万景峰店）,郫县,红光,5.0,单人肩颈护理-经络疏通-缓解压力,19.9,824
静好美容养生会馆（龙城国际店）,郫县,红光,5.0,单人肩颈护理-经络疏通-缓解压力,19.9,824
素霓生养生美容美体会馆（蜀都万达店）,郫县,蜀都万达,5.0,单人肩颈护理-经络疏通-缓解压力,19.9,824
玉泰富侨会所,郫县,郫县,5.0,单人玉泰足浴,88,749
盛世逸都,郫县,红光,4.3,单人宫廷足疗1次,88,632
君安按保,郫县,红光,5.0,单人刮痧+火罐,36.8,453
加纳印象养生会馆（中海国际店）,郫县,中海国际,4.0,单人加纳皇室足道1次,78,422
舍卫养生中心,郫县,郫筒,5.0,单人肩颈理.疗,168,0
幸福港湾养生会馆,郫县,红光,3.9,单人浴足,88,0
静逸堂功夫肩颈（尊尚名媛美体养颜馆）,温江区,温江区,3.7,单人功夫肩颈一次,88,17002
静逸堂功夫肩颈（仁和春天大道店）,温江区,温江区,4.0,单人功夫肩颈一次,88,17002
仁豪名人酒店足浴（肯德基旁）,温江区,珠江国际,5.0,仁豪足浴套餐单人券,95,5658
渝富桥浴足保健店（渝富桥浴足保健店）,温江区,温江区,5.0,单人草本浴足,108,4714
龙韵浴足保健（温江店）,温江区,温江区,5.0,草本浴足按摩套餐,119,2248
尚品缘足浴会所,温江区,南浦盛宴,5.0,金典足道,108,2104
君悦驿站,温江区,南浦盛宴,5.0,单人玫瑰指压,198,1798
蓝天逸境·指压足浴SPA,温江区,珠江国际,5.0,花香SPA,198,1498
重庆富侨（柳浪湾店）,温江区,柳浪湾,5.0,单人富侨足道,78,1440
太极足道,温江区,温江区,4.0,单人皇式浴足1次,66,1188
富侨概念店,温江区,温江区,5.0,单人下午段精品浴足,79,904
春水暖养生馆,温江区,温江区,4.2,单人尚品足道,99,652
陈医师中医推拿,温江区,珠江国际,4.5,单人经络刮痧加穴位拔罐,29.9,495
养生足疗,温江区,珠江国际,5.0,单人拔罐刮痧套餐,35,203
小黄按摩中心,温江区,文庙,5.0,单人浴足,49.9,160
馨欣推拿,温江区,温江区,5.0,单人颈肩腰理经络1次,48,151
足康,温江区,温江大学城,4.5,足疗套餐,35,132
唯逸足道,温江区,珠江国际,4.0,单人唯逸SPA,189,119
脊柱梳理温江加盟店（温江怡和茗居店）,温江区,温江大学城,4.9,单人单次体验,39.8,117
谊康痛症推拿,温江区,柳浪湾,5.0,单人刮痧＋拔罐,33.8,112
名人至尊足疗会馆（名人会所）,温江区,温江大学城,3.2,单人五行spa,138,66
藏药理疗,温江区,温江区,5.0,刮痧+拔罐,30,57
御玺堂养生会所,温江区,温江大学城,5.0,单人足部足疗,128,52
小李盲人按摩院（赞元街总店）,温江区,文庙,5.0,单人拔罐,15,49
康丽堂,温江区,文庙,4.9,头部护理单人体验,25,49
来康盲人按摩,温江区,温江区,5.0,单人精油推拿,51.8,38
一周推拿馆,温江区,温江区,5.0,脊柱全息（推背）,88,37
温江艺林足道,温江区,珠江国际,3.7,单人足疗套餐（白天）,98,28
福寿堂艾灸馆,温江区,温江区,4.1,单人肩颈腰理灸1次,68,26
汗蒸艾灸人家社区生活馆,温江区,温江区,4.4,单人纳米汗蒸,9.9,22
碧斯美容美体生活馆（八里小区店）,温江区,珠江国际,3.5,背部酸麻胀痛调理套餐,78,20
王坤盲人按摩所,温江区,珠江国际,4.6,单人拔罐,10,19
专业修脚,温江区,柳浪湾,4.5,单人泡脚＋修脚,28.5,18
温泉鱼疗美甲,温江区,柳浪湾,3.8,单人温泉鱼疗,20,15
南阳盲人按摩（南阳盲人按摩店）,温江区,珠江国际,4.1,拔罐,9.9,13
成都脊椎养生馆,温江区,温江区,4.6,单人功夫肩颈一次,68,11
美尚米兰美容养生会所（温江店）,温江区,温江区,4.3,单人足浴45分钟,58,8
逸指缘,温江区,珠江国际,4.3,单人精油养生,288,8
成渝盲人按摩店,温江区,温江区,5.0,单人精油推背+刮痧套餐,66.99,7
优生活养生馆,温江区,珠江国际,4.0,单人拔罐,1,6
皇式中医养生馆,温江区,温江区,3.5,单人浴足足疗套餐,58,6
南阳盲人按摩中心,温江区,温江区,4.4,单人拔罐,16.8,4
静澄香苑 女性芳香疗法身心容养护,温江区,珠江国际,4.6,芳香精油舒压开背+腹部暖宫艾灸,128,2
温江芳池保健按摩店,温江区,温江大学城,4.0,单人足疗＋艾灸,62,1
郑氏足部反射疗法,温江区,南浦盛宴,4.0,单人单次体验,48,1
知足常乐浴足店,温江区,温江区,4.0,刮痧/拔罐2选1,9.9,1
富康盲人按摩,温江区,柳浪湾,3.5,单人刮痧＋拔罐,28,1
好又来盲人按摩,温江区,温江区,4.4,单人精油推背,48,0
中药养生馆,温江区,柳浪湾,3.5,单人脚气,55,0
夏师盲人按摩,温江区,温江区,4.0,单人精油经络净排30分钟,45.8,0
兴望盲人按摩,龙泉驿区,音乐广场,4.7,浴足1次,40,47
龙泉花香龙都汗蒸馆,龙泉驿区,北泉路,5.0,单人汗蒸,19.8,24
尊享国际养生会馆,龙泉驿区,音乐广场,4.0,单人砭石浴足,88,24
聚康堂按摩,龙泉驿区,十陵镇,4.8,《十陵镇》聚康堂腰椎（腰椎间盘突出或颈椎）专业调理一次,30,21
易善堂浴足、推拿,龙泉驿区,龙泉驿区,3.6,单人推拿,45,10
李氏盲人专业按摩,龙泉驿区,龙泉驿区,5.0,单人拔火罐,15,10
重庆家富富侨（龙泉钻石店）,龙泉驿区,音乐广场,3.9,单人精油养生,198,10
曾师盲人按摩,龙泉驿区,师大现代花园,5.0,单人精油推背30分钟+拔火罐,63,3
珈蓝养身馆（车城大道店）,龙泉驿区,龙泉驿区,4.1,火罐调理,18,3
典雅排毒拔罐,龙泉驿区,洪河/半边街,4.4,单人身体疼痛调理1次,128,2
长福盲人推拿,龙泉驿区,师大现代花园,5.0,单人肠胃保养,50,1
静逸堂功夫肩颈（东方秀美店）,彭州市,北大街,4.3,单人功夫肩颈一次,88,17002
盛世逸都足浴会所,彭州市,濛阳镇,4.8,单人浴足,88,366
适普健（牡丹店）,彭州市,彭州,4.6,单人全息养生足疗,98,272
适普健（彭州天府店）,彭州市,天彭镇,4.8,单人全息养生足疗,98,272
鑫道堂.花间漫品,彭州市,沃尔玛,3.5,古方足疗,88,126
百脉康复推拿,彭州市,彭州,4.3,单人全身经络推拿套餐,33,90
御驾金樽,彭州市,沃尔玛,3.4,皇室香浴,158,6
静逸堂功夫肩颈（都江堰市奎光东街）,都江堰市,都江堰,3.9,单人功夫肩颈一次,88,17002
静逸堂功夫肩颈（汇香坊店）,都江堰市,都江堰,4.3,单人功夫肩颈一次,88,17002
静逸堂功夫肩颈（巧儿养生景凤街店）,都江堰市,都江堰,4.5,单人功夫肩颈一次,88,17002
静逸堂功夫肩颈（文荟路岭秀都江店）,都江堰市,都江堰,4.3,单人功夫肩颈一次,88,17002
静逸堂功夫肩颈（都江堰艾尚美容店）,都江堰市,都江堰,4.1,单人功夫肩颈一次,88,17002
静逸堂功夫肩颈（克丽缇娜凉水井路店）,都江堰市,安顺小区,4.5,单人功夫肩颈一次,88,17002
静逸堂功夫肩颈（文荟路店）,都江堰市,都江堰,5.0,单人功夫肩颈一次,88,17002
静逸堂功夫肩颈（都江堰金瑞美容店）,都江堰市,天乙街,4.3,单人功夫肩颈一次,88,17002
静逸堂功夫肩颈（给您美品牌合作店）,都江堰市,玉带桥,3.9,单人功夫肩颈一次,88,17002
圣谛养生馆（都江堰店）,都江堰市,百伦广场,5.0,五行足道 90分钟 足底按摩加全身按摩,108,2883
泡泡鱼疗（杨柳河形象店）,都江堰市,杨柳河,5.0,单人泡泡鱼疗（30分钟）,18,2767
龙韵会馆（都江堰店）,都江堰市,都江堰,5.0,草本浴足按摩套餐,119,2248
御指堂养生会馆,都江堰市,天乙街,4.9,单人精品足浴,118,1458
重庆家富富侨养生会所,都江堰市,天籁村,4.3,单人草本浴足体验1次,98,1422
娟艺美容美体工作室（都江明珠店）,都江堰市,百伦广场,5.0,单人肩颈护理-经络疏通-缓解压力,19.9,824
金足阁,都江堰市,天和盛世,5.0,单人水疗SPA,138,755
芳林岩盘浴养生馆,都江堰市,都江堰,5.0,单人汗蒸,19.8,342
适普健（都江堰幸福店）,都江堰市,都江堰,3.5,单人全息养生足疗,98,272
静逸堂功夫肩颈（誉颜美容美体店）,新都区,新都区,4.1,单人功夫肩颈一次,88,17002
静逸堂功夫肩颈（芭莎美塑店）,新都区,斑竹园,4.7,单人功夫肩颈一次,88,17002
静逸堂功夫肩颈（大丰丽颜坊店）,新都区,大丰,4.3,单人功夫肩颈一次,88,17002
静逸堂功夫肩颈（凤颜宫店）,新都区,静安路,4.5,单人功夫肩颈一次,88,17002
茗都养生会所,新都区,新都区,4.0,单人功夫肩颈一次,88,17002
静逸堂功夫肩颈（新都新民云尚花容店）,新都区,新都区,4.2,单人功夫肩颈一次,88,17002
静逸堂功夫肩颈（香城北路店）,新都区,新都区,3.5,单人功夫肩颈一次,88,17002
静逸堂功夫肩颈（大丰家乐福店）,新都区,大丰,4.4,单人功夫肩颈一次,88,17002
静逸堂功夫肩颈（康乐邮电大厦店）,新都区,新都区,4.0,单人功夫肩颈一次,88,17002
静逸堂功夫肩颈（雅丽园名角店）,新都区,新都区,4.3,单人功夫肩颈一次,88,17002
静逸堂功夫肩颈（大天路店）,新都区,新都区,4.5,单人功夫肩颈一次,88,17002
静逸堂功夫肩颈（三河镇店）,新都区,三河场,3.9,单人功夫肩颈一次,88,17002
静逸堂功夫肩颈（新都雅丽汁美容店）,新都区,新都区,4.8,单人功夫肩颈一次,88,17002
静逸堂功夫肩颈（宜灸堂兴乐北路店）,新都区,缤纷时代广场,4.9,单人功夫肩颈一次,88,17002
壹露阳光,新都区,新都区,5.0,单人养生浴足套餐,98,6971
紫海仙指,新都区,静安路,5.0,紫海足浴,98,3658
鼎盛养生会所,新都区,四川音乐学院,5.0,经典足疗,78,2793
福音足疗养生馆,新都区,桂湖,4.6,单人足疗,32,87
浩天足浴,新都区,新都区,4.1,单人贵宾足浴,98,86
尚乐轩足浴会所,新都区,新都区,3.8,单人推拿按摩1次,198,80
足疗理疗,新都区,大丰,4.0,单人拔罐,9.8,61
岳亮自然养生馆,新都区,大丰,4.8,单人拔罐,9.9,49
新城养生会所,新都区,静安路,3.6,单人浴足,78,28
菲姿阁中式调理养生中心,新都区,桂湖,4.6,单人精油推背套餐,38,27
香城足业（新都店）,新都区,桂湖,3.5,单人足疗套餐,80,24
花都会所,新都区,大丰,3.5,普通足疗,98,18
大都足道,新都区,新都区,4.6,单人草本足疗,73,13
非凡足道,新都区,新都区,4.7,精油开背,50,10
天河盲人按摩,新都区,新都区,4.6,单人拔罐,15,9
新翔宾馆,新都区,新都区,3.9,御指浴足,48,8
顾师按摩（二店）,新都区,新都区,3.5,单人拔罐,12,7
顾师中医理疗艾灸堂（1店）,新都区,新都区,4.4,单人拔罐,12,7
康仁盲人按摩,新都区,新繁,3.7,单人精油推背半小时,50,4
北新湘都足道馆,新都区,大丰,4.4,中式足疗套餐,188,3
静逸堂功夫肩颈（大邑英英美容店）,大邑县,新世纪广场,5.0,单人功夫肩颈一次,88,17002
静逸堂功夫肩颈（南苑北路店）,大邑县,大邑,3.5,单人功夫肩颈一次,88,17002
静逸堂功夫肩颈（田之缘店）,大邑县,大邑,3.5,单人功夫肩颈一次,88,17002
功夫肩颈体验馆（大邑店）,大邑县,新世纪广场,4.9,单人功夫肩颈一次,88,17002
静逸堂功夫肩颈（大邑春天国际店）,大邑县,大邑,5.0,单人功夫肩颈一次,88,17002
龙韵浴足保健（大邑旗舰店）,大邑县,家乐福,5.0,草本浴足按摩套餐,119,2248
圣御轩足浴,大邑县,潘家街,4.3,轻松一刻单人浴足套餐,108,1244
翰林尚馆,大邑县,大邑,4.5,养生足浴一次,68,362
静逸堂功夫肩颈（白河路二段店）,双流区,东升镇,4.2,单人功夫肩颈一次,88,17002
静逸堂功夫肩颈（中和镇新中街店）,双流区,双流区,4.2,单人功夫肩颈一次,88,17002
静逸堂功夫肩颈（雪伊人）,双流区,城南优品道广场,4.2,单人功夫肩颈一次,88,17002
静逸堂功夫肩颈（帝雅养生店）,双流区,华阳,5.0,单人功夫肩颈一次,88,17002
静逸堂功夫肩颈（华阳创美店）,双流区,华阳,4.2,单人功夫肩颈一次,88,17002
静逸堂功夫肩颈（双流聚美店）,双流区,东升镇,4.1,单人功夫肩颈一次,88,17002
静逸堂功夫肩颈（竹岛店）,双流区,中和,4.1,单人功夫肩颈一次,88,17002
静逸堂功夫肩颈（二江路店）,双流区,华阳,3.0,单人功夫肩颈一次,88,17002
静逸堂功夫肩颈（三强北路店）,双流区,东升镇,4.5,单人功夫肩颈一次,88,17002
静逸堂功夫肩颈（伊水香榭美肤堂）,双流区,东升镇,4.4,单人功夫肩颈一次,88,17002
静逸堂功夫肩颈整体美（整体美）,双流区,华阳,4.1,单人功夫肩颈一次,88,17002
静逸堂功夫肩颈（慕和南道店）,双流区,双流区,4.0,单人功夫肩颈一次,88,17002
静逸堂功夫肩颈（清泰路一段店）,双流区,东升镇,4.0,单人功夫肩颈一次,88,17002
静逸堂功夫肩颈（涧槽街店）,双流区,东升镇,4.3,单人功夫肩颈一次,88,17002
静逸堂功夫肩颈（光明城市店）,双流区,双流区,3.5,单人功夫肩颈一次,88,17002
静逸堂功夫肩颈（兰姿养生店）,双流区,双流区,5.0,单人功夫肩颈一次,88,17002
美斯达美业,双流区,双流区,4.5,单人功夫肩颈一次,88,17002
佳上家（机场店）,双流区,双流机场,3.5,单人全身精油舒缓护理,268,33
佳上家（华阳店）,双流区,华阳,4.6,单人全身精油舒缓护理,268,33
爱尚贵族,双流区,双流区,4.5,单人精品浴足,128,30
御龙轩浴足房,双流区,华阳/戛纳湾,3.0,单人促销二选一,42,29
永康盲人专业按摩（棠湖春天店）,双流区,双流机场,5.0,精油开背,48.8,27
自强盲人按摩,双流区,华阳,5.0,精油开背,55,27
韩▪骨泰四维理疗（整脊推拿）,双流区,东升镇,4.0,单人颈椎调理,48,12
重庆富侨（中和店）（中和总店）,双流区,中和,3.9,单人富侨足浴,88,11
养足堂专业修脚房,双流区,东升镇,3.5,单人按摩+修脚+足疗套餐,35,9
永康盲人专业按摩（圣菲店）,双流区,双流机场,4.0,单人浴足一次,49.8,8
同仁盲人按摩,双流区,蛟龙港/海滨城,4.8,单人经络推背,56,4
益手足,双流区,东升镇,3.5,单人基础护理,19.9,4
天府新区华阳天池按摩店,双流区,华阳,3.5,单人玫瑰精油背部spa,108,2
刘先生修脚,双流区,华阳,3.5,单人修脚,24.9,0
普福养正堂（翰林上岛社区店）,双流区,双流机场,3.5,单人草本浴（10次）,1580,0
郭氏富侨,双流区,华阳,3.7,草本浴足套餐,88,0
