﻿商家,区域,商圈,星级,服务,价格,销量
水立方CEO会所,鼓楼区,五一广场/古田路,4.8,单人中式推拿/足浴2选1,138,17550
源生堂中医经络推拿,鼓楼区,东街口/三坊七巷,5.0,单人经络精油推背+刮痧/火罐套餐,108,17437
风采足浴,鼓楼区,鼓楼区,5.0,单人足按/推拿2选1套餐,125,15676
万佳汇健康会所,鼓楼区,金牛山/洪山桥,5.0,单人养身保健套餐,128,10256
香城健康会所,鼓楼区,铜盘路/软件园,5.0,泰式中推/香式足疗2选1 夜场套餐,109,10050
天星园高尚休闲会所,鼓楼区,鼓楼区,4.8,单人精油开背1次,138,9095
乐天泉足浴水疗会所,鼓楼区,五一广场/古田路,5.0,单人足浴/推拿2选1套餐,138,7512
康丽园休闲会所,鼓楼区,省立/旗汛口,5.0,中式推拿,109,7207
壹品足道（华福店）,鼓楼区,五一广场/古田路,5.0,单人足疗优享套餐,128,4601
鑫金鑫养生休闲会所（杨桥中路店）,鼓楼区,左海/西湖公园,5.0,鑫金鑫休闲养生会所推拿/足浴2选1,119,3182
鑫金鑫养生休闲会所（梅海园店）,鼓楼区,左海/西湖公园,4.8,鑫金鑫休闲养生会所推拿/足浴2选1,119,3182
康靓园足浴城（宏利店）,鼓楼区,五四路,4.8,单人康氏推拿套餐,148,2794
魔指仙境（五一路店）,鼓楼区,蒙古营,5.0,单人养生指压,258,2548
海悦会养生会所,鼓楼区,黎明/小柳市场,5.0,单人足疗/推拿2选1（全天通用）,118,2159
紫萱花文化主题养生会所,鼓楼区,省体/湖前,5.0,单人指压,258,2059
元和养生会所,鼓楼区,五四路,5.0,单人足按/推拿2选1+修脚,178,2028
abc休闲会所,鼓楼区,东街口/三坊七巷,4.2,ABC休闲会所单人韩式优指,219,1847
御尚阳光,鼓楼区,鼓楼区,5.0,单人花香养生,238,1685
泰自然（金龙店）,鼓楼区,温泉公园/福州广场,5.0,单人泰式精油套餐,169,1634
医健源推拿馆,鼓楼区,东街口/三坊七巷,5.0,单人全身推拿,69,1376
管氏金水桶休闲会所（乌山路店）,鼓楼区,乌山/冠亚广场,5.0,单人晚场足浴推拿2选1套餐,148,134
郑远元专业修脚房,鼓楼区,金牛山/洪山桥,4.0,郑远元单人舒克脚腾片,50,118
郑远元专业修脚连锁（西洪店）,鼓楼区,左海/西湖公园,4.6,郑远元单人舒克脚腾片,50,118
郑远元专业修脚房（杨桥西路店）,鼓楼区,金牛山/洪山桥,4.0,郑远元单人舒克脚腾片,50,118
郑远元专业修脚（大儒世家店）,鼓楼区,金牛山/洪山桥,3.9,郑远元单人舒克脚腾片,50,118
郑远元专业修脚（工业路店）,鼓楼区,乌山西路,4.4,郑远元单人舒克脚腾片,50,118
郑远元专业修脚房（西二环店）,鼓楼区,铜盘路/软件园,4.0,郑远元单人舒克脚腾片,50,118
台湾舒筋堂理疗馆,鼓楼区,省立/旗汛口,5.0,单人拔罐刮痧二选一,38,110
钦点养生足浴,鼓楼区,东街口/三坊七巷,4.2,钦点养生足浴,42,100
益生园中医经络推拿,鼓楼区,东街口/三坊七巷,5.0,单人精油推背+刮痧/火罐套餐,108,90
吴氏中医盲人推拿,鼓楼区,东街口/三坊七巷,4.0,单人经络穴位推拿+足浴,88,75
吴氏中医盲人推拿足浴中心,鼓楼区,省立/旗汛口,5.0,单人经络穴位推拿+足浴,88,75
郑远元专业修脚房（省府店）,鼓楼区,东街口/三坊七巷,4.7,单人艾草泡脚,54,74
鼓楼脊椎锤正疗法专业店,鼓楼区,鼓屏路/屏山公园,5.0,单人（拔罐·舒筋·艾灸）3选1,19.8,72
筋络堂,鼓楼区,鼓楼区,4.5,单人精油开背,88,68
道山盲人按摩,鼓楼区,乌山/冠亚广场,4.8,单人刮痧/拔罐2选1,28,64
星泉汤池,鼓楼区,鼓楼区,4.9,单人中式足浴/推拿2选1套餐,98,63
井泉深井温泉,鼓楼区,鼓楼区,4.2,单人足按/推拿2选一,93,48
康宁松筋养生馆,鼓楼区,津泰路/协和医院,4.4,单人拔罐,50,36
木可家生活馆,鼓楼区,东街口/三坊七巷,4.8,单人养发护理套餐,49.8,33
魁元堂,鼓楼区,五四路,4.2,经络油推,88,22
一笑堂足按推拿,鼓楼区,省体/湖前,3.9,单人保健足按1次,55,21
牧朗中医理疗养生馆,鼓楼区,铜盘路/软件园,4.5,保健刮痧拔罐基础调理套餐,88,18
中艾堂中医健康养生馆,鼓楼区,温泉公园/福州广场,4.5,经络推拿,98,18
经络康调理养护中心,鼓楼区,金牛山/洪山桥,4.3,单人拔罐,19.9,19
少林正骨堂,鼓楼区,左海/西湖公园,4.0,单人禅功推拿,89,17
陈氏中医理疗馆,鼓楼区,金牛山/洪山桥,4.7,单人推拿+艾灸+拔罐,108,17
小灯塔盲人康复按摩,鼓楼区,鼓楼区,4.8,精油开背,83,13
闽台养生馆,鼓楼区,鼓楼区,5.0,单人中式推拿/御享足疗2选1,138,10
好再来盲人推拿,鼓楼区,左海/西湖公园,4.2,单人刮痧拔罐套餐,55,9
世龙世家灰指甲手足连锁（白马南路店）,台江区,台江广场/元洪城,5.0,泡脚足浴+修脚护理单人套餐,9.9,26971
威尼斯养生SPA,台江区,大利嘉/汽车南站,4.8,单人足浴/推拿2选1,98,6841
水立方国际水疗会所,台江区,台江广场/元洪城,5.0,单人推拿/足浴2选1,138,6578
指醉今迷（东辉店）,台江区,工业路/茶亭,4.7,单人指醉指压套餐,118,6267
梦之湾休闲公馆,台江区,台江万达,5.0,单人中式推拿/中式足疗2选1,98,5499
海之梦盐浴会所,台江区,大利嘉/汽车南站,5.0,单人养身油压套餐,288,4913
洗来乐足浴保健养生堂,台江区,工业路/茶亭,5.0,单人推拿/足按2选1,112,3408
福正堂经络养生馆,台江区,台江广场/元洪城,5.0,福正堂拔罐/刮痧/微波护理3选1套餐,29.8,3188
鑫金鑫养生休闲会所（广达店）,台江区,工业路/茶亭,5.0,鑫金鑫休闲养生会所推拿/足浴2选1,119,3182
御乐会.足浴指压,台江区,工业路/茶亭,5.0,御乐会 足浴、推拿二选一,129,2789
古典足道,台江区,大利嘉/汽车南站,5.0,单人温泉足浴、推拿套餐2选1,118,2553
康丽养生会馆,台江区,中亭街,4.2,单人开背/松筋/足疗/汗蒸/刮痧5选1,38,2520
海悦温泉养生会所,台江区,台江区,5.0,白场足浴推拿2选1,88,2410
手牵手足浴城（排尾店）,台江区,台江广场/元洪城,5.0,单人精油开背1次,129,2347
老家人温泉水疗中心,台江区,工业路/茶亭,5.0,单人原创足疗,198,2103
华府天境港派足浴指压养生会所,台江区,台江广场/元洪城,5.0,单人华府精品按摩套餐,308,1474
易筋堂,台江区,台江万达,4.2,中式推拿,60.99,824
鱼情未了,台江区,中亭街,4.6,单人鱼疗1次,25,501
微步足道,台江区,台江万达,3.6,单人足浴/中式推拿1次,90,414
鑫皇庭养生会所,台江区,万象城,3.4,单人足浴/推拿2选1套餐,88,339
康佳来养生馆（武夷绿洲店）,台江区,台江万达,4.8,单人拔罐,30,22
悦尚养生公馆,台江区,工业路/茶亭,4.6,悦尚精品养生套餐,238,8
美伦推拿中心,台江区,帮洲新区/三保园,4.1,单人套餐4选1,48,7
祥康盲人按摩,台江区,台江区,4.8,单人特色足浴3选1,50,3
宏医堂养生馆,台江区,时代名城/文化宫,4.0,单人全身调理基础套餐,99,1
爱养生修脚会所,台江区,工业路/茶亭,3.5,单人富贵人生套餐,60,0
大千休闲会馆,晋安区,五里亭,5.0,单人白场足浴/中式推拿一节（2选1）,118,9359
水颐园养生会所,晋安区,世欧王庄,4.5,单人足浴/推拿2选1,98,7067
康之源养生馆（福新店）,晋安区,福新路,5.0,单人足浴/推拿2选1,130,5879
三都足道,晋安区,福新路,5.0,单人足浴/推拿2选1套餐,118,4657
康丽园高尚休闲会所,晋安区,五里亭,4.2,宫廷足浴/宫廷推拿 2选1,108,4389
鑫泉养生馆,晋安区,省图书馆/温泉路,5.0,足浴推拿2选1,98,4258
天星园,晋安区,东区/鼓山,4.0,单人宫廷足浴/养生推拿2选1,108,3255
御尚名仕韩式养生,晋安区,福新路,5.0,单人韩式经典,258,3237
爱丁堡尊贵养生会所（福祥店）,晋安区,紫阳/象园,5.0,单人养生套餐,128,2968
福邑温泉养生馆,晋安区,福新路,5.0,足浴/推拿 二选一,133,2528
水之梦养生会馆,晋安区,岳峰镇,5.0,单人足疗/推拿2选1,98,2289
三兴风采温泉养生（五四北秀山店）,晋安区,五四北,5.0,单人足浴/推拿2选1套餐（开业钜惠）,118,1935
九九养生（华林路店）,晋安区,华林路/茶园,5.0,单人九九足浴/推拿二选一,169,1270
泰自然（温泉店）,晋安区,省图书馆/温泉路,5.0,单人泰式精油套餐,169,1267
怡源轩养生健康保健会所,晋安区,晋安区,5.0,单人韩式养身,218,481
三沐推拿,晋安区,五四北,4.8,推拿套餐,68,464
养足堂专业修脚房,晋安区,华林路/茶园,5.0,足疗套餐B,49.9,447
名尚生活,晋安区,金鸡山公园,5.0,单人名尚足浴／推拿2选1,88,402
汇泽养生会所,晋安区,东二环泰禾广场,5.0,单人足浴/推拿2选1套餐,98,401
康生源足按推拿店,晋安区,世欧王庄,5.0,推拿套餐,62,378
九九养生（火车北站店）,晋安区,火车站,3.7,单人九九推拿,139,15
小余头盲人中医推拿,晋安区,岳峰镇,3.8,拔罐套餐,15,14
佰妙能量养生会所,晋安区,五四北,4.9,背部／肠胃／胸部／肩颈保养4选2,99,14
UN体能康复工作室（世欧店）,晋安区,世欧王庄,4.0,单人腰颈肩护理课程,98,12
康逸盲人推拿店,晋安区,华林路/茶园,3.5,推拿/足浴2选1套餐,50,12
明日之鑫,晋安区,五四北,4.0,单人开背套餐,88,10
齐馨盲人推拿,晋安区,晋安区,4.1,单人足浴/推拿2选1+刮痧+拔罐套餐,80,7
中医美容美体养生,晋安区,岳峰镇,3.8,单人艾灸养身1次,38,5
金帝商务酒店休闲中心,晋安区,金鸡山公园,3.8,单人足按/中式推拿/擦背3选1,48,4
安然纳米汗蒸养发经络养生馆（茶园斗门店）,晋安区,华林路/茶园,5.0,单人焦娇美人瘦身馆瘦身体验套餐,59,2
伊美韩都汗蒸美容美体会所（大名城店）,晋安区,岳峰镇,3.5,单人汗蒸加精油开背,118,2
万佳汇健康会所（上街店）,闽侯县,博仕后购物广场/福州大学城,5.0,单人足浴/推拿2选1,128,980
御足阁休闲会所,闽侯县,闽侯县,5.0,单人推拿,65,671
舒梦养生堂（甘蔗店）,闽侯县,闽侯县,4.6,单人推拿/足按2选1,98,444
康美推拿足浴,闽侯县,博仕后购物广场/福州大学城,4.8,单人养生推拿套餐,89,318
同心健康会馆,闽侯县,闽侯县,5.0,单人推拿足按2选1,98,166
微步足道（闽侯店）,闽侯县,闽侯县,4.2,单人推拿足浴套餐,99,71
养和堂,闽侯县,博仕后购物广场/福州大学城,5.0,单人颈肩养护套餐,99,48
康之家足浴推拿养生馆,闽侯县,闽侯县,4.7,单人足按,45,41
泰之然尊贵养生会所,闽侯县,博仕后购物广场/福州大学城,5.0,单人养生套餐2选1,128,42
养和堂（闽都店）,闽侯县,博仕后购物广场/福州大学城,4.7,单人小儿推拿保健脾胃套餐,99,15
心梦缘健康养生馆,闽侯县,闽侯县,3.7,油压+足浴,198,13
天韵御足养生会所,闽清县,闽清县,4.7,足浴/推拿2选1,70,907
养足堂修脚房（闽清分店）,闽清县,闽清县,4.8,中式草本足浴套餐,35.9,223
