﻿商家,区域,商圈,星级,服务,价格,销量
享乐一足,江宁区,江宁区,5.0,单人足疗+按摩+采耳套餐,128,648
艾沐堂艾灸足疗按摩SPA生活馆（利源中路店）,江宁区,东山镇,5.0,单人艾草足浴+推拿+艾灸足底保健套餐,139,623
庸中堂中医推拿经络养生,江宁区,将军大道沿线,5.0,单人推拿+膜贴+刮痧/群罐2选1,78,617
大脚板足部保健中心,江宁区,东山镇,5.0,单人保健按摩足疗套餐1次,89.9,595
御足轩,江宁区,胜太路沿线,5.0,单人全身精油SPA,198,542
子午流注推拿针灸馆,江宁区,东山镇,4.8,单人脊椎正骨矫正+推拿+拔罐套餐,78,498
龙腾盲人推拿中心,江宁区,东山镇,5.0,60分钟全身放松推拿+拔罐 盲人按摩 中式传统 单人次,68,475
手爱盲人推拿足疗保健中心（江宁金山路店）,江宁区,东山镇,5.0,单人推拿/足疗2选1+热敷全天套餐,76,477
锦和足道养生会所,江宁区,金轮新都汇/欧尚,4.3,单人心灵养生SPA,359,466
水源汇沐足养生馆,江宁区,东山镇,5.0,水源汇养生足疗,59,457
通脉盲人推拿足疗（桃园路1店）,江宁区,东山镇,5.0,单人中式推拿+足疗+拔罐+修脚套餐  全年无休,100,451
通脉盲人推拿足疗精油SPA养生馆（北沿路2店）,江宁区,东山镇,5.0,单人中式推拿+足疗+拔罐+修脚套餐  全年无休,100,451
通脉盲人推拿足疗（江宁万达3店）,江宁区,东山镇,5.0,单人中式推拿+足疗+拔罐+修脚套餐  全年无休,100,451
Malaysia泰皇玺泰式按摩SPA,江宁区,江宁金鹰/1912,5.0,单人泰式精油spa1次60分钟,188,434
10号足浴馆,江宁区,东山镇,5.0,单人藏式养生足浴,118,404
益然盲人推拿养生（文靖路）,江宁区,东山镇,5.0,单人盲人全身推拿＋拔罐,65,369
爱生盲人推拿,江宁区,东山镇,5.0,单人推拿套餐,68,363
乐福足道,江宁区,东山镇,3.5,单人乐福足浴一次（限时抢购）,59,363
乐福足道,江宁区,东山镇,5.0,单人乐福足浴一次（限时抢购）,59,363
醉青衣主题SPA汗蒸馆,江宁区,江宁区,5.0,八卦悬灸+单人（局部）中式推拿套餐,198,9
安然纳米汗蒸（东新南路店）,江宁区,东山镇,5.0,单人VIP包间汗蒸/肩颈调理2选1,58,6
狮子山盲人推拿,江宁区,江宁区,3.5,单人全身推拿,56,6
月亮轩养生馆,江宁区,江宁区,3.5,半山半水spa,300,6
皇嘉足浴保健会所,江宁区,江宁区,3.0,单人泰式按摩1次,93,6
萍生足道,江宁区,同曦商业圈,3.0,单人中华足道,58,6
水仙花足浴,江宁区,江宁区,3.5,单人足浴套餐,68,3
林源足道,江宁区,东山镇,3.5,单人足疗1次,48,2
瑞美亚国际美容中心,江宁区,东山镇,3.5,TBS背部理疗套餐,138,2
满足感足疗保健,江宁区,江宁区,3.8,单人泰式足疗套餐,158,1
感恩盲人推拿,江宁区,东山镇,3.5,单人足疗1次,59.9,1
辉煌足道,江宁区,东山镇,4.1,代金券,0.9,1
鑫豪足部保健中心,江宁区,江宁区,3.0,单人保养足疗一次,70,0
佳丽足道,江宁区,东山镇,3.5,单人精油开背套餐,116,0
涵曦体验馆,江宁区,东山镇,4.2,单人V脸体验套餐,29.9,0
艾梦养生馆,江宁区,禄口机场,3.5,单人精油推背1次,49,0
华江益康盲人推拿,鼓楼区,山西路/湖南路,5.0,单人推拿1次,57.8,679
谈指足道（虎踞路店）,鼓楼区,鼓楼区,4.3,单人足疗推拿全套套餐1次,78,644
中经堂（南京店）,鼓楼区,新街口/金轮,3.9,单人颈肩调理（推拿／按摩／艾灸／拔罐）套餐,228,637
中经堂(金盛摩尔店),鼓楼区,草场门/龙江,5.0,单人颈肩调理（推拿／按摩／艾灸／拔罐）套餐,228,637
金海玉堂健康足浴（虎踞北路店）,鼓楼区,大桥南路,5.0,单人金海玉堂SPA套餐,229,622
健康之家足疗,鼓楼区,南大/南师大,5.0,单人保养足疗+精油SPA套餐,109.9,591
君康养生（中山北路店）,鼓楼区,山西路/湖南路,4.9,三星养生推拿/三星养身足底（二选一）,158,496
君康养生（华侨路店）,鼓楼区,南大/南师大,4.3,三星养生推拿/三星养身足底（二选一）,158,496
人和盲人推拿保健中心,鼓楼区,三牌楼,4.7,单人推拿养生套组,69,469
足品港派SPA养生会所,鼓楼区,大桥南路,5.0,单人优品之梦spa1次,299,464
傅医堂中医推拿,鼓楼区,鼓楼广场,5.0,单人颈椎推拿调理,34.9,413
家和养生,鼓楼区,南瑞路/新模范马路,5.0,单人三星精油足浴/三星中式调理（2选1）,118,381
五彩阳光沙疗盐疗推拿足疗,鼓楼区,草场门/龙江,5.0,单人中式推拿1次,68,343
风雨舞足,鼓楼区,山西路/湖南路,4.3,单人足疗/推拿2选1,35,317
韩式推拿保健中心,鼓楼区,建宁路,5.0,单人全身中式推拿1次,68,286
川情谣水疗SPA养生会馆,鼓楼区,草场门/龙江,5.0,单人古典沐足套餐【春季酬宾】,58,278
金尊港派SPA,鼓楼区,鼓楼区,5.0,单人金尊SPA【特价】,189,270
元和推拿,鼓楼区,山西路/湖南路,4.3,单人养生推拿1次,69,238
洗喜乐足浴指压会所,鼓楼区,热河南路/三汊河,4.4,单人泰式按摩套餐,90,227
手爱推拿足疗保健中心（龙江店）,鼓楼区,新城市广场,4.8,单人推拿/足疗二选一套餐(赠拔罐/热疗二选一),108,212
康源足道,鼓楼区,南大/南师大,3.9,单人足疗+保健+推油套餐1次,128,42
水足天堂足疗,鼓楼区,环宇城,4.5,单人足疗+保健+推油套餐1次,128,42
尚文堂中医推拿店,鼓楼区,三牌楼,4.9,单人特惠拔罐,9.9,41
曼点经络养生减肥中心,鼓楼区,建宁路,4.8,曼点经络养生瘦身中心  拔罐/刮痧 套餐,19.9,33
贝诗泊蒂（中央路店）,鼓楼区,山西路/湖南路,4.6,单人贝诗泊蒂SPA套餐,29.9,32
逸境主题spa,鼓楼区,山西路/湖南路,4.8,单人雅致SPA一次,429,33
宗气堂,鼓楼区,环宇城,4.3,超值足浴套餐,50,31
推首身心堂,鼓楼区,建宁路,5.0,单人精穴养生推拿+头部刮痧+养生茶套餐,78.8,31
身强纳米汗蒸养生馆,鼓楼区,草场门/龙江,4.7,单人推拿套餐,38.8,27
智通盲人推拿（中山北路店）,鼓楼区,三牌楼,4.4,单人中式推拿1次,70.4,23
金骨康颈肩腰腿痛体验康复中心（姜家园店）,鼓楼区,热河南路/三汊河,4.5,单人颈肩腰椎体验,60,23
苏氏盲人按摩保健推拿中心,鼓楼区,环宇城,4.3,单人中式推拿／中式足疗二选一,58,22
十指堂推拿,鼓楼区,山西路/湖南路,4.5,全身推拿+刮痧或拔罐,69,22
颐和全品生活馆足韵SPA尊享馆,鼓楼区,新城市广场,4.3,颐和柔式按摩,109,21
蕲艾堂艾灸馆（鼓楼总店）,鼓楼区,环宇城,4.5,单人蕲艾灸套餐,48,20
千年灸艾灸养生堂,鼓楼区,环宇城,4.3,通阳艾灸套餐,48,18
正鸿庭经络推拿养生馆（中海环宇城店）,鼓楼区,环宇城,5.0,肩颈\腰部经筋推拿养生套餐,128,17
盈家茶会 足道SPA,鼓楼区,草场门/龙江,5.0,草本足浴,86,15
颐和名仕spa尊享馆（龙江店）,鼓楼区,新城市广场,4.4,单人颐和瑞典香薰SPA,398,15
川水谣足浴养身会所,鼓楼区,三牌楼,5.0,御皇养生,198,13
佲仕spa会所,鼓楼区,鼓楼区,4.0,佲仕尊享SPA套餐,498,14
一品足道,鼓楼区,环宇城,3.8,单人中式推拿套餐,68,12
足之堂,鼓楼区,鼓楼区,3.5,单人足疗+修脚套餐,30,12
御玺堂养生会所,鼓楼区,鼓楼区,4.7,单人御玺精油spa1次,208,11
郑远元专业修脚（凤凰西街店）,鼓楼区,环宇城,4.4,单人脚气足疗套餐,54,11
享沙湾中医养生,鼓楼区,环宇城,4.0,沙疗,48,11
盈如骨瑞康,鼓楼区,环宇城,4.3,单人骨瑞康五步罐套餐,88,10
宝骏经络养生馆（龙江金润发店）,鼓楼区,草场门/龙江,4.1,单人推拿+艾灸温补,79,8
德康盲人推拿,鼓楼区,草场门/龙江,4.9,经络穴位推拿,59.9,8
美尚佳美,鼓楼区,幕府西路,4.8,单人破尿酸面部深沉补水,9.9,7
山城足道（热河南路店）,鼓楼区,鼓楼区,3.0,单人推拿加踩背1次,89.9,6
知足堂,鼓楼区,草场门/龙江,3.5,单人老姜足浴,58,5
南京塞偲特调理馆（虹悦城店）,鼓楼区,三牌楼,4.8,单人敏感护理套餐,128,5
金陵盲人按摩中心,鼓楼区,南大/南师大,4.6,单人推拿一次,69,5
南京塞偲特调理馆（山西路店）,鼓楼区,山西路/湖南路,3.6,单人敏感护理套餐,128,5
仁心中医推拿养生,鼓楼区,鼓楼区,4.3,单人养生拔罐,20,4
北京同仁堂中医艾灸（云南路店）,鼓楼区,山西路/湖南路,5.0,单人肠胃保养,59,4
抱朴堂推拿养生馆,鼓楼区,建宁路,3.5,单人三伏推拿套餐,80,4
旺脚足道,鼓楼区,鼓楼区,3.9,单人尊享套餐,90,4
楼兰spa养生馆,鼓楼区,鼓楼区,4.5,单人港式spa,350,4
姿足堂养生馆,鼓楼区,南大/南师大,3.5,单人精油spa＋中式足疗套餐,168,4
宗元堂,鼓楼区,南大/南师大,4.5,单人脊柱整复推拿套系,198,4
威步足道养生馆,鼓楼区,三牌楼,4.1,单人丝/足套餐,348,2
百通经络调理中心,鼓楼区,山西路/湖南路,5.0,单人精油spa1次,158,2
推手盲人推拿（和燕路店）,鼓楼区,鼓楼区,4.8,单人特级推拿+养生茶套餐,129,0
紫薇阁足浴保健中心,鼓楼区,新城市广场,3.8,单人足疗1次,68,2
悬济堂（柏果园店）,鼓楼区,南瑞路/新模范马路,4.0,全身推拿＋问询（社保卡可用）,100,1
君麟SPA养生会所,鼓楼区,草场门/龙江,4.0,单人头部经络调理,218,0
吴氏中医推拿,鼓楼区,鼓楼区,3.0,单人悬灸+排/瘀套餐,88,0
国医堂（半山）,鼓楼区,草场门/龙江,4.5,单人感恩父母套餐,598,0
雲尚空間spa,鼓楼区,草场门/龙江,3.5,单人尊享SPA1次,399,0
一鼎筋骨,鼓楼区,鼓楼区,4.5,单人颈肩腰椎推拿＋刮痧套餐,279,0
世龙世家手足健康护理连锁（玄武区板仓街店）,玄武区,锁金村/南京林业大学,5.0,泡脚足浴+修脚护理单人套餐,9.9,26970
金陵金手指盲人按摩中心（珠江路店）,玄武区,北门桥,5.0,单人盲人足疗推拿养生套餐,60,17064
玛尔大夫（唯美妍科技美肤）,玄武区,珠江路沿线,4.6,美容护肤/经络养生/纤体（三选一）,98,6302
陆琴脚艺（高楼门店）,玄武区,高楼门,5.0,［全天通用］单人原生态绞股蓝足浴1次,129,5653
陆琴脚艺（黄埔路店）,玄武区,明故宫/后宰门,5.0,［全天通用］单人原生态绞股蓝足浴1次,129,5653
紫莱Z.SPA会所,玄武区,卫岗/下马坊,5.0,单人足疗养生套餐,88,4131
水沐足韵（南京1912店）,玄武区,总统府/1912商圈,5.0,单人水沐足道1次,189,3041
足春堂,玄武区,营苑北路/墨香路,5.0,单人足春堂黄金套餐,178,2138
灵指养生（维景国际大酒店店）,玄武区,明故宫/后宰门,5.0,单人中式推拿/养生足浴2选1,59.9,1922
隆泰堂洗浴汗蒸足疗（丹凤街店）,玄武区,珠江路沿线,5.0,单人汗蒸1次,28.8,1487
泰合玺·泰式按摩SPA（1912店）,玄武区,总统府/1912商圈,5.0,泰式精油SPA套餐,269,1452
御阁足道养生会馆（仙鹤门店）,玄武区,玄武区,5.0,单人推拿套餐,78,1305
安然纳米汗蒸养生馆（仙鹤茗苑店）,玄武区,仙鹤门,4.7,单人体验套餐1次,12.8,1259
华元和养生,玄武区,北门桥,4.7,单人全身推拿或足疗二选一,79.9,1180
名郡经络养生馆,玄武区,卫岗/下马坊,5.0,单人足疗养生,88,1109
指力推拿（洪武北路店）,玄武区,红庙街区,4.9,单人肩颈调理+腰部调理,39,953
康霞spa保健按摩中心,玄武区,玄武区,5.0,单人精油SPA保健按摩服务（派出服务）,299,736
恋足堂（丹凤街店）,玄武区,丹凤街,4.3,单人足疗推拿全套套餐1次,78,644
二叶堂足道会所,玄武区,红山路,4.1,49.9全身推拿套餐,49.9,578
君康养生（珠江路店）,玄武区,四牌楼/成贤街,4.7,三星养生推拿/三星养身足底（二选一）,158,496
安耐王spa推拿足疗精品店,玄武区,大行宫,5.0,单人盲人足疗推拿养生套餐,108,64
姐妹足疗,玄武区,孝陵卫/森林摩尔,4.5,单人足疗或推拿1次,40,62
郑远元专业修脚房,玄武区,红庙街区,4.8,单人黄莲排泄素,49.5,60
舒爽男士spa养生会馆,玄武区,营苑北路/墨香路,5.0,【限时优惠】尊享spa一次,339,54
轻妃堂塑形养生spa馆,玄武区,丹凤街,4.0,单人A套餐,68,53
天生盲人推拿,玄武区,明故宫/后宰门,4.8,单人全身推拿,49.9,53
一鼎筋骨（城东分店）,玄武区,卫岗/下马坊,4.6,单人特惠推拿＋拔罐／刮痧套餐,139,40
黄族焕盲人推拿中心,玄武区,北门桥,5.0,经络养生推拿,68,39
澜瑟spa旗舰店,玄武区,北京东路,4.6,单人澜瑟SPA 1次,398,33
达哥足道汗蒸馆（达达面馆）,玄武区,卫岗/下马坊,4.3,单人汗蒸1次,20,29
大汉足道,玄武区,火车站/玄武湖,4.7,单人肩颈放松+足疗,98,24
古道沙灸养生馆,玄武区,玄武区,4.9,单人古道沙灸1次,48.8,24
诗美诗格女子养生馆,玄武区,孝陵卫/森林摩尔,3.5,精油开背养生套餐,58,22
龙景温泉SPA会所,玄武区,紫金山/中山陵,3.5,单人洗浴1次,88,22
碧玺沙灸养生馆（长江路店）,玄武区,大行宫,5.0,三伏灸 单人碧玺沙灸养生套餐,48,21
戴维营SPA健康时尚中心（1912店）,玄武区,总统府/1912商圈,4.5,单人秋冬强腰保养套餐,248,11
秦氏推拿养生馆（珠江路小营店）,玄武区,总统府/1912商圈,3.5,单人推拿/足疗2选1,58.8,10
小贾足疗（龙蟠路店）,玄武区,火车站/玄武湖,3.5,单人生命之根套餐,70,6
瑰蜜养生坊,玄武区,火车站/玄武湖,3.5,瘦身单项体验,38,6
菩缇·私人会馆,玄武区,总统府/1912商圈,4.8,拔罐,30,6
扬州足艺,玄武区,锁金村/南京林业大学,4.4,单人足疗+精油开背+拔罐/刮痧/采耳三选一套餐,85,6
南京塞偲特调理馆（新街口店）,玄武区,大行宫,4.1,单人敏感护理套餐,128,5
淮顺堂,玄武区,高楼门,4.5,淮顺堂骨康药酒热敷（单人单部位）,39,4
通脉堂,玄武区,北门桥,4.0,单人足疗推拿二选一,78,4
静享养生足浴,玄武区,营苑北路/墨香路,3.5,单人推拿+采耳套餐,60,3
悬壶盲人推拿按摩保健中心（长江路店）,玄武区,曼度嘉年华/长江路,4.8,局部推拿套餐,39.9,3
宝岛spa会所,玄武区,曼度嘉年华/长江路,3.5,单人潮水spa,198,3
安然纳米汗蒸馆（鸡鸣山庄店）,玄武区,高楼门,4.5,单人养生推拿+拔罐+汗蒸,68,2
志凌足疗,玄武区,玄武区,3.8,单人志凌足浴一次,29.9,1
易通盲人推拿工作室,玄武区,玄武区,3.5,单人全身推拿套餐,90,1
扬州足浴馆,玄武区,丹凤街,3.6,美容面部提升,88,0
自然美美容美体中心,玄武区,徐庄软件园,3.5,精油开背套餐,68,0
舒脉堂,玄武区,曼度嘉年华/长江路,3.5,单人足疗1次,35,0
如意不夜城洗浴,玄武区,红庙街区,3.5,单人尊享spa1次,458,0
金鹏养生SPA会所（云河湾店）,建邺区,莫愁湖/水西门,4.5,单人牛奶中式足疗,78,58
经禅和中医推拿（金色家园店）,建邺区,莫愁湖/水西门,3.7,全身推拿,108,54
彭世修脚,建邺区,油坊桥/天迈广场,4.3,单人足浴一次,38,48
知足点,建邺区,油坊桥/天迈广场,4.1,中式推拿,38,47
安然纳米汗蒸养生馆（油坊桥店）,建邺区,油坊桥/天迈广场,5.0,单人精油开背套餐,49.9,38
癸源堂医道推拿馆,建邺区,建邺万达,5.0,单人传统调理3选1套餐,168,34
百草沐足（云锦路店）,建邺区,茶南美食/万达金街,4.1,单人修脚1次,28,34
金足阁足疗,建邺区,茶南美食/万达金街,4.3,单人中式足疗养生套餐,60,34
彩足堂养生馆,建邺区,中央商场/嘉业国际,4.2,艾草足疗+中式按摩,179,34
金奥费尔蒙酒店蔚柳溪水疗中心,建邺区,华灯坊/元通,4.9,单人蔚柳溪暖心体验套餐,428,30
Mr.SPA主题生活馆,建邺区,建邺万达,5.0,【新店开业】逸享spa一次,399,27
雷鸣推拿养生工作室,建邺区,中央商场/嘉业国际,5.0,单人经络推拿+拔罐/刮痧/调理/热敷四选一套餐,76,27
足玉阁,建邺区,中央商场/嘉业国际,5.0,单人足玉阁足疗一次,48,27
菩悦男仕SPA,建邺区,建邺万达,5.0,菩悦优想SPA,388,22
金御指按摩中心,建邺区,中央商场/嘉业国际,5.0,单人全身推拿,98,21
金艾通艾灸馆,建邺区,茶南美食/万达金街,4.6,单人全身调理灸,88,20
裕和堂养生会所,建邺区,莫愁湖/水西门,3.9,单人裕和养生套餐,98,17
木一源养生足疗店,建邺区,奥体中心,3.5,单人全身推拿,68,16
新瑞汗蒸推拿足疗养生馆,建邺区,应天大街/文体路,3.7,单人特色足疗1次,38,16
木一源养生足疗店（台湾名品城店）,建邺区,奥体中心,3.5,单人全身推拿,68,16
春之颜生活馆,建邺区,中央商场/嘉业国际,3.5,单人全身温灸任作卡,1980,0
一鼎筋骨（奥体分店）,建邺区,奥体中心,4.0,单人颈肩腰椎推拿＋刮痧套餐,279,0
骏康源养生会馆,秦淮区,新街口地区,5.0,单人草本沐足,86,960
扬州足艺（长白街店）,秦淮区,夫子庙/水游城,3.7,单人足疗保健套餐,37.9,854
金仓庚养生馆,秦淮区,升州路/集庆路,4.1,单人足疗1次,48,590
尚水阁,秦淮区,升州路/集庆路,5.0,单人精品SPA,428,539
阿明汗蒸足疗保健按摩养生俱乐部,秦淮区,夫子庙/水游城,5.0,纳米汗蒸一次,18.88,423
白鹭养生馆,秦淮区,夫子庙/水游城,5.0,单人中式推拿+足疗+拔罐/刮痧/艾灸3选1,108,385
浩漢盲人足疗按摩保健中心（西方巷店）,秦淮区,新街口地区,5.0,单人经典盲人推拿足疗2选1,59,381
隆泰堂（瑞金路店）,秦淮区,瑞金路沿线,5.0,单人精油足疗1次,68,363
明指缘盲人推拿足疗（水游城店）,秦淮区,夫子庙/水游城,5.0,推拿足疗二选一套餐,54.9,367
徽足堂,秦淮区,夫子庙/水游城,5.0,单人足疗套餐,39,314
龙宫沐足,秦淮区,苜蓿园,4.5,单人养生足浴,98,257
指舒堂盲人推拿中心,秦淮区,常府街/长白街,5.0,全身经络推拿或足疗二选一,59.9,221
我爱健康盲人保健按摩养生中心,秦淮区,新街口地区,4.1,单人养生套餐,212,213
容平保健,秦淮区,夫子庙/水游城,5.0,单人足疗+按摩套餐,89,210
五木堂盲人推拿按摩中心,秦淮区,新街口地区,5.0,全身推拿／养生足浴,59.9,218
益指堂足疗,秦淮区,新街口地区,4.5,单人全身精油1次,158,189
中一盲人推拿足疗,秦淮区,苜蓿园,5.0,单人中式推拿1次,68,187
北海足道养生会所,秦淮区,秦虹/大明路,4.0,单人益足足疗套餐,78,142
手足情足疗养生会所,秦淮区,新街口地区,3.5,单人足疗养生套餐,66,135
邦妮保健按摩服务中心（秦淮区店）,秦淮区,新街口地区,5.0,单人养生套餐,298,136
舜源盲人推拿（大行宫店）,秦淮区,常府街/长白街,4.2,舜源经络推拿或藏红花足疗二选一,90,132
康盛盲人按摩,秦淮区,夫子庙/水游城,5.0,单人全身经络推拿,68,121
指康养生中心（淮海路店）,秦淮区,新街口地区,4.5,单人足疗/推拿二选一,68,116
君悦美容美体生活馆,秦淮区,新街口地区,4.9,单人拔罐刮痧2选1套餐,29.9,108
水易spa沐足,秦淮区,夫子庙/水游城,5.0,单人足浴套餐,99,106
身心康经络调理中心,秦淮区,常府街/长白街,5.0,颈椎腰椎调理1次,88,105
大明湖脚艺（天一阁旗舰店）,秦淮区,常府街/长白街,5.0,香浴盐足浴+脚底拔罐/肩颈刮痧二选一,88,95
芳草足艺中心,秦淮区,夫子庙/水游城,3.8,单人足浴1次,49.9,93
福康盲人推拿,秦淮区,夫子庙/水游城,4.9,单人经络推拿套餐,60,90
扬州足道（三山街店）,秦淮区,升州路/集庆路,4.3,单人足疗+采耳,59,86
潘络源中医养生会所,秦淮区,常府街/长白街,5.0,单人推拿1次,39.9,80
纳米汗蒸经络养生调理,秦淮区,苜蓿园,5.0,单人经络推拿（送汗蒸）1次,68,76
盛典SPA,秦淮区,夫子庙/水游城,4.4,单人盛典养生SPA,208,69
尚翔阁养生馆（升州路店）,秦淮区,升州路/集庆路,4.5,单人牛奶足浴套餐,88,61
京隆纳米汗蒸美容spa养生馆,秦淮区,夫子庙/水游城,5.0,单人刮痧+拔罐套餐,40,55
经禅和中医推拿（新世纪广场店）,秦淮区,常府街/长白街,5.0,全身推拿,108,54
学文盲人推拿（琵琶小区店）,秦淮区,夫子庙/水游城,4.6,全身推拿,78,41
落脚点,秦淮区,秦虹/大明路,3.8,单人足疗精油养生套餐,128,41
悬壶盲人推拿按摩保健中心（新街口店）,秦淮区,新街口地区,5.0,开业超值：全身推拿＋足疗,109.9,41
仕尊男士spa养生会所,秦淮区,苜蓿园,4.0,养生spa一次,380,38
南京上韵瑜伽养生会所,秦淮区,新街口地区,3.5,单人单次一对一悬灸,199,0
秦淮中医推拿,秦淮区,瑞金路沿线,3.6,单人多项推拿+拔罐套餐,120,0
肖毅盲人按摩（来凤街店）,秦淮区,升州路/集庆路,3.4,单人中式推拿,78,0
指尚云间,栖霞区,晓庄广场,5.0,单人足疗洗浴套餐,118,4563
重庆家富富侨（仙林店）,栖霞区,栖霞区,5.0,单人中式足疗套餐,88,2811
足生堂（晓庄店）,栖霞区,栖霞区,5.0,单人精品足浴1次,128,2360
水沐足韵（马群店）,栖霞区,马群街道,5.0,单人水沐足道套餐,138,1886
千千足浴（学则路店）,栖霞区,爱尚街区,5.0,单人足疗套餐,58,1755
老房子足浴,栖霞区,新港开发区,5.0,单人经典足浴套餐,110,1728
重庆家富富侨（马群店）,栖霞区,马群街道,5.0,单人富侨足浴1次,78,1362
御阁足道养生会馆（仙林大学城店）,栖霞区,大成名店,5.0,单人推拿套餐,78,1305
足生堂（万寿店）,栖霞区,万寿商业街,5.0,单人经络养生套餐1次,125,1282
丁老师推拿工作室,栖霞区,迈皋桥老街,5.0,单人推拿套餐,68.8,850
明心中医养生推拿（迈化路店）,栖霞区,万寿商业街,5.0,单人推拿科中式推拿1次,68,769
观塘居足疗保健（晓庄店）,栖霞区,晓庄广场,4.5,经典足浴,66,743
足鼎汇足道（马群店）,栖霞区,马群街道,5.0,单人精油开背套餐,148,714
舒络足疗养生馆,栖霞区,东城汇,5.0,单人足疗推拿套餐1次,128,670
天之手洗浴足疗推拿会馆（迈皋桥旗舰店）,栖霞区,栖霞区,5.0,［十年专业品质］单人中级养生保健+洗浴套餐,248,627
九香堂,栖霞区,栖霞区,5.0,单人艾灸拔罐刮痧三选一,9.9,491
曼度spa,栖霞区,栖霞区,5.0,单人雲尚SPA,298,366
宁宮沐足养生公馆,栖霞区,大成名店,5.0,单人中式足浴套餐,68,354
康怡盲人推拿足疗中心,栖霞区,爱尚街区,4.9,单人盲人专业推拿套餐,92,340
瑞丽池洗浴足疗,栖霞区,栖霞区,4.7,男单人浴资+擦背套餐,30,244
蜂邻健康养生馆,栖霞区,马群街道,4.0,单人肩颈调理+经络检测1次,138,0
世龙世家手足健康连锁（六合区延安路店）,六合区,凤凰山公园,4.8,泡脚足浴+修脚护理单人套餐,9.9,26970
世龙世家手足健康护理连锁（六合区新华西路店）,六合区,六合区,4.7,泡脚足浴+修脚护理单人套餐,9.9,26970
桃源足浴会所,六合区,六合区,5.0,养生足疗套餐,128,3083
汉珏会所,六合区,十村,5.0,单人精品足浴,118,2420
灵心指盲人按摩（杨庄分店）,六合区,六合区,5.0,全身推拿,69.9,1327
足道（秦苑路店）,六合区,秦苑路,4.1,单人精品套餐,88,1260
足道（白果路店）,六合区,六合区,4.5,单人精品套餐,88,1260
舒雅洗浴汗蒸休闲中心,六合区,园林商圈,4.8,单人精品保健套餐,148,845
好轻松推拿,六合区,平顶山路-扬子,5.0,单人经络养生推拿足疗二选一,59.9,568
纤蝶美容养生,六合区,十村,5.0,单人拔罐套餐,9.9,553
康益理疗馆,六合区,西门,4.7,康益理疗馆贵宾理疗套餐,58,411
姜氏推拿,六合区,六合区,5.0,单人推拿刮痧拔罐套餐,48,350
足瑞堂休闲洗浴中心,六合区,六合区,5.0,洗浴门票＋足疗（满堂红）,178,296
周锡祥推拿,六合区,六合区,4.7,单人穴位拔罐,18,221
隆泰足艺堂,六合区,六合区,4.1,单人足浴,49.8,214
扬州足疗,六合区,龙海商圈,4.5,单人精品套餐2,78,164
金足堂,六合区,六合区,4.1,足疗+按摩+修脚一项1次,88,140
汉爵足浴,六合区,六合区,4.5,单人豪华A按摩套餐,88,125
棠城足疗,六合区,凤凰山公园,3.5,单人超值养生足疗,38,114
御康理疗馆,六合区,时代广场商圈,4.3,单人养生保健10选1/1次/40分钟,35,1
安然纳米汗蒸养生馆（六合旗舰店）,六合区,六合区,4.3,单人经络调理体验1次,38,0
1930一分店,六合区,六合区,4.0,单人亲亲鱼疗套餐1次,38.8,0
苏扬足疗,六合区,六合区,3.5,特色单人套餐,100,0
舍得盲人推拿,六合区,六合区,3.5,单人中式推拿,78,0
乐享足疗,六合区,凤凰山公园,3.0,单人乐享足疗,39.8,0
1988桑拿足疗会所,雨花台区,铁心桥/楚翘城,5.0,单人浴资,9.9,10303
蓝岸足浴（3G店）,雨花台区,铁心桥/楚翘城,5.0,单人足疗+推拿组合套餐,135,2510
宫廷足道,雨花台区,西善桥/油坊桥,5.0,单人超值足疗套餐,55,1677
首爱盲人推拿,雨花台区,铁心桥/楚翘城,5.0,单人超值推拿组合套餐,59.9,1476
泰合玺·泰式按摩SPA（虹悦城店）,雨花台区,虹悦城,5.0,泰式精油SPA套餐,269,1452
舒润盲人推拿,雨花台区,雨花台区,5.0,单人经穴养生推拿,69,961
优享纳米汗蒸养生馆（板桥店）,雨花台区,花生唐/板桥,5.0,单人纳米汗蒸1次,9.9,765
文强盲人推拿,雨花台区,铁心桥/楚翘城,5.0,单人推拿套餐,76,763
圣宫养生会所,雨花台区,雨花台区,4.5,精油足疗,78,738
雷子养生足道,雨花台区,南京南站/明发,4.0,单人养生足道套餐,108,363
盲人经络足疗养生馆,雨花台区,花生唐/板桥,4.7,单人深层经络推拿,88,329
佳佤盲人推拿足疗中心（大周路店）,雨花台区,花生唐/板桥,4.6,单人盲人推拿养生,79,326
佳佤盲人推拿足疗中心,雨花台区,虹悦城,5.0,单人盲人推拿养生,79,326
秀陶足道养生馆（永乐路店）,雨花台区,紫荆广场/宜家,4.8,单人超值足疗按摩套餐,68,266
名正堂（紫荆广场店）,雨花台区,紫荆广场/宜家,4.8,单人DDS生物电经络1次,50,250
泓润然休闲养生会所,雨花台区,花生唐/板桥,5.0,单人养生汗蒸1次,9.9,250
静韵堂盲人推拿按摩馆,雨花台区,虹悦城,5.0,单人尊享推拿1小时,69.9,205
足语堂,雨花台区,虹悦城,5.0,单人足疗＋足底罐＋锤脚特惠套餐,49.9,203
古今足道,雨花台区,铁心桥/楚翘城,4.9,单人养生足疗+全身推拿1次,128,187
千释按摩保健中心,雨花台区,紫荆广场/宜家,4.5,经络刮痧,35,177
千足缘会所,浦口区,浦口区,3.0,单人足疗+中式按摩,88,36
贝诗泊蒂,浦口区,南京信息工程大学,4.3,单人贝诗泊蒂SPA套餐,29.9,32
国颐堂中医推拿（桥北店）,浦口区,华侨城,5.0,单人经络推拿1次（60分钟）,49.9,28
紫月足浴会所,浦口区,明发外滩广场,5.0,泰式按摩+中式足疗,98,28
蓉道足艺,浦口区,浦口区,4.1,单人养生足浴加全身SPA套餐,169,24
扬州足疗,浦口区,浦口区,4.5,单人超值足疗,50,21
中正堂,浦口区,浦口区,5.0,单人肩颈专项调理/腰腿专项调理,78,20
沁心园休闲养生会所（桥北金盛店）,浦口区,浦口区,4.5,单人风雅SPA,268,15
鑫泊湾足疗会所,浦口区,明发外滩广场,4.9,精品SPA,468,14
足留香足部保健,浦口区,浦口区,4.0,单人鱼疗体验1次,19.8,14
尚足足浴会所,浦口区,明发外滩广场,4.3,玉足松体,199.9,14
灸艾堂中式养生艾灸馆,浦口区,浦口区,3.5,单人火罐（后背/腹部/腿部）1次,13.13,13
易指经络中医推拿馆,浦口区,浦口区,4.6,五行火罐,18,12
古韵专业纤体养生,浦口区,浦口区,3.5,单人养生套餐,38,11
智足,浦口区,浦口区,3.8,足浴,35,8
御龙轩,浦口区,浦口区,3.0,单人全身指压1次,88,7
太极灸吧,浦口区,明发外滩广场,3.5,单人中式推拿+火罐套餐,58,7
ACN经络美容养生馆,浦口区,浦口区,4.5,单人坐灸体验一次,8.8,4
妙手盲人推拿,浦口区,浦口区,3.5,全身穴位推拿+拔火罐,68,4
学友足疗,浦口区,浦口区,3.5,单人艾草足疗,40,3
爱康盲人推拿,浦口区,浦口区,3.5,单人肩部调理,59,0
