﻿商家,区域,商圈,星级,服务,价格,销量
世龙世家手足健康连锁（车站中路店）,芙蓉区,芙蓉区,5.0,泡脚足浴+修脚护理单人套餐,9.9,26970
世龙世家手足健康护理连锁（晚报大道店）,芙蓉区,马王堆,4.6,泡脚足浴+修脚护理单人套餐,9.9,26970
世龙世家手足健康连锁（芙蓉区芙蓉中路店）,芙蓉区,芙蓉广场,5.0,泡脚足浴+修脚护理单人套餐,9.9,26970
颐而康（汽车东站旗舰店）,芙蓉区,汽车东站,5.0,单人高桶养生足疗,100,19865
颐而康按摩（车站北路旗舰店）,芙蓉区,梦泽园,5.0,单人高桶养生足疗,100,19865
颐而康（马王堆旗舰店）,芙蓉区,马王堆,5.0,单人高桶养生足疗,100,19865
天之道（五一路店）,芙蓉区,袁家岭/火车站,5.0,优质养生标准足浴1次,78,11914
福康保健中心（五一广场店）,芙蓉区,五一广场,5.0,单人中式/养生足疗套餐,99,11375
天之道足浴（八一路店）,芙蓉区,八一路,5.0,单人贵宾标准足浴,119,7939
汉子足浴（婚庆公园店）,芙蓉区,古曲路/浏阳河婚庆文化园,5.0,单人泰式足浴1次,78,5439
足熙圆休闲会所,芙蓉区,马王堆,4.8,单人养生足浴,78,5361
天之道（同鑫家园店）,芙蓉区,古曲路/浏阳河婚庆文化园,5.0,单人80分钟标准足疗,149,3455
慧友足浴（晚报店）,芙蓉区,晚报大道,5.0,单人古典泰式足浴套餐,108,3404
天之道足浴（东站嘉茂店）,芙蓉区,汽车东站,4.8,单人中式草尚品足浴1次,109,3290
鸿远足浴（杨家山店）,芙蓉区,德政园/杨家山,5.0,神农足浴,69,3182
天之道（才子佳郡店）,芙蓉区,芙蓉区,5.0,70分钟商务单人足浴,129,2929
非常道足浴,芙蓉区,八一路,5.0,足浴,88,2461
天地人和养生驿站（人民东路店）,芙蓉区,古曲路/浏阳河婚庆文化园,5.0,单人固本扶阳,358,2290
天地人和养生驿站（车站北路店）,芙蓉区,五里牌,5.0,单人固本扶阳,358,2290
颐而康保健中心（解放东路店）,芙蓉区,人民中路/朝阳路/融圣国际,5.0,单人高桶养生足疗,90,2262
巴蜀鑫源保健,芙蓉区,马王堆,5.0,单人养生足浴,89,524
金指足浴,芙蓉区,马王堆,5.0,单人70分钟足浴,89,474
兴湘足浴养生会所（兴湘国际大酒店）,芙蓉区,马王堆,4.9,单人中式足浴,79,431
无为足道（晚报店）,芙蓉区,马王堆,5.0,单人60分钟中式足疗,159,402
名媛臻品足浴（马王堆店）,芙蓉区,马王堆,4.8,单人特价明星臻品足浴,129,393
风度俊容男士spa按摩养生会所（五一路店）,芙蓉区,五一广场,4.2,单人普罗旺斯香薰SPA,298,389
风度俊容男士spa按摩养生会所（人民东路店）,芙蓉区,德政园/杨家山,4.6,单人普罗旺斯香薰SPA,298,389
东之阳足道健康会所,芙蓉区,马王堆,5.0,60分钟单人标准足浴,89,359
紫御足道,芙蓉区,湖南农业大学,5.0,单人经典足浴（70分钟）,98,342
永政按摩足疗,芙蓉区,五一广场,5.0,中式养生足疗／中式养生推拿二选一,75,326
家富富侨（星典店）,芙蓉区,五里牌,5.0,古典足浴,108,313
知足常乐足浴保健,芙蓉区,五一广场,5.0,单人姜辽足浴套餐,78,282
天之恋足道,芙蓉区,马王堆,5.0,单人足浴,58,274
克丽缇娜（梦泽园店）,芙蓉区,梦泽园,4.0,保湿精粹护理,128,253
克丽缇娜（长岛路店）,芙蓉区,八一路,4.0,保湿精粹护理,128,253
克丽缇娜（芙蓉苑店）,芙蓉区,马王堆,4.0,保湿精粹护理,128,253
克丽缇娜（五一华府店）,芙蓉区,司门口,3.8,保湿精粹护理,128,253
克丽缇娜（湖湘店）,芙蓉区,芙蓉广场,4.0,保湿精粹护理,128,253
克丽缇娜（德政园店）,芙蓉区,德政园/杨家山,4.0,保湿精粹护理,128,253
骨圣堂（万家丽店）,芙蓉区,马王堆,5.0,单人颈肩劳损调理套餐,68,107
逸足轩足浴养生会所,芙蓉区,五里牌,5.0,70分钟普通足浴,98,97
中天大酒店休闲足浴城,芙蓉区,八一路,3.8,香薰经络推油1次,148,94
沐颜男士spa养生会所,芙蓉区,人民中路/朝阳路/融圣国际,5.0,西式经络调理,258,92
普天乐足浴（怡海店）,芙蓉区,八一路,5.0,单人经典足浴,78,83
乐巢spa会所（鴻盛大厦店）,芙蓉区,司门口,5.0,单人男士深度精油SPA,198,78
喜之足养生堂（步行街店）,芙蓉区,芙蓉区,5.0,单人古典足浴,49.9,79
明姐健康养生馆,芙蓉区,马王堆,5.0,单人拔罐体验一次,9.9,79
紫东阁华天足疗,芙蓉区,五里牌,5.0,单人特惠足疗（60分钟）,88,76
瑞健保健按摩工作室,芙蓉区,马王堆,5.0,单人颈肩腰腿推拿护理套餐1次,80,74
沁元堂养生会所（精品店）,芙蓉区,梦泽园,4.1,单人头部护理深睡1小时,158,73
润足蹚,芙蓉区,芙蓉区,4.5,秘制足浴套餐,30,37
脊柱梳理,芙蓉区,德政园/杨家山,4.2,单人脊柱梳理1次,60,31
脊康堂,芙蓉区,德政园/杨家山,5.0,颈胸整脊套餐,80,26
风爵spa养生会所（上东印象店）,芙蓉区,晚报大道,5.0,单人精油开背SPA,188,24
崇尚盲人特色按摩,芙蓉区,晚报大道,5.0,单人90分钟肩颈背调理一次,98,21
彭彭足疗店十修脚足浴,芙蓉区,古曲路/浏阳河婚庆文化园,4.7,单人按摩＋足浴＋修脚,37,18
芳琴养生spa,芙蓉区,人民中路/朝阳路/融圣国际,4.7,单人百草浴＋抗压舒缓＋身体放松套餐,198,17
康常驻按摩店,芙蓉区,芙蓉区,5.0,单人刮痧／拔罐二选一（新店开业）,18,17
龙尊会男士养生spa会所,芙蓉区,芙蓉区,4.6,单人生命之源SPA,498,14
湘越足浴,芙蓉区,袁家岭/火车站,3.7,艾灸护理,198,13
美人鱼足疗馆（农大店）,芙蓉区,湖南农业大学,4.1,单人鱼疗1次,28,0
瑞康经络养生,芙蓉区,德政园/杨家山,3.5,单人汗蒸,29.9,0
世龙世家手足健康连锁（雨花区城南中路店）,雨花区,窑岭/长岭,5.0,泡脚足浴+修脚护理单人套餐,9.9,26970
世龙世家手足护理连锁（雨花区圭塘路店）,雨花区,树木岭,4.9,泡脚足浴+修脚护理单人套餐,9.9,26970
上位足浴,雨花区,人民东路,5.0,单人标准足浴套餐,79,22210
颐而康（湘府东路旗舰店）,雨花区,天际岭,5.0,单人高桶养生足疗,100,19865
颐而康（井湾子钻石店）,雨花区,井湾子,5.0,单人高桶养生足疗,100,19865
颐而康按摩（赤岗冲旗舰店）,雨花区,雨花亭,5.0,单人高桶养生足疗,100,19865
华夏良子（长沙湘府路店）,雨花区,雨花区,5.0,代金券,75,11170
鸿远足浴（识字岭店）,雨花区,识字岭,5.0,单人神农养生足疗,98,7369
777健康养生会所,雨花区,汽车南站,5.0,单人普通沐足1次,89,5208
天之道（车站南路店）,雨花区,桂花路/车站南路,4.9,单人普通足浴,78,4567
天之道足浴（东城港店）,雨花区,运达中央广场,5.0,60分钟单人养生足浴,105,4429
福康保健中心（长沙总店）,雨花区,雨花区,5.0,单人80分钟足浴套餐,49,4421
鸥迪足道,雨花区,桂花路/车站南路,5.0,单人90分钟鸥迪足道+背部油压,119,4349
通程盛源酒店欣弘足浴（通程盛源店）,雨花区,红星国际会展中心,5.0,单人标准足浴1次,78,3987
天之道健康会所（香樟路店）,雨花区,民政学院/香樟路,5.0,单人普通足浴,105,3737
汉子足浴,雨花区,树木岭,5.0,单人足浴,138,3685
汉子足浴（环科园店）,雨花区,雨花区,5.0,下午场泰式足浴,78,3611
天之道健康会所（树木岭店）,雨花区,树木岭,5.0,单人道式足浴,118,3524
湖帝足道,雨花区,高桥,4.3,单人标准足浴,99,3162
天之道足浴（红星店）,雨花区,雨花区,5.0,单人足浴1次,109,2993
铭程保健,雨花区,窑岭/长岭,5.0,单人养生按摩/足疗2选1,62,2596
华雅国际大酒店（足浴中心）,雨花区,体育新城,5.0,单人保健足浴,98,1836
上艾堂艾灸养生馆赫拉美容（融圣国际店）,雨花区,雨花区,4.4,单人推拿+刮痧+拔罐+艾灸,76,1622
上艾堂艾灸养生会所（红星店）,雨花区,环保学院/科技职院,4.3,单人推拿+刮痧+拔罐+艾灸,76,1622
上艾堂艾灸养生（井湾子店）,雨花区,雨花区,3.7,单人推拿+刮痧+拔罐+艾灸,76,1622
金浪养生SPA会所,雨花区,喜盈门 /喜乐地,5.0,单人70分钟养生足浴,89,1540
颐而康（万家丽路钻石店）,雨花区,高桥,5.0,单人高桶养生足疗,110,1362
艾源堂（湘府店）,雨花区,天际岭,4.7,单人保健调理艾灸7选1,168,1324
佳有赞足浴养生会所,雨花区,雨花区,5.0,单人风之源足浴,88,1164
长沙市按摩中心（红星店）,雨花区,雨花区,5.0,单人专享套餐5选1,88,1127
长沙市按摩中心（天洋门诊）,雨花区,东塘,5.0,养生调理单人套餐,59,1092
嘉和天地养生驿站,雨花区,左家塘,5.0,单人百润油压,358,1039
一品堂足浴养生会所,雨花区,民政学院/香樟路,5.0,一品足疗,118,1038
美高足浴休闲会所（广圣店）,雨花区,汽车南站,3.6,单人普通足浴套餐,78,988
康悦足浴,雨花区,高桥,5.0,单人养生足疗,88,931
湘康盲人按摩,雨花区,雨花区,5.0,单人中医经络养生套餐,50,923
沐雅会养生空间,雨花区,高桥,5.0,单人经典足浴,88,900
乐畅沐足养生（通程大酒店店）,雨花区,窑岭/长岭,5.0,单人乐畅普足,98,898
金源养生馆（金源大酒店）,雨花区,梓园路/省儿童医院,5.0,单人70分钟闲时段明星足浴,98,844
聚诚足艺,雨花区,雨花区,5.0,单人实力沐足,79,826
维艾堂（万科金域华府店）,雨花区,民政学院/香樟路,5.0,单人刮痧拔罐二选一,29.9,778
水润江南保健按摩店（城南东路店）,雨花区,窑岭/长岭,5.0,单人下午场水润之源SPA,288,757
御海湾足浴养生会所,雨花区,雨花区,5.0,单人60分钟养生沐足,58,744
天之道足浴（雨花亭店）,雨花区,雨花亭,5.0,单人60分钟普通足浴,118,707
兰芝薰养生馆,雨花区,德思勤城市广场,5.0,单人全身推拿1次,78,695
大唐盛世沐足,雨花区,高桥,5.0,单人生命之树足浴,118,686
金手指推拿,雨花区,雨花亭,5.0,单人中式推拿调理套餐,55,665
见康道莱（华美达广场店）,雨花区,天际岭,5.0,单人培元足浴,158,644
悦足轩足道,雨花区,识字岭,4.9,养生足浴特惠套餐,79.9,628
家富富侨（中意一路店）,雨花区,汽车南站,5.0,单人贵宾足浴,79,615
鹊中道肩颈通专业经络调理（万博汇旗舰店）,雨花区,雨花亭,5.0,单人肩颈通,118,579
宝尊乐足浴会所（武广店）,雨花区,武广高铁,5.0,单人泰式足浴70分钟,88,570
阳光中医按摩养生馆（阳光锦城店）,雨花区,雨花亭,5.0,巴马瑶浴单人足疗,58,502
阳光中医按摩养生馆（潇影大厦店）,雨花区,东塘,5.0,巴马瑶浴单人足疗,58,502
艺馨堂亚健康调理中心,雨花区,体育新城,4.1,单人拔罐,19.9,475
浴足堂spa养生馆（红星店）,雨花区,汽车南站,4.8,单人经典spa,188,441
天上云间SPA养生馆,雨花区,雨花区,5.0,单人神归云端全身spa,238,419
涂涂采耳,雨花区,雨花亭,5.0,单人采耳、拔火罐、刮痧3选1,28.9,405
无为足道（喜乐地店）,雨花区,喜盈门 /喜乐地,5.0,单人60分钟中式足疗,159,402
风度俊容男士spa按摩养生会所（芙蓉中路店）,雨花区,雨花区,5.0,单人普罗旺斯香薰SPA,298,389
风度俊容男士spa按摩养生会所（韶山中路店）,雨花区,雨花亭,4.1,单人普罗旺斯香薰SPA,298,389
德而康推拿足浴中心,雨花区,井湾子,4.3,单人推拿1次,48,384
男人帮spa会所,雨花区,雨花亭,5.0,单人全身指压套餐,198,383
豪天足浴休闲会所,雨花区,雨花区,4.1,70分钟中式足浴,72,381
古曲轩足浴,雨花区,体育新城,4.3,单人古典足疗,78,371
天之道健康会所（杉木冲东路店）,雨花区,红星国际会展中心,5.0,单人普通足浴,106,340
远闻足道,雨花区,环保学院/科技职院,5.0,单人金典足浴,109,337
和毅足道（体育新城店）,雨花区,体育新城,5.0,单人60分钟普通足浴1次,139,339
宝康亚健康网络体验店,雨花区,喜盈门 /喜乐地,5.0,单人背部油压拔罐／刮痧2选1,39,337
梧桐小憩,雨花区,窑岭/长岭,4.5,单人贵宾足浴,58,330
龙悦盲人按摩,雨花区,窑岭/长岭,5.0,60分钟专业盲人推拿,79,307
天之道足浴（环保店）,雨花区,雨花区,4.6,单人保健足疗,98,289
和毅足道（人民路店）,雨花区,雨花区,5.0,单人60分钟普通足浴1次,139,282
顺康堂盲人按摩,雨花区,雨花区,5.0,单人颈肩腰调理（60分钟）,90,274
大愚脚艺（广济桥店）,雨花区,窑岭/长岭,5.0,单人标准足浴,88,268
星城梵医养生馆,雨花区,环保学院/科技职院,3.9,单人梵天,318,264
源辉尊尚养生馆（红星店）,雨花区,红星国际会展中心,4.7,养生SPA,269,258
克丽缇娜女士美容美体店,雨花区,窑岭/长岭,4.0,保湿精粹护理,128,253
克丽缇娜（韶山路店）,雨花区,雨花区,4.0,保湿精粹护理,128,253
克丽缇娜（康斯丹郡店）,雨花区,雨花区,4.0,保湿精粹护理,128,253
腾辉盲人推拿,雨花区,雨花区,5.0,高级中式按摩/养生足疗二选一,69,253
克丽缇娜（绿城桂花城店）,雨花区,运达中央广场,4.0,保湿精粹护理,128,253
少林正骨堂（长沙店）,雨花区,雨花亭,5.0,少林养生套餐1（单人）,89,229
湘水湾养生,雨花区,左家塘,4.8,单人玫瑰油压（下午场）,268,223
君临SPA养生馆（车站南路）,雨花区,桂花路/车站南路,5.0,单人背部经络指压／腹部SpA指压2选1,198,211
邂逅养生spa（上河国际店）,雨花区,高桥,5.0,单人动感舒缓spa套餐,208,208
和毅足道（天际岭店）,雨花区,天际岭,5.0,单人90分钟标准足浴1次,179,200
润SPA*江南养生驿站,雨花区,树木岭,5.0,单人尊尚浪漫之旅套餐（晚场）,309,192
巴厘时光君帅SPA会所,雨花区,雨花区,5.0,单人全身舒压spa1次,299,185
御之康（旗舰）,雨花区,民政学院/香樟路,5.0,单人70分钟古典足浴一次（闲时段）,68,159
邂逅养生spa（商贸城）,雨花区,高桥,5.0,单人SPA套餐,198,149
汉子足浴（港湾店）,雨花区,汽车南站,4.1,单人肩颈康套餐（80分钟）,108,143
龙辉男士spa养生馆,雨花区,雨花亭,5.0,单人芳香五感舒缓spa,289,139
人生百岁足道,雨花区,民政学院/香樟路,5.0,下午场70分钟标准足浴,128,125
澜妍男士SPA养生馆,雨花区,树木岭,5.0,一生之水尊享SPA,248,125
活力亚健康理疗SPA馆,雨花区,梓园路/省儿童医院,4.3,单人拔罐/刮痧,18,120
蜕变人生养生会所,雨花区,窑岭/长岭,5.0,单人养生汗蒸,9.9,116
espa生活养生馆,雨花区,雨花亭,4.5,单人身体护理套餐,49,111
康福盲人按摩院,雨花区,桂花路/车站南路,3.5,单人拔火罐,18,6
御玺缘玉石汗蒸养生会馆,雨花区,桂花路/车站南路,5.0,御玺缘玉石汗蒸+臻贵美胸护理,98,3
康华连锁养生会所,雨花区,雨花区,3.5,单人汗蒸套餐,19.9,2
十指道盲人按摩,雨花区,树木岭,3.9,单人刮痧推拿,79.9,2
尹氏足疗,雨花区,窑岭/长岭,3.5,单人刮痧,30,1
美生活养生馆（树木岭店）,雨花区,树木岭,4.0,单人背部疏通,128,1
怡康盲人按摩（恒大城店）,雨花区,天际岭,3.5,单人足疗,55,1
福湘唐古方养生,雨花区,井湾子,3.5,单人苗熏蒸套餐,45,0
宝尊乐足浴会所（香樟路店）,雨花区,民政学院/香樟路,3.6,专家足疗1次,118,0
世龙世家灰指甲手足健康连锁（黄土岭店）,天心区,黄土岭,4.7,泡脚足浴+修脚护理单人套餐,9.9,26970
世龙世家手足健康连锁（韶山南路店）,天心区,铁道学院/林科大,5.0,泡脚足浴+修脚护理单人套餐,9.9,26970
颐而康（省政府钻石店）,天心区,省政府,5.0,单人高桶养生足疗,100,19865
颐而康（浦沅旗舰店）,天心区,浦沅,5.0,单人高桶养生足疗,100,19865
颐而康（天晖店）,天心区,步行街,5.0,单人高桶养生足疗,100,19865
颐而康（人民西路店）,天心区,步行街,5.0,单人高桶养生足疗,100,19865
颐而康（白沙旗舰店）,天心区,劳动广场/书院路,5.0,单人高桶养生足疗,100,19865
颐而康（天心店）,天心区,天心区,5.0,单人高桶养生足疗,100,19865
华夏良子（长沙侯家塘店）,天心区,侯家塘,5.0,代金券,75,11170
四喜富侨健康水会（神农店）,天心区,黄土岭,5.0,单人保健足疗1次,188,7734
四喜富侨健康水会（天心店）,天心区,定王台,5.0,单人保健足疗1次,188,7734
碧水蓝天温泉酒店休闲部,天心区,天心阁,5.0,单人浴资＋精品足疗套餐,129,5324
鸿远足浴,天心区,天心区,5.0,单人养生足浴,69,5247
乐享驿站港派足浴指压（白沙店）,天心区,天心区,4.8,单人指压（主打项目）,288,5099
瑞江南健康足道（迎新店）,天心区,天心区,5.0,单人普通足浴,98,3724
沁元堂养生会所（一店）,天心区,省政府,5.0,单人经络SPA调理一次,258,2893
沁元堂养生会所（神農形象店）,天心区,黄土岭,5.0,单人经络SPA调理一次,258,2893
足满堂足浴spa养生会所,天心区,天心区,5.0,单人普通沐足(全天免预约),68,2851
无为足道（和庄店）,天心区,天虹,5.0,单人60分钟足底按摩1次,129,2620
龙港足浴,天心区,解放西路,3.8,单人经典足浴/保健按摩2选1,60,1990
家富富侨（博林金谷店）,天心区,天虹,5.0,单人保健足浴套餐,109,1848
上艾堂艾灸养生会所（富兴店）,天心区,天心区,3.5,单人推拿+刮痧+拔罐+艾灸,76,1622
友邻汗蒸,天心区,定王台,4.8,单人推拿+刮痧+拔罐+艾灸,76,1622
华康养生馆（解放西路店）,天心区,解放西路,4.7,精品足浴,58,1540
华康养生馆（悦方店）,天心区,坡子街,5.0,精品足浴,58,1540
汉子足浴（涂家冲店）,天心区,黄土岭,5.0,单人养生足浴1次,98,1221
为为采耳（采耳文化体验馆）,天心区,坡子街,5.0,为为采耳+头部/肩颈/腹部/腰背固元,88,1175
康悦足疗（贺龙店）,天心区,侯家塘,5.0,单人沐足套餐（60分钟,68,925
天之道健康会所（披塘店）,天心区,天心区,4.9,单人普通足浴,98,876
金辉康体会所,天心区,黄土岭,4.5,单人经典足浴,88,801
陈氏采耳,天心区,天心区,5.0,单人陈氏采耳,35,702
陈氏采耳,天心区,天心区,5.0,单人陈氏采耳,35,702
足熙缘,天心区,新开铺,4.5,明星足浴单人套餐,108,689
华银社区生活养生馆,天心区,浦沅,5.0,单人经络刮痧/拔罐,19.9,667
济文堂足浴养生会所（解放西路店）,天心区,步行街,5.0,古典足浴按摩,50,626
济文堂足浴养生会所（悦方店）,天心区,解放西路,5.0,古典足浴按摩,50,626
济文堂足浴养生会所（火宫殿店）,天心区,坡子街,5.0,古典足浴按摩,50,626
济文堂足浴养生会所（五一广场店）,天心区,天心区,5.0,古典足浴按摩,50,626
济文堂足浴养生会所（景江东方大厦店）,天心区,解放西路,5.0,古典足浴按摩,50,626
知足足浴,天心区,天心区,5.0,单人美足足浴,79,425
尚御堂,天心区,天虹,4.6,单人刮痧/拔罐2选1,29.9,381
湘足堂足浴（步行街店）,天心区,人民西路口,3.6,单人足浴,78,336
彭年康足浴养生馆,天心区,天心区,5.0,单人璞尚养生足浴,149,318
王道足疗养生（金桂店）,天心区,天心区,5.0,单人中式足浴1次,99,292
骨圣堂（书院南路店）,天心区,新开铺,5.0,颈椎调理套组,59.8,279
和毅足道（书院路店）,天心区,劳动广场/书院路,5.0,单人60分钟普通足浴1次,139,270
一芝养生（总店）,天心区,黄土岭,5.0,单人中式推拿,85,269
克丽缇娜（铁道店）,天心区,天心区,3.0,保湿精粹护理,128,253
克丽缇娜（时代阳光大道店）,天心区,天心区,4.0,保湿精粹护理,128,253
克丽缇娜,天心区,省政府,4.0,保湿精粹护理,128,253
克丽缇娜（浦沅店）,天心区,浦沅,4.0,保湿精粹护理,128,253
克丽缇娜,天心区,天心区,4.0,保湿精粹护理,128,253
骨和康（理工大学店）,天心区,天心区,5.0,单人雷霆拔罐祛湿套餐,30,251
迷你中医养生馆,天心区,黄土岭,4.9,单人穴位拔罐,9.9,231
杨丰竹盲人按摩,天心区,劳动广场/书院路,4.3,经络推油,50,167
悦足 spa 会所,天心区,铁道学院/林科大,5.0,单人K歌足道（试营业）,89,142
宝尊乐足浴会所,天心区,天心区,3.9,单人专家足疗1次,108,114
鑫康推拿养生馆,天心区,黄土岭,5.0,单人净排、祛湿套餐,24.8,111
行千里足道,天心区,解放西路,5.0,单人精品足浴,58,76
筋艾堂理疗养生馆（新开铺总店）,天心区,新开铺,5.0,单人肩颈护理套餐,79,72
永康盲人按摩,天心区,解放西路,4.0,单人拔罐/刮痧,25,64
畅元专业中医盲人按摩,天心区,步行街,5.0,单人局部综合调理,105,62
颐康源中医推拿理疗康复馆,天心区,天虹,4.0,单人中式足疗,58,61
天池贵足养生会所,天心区,天心区,4.6,单人明星足浴,78,55
名仕公馆男士spa,天心区,省政府,5.0,单人邂逅名仕90分钟SPA,368,50
华鹏筋骨健康养护中心,天心区,黄土岭,4.5,肩颈养生之旅,68,43
充元养生会所（侯家塘店）,天心区,侯家塘,3.9,单人瑶族桶浴,168,41
卡斯迪鑫鼎源足浴休闲养生会所,天心区,劳动广场/书院路,5.0,中式足疗（60分钟）,89,34
安尊养生,天心区,天心区,4.1,单人花样沐足,108,30
上艾堂金妍彤汗蒸养生馆,天心区,天心区,5.0,单人推拿+刮痧+拔罐+艾灸,76,30
御星养生馆,天心区,坡子街,4.1,单人拔罐刮痧2选1,19.9,17
韩蒸天下汗蒸养生汇（钱隆樽品店）,天心区,浦沅,3.8,单人杨世推拿+韩式汗蒸+刮痧/火罐2选1套餐,69.9,16
九八盲人按摩店,天心区,省政府,5.0,单人15分钟火罐／刮痧／走罐3选1,32,13
人之初养生工作室,天心区,省政府,4.9,单人肩颈调理套餐 包含推拿+悬灸+火罐,118,11
翰清堂养生spa,天心区,浦沅,5.0,单人瑶浴40分钟,68,9
亦梵居养生SPA,天心区,浦沅,5.0,全身SPA一次（主打项目）,298,9
旭颜堂推拿连锁新建西路店,天心区,浦沅,3.5,单人火罐1次,5,8
上寿堂古法艾灸养生馆,天心区,天心区,4.6,单人——艾灸养生8选1,128,4
修己堂拨筋按摩,天心区,黄土岭,3.5,单人刮痧＋拔罐＋走罐,40,2
太医阁养生馆,天心区,劳动广场/书院路,4.1,单人养生足疗1次,50,1
人鱼之都,天心区,铁道学院/林科大,4.3,3人鱼疗套餐,50,0
海哥整脊推拿,天心区,天心区,3.5,单人中式足疗,100,0
至尊盲人按摩（友谊路店）,天心区,天心区,5.0,三伏贴预定,150,0
尚美,天心区,天心区,4.1,单人养生护理套餐,268,0
颐而康（四方坪旗舰店）,开福区,四方坪,5.0,单人高桶养生足疗,100,19865
颐而康（锦绣华天旗舰店）,开福区,湘雅附一医院,5.0,单人高桶养生足疗,100,19865
清莲阁沐足会,开福区,松桂园,5.0,中式单人足浴套餐,69,12706
家富富侨（领御总店）,开福区,中山亭/乐和城,5.0,单人贵宾房足浴套餐,109,3222
德汇筋骨堂（双拥路店）,开福区,四方坪,4.3,单人颈/腰椎健康护理套组,69.9,2763
天沐养生会所（芒果国际影城店）,开福区,松桂园,5.0,单人60分钟养生足浴,69,2528
家富足道（万家丽店）,开福区,月湖公园/长沙大学,5.0,单人90分钟瑜伽SPA调理套餐,239,2457
大愚脚艺西湖楼店,开福区,马栏山/鸭子铺,4.8,单人90分钟养生足疗,138,2400
都市风采足浴城,开福区,烈士公园,5.0,风采足浴1次,98,2358
见康道莱（珠江花园店）,开福区,珠江花城/万国城,5.0,单人培元足浴,148,2099
慧友足浴（形象店）,开福区,烈士公园,5.0,泰式足浴,98,1454
艺水阳光水公馆,开福区,开福区,4.9,单人按摩套餐卡、含自助餐,149,1381
艾源堂（四方坪店）,开福区,四方坪,5.0,单人保健调理艾灸7选1,168,1324
凌明足浴,开福区,开福区,5.0,单人标准足浴套餐,78,1311
汉子保健（湘江世纪城店）,开福区,湘江世纪城,5.0,单人80分钟精品足浴,116,960
颐松堂中医理疗馆,开福区,湘江世纪城,5.0,单人60分钟推拿,54.8,898
精汉堂足浴养生馆（五一广场店）,开福区,五一广场,5.0,养生足疗/养生推拿2选1,59,731
水中贵足足道,开福区,开福区,5.0,单人经典足浴,88,695
康帝足浴,开福区,四方坪,5.0,单人60分钟休闲足浴,68,671
俊御轩男士spa养生会所,开福区,四方坪,5.0,单人异域养生spa（24小时可用）,328,605
颐而康（开福福元旗舰店）,开福区,湘江世纪城,5.0,单人60分钟调理按摩项目,90,431
雅康按摩医疗足浴,开福区,四方坪,5.0,单人盲人按摩,59.9,395
知足spa养生会馆,开福区,中山亭/乐和城,5.0,单人精油spa套餐,288,360
汉子足浴（天都店）,开福区,四方坪,5.0,单人养生调理足浴,139,289
克丽缇娜（四方坪店）,开福区,四方坪,4.0,保湿精粹护理,128,253
克丽缇娜（长沙之芯店）,开福区,开福区,3.9,保湿精粹护理,128,253
克丽缇娜（君悦香邸店）,开福区,伍家岭,4.0,保湿精粹护理,128,253
克丽缇娜（兴汉门店）,开福区,开福区,4.0,保湿精粹护理,128,253
克丽缇娜（湘江世纪店）,开福区,湘江世纪城,4.0,保湿精粹护理,128,253
营盘府足浴养生,开福区,松桂园,5.0,单人养生足浴,69,248
华康养生馆（五一广场店）,开福区,开福区,5.0,养生足浴,58,225
君康足道男士SPA养生会所,开福区,四方坪,4.6,单人女人公敌spa套餐,239,149
悉檀艾灸推拿养生馆,开福区,开福万达广场,5.0,手工艾灸调理套餐,168,146
熙水湾足浴养生会所,开福区,月湖公园/长沙大学,5.0,单人尊尚养生指压,238,136
涵养汗蒸经络养生馆,开福区,马栏山/鸭子铺,5.0,单人经络拔罐,48,122
艾康堂艾灸养生馆,开福区,珠江花城/万国城,5.0,单人拔罐刮痧二选一,9.9,103
保康盲人保健按摩中心,开福区,开福区,4.1,单人保健套餐,49,101
火德堂,开福区,湘江世纪城,5.0,单人火罐刮痧二选一,28,101
国医堂,开福区,烈士公园,4.5,颈肩腰调理,49,95
足满堂,开福区,四方坪,4.0,60分钟足疗D套餐,45,75
雅园足浴会所,开福区,烈士公园,5.0,单人养生足疗（80分钟）,108,66
重庆足浴,开福区,四方坪,4.6,单人中式按摩1次,68,65
裕华足疗养生堂,开福区,中山亭/乐和城,3.8,刮痧--拨罐,30,63
汉子足浴（双湾店）,开福区,开福区,4.0,单人泰式足浴,70,60
康康中医按摩保健中心,开福区,湘江世纪城,4.7,单人60分钟足疗,68,53
鑫缘spa养生会所,开福区,珠江花城/万国城,5.0,单人养心指压SPA套餐,218,53
铭泽中医养生堂,开福区,湘江世纪城,5.0,电气石汗蒸,8,50
华伟盲人按摩,开福区,珠江花城/万国城,5.0,单人精品拔罐、刮痧2选1,20,49
天之道足浴（四方坪店）,开福区,四方坪,4.3,单人芙阳足浴（80分钟）,128,45
我很好玛丽养生会所,开福区,湘江世纪城,4.6,经络拔罐,8.8,42
心灵养生府（开福店）,开福区,松桂园,3.9,单人百川归海,268,41
御颜SPA养生会所,开福区,烈士公园,4.7,生命之源SPA,298,25
水木轩养生会所,开福区,开福区,3.9,单人玫瑰油压SPA（80分钟套餐）,288,21
鸿运足浴,开福区,开福区,4.5,单人泰式足浴1,69,22
御尚养生会所,开福区,月湖公园/长沙大学,4.2,单人拔罐＋刮痧,30,20
颜世推拿spa养生店,开福区,烈士公园,5.0,单人养生足浴,58,11
盲人中医按摩,开福区,开福万达广场,5.0,单人综合调理套餐2选一,78,10
脉道元美容养生会馆,开福区,马栏山/鸭子铺,3.5,单人扶阳艾灸,39,8
君悦纳米汗蒸养生会所,开福区,伍家岭,5.0,生物调理,88,0
贻宁灸疗养生馆,开福区,湘江世纪城,5.0,单人拔罐／刮痧2选1,30,0
圣爵菲斯大酒店健康中心,开福区,世界之窗/国际会展中心,4.5,单人尊尚SPA,388,0
东麟阁汉子足浴（东麟阁店）,岳麓区,岳麓大学城,5.0,单人经典足浴,59,2532
魅力之都足浴按摩养生会所,岳麓区,观沙岭/茶子山,5.0,单人欧式高端指压套餐,298,2254
澎源酒店休闲足浴,岳麓区,岳麓区,5.0,单人经典足浴1次,88,2172
风麟阁足浴养生会所,岳麓区,麓谷,5.0,单人经典足浴60分钟,78,2041
贵妃足浴养生会所,岳麓区,商学院/人人乐,5.0,贵妃养生会所贵宾足疗,75,1997
天之道（阳光100店）,岳麓区,阳光100,5.0,单人尊品足浴（90分钟）,165,1987
手道专业按摩（原利康按摩）,岳麓区,溁湾镇,5.0,单人康雅轩拔罐+刮痧,39.8,1849
康雅轩脊椎调理中心（旗舰店）,岳麓区,王府井/步步高,5.0,单人康雅轩拔罐+刮痧,39.8,1849
水立方,岳麓区,麓谷,4.8,单人普通养生足浴,88,1842
金星时代健康会所（时代帝景店）,岳麓区,王府井/步步高,5.0,单人80分钟尊尚养生SPA,298,1789
居氏脊络堂（航天店）,岳麓区,麓谷,5.0,单人经络疏通,68,1743
上艾堂艾灸养生馆（左家垅店）,岳麓区,岳麓大学城,5.0,单人推拿+刮痧+拔罐+艾灸,76,1622
足艺堂（金麓国际店）,岳麓区,市政府,4.1,单人中式足浴套餐,98,1504
家富富侨（咸嘉湖店）,岳麓区,麓谷,5.0,单人高级养生调理（80分钟）晚晚场,268,1429
皇朝贵足（钻石店）,岳麓区,观沙岭/茶子山,5.0,单人90分钟培阳足浴,138,1434
天之道（麓谷店）,岳麓区,麓谷,5.0,单人尊品足浴套餐（90分钟）,168,1412
江南足道,岳麓区,涉外经济学院,5.0,单人经典足浴1次,88,1258
同源堂,岳麓区,商学院/人人乐,5.0,同源堂全足疗1次,78,1197
大长西足浴,岳麓区,涉外经济学院,4.6,大长西经典足浴,88,1152
旭阳足浴,岳麓区,麓谷,5.0,单人经典足浴（70分钟）,89,956
佳兴世尊酒店-佳颐足浴,岳麓区,王府井/步步高,5.0,单人足浴1次,108,910
天之道（梅溪湖店）,岳麓区,岳麓区,5.0,单人80分钟精品足浴一次,139,885
湘自然养生馆,岳麓区,麓谷,5.0,单人中式推拿,79.9,878
尚艾堂养生馆,岳麓区,岳麓大学城,5.0,单人汗蒸,19.9,876
天悦福足浴,岳麓区,岳麓大学城,3.6,单人中式保健足疗1次,58,805
君临天下homespa（河西店）,岳麓区,岳麓区,5.0,单人HOME SPA套餐2选1,198,676
银洲社区生活养生馆,岳麓区,奥克斯广场,5.0,单人经络刮痧/拔罐,19.9,667
见康道莱（麓谷店）,岳麓区,麓谷,5.0,单人足浴90分钟,138,626
鹊中道肩颈通专业经络调理（河西王府井社区店）,岳麓区,王府井/步步高,5.0,单人肩颈通,118,579
橙乐尊尚养生会所,岳麓区,汽车西站,5.0,单人橙乐尊尚SPA,358,552
汉子足浴（步步高店）,岳麓区,王府井/步步高,5.0,单人泰式足浴(70分钟）,95,481
邂逅小Spa（河西店）,岳麓区,商学院/人人乐,5.0,单人暖腰护阳SPA,198,471
九灸艾灸推拿中心,岳麓区,奥克斯广场,4.7,单人肩颈套餐,98,460
万里足浴,岳麓区,达美D6/梅溪湖,4.5,单人经典足浴,79,400
名媛臻品足浴（西湖店）,岳麓区,汽车西站,5.0,单人特价明星臻品足浴,129,393
御龙轩足浴,岳麓区,汽车西站,5.0,单人皇式贵足（70分钟）,118,387
福源堂盲人保健按摩,岳麓区,涉外经济学院,5.0,单人刮痧精油走罐二选一,29.9,371
天之道（钰龙店）,岳麓区,观沙岭/茶子山,5.0,单人尊品足浴（90分钟）,139,364
麓湘中医馆,岳麓区,岳麓区,5.0,单人颈肩腰腿推拿,88,346
新康逸中医按摩,岳麓区,商学院/人人乐,5.0,中式推拿全天通用,55,340
和毅足道（滨江店）,岳麓区,观沙岭/茶子山,3.5,单人60分钟普通足浴1次,139,339
和氏足浴（万科店）,岳麓区,涉外经济学院,5.0,单人养生足疗套餐（50分钟）,58,302
悦享足浴,岳麓区,涉外经济学院,5.0,单人SPA,170,303
普天乐足浴SPA,岳麓区,溁湾镇,5.0,单人足浴（70分钟）,128,260
克丽缇娜（未来城时尚店）,岳麓区,商学院/人人乐,3.9,保湿精粹护理,128,253
克丽缇娜（阳光店）,岳麓区,阳光100,4.0,保湿精粹护理,128,253
克丽缇娜（新民路店）,岳麓区,溁湾镇,4.0,保湿精粹护理,128,253
克丽缇娜（西湖丽景店）,岳麓区,王府井/步步高,4.0,保湿精粹护理,128,253
湘间印象养生会所,岳麓区,含浦,3.7,单人精油开背,128,248
骨圣堂（阳明山庄店）,岳麓区,汽车西站,5.0,单人雷霆拔罐祛湿套餐,30,251
金濠足浴养生会所,岳麓区,王府井/步步高,5.0,单人金濠足浴（70分钟）,98,215
平衡推拿康复中心,岳麓区,岳麓区,4.6,单人颈肩腰腿疼痛套餐,29.9,213
今生缘健康会所,岳麓区,王府井/步步高,4.0,单人70分钟魅力养生SPA,239,188
思养堂国医馆（北京御园店）,岳麓区,观沙岭/茶子山,4.7,单人拔罐,19.8,180
思养堂国医馆（银双路店）,岳麓区,市政府,5.0,单人拔罐,19.8,180
推拿按摩,岳麓区,涉外经济学院,5.0,单人拔罐一次（或单人刮痧一次）,21.8,161
乐康盲人按摩保健中心,岳麓区,麓谷,5.0,单人肩颈腰背调理（60分钟）,65,139
沫SPA会所（梅溪湖店）,岳麓区,涉外经济学院,5.0,单人芳沁养生SPA,299,151
华颐汗蒸养生会所,岳麓区,王府井/步步高,5.0,经络刮痧/拔罐排湿/肩背疏通,39.8,137
益康盲人按摩（金星路店）,岳麓区,王府井/步步高,4.4,单人肩颈腰调理（60分钟）,65,2
天之道足浴（金星）,岳麓区,市政府,4.1,单人固元足疗,149,2
御之和现代中医体质养生（协信旗舰店）,岳麓区,观沙岭/茶子山,3.5,单人腰腿疼痛综合调理套餐,269,2
1+1健康之家,岳麓区,麓谷,4.7,局部调理（颈椎、腰椎、头部护理）,49,1
百艾堂艾灸馆,岳麓区,王府井/步步高,3.5,单人太乙大灸,98,1
聚美安然纳米汗蒸养生馆（广厦新苑店）,岳麓区,汽车西站,3.5,单人腰椎调理套餐,68,0
艾知源,岳麓区,岳麓区,3.5,单人拔罐一次,24,0
皇朝贵足（中岭店）,望城区,望城区,5.0,单人70分钟养生足浴,85,3511
巧手驿站,望城区,望城区,5.0,单人养生足浴,85,2998
百分百美容美发休闲中心,望城区,望城区,5.0,中式足浴,69,2512
家富富侨（望城形象店）,望城区,望城步行街,4.7,单人贵宾房足浴套餐,79,1759
重庆富侨,望城区,望城步行街,5.0,单人足浴养生,108,1738
御足轩休闲会所,望城区,望城区,5.0,养生足浴,80,1306
水韵足浴会所,望城区,望城区,4.6,单人足疗套餐,128,1297
馨漫浴足足浴城,望城区,望城区,5.0,2015养生足浴,78,1195
正元足浴,望城区,望城区,4.9,单人正元足浴,68,955
天之道（望城店）,望城区,望城步行街,4.8,60分钟商务足浴,79,624
皇朝贵足（皇朝总店）,望城区,望城区,4.1,单人养生足疗,85,536
御尚艾福艾灸养生馆,望城区,望城区,5.0,单人御尚艾福艾灸养生馆全息雷火神灸,128,267
颐而康（旺旺路旗舰店）,望城区,望城区,5.0,单人60分钟调理按摩项目,88,264
倪菲足浴会所,望城区,望城区,5.0,单人中式足浴（60分钟）,49,265
克丽缇娜（井湾子店）,望城区,望城区,4.0,保湿精粹护理,128,253
天之道（星城店）,望城区,望城区,5.0,单人80分钟尚品足浴,139,243
健康足疗,望城区,望城区,5.0,单人保健按摩,58,229
聚美汗蒸SPA经络馆（滨水铭城店）,望城区,望城区,5.0,单人汗蒸＋拔罐+肩颈护理,44.9,215
天行健足疗养生会所,望城区,望城区,5.0,单人标准足浴（60分钟）,88,140
臻美迪健康养生会所,望城区,望城区,4.7,圣诞钜惠肩颈腰椎护理,10,81
御手堂盲人按摩,望城区,望城步行街,5.0,单人养生足浴,58,34
龙之谷尊尚养生会所,望城区,望城区,5.0,单人90分钟龙之谷尊尚spa,328,25
传承盲人按摩养生馆,望城区,望城步行街,4.0,单人拔罐+刮痧,50,15
杨氏盲人按摩店,望城区,望城步行街,4.7,单人拔罐+刮痧,50,15
志领美业专业艾灸养生馆,望城区,望城区,3.5,单人肩颈护理套餐,98,2
佳奇盲人按摩店,望城区,望城区,3.5,单人经络＋肠胃调理,128,0
中药泡脚城（板桥店）,长沙县,长沙县,4.7,单人精品足浴1次,143,1
愛灸道养生馆,长沙县,易初莲花,3.5,单人肩颈调理套餐（80分钟）,158,0
