﻿商家,区域,商圈,星级,服务,价格,销量
轻松推拿按摩养生馆,碑林区,怡丰城/西荷花园,5.0,单人全身推拿套餐,60,342
美洵spa养生会所,碑林区,太乙路,5.0,单人美洵养生,368,331
清水阁足道,碑林区,朱雀大街北段,3.6,清水阁68元足浴套餐,68,325
王芳中医经络养生馆,碑林区,李家村,5.0,单人拔罐+走罐套餐,28.8,307
华康推拿,碑林区,朱雀大街北段,3.5,脊柱推拿,49.9,287
子传信中医推拿养生馆（兴庆路店）,碑林区,互助路立交,5.0,传统拔罐,9.9,258
安然纳米汗蒸馆（鸡市拐店）,碑林区,东关正街,5.0,双人套餐,33,255
恒泰堂中医养生会馆,碑林区,南稍门,5.0,中式保健套餐,58,231
少林正骨堂（推拿按摩西工大店）,碑林区,西北大/西工大,4.9,少林养生套餐1（单人）,89,229
少林正骨堂（公园南路店）,碑林区,立丰国际,4.2,少林养生套餐1（单人）,89,229
灵芝堂养生推拿馆,碑林区,南稍门,4.7,单人中式拔罐刮痧,30,214
益正堂养生馆,碑林区,李家村,5.0,单人拔罐1次,9.9,209
西安金花南路圣惠堂中医按摩（圣惠堂正骨推拿按摩）,碑林区,立丰国际,5.0,背部拔罐,9.9,208
华瑞盲人推拿,碑林区,交大/理工大,5.0,局部经络调理,32.9,207
尚品沐足,碑林区,朱雀大街北段,4.1,单人按摩,368,162
卫锋经络调理,碑林区,交大/理工大,5.0,单人全身推拿,68,153
长城足浴养生会所,碑林区,李家村,3.6,精品按摩套餐,118,147
华辰社区足道,碑林区,和平门/建国门,4.7,单人韩式足道套餐,78,130
扬州一道专业修脚,碑林区,互助路立交,4.3,泡脚+修脚+足疗,26,117
康源推拿理疗店,碑林区,交大/理工大,5.0,单人局部推拿,45,114
沐羽足浴,碑林区,黄雁村,5.0,元气养生套餐,398,106
扬州修脚足浴,碑林区,南稍门,4.3,扬州会所修脚汗蒸方案,58,103
镜花水月养生会所,碑林区,互助路立交,4.3,单人精心足疗套餐,118,103
致玉痧道专业肩颈调理（交大二村店）,碑林区,碑林区,4.5,致玉痧道古法刮痧调理（单人）,88,99
致玉痧道专业肩颈调理（长春藤店）,碑林区,交大/理工大,5.0,致玉痧道古法刮痧调理（单人）,88,99
新唐足浴,碑林区,朱雀大街北段,4.0,单人浴足套餐,98,91
圣古方堂正骨理疗,碑林区,李家村,4.3,单人保健套餐,28,79
正康颈肩腰腿疼调理中心,碑林区,文艺路,4.8,单人颈椎调理面部提升体验套餐,39.9,78
康之源泉足道,碑林区,钟楼/鼓楼,4.9,单人足疗+全身保健按摩,119,77
秀康推拿理疗,碑林区,文艺路,5.0,单人全身推拿套餐,63,73
逸舒轩足道,碑林区,李家村,4.5,单人中式足浴,78,59
吉祥蓝天足浴店,碑林区,南大街,5.0,吉祥中式足浴套餐,158,59
康复盲人按摩店,碑林区,和平门/建国门,5.0,全身推拿+火罐套餐（单人）,60,57
权氏中医正骨推拿,碑林区,怡丰城/西荷花园,5.0,单人肩颈腰正骨推拿套餐,88,55
吉祥足浴,碑林区,李家村,4.3,吉祥足疗,88,49
灸益堂艾灸养生馆,碑林区,立丰国际,5.0,单人养生艾灸体验套餐（六选一）,12.8,48
御指天娇中国5店（东城皇冠店）,碑林区,立丰国际,5.0,足道,138,44
董敏园艾灸养生馆,碑林区,劳动南路,4.7,单人背部手法+艾灸+头疗,88,38
家富富侨足浴（李家村欣悦店）,碑林区,李家村,4.7,单人欣悦精油足浴,138,42
颐和堂专业艾灸养生馆（黄雁村）,碑林区,黄雁村,3.5,单人手工古方艾灸调理套餐,158,36
西安碑林现代医院中医针灸推拿科,碑林区,黄雁村,5.0,单人中式传统拔罐调理,19,34
御指天娇中国6店（昌润友谊店）,碑林区,黄雁村,5.0,专业SPA套餐,168,36
纤纤足疗,碑林区,南大街,3.0,98套餐,98,32
衡脊堂推拿艾灸养生馆,碑林区,怡丰城/西荷花园,5.0,拔罐或刮痧或走罐体验,9.9,30
康乐推拿养生馆,碑林区,南稍门,5.0,单人健康调理套餐,88,25
兴珍堂中医养生馆,碑林区,广济街,4.5,局部艾灸/拔罐2选1,9.9,24
康足堂扬州修脚,碑林区,碑林区,5.0,单人扬州修脚足疗套餐,35,22
郑远元专业修脚房,碑林区,南稍门,3.9,脚气散泡脚方案,38,20
郑远元专业修脚房,碑林区,李家村,4.0,脚气散泡脚方案,38,20
郑远元专业修脚（何家村店）,碑林区,黄雁村,4.1,脚气散泡脚方案,38,20
富足修脚推拿,碑林区,东关正街,3.5,单人足疗套餐1,36,18
君悦足逸,碑林区,钟楼/鼓楼,4.0,单人皇式养生足浴,78,16
合和居养生馆,碑林区,交大/理工大,4.2,单人养生美容套餐,88,15
善修阁专业推拿,碑林区,李家村,4.9,全身经络推拿60分钟,56,14
汤泉良子,碑林区,文艺路,4.7,单人浴资,28,14
泰古SPA会所,碑林区,南稍门,4.7,单人面部除螨深层护理,110,12
鱼乐无限鱼疗馆,碑林区,南稍门,3.7,单人鱼疗套餐,16.6,12
无声专业修脚,碑林区,文艺路,5.0,单人耳烛,48,12
正脊堂康复推拿理疗,碑林区,西北大/西工大,3.5,单人颈椎或腰椎推拿整脊复位,98,10
巴厘岛女子SPA按摩会所（24小时旗舰店）,碑林区,南稍门,4.5,经典巴厘岛女士spa单人全身油压,298,10
王氏经络专业推拿,碑林区,交大/理工大,3.5,单人颈肩腰推拿,52,4
爱尚巴厘岛女子spa按摩会所（南二环店）,碑林区,黄雁村,4.2,单人巴厘岛spa,398,4
王家成腰疼方,碑林区,朱雀大街北段,3.5,单人肩部调理套餐,58,4
雅风正和堂（西大街店）,碑林区,广济街,3.8,单人三选一保养套餐,68,2
鹿衔草养生馆,碑林区,怡丰城/西荷花园,4.3,藏式中式排寒+走拔罐+刮痧套餐,68,2
正元堂专业修脚,碑林区,东关正街,3.5,足疗按摩,35,1
惠康盲人按摩店,碑林区,东关正街,4.0,单人拔罐,9.9,1
薛乙乙正骨所,碑林区,交大/理工大,3.0,单人颈椎调理,199,1
御脊养生,碑林区,交大/理工大,3.5,单人脊柱调理+下肢循环,188,0
阿兰朵SPA养生休闲会所（曲江银座）,雁塔区,电视塔,5.0,单人阿兰朵香薰SPA,218,1296
指尚工坊,雁塔区,曲江新区,5.0,单人80分钟足道1次,138,1238
贾氏修脚足疗,雁塔区,电视塔,5.0,贾氏修脚足疗单人套餐,41,1181
悦和逸足坊,雁塔区,雁翔路,5.0,单人中式足浴,108,1087
家富富侨足浴（电子四路店）,雁塔区,电子城,5.0,单人古典泰式,198,1017
星辰盲人推拿足疗保健中心（小寨店）,雁塔区,小寨,5.0,单人全身推拿,78.8,782
朱国凡良子足浴,雁塔区,大雁塔,4.5,单人休闲足疗1次,148,774
逸指阳光（城南·朱雀店）,雁塔区,电视塔,5.0,单人逸阳养生套餐,189,741
家富富侨（长丰园店）,雁塔区,电视塔,5.0,单人足浴,98,701
泰荷男士SPA生活馆,雁塔区,曲江新区,5.0,泰荷spa,428,606
木易百年静心痧道中医养生馆（阳阳国际店）,雁塔区,朱雀大街南段,3.5,单人肩颈、背部刮痧调理超值套餐,68,552
木易百年清心痧道,雁塔区,小寨,4.9,单人肩颈、背部刮痧调理超值套餐,68,552
青松修脚按摩（小寨西路店）,雁塔区,小寨,5.0,单人足疗+肩颈腰背按摩,58,519
铭沁中医推拿养生馆,雁塔区,小寨,5.0,单人身体颈肩/腰腿2选1推拿按摩+火罐热敷调理套系,59,516
海韵之天养生足浴馆,雁塔区,电视塔,4.1,单人养生足疗,99,500
豪享来温德姆酒店身活馆,雁塔区,大雁塔,3.8,游泳健身单次通票单人,168,444
益舒盲人按摩,雁塔区,政法/师大,5.0,单人刮痧/拔罐1次,18,426
速康中医推拿按摩馆,雁塔区,电子城,4.7,速康颈椎护理,30,400
静心堂健康理疗足道,雁塔区,含光路南段,5.0,静心足疗,49,385
于素梅足部保健部,雁塔区,小寨,5.0,单人足浴套餐,88,374
怡康堂盲人按摩,雁塔区,政法/师大,5.0,拔罐单人套餐,9.8,25
古生堂,雁塔区,小寨,4.4,颐痧堂养生罐（单人）套餐,12,21
德瑞堂中医养生会馆,雁塔区,曲江新区,3.5,单人男性养生平衡套餐,198.8,21
郑远元专业修脚（金泰小学店）,雁塔区,电子城,3.8,脚气散泡脚方案,38,20
郑远元专业修脚房（杨家村店）,雁塔区,明德门,4.0,脚气散泡脚方案,38,20
郑远元专业修脚（西影路店）,雁塔区,雁翔路,4.0,脚气散泡脚方案,38,20
盛泉阁养生会所,雁塔区,南二环东段,4.0,中式养生足浴套餐,68,19
合和居养生馆（御城龙脉店）,雁塔区,南二环东段,4.7,单人拔罐体验,9.9,20
慷太推拿,雁塔区,电子城,3.9,套餐二,39,17
颐康推拿,雁塔区,明德门,5.0,特惠拔罐刮痧二选一,19.9,15
康正盲人按摩（小寨西路店）,雁塔区,朱雀大街南段,5.0,感恩亲情双人精品套餐,189,15
活壹佰中医理疗,雁塔区,电子城,4.2,养生足浴套餐,20,15
康正盲人按摩（朱雀大街店）,雁塔区,朱雀大街南段,5.0,感恩亲情双人精品套餐,189,15
韩式养生会馆,雁塔区,电视塔,4.2,韩式养生,168,14
百草軒专业修脚足疗按摩,雁塔区,大雁塔,3.5,单人足疗按摩,29,14
伟伟盲人按摩院,雁塔区,明德门,4.5,拔罐或烤电二选一,20,13
康寿盲人按摩店,雁塔区,雁翔路,5.0,单人艾灸体验,55,13
泰古spa会所（曲江）,雁塔区,曲江新区,4.8,单人面部除螨深层护理,110,12
五彩阳光沙疗体验中心（长安相府店）,雁塔区,电视塔,4.2,沙疗,60,12
健康修脚,雁塔区,政法/师大,3.0,单人脚夫,39,0
天朗中医推拿养生馆,高新区,科技路西口,5.0,单人推拿健康养生套餐,58,391
宜养经络推拿馆（恒大城店）,高新区,大寨路,5.0,单人刮痧或拔罐,16,376
城市心情足浴养生会所,高新区,大寨路,5.0,城市心情精品足浴（单人）,118,373
福缘轩足道养生会馆,高新区,绿地世纪城,4.5,单人指压养生套餐,368,361
舒身堂推拿养生馆,高新区,吉祥村,5.0,单人拔罐,8.8,345
悦荷SPA养生会所,高新区,枫林绿洲,4.7,单人养生保健尊享足疗,98,341
利君沙龙,高新区,科技路西口,4.3,单人利君套餐,198,333
一刮就美推拿按摩脉道馆,高新区,科技路西口,5.0,单人刮痧/拔罐/颈部淋巴刮痧3选1,9.9,323
梵意养生会所,高新区,玫瑰大楼,5.0,单人印度油疗,328,319
薛氏推拿堂,高新区,科技路西口,5.0,单人刮痧拔罐,11,254
悬壶中医推拿中心,高新区,玫瑰大楼,4.8,全身经络穴位推拿,69.9,240
颐一堂中医推拿（科技六路店）,高新区,高新软件园,4.6,全息罐疗/经络刮痧单人调理套餐,38,231
颐一堂中医推拿（金泰假日花城店）,高新区,西万路口,5.0,全息罐疗/经络刮痧单人调理套餐,38,231
鼎族怡华,高新区,徐家庄,5.0,背部疏通+泡脚或颈肩舒压+泡脚二选一,98,229
少林正骨堂（推拿按摩大寨路店）,高新区,大寨路,5.0,少林养生套餐1（单人）,89,229
御指印象,高新区,科技路西口,5.0,单人专业足道,98,204
经典168七星精品足浴（大寨路店）,高新区,大寨路,5.0,豪华泰式套钟,238,184
健和推拿按摩馆,高新区,徐家庄,5.0,单人肩颈腰腿推拿 脊柱平衡调理,68,183
御指娇云足浴养生会所,高新区,大寨路,5.0,单人精品欧式按摩套餐,328,180
张氏中医盲人按摩推拿（袁旗寨店）,高新区,绿地世纪城,5.0,单人全身推拿,55,178
众康盲人按摩中心,高新区,科技路西口,5.0,单人颈肩推拿,39,173
佳康正脊推拿馆（大寨路店）,高新区,大寨路,4.1,佳康正脊推拿78元套餐,88,172
如是堂经络复元中心,高新区,枫林绿洲,4.3,单人颈肩经络疏通套餐,60,171
欣悦养生会所,高新区,科技路西口,5.0,单人SPA护理,158,154
可缇雅足疗按摩SPA会所,高新区,唐延路南段,5.0,养生足道,88,141
碧龙国际养生会所,高新区,大寨路,5.0,单人水韵足道,98,120
孙飞专业盲人按摩,高新区,徐家庄,5.0,拔罐刮痧二选一,12.8,116
云霄阁养生会所,高新区,科技路西口,5.0,单人精品养生套餐,298,106
韩式美容美甲汗蒸馆,高新区,科技路西口,5.0,拔罐/刮痧/淋巴刮痧3选1,19.8,104
朋莱阁汗蒸养生馆,高新区,大寨路,5.0,盐晶汗蒸单人票,29.8,100
伊人阁养生会所,高新区,科技路西口,5.0,单人精品养生套餐,138,92
经典168七星精品足浴（高新二路店）,高新区,高新路,5.0,泰式浴足套餐,198,84
李哲按摩店,高新区,玫瑰大楼,5.0,单人全身推拿,39,82
蒋氏中医推拿（金泰店）,高新区,西万路口,4.7,单人经络拔罐传统火罐（玻璃罐）,25,75
宏伟足道,高新区,唐延路北段,4.7,单人肩颈腰背调理,28.8,67
合姿堂养生会所,高新区,大寨路,3.6,至尊足浴,68,65
亿杰健康中心,高新区,绿地世纪城,4.8,单人小项目,38,63
雲霁堂,高新区,唐延路北段,4.8,单人影院沐足,119,62
云裳沐足足浴会馆,高新区,大寨路,5.0,单人云裳臻品按摩套餐,158,57
德灸堂艾灸养生馆（科技路店）,高新区,光华路,5.0,单人艾灸养生套餐,68,56
真功夫足道,高新区,大寨路,4.1,全身经络推拿,29,1
真功夫足道（八家巷店）,高新区,科技路西口,4.0,全身经络推拿,29,1
尚安足轩之专业修脚,高新区,高新路,4.1,泡脚+修脚套餐,19.9,1
督脉正阳（枫林绿洲店）,高新区,高新软件园,5.0,疏通督脉·提补人体阳气,138,0
浴足堂,高新区,吉祥村,3.5,单人沐浴精品套餐,268,0
重庆家富富侨足浴（丈八北路店）,高新区,大寨路,4.5,单人精品养生SPA,319,0
聖医堂中医整脊推拿（099分店）,高新区,绿地世纪城,3.5,单人黄土调理1次,20,0
如来神掌疼痛管理中心,高新区,玫瑰大楼,3.5,dorabo疼痛管理包单人精品套餐,1388,0
水木和足疗保健会所（西关正街店）,莲湖区,西稍门,5.0,水木和足疗保健会所单人中式足套餐,167,28629
世龙世家灰指甲手足健康连锁（土门十字店）,莲湖区,土门,5.0,泡脚足浴+修脚护理单人套餐,9.9,26970
世龙世家灰指甲手足健康连锁（莲湖路店）,莲湖区,莲湖公园,5.0,泡脚足浴+修脚护理单人套餐,9.9,26970
世龙世家手足健康护理连锁（莲湖区北稍门店）,莲湖区,西稍门,5.0,泡脚足浴+修脚护理单人套餐,9.9,26970
世龙世家灰指甲手足健康连锁（莲湖区自强西路店）,莲湖区,莲湖区,5.0,泡脚足浴+修脚护理单人套餐,9.9,26970
福帆百草堂（桃园店）,莲湖区,西稍门,5.0,单人中式足疗项目,108,21160
景龙湾洗浴中心,莲湖区,莲湖区,5.0,单人足疗套餐（洗浴/足疗/肩颈按摩/腿部姜疗/自助早晚餐）,99,9041
合和大唐足道（玉祥门店）,莲湖区,劳动公园,5.0,单人初级影院式足道(60分钟),59.9,7020
家富富侨养生会所（全国钻石店）,莲湖区,丰庆公园,5.0,单人家富足疗套餐,108,6769
五月天足浴会所,莲湖区,大兴新区,4.5,单人足浴1次,88,3991
家富富侨足浴（大兴东路店）,莲湖区,红庙坡,5.0,重庆家富富侨足道  养生套餐,138,3990
御唐养生,莲湖区,西稍门,4.8,单人御唐养生御唐足道,118,3109
百草堂足疗中心（至尊店）,莲湖区,西稍门,5.0,百草堂足浴影院式养生足疗套餐,118,2864
百草堂足疗中心（莲湖路店）,莲湖区,莲湖公园,3.8,百草堂足浴影院式养生套餐,118,2662
金莎足逸,莲湖区,莲湖区,5.0,单人足疗套餐,119,2333
泰知足足浴,莲湖区,丰庆公园,5.0,单人泰知足足浴,79,2264
君悦豪庭养生会所,莲湖区,大兴新区,4.7,单人君悦足道,118,2165
云邸天境（西稍门店）,莲湖区,劳动南路,5.0,单人玫瑰养生套餐,258,2001
永康修脚（二店）,莲湖区,莲湖公园,4.5,永康修脚,25.8,1896
永康修脚（一店）,莲湖区,莲湖公园,5.0,永康修脚,25.8,1896
良子足道足浴会所（丰庆公园店）,莲湖区,丰庆公园,5.0,单人影院式中级足道,98,1670
小和园足浴,莲湖区,西大街,5.0,单人精品足浴,138,1206
朵颜足浴养生SPA,莲湖区,劳动南路,5.0,单人精品足浴,138,1113
仙游园足疗养生会所,莲湖区,丰庆公园,4.5,仙游园养生足疗套钟,88,1072
星辰盲人推拿足疗保健中心,莲湖区,莲湖区,5.0,单人全身推拿,78.8,782
御指天娇中国14店（北城华茂店）,莲湖区,北关正街,4.9,养生套餐,328,782
百草堂（西稍门店）,莲湖区,西稍门,5.0,单人足浴套餐,79,731
木易百年康美堂（西钞店）,莲湖区,汉城路沿线,4.0,单人肩颈、背部刮痧调理超值套餐,68,552
家富富侨（西关正街店）,莲湖区,西稍门,5.0,单人钟点浴足套餐,98,514
陈氏太极养生会所,莲湖区,丰庆公园,4.5,元经络刮痧套餐,36,495
天茗轩足道,莲湖区,丰庆公园,4.0,中式推拿套餐,298,429
方正按摩,莲湖区,丰庆公园,5.0,单人拔罐套餐,9.9,400
云锦养生会所,莲湖区,莲湖区,4.9,云锦单人中式养生（开业酬宾套餐）,128,386
美益360专业足浴按摩,莲湖区,钟楼/鼓楼,5.0,单人足浴按摩50分钟,58,383
重庆家富富侨（梨园路店）,莲湖区,大兴新区,4.8,单人中式足浴,98,372
开宝按摩,莲湖区,西大街,4.5,开宝全身经络养生套餐,70,326
花解语养生会所,莲湖区,莲湖区,5.0,单人花解语spa套餐,398,302
康泰中医推拿,莲湖区,西稍门,4.5,全身经络保健,58,292
百草堂足疗中心（西旺店）,莲湖区,西稍门,5.0,百草堂足浴套餐,118,274
茗兰推拿,莲湖区,劳动南路,5.0,单人全身推拿套餐,69,230
少林正骨堂（推拿按摩桃园店）,莲湖区,劳动公园,4.7,少林养生套餐1（单人）,89,229
少林正骨堂（自强西路店）,莲湖区,莲湖区,4.4,少林养生套餐1（单人）,89,229
少林正骨堂（推拿按摩莲湖公园店）,莲湖区,莲湖公园,4.8,少林养生套餐1（单人）,89,229
西安丽水轻享养生会所,莲湖区,莲湖区,5.0,单人养生套餐（下午特惠）,99,180
妙掌中医推拿馆,莲湖区,莲湖区,4.7,单人颈肩腰腿套餐,78,141
"顺康苑经络养生推拿馆,",莲湖区,劳动公园,4.8,单人顺康苑全身推拿套餐,56.9,133
鸿源盲人专业按摩部,莲湖区,莲湖公园,5.0,单人拔罐刮痧,15.8,130
青果足浴,莲湖区,莲湖区,5.0,单人青涩年华足疗套餐,158,123
凤邸足道,莲湖区,莲湖区,4.0,凤邸足道单人套餐,68,117
和谐盲人按摩,莲湖区,莲湖公园,5.0,单人拔罐祛寒排湿+刮痧+灯疗热敷,68,114
和谐盲人按摩（和谐盲人按摩）,莲湖区,红庙坡,5.0,单人拔罐祛寒排湿+刮痧+灯疗热敷,68,114
手足情深养生会所（天赐苑店）,莲湖区,丰庆公园,4.8,单人经典足浴套餐,138,113
星宸按摩推拿汗蒸瑶浴养生体验店,莲湖区,西稍门,5.0,单人面部补水套餐,9.9,99
向楠盲人推拿足疗,莲湖区,钟楼/鼓楼,4.1,单人足疗+拔罐套餐,79,87
沛霖综合养生会馆（紫玉华园店）,莲湖区,西稍门,4.5,单人拔罐、刮痧、艾灸3选1,9,70
御足轩足浴会所,莲湖区,汉城路沿线,3.9,中式浴足,68,49
太极足道,莲湖区,大兴新区,4.7,太极足道 豪华足疗套餐,94.8,48
四季花城功能spa,莲湖区,劳动南路,5.0,四季花城之神采奕奕spa套餐（单人）,398,40
佳惠足浴,莲湖区,莲湖公园,3.5,拔罐养生单人套餐,113,38
郭师推拿,莲湖区,莲湖公园,4.6,单人中式推拿（颈肩腰背）,58,35
西安天健脊柱养护,莲湖区,红庙坡,4.0,单人颈椎深度护理,78,34
照亮盲人按摩,莲湖区,莲湖区,5.0,拔罐,29.9,33
御足轩专业足浴按摩,莲湖区,钟楼/鼓楼,4.2,单人足浴按摩套餐,58,33
五彩阳光沙疗养生馆,莲湖区,劳动南路,3.5,超值单人沙疗套餐,49.9,31
萧阳调理工作室,莲湖区,劳动公园,5.0,单人全身推拿1次,56,30
小屈养生馆,莲湖区,汉城路沿线,4.2,腰椎间盘突出理疗,30,23
北京良子足疗,莲湖区,丰庆公园,4.7,单人美团订制足疗,69,23
汉唐中医推拿养生馆,莲湖区,劳动南路,4.2,颈肩背推拿套餐,49.8,19
祝康盲人按摩,莲湖区,钟楼/鼓楼,5.0,单人足疗套餐,49.8,18
秀色江南（桃园南路店）,莲湖区,丰庆公园,3.6,单人尊贵调理,328,17
草圣灵推拿按摩养生馆（总店）,莲湖区,劳动南路,4.3,桂附温阳贴体验,15,14
汉唐正脊推拿,莲湖区,西稍门,3.5,单人颈肩背推拿套餐,49.8,12
喜来登酒店炫逸水疗健身中心,莲湖区,丰庆公园,3.5,单人养生+香薰浴套餐,398,10
小刘专业修脚,莲湖区,西稍门,4.3,单人修脚套餐,19.9,9
西子国际男士私人定制SPA,莲湖区,莲湖区,3.5,单人养生SPA,980,8
正通推拿康复理疗中心,莲湖区,劳动公园,3.5,单人拔罐体验套餐,9.9,4
尚大夫爱心按摩店,莲湖区,莲湖区,3.5,单人中式泡脚加拔罐,9.9,4
成氏推拿,莲湖区,大兴新区,4.9,颈肩腰腿全身推拿,63,3
富足专业修脚房,莲湖区,莲湖区,3.5,40分钟特惠套餐=按摩+修脚+足疗+免费泡药,40,1
三度养生会所,莲湖区,劳动南路,3.0,精品足疗,78,1
秀江南中国会馆,莲湖区,劳动南路,3.8,单人秀江南倾心足浴,68,1
启源盲人推拿,莲湖区,劳动南路,3.5,单人专业调节视疲劳,38,1
雅正推拿总店,莲湖区,莲湖区,5.0,单人推拿辅助套餐,80,1
天朗时代养生会所,莲湖区,莲湖区,3.5,单人天朗贵足套餐,218,1
子午推拿（大兴西路店）,莲湖区,大兴新区,4.5,单人刮痧拔罐二选一套餐,18,1
谊笙经络养生,莲湖区,莲湖区,3.0,单人推拿,38,1
康泰中医推拿,未央区,未央路,4.9,康泰养生推拿,69.9,147
御指美域,未央区,大明宫万达,4.5,单人御指精品,98,126
康巢中医理疗,未央区,未央路,5.0,单人肩颈调理,49.8,120
慈仁整脊推拿院,未央区,未央路,4.1,慈仁整脊推拿院推拿套餐,48,116
秀色江南港派足浴养生,未央区,未央路,5.0,精品足浴单人套餐,138,110
元和推拿馆（凤城二路店）,未央区,未央路,5.0,单人全身推拿套餐,54.9,110
顾畔足疗,未央区,未央路,4.8,单人精品足道,98,106
上古医道养生,未央区,红旗厂,5.0,局部推拿（单人）,30,105
浪琴湾足浴休闲养生会所,未央区,太华路,3.6,单人足心道1次,99,94
种氏中式推拿（膏药章膏药铺百花店）,未央区,太华路,4.1,单人种氏中式推拿,48,94
春沁专业推拿,未央区,未央路,4.5,单人春沁足疗套餐,49.9,92
永康修脚（常青二路店）,未央区,未央路,4.5,至.尊套中(单人）,58.8,89
仁康中医推拿,未央区,明光路,4.7,单人推拿体验,30,88
喜乐盲人按摩（凤城二路）店,未央区,未央路,5.0,单人拔罐或刮痧体验,9.9,90
静心堂中医养生推拿,未央区,未央路,5.0,单人静心局部推拿+拔罐套餐,48,86
君安足道养生堂,未央区,辛家庙,4.3,1小时单人精品足疗,49.99,75
仙足堂,未央区,和平村,3.5,养生套餐,88,73
康乐舒盲人按摩（凤城一路店）,未央区,太华路,5.0,刮痧拔罐2选1,16.9,75
天指道足浴,未央区,大明宫,4.6,单人标准足浴标一,108,72
薇醺养生会所,未央区,未央路,5.0,养生套餐,298,71
正脊推拿康复中心,未央区,文景路,4.3,特惠惊喜体验,18.8,11
康安盲人按摩中心（凤城一路店）,未央区,未央路,4.7,单人足疗按摩,140,10
古方养生馆,未央区,大明宫,4.7,单人推拿全身,49.8,10
升阳堂养生馆,未央区,未央区,3.5,单人纳米汗蒸,19,9
享来盲人推拿按摩,未央区,明光路,5.0,单人经络足疗,49,8
苏氏盲人按摩,未央区,大明宫,5.0,单人圆肩调理套餐,66,8
爱心家园,未央区,未央区,5.0,爱心家园,19.9,7
杣鸿理疗馆,未央区,未央区,4.4,单人腰疼、背疼调理,40,7
心怡足疗洗浴会所,未央区,未央路,4.0,精品足浴套餐（单人）,188,7
国康盲人按摩,未央区,文景路,5.0,单人宋氏锤震整脊,88,7
富健专业修脚房,未央区,明光路,4.5,全身推拿+背部拔罐（单人）,68,6
力源养生堂,未央区,太华路,3.5,脚部足疗套餐,48,6
爱尚巴厘岛女子SPA按摩会所（万达店）,未央区,未央区,4.1,单人巴厘岛spa,398,4
仕朗雅居专业熏蒸养生馆,未央区,未央路,3.5,单人熏蒸骨盆保养套餐,198,4
典唐盲人推拿,未央区,大明宫,5.0,单人高级调理套餐,126,3
悦尚足道,未央区,太华路,3.3,单人棋牌,58,3
百合足浴,未央区,辛家庙,3.5,尊享单人套餐,388,3
华恩3+1国际健康管理中心,未央区,大明宫万达,3.5,单人瘦身美容套餐,38,2
御水源养生会所,未央区,太华路,3.0,御水养生足浴,88,2
爱康盲人按摩院,未央区,龙首村,4.8,单人精油开背,48,2
聚源足浴,未央区,太华路,3.5,30代金券,30,2
大拇指足浴馆,未央区,未央路,3.5,单人精品足疗套餐,268,1
广康专业盲人按摩,未央区,未央路,3.5,单人拔罐+刮痧套餐,56,1
广康专业盲人按摩推拿馆（文景路店）,未央区,朱宏路,3.5,单人局部推拿套餐,45,1
妙锤按摩馆,未央区,明光路,3.5,单人拔罐刮痧二选一,9.9,0
良子健身,未央区,明光路,3.9,良子足道,128,0
宏源堂正骨推拿（启航店）,未央区,三桥,3.5,单人拔罐套餐,19.9,0
静一经络养生,未央区,文景路,4.0,SPA养生套餐,158,0
悦君足浴,新城区,民乐园,4.3,单人SPA套餐,358,79
舒耳堂专业采耳,新城区,民乐园,5.0,单人皇族采耳+艾灸套餐,78,79
流星经络疏通推拿,新城区,新城区,5.0,单人基本调理套餐,58,77
雪钰养生馆,新城区,韩森寨,5.0,单人开背舒经套餐,58,68
长乐宫中医康复理疗工作室,新城区,解放路/火车站,5.0,单人全身保健套餐,60,61
珍缘亲亲鱼足疗馆,新城区,胡家庙,4.7,足疗按摩套餐,49,57
合方堂按摩养生馆,新城区,解放路/火车站,4.4,单人颈肩推拿套餐,68,46
东方百草堂,新城区,新城区,3.5,单人足浴套餐二,138,39
德正按摩养生馆,新城区,胡家庙,5.0,单人刮痧+拔罐,46.8,33
真艾堂中医养生馆,新城区,新城区,4.3,单人传统刮痧+艾灸,19.9,22
彭世修脚,新城区,新城区,3.5,单人修脚+泡脚套餐,35,21
郑远元专业修脚（尚勤路店）,新城区,民乐园,3.8,脚气散泡脚方案,38,20
西安市百仁堂大药房有限公司,新城区,韩森寨,4.7,养生大翁草本熏蒸,88,19
健康盲人按摩中心,新城区,韩森寨,4.3,针灸套餐,55,19
润足阁足部,新城区,民乐园,3.6,皇室御道118,118,11
夜来香SPA养生会所,新城区,新城区,4.6,单人SPA套餐,168,11
国康盲人按摩,新城区,新城广场,4.7,单人推拿,65,11
清健堂足浴休闲会所,新城区,解放路/火车站,3.9,皇家足疗精品套餐,138,8
恒升阳中医艾灸馆,新城区,民乐园,4.0,单人拔罐,9.9,4
杨阳中式推拿,新城区,矿山路,4.7,臻品推拿套餐（单人）,42.8,3
宏康盲人推拿,新城区,解放路/火车站,3.5,单人养生足浴,60,2
樊氏推拿按摩,新城区,新城区,3.5,单人背部刮痧+捏脊+拔罐,48,1
浪漫水汇,灞桥区,纺织城,4.7,洗浴套餐,38,13088
浐灞九号公馆-千草堂,灞桥区,长乐坡,5.0,养生足疗套餐,98,1886
御福堂养生洗浴馆,灞桥区,十里铺,5.0,浴资+搓背+搓澡巾+简餐,49,970
百足堂养生会所,灞桥区,城东客运站,5.0,单人百足经典足疗,108,886
百草堂足疗中心（长乐路店）,灞桥区,长乐坡,5.0,养生足疗,108,810
金玉满堂养生会所,灞桥区,十里铺,5.0,单人国色天香足疗,138,777
中医按摩,灞桥区,十里铺,4.7,单人单次拔罐,6.8,421
芙润阁足浴,灞桥区,城东客运站,3.8,单人精品按摩,128,399
舒络堂（纺建路店）,灞桥区,纺织城,5.0,单人全身经络疏通套餐,68,381
悦荷仙指（足疗足浴按摩）,灞桥区,纺织城,4.1,单人悦荷精品套餐,138,287
揉·道经络养生馆（城东店）,灞桥区,长乐坡,4.1,单人揉道推拿项目,139,157
贵妃足道,灞桥区,田洪正街,3.7,经典足疗按摩套钟,138,124
手足情深养生会所（罗马花园店）,灞桥区,十里铺,4.2,单人臻品舒心养生套餐,198,111
逸足轩足疗会馆,灞桥区,城东客运站,3.8,单人养生足疗,88,109
金裕盲人按摩中心,灞桥区,十里铺,4.3,单人全身推拿60分钟,59.9,75
沛霖综合养生会馆（金裕青青家园店）,灞桥区,十里铺,4.5,单人拔罐、刮痧、艾灸3选1,9,70
祥云阁,灞桥区,纺织城,5.0,泰式养生（单人）,268,50
北辰修脚,灞桥区,十里铺,4.0,北辰修脚 修脚套餐 18元,18,43
佳惠足浴,灞桥区,田洪正街,4.3,养生排毒套餐,95,42
绿康新生活养生会馆,灞桥区,灞桥火车站,3.5,单人夏季调理套餐,98,25
济安堂艾灸馆,灞桥区,纺织城,4.4,电子智.能足灸,68,22
陈群足浴店,灞桥区,纺织城,4.2,单人专业修脚,24,19
昌盛足浴,灞桥区,十里铺,4.4,单人中式足浴,158,7
太和推拿中医养生馆,灞桥区,浐灞半岛/世园会,4.1,经络精油﹢刮痧（拔罐）,98,3
韩尚美容养生会所,灞桥区,灞桥火车站,3.5,单人头部+肩颈+肠胃护理套餐,88,2
御麟轩会所,灞桥区,浐灞半岛/世园会,4.0,午场单人足浴,268,2
世龙世家灰指甲手足健康连锁（长安区店）,长安区,长安广场,5.0,泡脚足浴+修脚护理单人套餐,9.9,26970
大足神农影院式足道（长安店）,长安区,韦曲西街,5.0,单人养生足疗,138,19279
永泰和足疗保健会馆,长安区,长安广场,5.0,中式浴足套餐,145,6737
善正堂中医经络养生（长安店）,长安区,韦曲西街,4.3,善正堂单人精品套餐,68,1985
家富富侨足浴养生会所（长安店）,长安区,长安广场,5.0,单人中式浴足,138,1159
木易百年康美堂（金地店）,长安区,紫薇田园都市,4.5,单人肩颈、背部刮痧调理超值套餐,68,552
静心足浴会所,长安区,郭杜,3.4,单人足浴套餐,88,532
芙蓉轩养生会所,长安区,长安广场,5.0,芙蓉帝足方套餐,68,524
海派正脊（紫薇田园都市店）,长安区,紫薇田园都市,3.9,代金券,89,409
沐欣源洗浴足疗,长安区,韦曲西街,5.0,单人洗浴,15,294
泽文推拿,长安区,长安广场,5.0,局部推拿,28,241
少林正骨堂（紫薇田园都市店）,长安区,郭杜,4.9,少林养生套餐1（单人）,89,229
童氏推拿中心,长安区,韦曲西街,5.0,童氏推拿专项治疗套餐,56.9,181
晓红艾灸馆,长安区,紫薇田园都市,5.0,单人经络刮痧拔罐二合一,68,162
秀丝顿养生馆,长安区,长安区,4.2,单人特色足疗,26,87
丽轩足浴按摩养生堂（长安店）,长安区,韦曲西街,5.0,单人全身按摩精油SPA套作,198,73
家富富侨足浴（常宁宫店）,长安区,韦曲西街,4.9,单人经典足浴套餐,128,70
聚褔轩社区生活馆（紫薇D区店）,长安区,紫薇田园都市,4.6,聚福轩养发护肤连锁机构养生项目 刮痧+拔罐，为您减轻痛苦！！,29.9,58
青竹整脊推拿,长安区,航天城,4.5,颈肩推拿,56,47
家富富侨足道,阎良区,阎良,4.4,御品缠眠足疗套餐,118,426
龙悦国际养生spa,阎良区,蓝天广场,4.0,195元套餐,195,2
权健火疗养生馆,阎良区,润天大道,3.0,单次体验卡一张,30,0
鑫泉盲人按摩,蓝田县,向阳路,4.3,刮痧+拔罐,33,20
