﻿商家,区域,商圈,星级,服务,价格,销量
老大的幸福健康足疗,历下区,千佛山公园,5.0,老大的幸福单人套餐,118,9715
富侨足道（解放路店）,历下区,解放路,5.0,经典足道,108,5149
宏伟推拿中心（诚基中心店）,历下区,解放路,5.0,单人足疗保健套餐,51,5137
扬州好功夫足疗推拿（窑头路店）,历下区,窑头路,4.6,单人经典足疗套餐,49,3381
泰享寿足疗推拿中心（七店）,历下区,高新会展中心,5.0,单人经典足疗套餐,49,3381
明月潇湘足道会所,历下区,高新会展中心,5.0,单人经典足疗套餐,88,3361
锦程纳米汗蒸推拿减肥中心,历下区,高新会展中心,5.0,安然纳米汗蒸（今日特价）,13.8,2659
奥体四季泉城（四季泉城酒店）,历下区,奥体中心,5.0,单人休闲套餐,188,2496
良子（解放东路店）,历下区,解放东路,5.0,单人良子特级头疗套餐,106,2475
良子（文化东路店）,历下区,文化东/西路,5.0,单人良子特级头疗套餐,106,2475
富侨足道（历山路店）,历下区,文化东/西路,5.0,经典足道,108,2153
海木养生（解放路店）,历下区,解放路,5.0,单人海木天然养生（黄金场）,149,2081
海木养生（赛博店）,历下区,解放路,5.0,单人海木天然养生（黄金场）,149,2081
妙手推拿（赛博店）,历下区,解放路,5.0,单人项目5选1,54.9,2051
益民推拿足疗中心,历下区,燕山地区,4.6,单人益民推拿套餐五选一,60,1813
倾城养生馆,历下区,齐鲁软件园,5.0,韩式松骨单人套餐,189,1575
润养斋汗蒸养生,历下区,高新万达广场,5.0,单人汗蒸体验一次,13.8,1470
富侨足道（二环东路店）,历下区,山大南/北路,5.0,单人足疗洗浴套餐,78,1026
康宣堂推拿中心（山师东路店）,历下区,山师东路,5.0,单人足疗养生套餐,73,1007
颐和堂保健中心（棋盘街店）,历下区,文化东/西路,5.0,单人保健套餐3选1,69,910
乐享驿站（世茂店）,历下区,解放路,5.0,单人宫廷足道,138,846
乐勤推拿足疗（高新牛旺分店）,历下区,历下区,5.0,单人全身推拿一小时套餐,49.9,838
妙手推拿（高新店）,历下区,高新会展中心,5.0,单人保健套餐3选2,84.6,752
山东大厦东方益spa华夏良子旗舰店,历下区,玉函银座,5.0,足部全息白天场单人套餐,138,644
高手推拿中心,历下区,历下区,5.0,单人全身推拿一次,59,587
老大的幸福健康足疗（华兴大厦店）,历下区,文化东/西路,5.0,老大的幸福单人套餐,118,589
尚足行天下（浆水泉店）,历下区,燕山地区,5.0,尚通宝单人养生套餐,139,547
医盛堂修脚足疗推拿（泉城路店）,历下区,大明湖,5.0,泡脚修脚单人套餐,21.9,495
医盛堂修脚足疗推拿（甸柳片区文东店）,历下区,文化东/西路,5.0,泡脚修脚单人套餐,21.9,495
博杏霖中医门诊部,历下区,解放路,5.0,杏霖传统推拿+艾灸,60,497
家和堂传统推拿理疗,历下区,窑头路,4.5,单人推拿调理套餐4选1,48.8,481
龙足保健（二环东路店）,历下区,山大南/北路,5.0,单人龙足足道1次,108,466
龙足保健（历山路店）,历下区,山大南/北路,5.0,单人龙足足道1次,108,466
康韵堂康复推拿中心,历下区,高新会展中心,5.0,单人拔罐,9.9,456
平安堂中医推拿（吉祥店）,历下区,解放路,4.1,局部推拿套餐,28,435
平安堂（友谊店）,历下区,窑头路,4.2,局部推拿套餐,28,435
永久健康连锁推拿足疗（一店）,历下区,山师东路,4.9,单人套餐,39,431
永久健康推拿足疗中心（二店）,历下区,解放路,5.0,单人套餐,39,431
灸中灸艾灸养生中心,历下区,燕山地区,4.3,养生套餐,79,360
宏伟推拿中心（和平路店）,历下区,山师东路,4.6,单人推拿/足疗/刮痧拔罐/修脚4选1,56,345
九零推拿,历下区,大明湖,4.9,单人拔罐1次,14.9,342
敏康推拿工作室,历下区,文化东/西路,5.0,单人全身推拿1次,45,313
宏伟推拿中心（解放路总店）,历下区,解放路,5.0,全身推拿+足疗+刮痧拔罐,199,292
泉盈足浴,历下区,大明湖,4.1,单人经典足疗套餐,58,281
颐清堂国际美容养生连锁机构（泉城路店）,历下区,恒隆广场,5.0,单人颐清堂身体调理套餐一次+刮痧/拔罐,38.6,276
合顺堂推拿,历下区,历下区,5.0,全身推拿/足疗,50,251
丁豪经络养生,历下区,历下区,4.8,足疗/推拿 2选1,99,236
老姜盲人推拿,历下区,历下区,5.0,单人推拿套餐,49,229
扬州脚艺,历下区,解放东路,5.0,修脚单人套餐,19.9,230
李氏正骨推拿,历下区,山大南/北路,5.0,单人刮痧/拔罐一次,9.9,214
乐享驿站（燕子山店）,历下区,燕山地区,4.6,宫廷足浴,138,205
国医筋骨堂,历下区,高新会展中心,4.9,单人拔罐刮痧,29.9,206
郑远元专业修脚房（高新区店）,历下区,高新会展中心,5.0,单人经典修脚足疗套餐,28.8,207
郑远元专业修脚房（和平路店）,历下区,解放路,4.4,单人经典修脚足疗套餐,28.8,207
郑远元专业修脚房（窑头路店）,历下区,窑头路,5.0,单人经典修脚足疗套餐,28.8,207
金元堂推拿,历下区,窑头路,4.3,全身推拿套餐,59,190
志山推拿,历下区,趵突泉,5.0,肩颈按摩+足疗套餐,48,179
好足道推拿足疗,历下区,大明湖,5.0,单人全身推拿套餐,49,144
扬州好劲道足疗推拿,历下区,历下区,5.0,中式足疗套餐,69.9,141
真功夫足疗推拿,历下区,佛山街,4.5,单人足疗套餐,50,52
润元推拿,历下区,历下区,5.0,单人经络推拿,49,51
兰桂坊足浴中心,历下区,解放路,4.2,单人尊贵按摩SPA,328,51
圣康盲人推拿保健中心,历下区,解放路,4.2,单人足疗/推拿套餐,50,45
慈艾堂艾灸会所（山师东路店）,历下区,山师东路,5.0,拔罐刮痧任选一,19.9,43
荣华宝小儿成人推拿中心,历下区,高新万达广场,4.9,单人全身推拿,39.9,42
同仁堂古方瘦身（千佛山店）,历下区,文化东/西路,5.0,美容养生瘦身纤体套餐,99,42
龍吟健康理疗中心,历下区,历下区,4.6,单人七种项目任选一项,50,39
圣迪雅美容养生馆,历下区,泉城广场,3.9,单人济南圣迪雅养生馆养生套餐,38,35
阳明保健,历下区,大明湖,4.9,单人刮痧/拔罐二选一,13.4,35
丙磊盲人推拿,历下区,文化东/西路,4.8,单人推拿足疗体验套餐,39.9,32
经络疏导中心,历下区,文化东/西路,4.7,单人背腹养护套餐,368,27
颐然堂灸法养生连锁,历下区,历下区,3.5,新店开业60分钟体验套餐,19.8,25
扬州真功夫足疗,历下区,山大南/北路,4.0,单人本草泡脚+肩疗+足部按摩套餐1次,25,25
乐勤专业小儿推拿（康桥颐东店）,历下区,历下区,3.0,单人全身推拿,58,25
泉润推拿足疗,历下区,解放路,4.9,单人套餐3选2,29,24
大刚推拿养生馆,历下区,高新会展中心,5.0,单人中式推拿套餐,59,23
璐德诚华中医养生养颜会所,历下区,高新会展中心,5.0,单人头颈肩全套护理+热敏艾灸,129,23
太经堂（海尔绿城店）,历下区,历下区,4.3,地黄养生,148,21
润生堂推拿馆,历下区,解放路,4.1,单人推拿理疗2选1,55,21
好手法足疗推拿,历下区,历下区,4.6,单人足疗推拿套餐,55,21
陈真立足道推拿,历下区,大明湖,5.0,单人全身推拿,56.5,20
金六指修脚,历下区,佛山街,4.0,单人足疗,35,19
金六指修脚,历下区,解放路,4.1,单人足疗,35,19
英子足浴馆,历下区,大明湖,3.0,单人拔罐,8.8,18
英子养生馆,历下区,趵突泉,4.6,单人拔罐,8.8,18
扬州真功夫修脚足疗店,历下区,高新会展中心,4.1,单人特价足疗,18,18
小杜推拿,历下区,燕山地区,4.7,单人传统火罐,8.8,17
瑞康推拿,历下区,历下区,4.6,全身推拿经络拔罐套餐,59,17
利康推拿,历下区,历下区,4.0,推拿（成年人）,38,16
慧德缘推拿艾灸养生堂,历下区,燕山地区,4.9,单人肩颈腰调理/经络推拿2选1,88,16
长生久视足疗瑶浴,历下区,高新会展中心,4.7,单人SPA足疗套餐,99,16
小孙盲人推拿,历下区,文化东/西路,3.5,单人推拿,49.9,14
好身手艾灸推拿足疗修脚,历下区,燕山地区,4.5,单人肩颈推拿足疗或局部推拿二选一套餐,25,14
博杏霖中医馆（高新店）,历下区,高新会展中心,4.4,杏霖拔罐,9.9,15
廖氏松筋通络养生堂（窑头路店）,历下区,窑头路,4.3,推拿+松筋通络套餐,68,13
纤姝3分钟瘦身养生馆,历下区,齐鲁软件园,4.7,草本拔罐套餐,38,13
皇子推拿足疗,历下区,高新会展中心,3.5,单人足疗推拿套餐,50,12
甘美会保健按摩中心（燕山新居店）,历下区,解放东路,4.3,甘美会单人原生态Spa,329,11
逸莲雅舍养生馆,历下区,高新会展中心,4.8,单人塑身体验套餐,68,11
和一堂扶阳正脊生活馆,历下区,高新会展中心,4.9,单人头部肩颈天道寿调理套餐,158,11
福阳堂艾灸养生中心,历下区,窑头路,3.5,艾灸养生套餐,58,10
仁艾源艾灸,历下区,高新会展中心,4.2,单人拔罐刮痧推背三选二套餐,48,10
康元养生堂（黄金时代小区店）,历下区,历下区,3.5,单人拔罐,15,9
杏林推拿按摩中心,历下区,文化东/西路,4.8,单人颈肩背推拿,35,9
新荷养生堂,历下区,历下区,4.4,单人局部推拿+拔罐,48,8
康屿中医养生,历下区,奥体中心,5.0,颈肩腰腿套餐,298,7
经络畅通幸福吧,历下区,山大南/北路,4.1,经络养生套餐,35,7
善灸天艾灸养生（历下区荆山东路店）,历下区,历下区,4.5,太极扶阳灸,69,6
景珍堂艾灸馆,历下区,山大南/北路,4.8,单人肩颈调理,98,6
兆年推拿,历下区,山大南/北路,3.0,刮痧+拔罐,25,5
纤韵瘦身美容养生馆,历下区,解放路,5.0,温和脱毛 双腋下或双胳膊双腿等,58,4
林氏保健按摩中心,历下区,解放路,4.5,药疗1次,60,4
海涛足道按摩,历下区,解放路,3.5,单人中式推拿1次,108,4
盛福足道,历下区,历下区,3.5,推拿套餐,58,0
菲凡尚香养生馆,历下区,山大南/北路,4.3,单人项目3选1,68,0
月亮湾养生馆,历下区,佛山街,3.8,单人经络疏通,58,0
饮马推拿院,历下区,芙蓉街,5.0,全身推拿•拔罐套餐,178,0
社区推拿,历下区,山大南/北路,4.8,单人小儿推拿,49,0
鞠氏推拿养生堂,历下区,解放路,4.0,单人拔罐一次,19.9,0
素和堂养生,历下区,解放路,4.2,单人腰椎调理,178,0
西康专业修脚,历下区,解放路,3.5,单人西康专业采耳+洗眼,59.9,0
海波盲人推拿,历下区,大明湖,3.5,单人足疗+肩部推拿1次,53.9,0
一品足道,历下区,高新会展中心,3.5,平衡五行养生套餐一次,198,0
韩都汗蒸,历下区,历下区,3.5,单人局部推拿,60,0
李大军盲人推拿,历下区,大明湖,3.5,刮痧,20,0
慈惠仁养生,历下区,历下区,3.5,单人暖宫养生,168,0
本草保健（八一店）,市中区,八一银座,5.0,养生足疗单人套餐,99,26782
本草保健（六里山店）,市中区,济大/会展中心,5.0,养生足疗单人套餐,99,26782
宏伟推拿中心（民生大街店）,市中区,济大/会展中心,4.4,单人宏伟盲人推拿足疗中心按摩4选1,59,15034
宏伟推拿中心（伟东新都店）,市中区,伟东新都,4.4,单人宏伟推拿足疗中心保健4选1,79,12950
华夏良子（济南五所店）,市中区,中华小吃城,5.0,生命之禅全天通用单人套餐,138,11917
华夏良子（旅游路店）,市中区,伟东新都,5.0,生命之禅全天通用单人套餐,138,11917
华夏良子（济南贵宾楼店）,市中区,济大/会展中心,5.0,生命之禅全天通用单人套餐,138,11917
养足堂足部保健中心,市中区,大观园,5.0,单人保健足疗套餐,79,4098
水域年华足疗保健养生馆,市中区,大观园,5.0,单人保健足疗套餐,79,4098
扬州真功夫足疗,市中区,万达广场,5.0,单人经典足疗套餐,39.9,4040
扬州好享寿足疗推拿（五店）,市中区,大众广场,5.0,单人经典足疗套餐,49,3381
雨辰盲人推拿足疗中心,市中区,中海环宇城,5.0,单人推拿A套餐,49.9,2774
夜雨足道,市中区,万达广场,5.0,生命之初单人套餐,78,2173
海木养生（八一店）,市中区,市中区,5.0,单人海木天然养生（黄金场）,149,2081
海木养生（贵宾楼）,市中区,济大/会展中心,5.0,单人海木天然养生（黄金场）,149,2081
御足坊养生会所,市中区,八一银座,5.0,单人全身保健套餐,158,1573
益康堂盲人推拿足疗服务中心,市中区,大观园,4.6,单人中式推拿,59,1069
康宣堂推拿中心（阳光舜城店）,市中区,伟东新都,4.3,单人足疗养生套餐,73,1007
康宣堂推拿中心（玉函路店）,市中区,济大/会展中心,5.0,单人足疗养生套餐,73,1007
康宣堂推拿中心（大观园店）,市中区,大观园,4.6,单人足疗养生套餐,73,1007
妙石沙灸养生会所,市中区,万达广场,4.7,单人沙灸养生套餐,29.9,36
晓情主题足道,市中区,济大/会展中心,5.0,单人御足套餐,128,32
传统好兄弟足疗,市中区,市中区,4.2,单人足疗套餐,80,31
皓轩足道,市中区,万达广场,3.0,单人足疗套餐,38.8,32
华康推拿,市中区,阳光新路,4.0,局部经络推拿 一人次,23.8,28
天瑞盲人推拿保健中心,市中区,鲁能领秀城贵和,4.8,单人足疗套餐,55,26
舜心经络推拿按摩中心,市中区,伟东新都,3.9,全身推拿单人套餐,48,25
上医堂,市中区,中海环宇城,4.1,局部推拿单人套餐,29.9,21
推拿正骨（专业正骨理筋关节复位店）,市中区,八一银座,4.7,单人腰椎复位体验套餐,29.9,19
宗景推拿,市中区,青龙小区,4.5,单人足疗送拔罐,40,18
华夏世纪足疗,市中区,市中区,4.0,单人盐浴经典足疗按摩套餐,89,14
静心轩推拿按摩中心,市中区,济大/会展中心,5.0,单人足疗+颈肩放松套餐,52.8,13
明德爱灸堂,市中区,阳光新路,4.7,单人背部火力纯手工艾灸体验套餐,29.9,12
安然纳米汗蒸理疗养生馆,市中区,大观园,5.0,单人艾灸/草本泥灸二选一,99,11
玖利奇保健中心,市中区,伟东新都,4.0,全身推拿1次,55,6
顺鑫足道,市中区,青龙小区,4.0,足道单人套餐,38,6
钰熹泉养生堂,市中区,阳光新路,4.1,钰熹泉头疗单人套餐,60,6
同仁经络养生,市中区,济大/会展中心,3.5,单人拔罐/刮痧2选1,25,4
自然古方,市中区,伟东新都,3.5,单人刮痧拔罐二选一套餐,9.9,0
名仕水韵,市中区,万达广场,4.5,足浴套餐,38,0
岐经堂（阳光店）,市中区,阳光新路,3.5,单人两次综合辨证调理（经穴推拿／艾灸／砭石／拔罐／刮痧）套餐,198,0
世龙世家手足健康连锁（历城区郭店店）,历城区,历城区,4.2,泡脚足浴+修脚护理单人套餐,9.9,26971
世龙世家手足健康连锁（历城区花园路店）,历城区,华龙路沿线,5.0,泡脚足浴+修脚护理单人套餐,9.9,26971
宏伟推拿中心（锦绣泉城店）,历城区,华龙路沿线,5.0,单人宏伟盲人推拿足疗中心按摩4选1,59,15034
重庆富侨足道（花园路店）,历城区,洪家楼,5.0,经典单人足道套餐,108,12434
名医盲人推拿足疗,历城区,华龙路沿线,5.0,名医盲人推拿[复制],40,7391
永康盲人推拿,历城区,祝甸,5.0,套餐4选1,45,3587
扬州泰享寿足疗推拿中心（六店）,历城区,华龙路沿线,5.0,单人经典足疗套餐,49,3381
茹意瘦身养生馆,历城区,洪家楼,5.0,茹意美容 刮痧/拔罐（2选1）,9.9,2492
水沐养生,历城区,二环东路,5.0,单人足疗套餐,78,1874
益民推拿足疗中心（舜奥华府店）,历城区,历城区,4.3,单人益民推拿套餐五选一,60,1813
康家盲人推拿中心（一店）,历城区,历城区,5.0,推拿足疗套餐,49.9,1395
康家盲人推拿中心（二店）,历城区,历城区,5.0,推拿足疗套餐,49.9,1395
济钢体育馆（济钢游泳馆）,历城区,历城区,4.6,单人济钢游泳馆游泳票2小时,18,1135
郁氏盲人推拿,历城区,历城区,5.0,单人推拿足疗2选1,39.9,1041
老姜盲人推拿店,历城区,华龙路沿线,5.0,养生套餐,40,671
姜氏推拿按摩（将军路店）,历城区,历城区,4.4,姜氏推拿（局部）拔罐,9.9,534
正源推拿养生连锁（五店）,历城区,历城区,4.0,单人泡脚+肩疗+足疗套餐,19,504
好力道足疗,历城区,历城区,5.0,单人背部推拿+中式足疗+拔罐或刮痧套餐,65,464
岐黄推拿（七里河店）,历城区,华龙路沿线,5.0,单人岐黄推拿足疗/全身推拿（2选1）,40,395
灸中灸艾灸养生中心（华能店）,历城区,华龙路沿线,4.2,养生套餐,79,360
岐经堂（万科城店）,历城区,华龙路沿线,3.5,单人两次综合辨证调理（经穴推拿／艾灸／砭石／拔罐／刮痧）套餐,198,0
资深推拿,历城区,历城区,4.3,单人局部推拿+组合罐,60,0
菲凡尚香养生馆（化纤厂路店）,历城区,华龙路沿线,4.0,泥灸套餐3选1,88,0
鲁派修脚,槐荫区,槐荫区,5.0,单人修脚+足疗套餐,35,202
德康中医推拿,槐荫区,西市场,5.0,单人局部推拿,35,185
水墨江南足浴,槐荫区,槐荫区,5.0,单人足疗保健套餐,98,167
扬州好足道,槐荫区,五院,5.0,单人足疗套餐,29.9,150
金淼足道,槐荫区,西市场,5.0,单人传统足道,78,123
黄子盲人保健中心（北辛店）,槐荫区,五院,4.3,黄子盲人保健足疗套餐,60,119
黄子盲人保健中心（七七店）,槐荫区,槐荫区,4.8,黄子盲人保健足疗套餐,60,119
黄子盲人保健中心（经三纬六店）,槐荫区,西市场,4.0,单人黄子盲人保健推拿足疗2选1套餐,65,119
星光足道,槐荫区,槐荫区,4.8,足疗套餐,38,102
四季养生,槐荫区,槐荫区,4.7,单人足疗/推拿二选一,39.9,102
同仁鑫焱,槐荫区,西市场,5.0,单人肩颈背部经络调理1次,9.9,92
安然纳米汗蒸（明星小区店）,槐荫区,世购广场,4.9,超值套餐,19.9,79
沐然堂,槐荫区,槐荫区,5.0,单人拔罐一次,1,74
韩艺养生SPA,槐荫区,连城广场,5.0,单人泰式保健养生套餐,298,68
如家释压足疗推拿养生会所,槐荫区,阳光100,5.0,单人足疗套餐（含头部按摩+肩颈放松）,38,67
养生小屋,槐荫区,五院,5.0,单人精油开背/艾灸2选1,48,57
丹滋美颜美体会所,槐荫区,张庄路/森林公园,4.8,背部肩颈保健,49.8,53
舜和国际酒店养生足疗,槐荫区,腊山立交桥,5.0,奢华足疗套餐,108,53
赛娜足道spa养生会馆,槐荫区,世购广场,4.6,单人拔罐一次,19.9,49
一凡推拿（德裕家园分店）,槐荫区,张庄路/森林公园,5.0,足疗单人套餐,39.8,48
良子足道养生会所,槐荫区,槐荫区,4.1,中式保健套餐A,138,46
寇氏减肥（卢浮宫馆店）,槐荫区,和谐广场,4.1,单人拔罐,39,42
慢生活养生馆（慢生活推拿理疗中心）,槐荫区,张庄路/森林公园,4.3,小儿推拿套餐,35,37
足安堂养生,槐荫区,张庄路/森林公园,3.5,古法足道套餐,29.9,26
新时代健康养生馆,槐荫区,西市场,4.3,局部推拿+拔罐 一人次,19.5,26
浙南足疗保健中心,槐荫区,张庄路/森林公园,3.8,78套餐,78,26
康民推拿,槐荫区,五院,5.0,单人拔罐套餐,9.9,25
奕中推拿,槐荫区,济南客站,5.0,单人全身保健推拿,58,24
迷迭女子综合会馆,槐荫区,和谐广场,5.0,单人足疗1次,39.9,23
泉景推拿保健工作室,槐荫区,槐荫区,3.9,推拿套餐一人次,59.9,23
郭医堂推拿中心,槐荫区,腊山立交桥,4.3,单人小儿推拿,39.8,22
常一刀专业修脚,槐荫区,五院,4.0,单人泡脚+修脚+刮脚,20,16
扶元阁推拿养生馆,槐荫区,张庄路/森林公园,4.4,单人中式刮痧/拔罐二选一,9.9,15
永君正骨推拿,槐荫区,阳光100,5.0,拔罐/刮痧/闪罐/走罐 四选一,9.9,13
赵氏修脚,槐荫区,张庄路/森林公园,3.5,单人修脚套餐,30,12
青火足道养生会所,槐荫区,张庄路/森林公园,3.5,单人80分钟足道套餐,78,8
弘艾堂艾灸经络养生,槐荫区,张庄路/森林公园,4.4,艾灸一人次,25,7
美玉缘养生馆,槐荫区,张庄路/森林公园,4.0,经络疏通套餐,9.9,6
曌鑫中医推拿,槐荫区,西市场,5.0,单人刮痧,26.8,5
易生堂推拿,槐荫区,五院,3.5,单人小儿推拿,30,4
孝义坊推拿足疗（二店）,槐荫区,阳光100,3.5,孝义坊单人足疗套餐,98,4
聚和堂中医推拿,槐荫区,张庄路/森林公园,4.6,局部推拿+拔罐,59,3
德源足道,槐荫区,和谐广场,3.9,单人精品套餐,238,2
康健中医推拿,槐荫区,美里湖,3.5,全身推拿一人次,49.9,1
李师傅平价足疗店,槐荫区,世购广场,3.5,单人修脚套餐,48,1
昱足轩,天桥区,长途汽车总站,3.0,足疗保健套餐,118.8,0
月色养生,天桥区,天桥区,4.1,养生套餐,98,0
华夏良子（济南章丘店）,章丘市,银座商城,5.0,代金券,75,11170
老王修脚刮痧（宝岛店）,章丘市,银座商城,5.0,单人 老王修脚超值足疗套餐,39,2159
老王修脚刮痧（百脉泉公园店）,章丘市,百脉泉公园,5.0,单人 老王修脚超值足疗套餐,39,2159
百脉豪庭诊所,章丘市,香港街,4.0,中式穴位拔罐,1,663
润骨推拿,章丘市,大学城,5.0,单人拔罐,10,443
扬州足道（百脉泉街店）,章丘市,香港街,5.0,经典足疗套餐,128,381
好望角足浴,章丘市,银座商城,4.2,草本香薰浴足,49,295
国际好兄弟,章丘市,百脉泉公园,4.0,足疗套餐,118,247
国际好兄弟足疗,章丘市,绣水大街,4.0,足疗套餐,118,247
手佳盲人按摩中心,章丘市,银座商城,5.0,单人手佳盲人推拿优惠套餐,69.9,237
美之道专业女子减肥养生馆,章丘市,银座商城,4.4,单人汗蒸+肩颈护理,9.8,169
医盛堂修脚中心,章丘市,眼明泉,4.1,修脚+足疗 一人次,19.8,80
吖咪娜足浴,章丘市,眼明泉,4.1,单人精品足浴套餐,68,45
小靳足疗,章丘市,章丘,4.6,足疗/汽疗/头疗/刮痧拔罐/推拿/艾灸 养生套餐六选一,39.9,34
梁氏修脚店,章丘市,眼明泉,4.0,草本泡脚,20.8,21
