﻿商家,区域,商圈,星级,服务,价格,销量
华医国技养生会所,赛罕区,长乐宫,3.7,华医国技足道养生套餐,88,889
品味足道,赛罕区,长乐宫,4.2,足疗按摩套餐,78,857
泽宁修脚足疗按摩（桥靠店）,赛罕区,赛罕区,5.0,单人足疗按摩套餐,36.8,833
泰福盲人按摩,赛罕区,金隅时代城,5.0,泰福盲人按摩足疗套餐,58,755
益寿康按摩院,赛罕区,长乐宫,4.6,单人套餐,68,593
优优修脚,赛罕区,内大,5.0,修脚足部护理套餐1次,29.8,498
小杨盲人按摩,赛罕区,长乐宫,5.0,单人套餐,55,445
名家国技养生馆,赛罕区,桥华,4.3,单人足疗套餐,68,435
华都君悦足道养生SPA会所,赛罕区,桥华,4.9,单人养生足道套餐,108,375
博善堂盲人按摩,赛罕区,赛罕区,5.0,按摩足疗AB2选1,59.8,344
杏林一家盲人按摩,赛罕区,嘉茂,4.1,按摩足疗刮痧精油4选1,69,336
内蒙古呼和浩特艾灸经络养生（兴安南路店）,赛罕区,桥华,4.1,艾灸养生馆48元（A/B/C）套餐三选一,48,336
艾灸养生馆,赛罕区,桥华,4.4,艾灸养生馆48元（A/B/C）套餐三选一,48,336
逸天云璟,赛罕区,长乐宫,5.0,单人沐足套餐,98,276
香儿足道养生会所,赛罕区,赛罕区,5.0,足部养生套餐,128,266
德荟堂全息经络无痛刮痧（学府花园店）,赛罕区,师大,4.6,拔罐套餐2选1,38,257
百岁堂艾灸养生堂,赛罕区,乌兰察布东街,4.6,艾灸体验1次,64,245
欧s足道,赛罕区,发展小区,4.0,欧S专业足疗1次,58,222
祥普足疗,赛罕区,长乐宫,4.0,祥普足疗套餐,68,215
蒸艾康汗蒸艾灸,赛罕区,师大,5.0,单人汗蒸养生7选2套餐,49,172
东升温灸汗蒸养生馆,赛罕区,赛罕区,5.0,艾灸养生套餐,39,146
碧涛阁足疗店,赛罕区,赛罕区,5.0,单人足疗套餐下午时段,48,120
和煦轩推拿按摩中心,赛罕区,赛罕区,5.0,单人刮痧拔罐2选1,25,99
康友盲人按摩,赛罕区,金隅时代城,4.1,足疗保健套餐,85,95
德荟堂康健理疗会所,赛罕区,嘉茂,4.4,【德荟堂康健理疗会所】拔罐套餐2选1,38,94
活力健康管理,赛罕区,长乐宫,4.7,健康养生调理推广中心-百全毫米波,0.9,91
克丽缇娜（摩尔城奈伦国际店）,赛罕区,摩尔城,4.4,单人精致护理,98,76
鑫悦足道,赛罕区,赛罕区,5.0,单人拔罐+刮痧,19.9,72
1+1经络spa养生会所,赛罕区,赛罕区,4.3,单人全身经络油压,148,68
dds经络养生,赛罕区,内大,5.0,经络疏通,9.9,66
元康盲人按摩,赛罕区,赛罕区,4.9,足疗套餐,75,66
千年瑶浴养生会所,赛罕区,赛罕区,4.1,养生足疗,68,57
伊若尔安然纳米汗蒸养生馆,赛罕区,赛罕区,4.2,单人汗蒸一次,19.8,53
富贵益足经络养生馆,赛罕区,桥华,4.0,富贵益足养生足道,88,43
翠海足道宾馆,赛罕区,摩尔城,3.9,保健套餐,58,42
寻觅足道,赛罕区,赛罕区,4.0,双人情侣私享套餐,186,42
腾仑按摩修脚足疗,赛罕区,乌兰察布东街,4.7,单人刮痧拔罐套餐,29,41
舒苑盲人按摩,赛罕区,嘉茂,5.0,单人养生套餐,68,32
德荟堂全息经络无痛刮痧（少年宫店）,赛罕区,赛罕区,3.9,【德荟堂中医全息经络无痛刮痧（汇豪）】拔罐套餐2选1,38,28
天恩足疗,赛罕区,师大,4.8,单人经络按摩体验,58,26
长安足道,赛罕区,长乐宫,3.8,单人鱼疗+茶水+果盘套餐,38,20
百笑灸（山丹街店）,赛罕区,师大,4.1,保健套餐,48,16
千俪藏秘竹罐瘦身养生会馆,赛罕区,金桥,4.3,单人拔罐+调理,25.8,14
丰韵美容美发会所,赛罕区,赛罕区,4.2,足疗套餐,58,9
潺铭堂（学府花园店）,赛罕区,师大,4.6,经络瘦身3次体验,100,9
LOVE 妍 养生馆,赛罕区,金宇文苑,4.4,到jia美甲,9.9,8
顺圆美容养生会所（肩颈腰腿调理中心）,赛罕区,乌兰察布东街,4.4,单人芦荟鲜汁美容体验,38,8
生命4S,赛罕区,桥华,4.8,三伏养生套餐,99,5
东尚阁美容养生会所,赛罕区,桥华,4.6,舒缓套餐,58,5
德荟堂自然疗法养生会所,赛罕区,桥华,4.3,徳荟堂自然养生会所全息经络刮痧38B套餐,38,3
心手一盲人按摩小儿推拿,赛罕区,桥华,4.6,单人小儿推拿,39.9,2
康复佳盲人按摩院（巨海店）,赛罕区,赛罕区,5.0,康复佳盲人按摩店 足疗+老姜泡脚套餐,68,2
春雷盲人按摩,赛罕区,嘉茂,4.1,单人足疗+经络按摩+刮痧套餐,138,2
弘道推拿,赛罕区,乌兰察布东街,4.1,单人拔罐+刮痧,9.9,2
玄義养生堂,赛罕区,桥华,3.5,单人基础开背套餐,69,0
众康养生足道,赛罕区,嘉茂,4.2,众康足疗48元套餐,48,0
纤手国际养生会所,新城区,阳光诺卡,5.0,单人养心足道套餐,88,295
兰琴理疗,新城区,鼓楼,4.8,拔罐刮痧2选1,9.9,293
道然医馆养生部,新城区,火车站,5.0,单人套餐2选1,28,236
圣火专业足疗保健,新城区,内蒙古图书馆,4.0,单人足浴套餐,38,202
迪瑞休闲中心,新城区,润宇,4.3,迪瑞休闲中心足疗套餐,58,191
丹蕊儿养生馆,新城区,新城区,4.5,丹蕊儿 拔罐刮痧,28.9,164
医源汗蒸理疗康复中心,新城区,鼓楼,4.6,韩国式汗蒸净排＋刮痧或拔罐,58,143
旭尧足疗修脚,新城区,新城区,5.0,经典足疗修脚按摩套餐,35.8,112
丁大夫按摩院,新城区,鼓楼,4.6,58元足疗/按摩套餐,58,104
足迹养生足道馆,新城区,万达,4.4,单人下午特惠足疗保健,88,73
赵美俊盲人按摩,新城区,万达,5.0,单人足疗,65,66
海恒祥推拿馆,新城区,八一,5.0,单人拔罐套餐,15,58
慧子养生会所,新城区,火车站,4.3,慧子养生会所纤体腹部或腿部瘦身,19.9,50
水芸之情足疗馆,新城区,新城区,4.4,单人按摩套餐,78,23
舒心推拿会所,新城区,鼓楼,4.1,单人刮痧+拔罐套餐,29.9,21
郭一刀修脚店,新城区,鼓楼,4.1,单人修脚+拔罐套餐,40,14
舒益康盲人按摩院,新城区,八一,4.4,舒益康盲人按摩（金隅店）足疗套餐,89,13
幸福空间养生足道,新城区,万达,5.0,特价足疗一次,25,10
紫凤阁养生足道,新城区,火车站,4.0,经络油压单人体验,198,10
天煜足疗按摩店,回民区,海亮,4.9,单人天煜足道套餐,68,26
铂澜迪季珊美容养生会所,回民区,海亮,3.8,单人全身护理套餐,68,23
悠然堂足道,回民区,中山西路,4.0,拔罐刮痧,20,22
思足养生足道,回民区,中山西路,4.0,足疗保健养生套餐,98,21
健强推拿店,回民区,文化宫街,4.1,推拿套餐2选1,59,17
涵曦养生馆,回民区,回民区,4.4,单人拔罐+刮痧,29.9,10
嘉柏俪精油护肤,回民区,海亮,3.5,58方案,58,8
张重生盲人按摩院,回民区,金蓝港,4.7,足疗套餐,58,7
龙缘聚养生堂,回民区,财经大学新校区,4.6,综合套餐,98,6
鹤立推拿按摩,回民区,中山西路,4.8,足疗按摩,39.9,5
雅苑汗蒸养生会所,回民区,回民区,4.4,单人汗蒸+面部护理,69.9,3
益宁盲人按摩,回民区,文化宫街,4.2,精油开背,128,1
香水伊人,回民区,海亮,4.0,单人美容套系,28,0
