﻿商家,区域,商圈,星级,服务,价格,销量
新纪元大酒店康体工坊,五华区,南屏片区,4.2,新纪元大酒店康体工坊足部护理1次 东风西路,68,1097
唯美诗特SPA会馆,五华区,丰宁小区,4.1,单人中式精油套餐,79,813
久泰足道,五华区,高新区,5.0,单人养生足疗,48,556
大栖地足疗,五华区,小西门,5.0,单人经典足疗,88,457
足生缘,五华区,和谐世纪,5.0,单人姜汁足疗,59,427
王府浴足,五华区,南屏片区,5.0,单人大厅王府足道,98,415
纪美足浴,五华区,五华区,5.0,足疗+全身按摩,78,395
足御天下,五华区,北教场,5.0,全息足御,158,376
愿景富足,五华区,小西门,5.0,富足特价沐足（白天场）,59.9,330
兄弟盲人推拿会所,五华区,五华区,5.0,局部推拿,30,313
新甲专业修脚（灰指甲康复基地）,五华区,圆通山,5.0,新甲单人专业修脚套餐,40,281
醒椎颈腰椎推拿5S养护（美璟新城店）,五华区,美璟新城,5.0,醒椎推拿体验,58,277
重庆富侨保健（富侨足道）,五华区,黄土坡,4.5,单人富贵足浴,88,252
君享浴足,五华区,月牙潭,5.0,单人全身按摩+足底+姜敷,108,240
量颜美容养生会所,五华区,南屏片区,5.0,御尚足疗,68,215
善古经络调养机构,五华区,五华区,4.8,单人颈肩调理,118,176
81度盲人推拿足浴养生会馆,五华区,北教场,5.0,单人全身按摩套餐,49,161
甲博士灰指甲（白云路店）,五华区,五华区,4.1,单人修脚甲床护理套餐,9.9,149
梦馨纳米汗蒸养生馆,五华区,高新区,5.0,单人汗蒸＋艾灸,38,0
领御富侨,盘龙区,滨江俊园,5.0,单人VIP足疗套餐,124,25393
大印足（北京路会馆）,盘龙区,金江小区,5.0,古典御方热疗一位,128,18298
阳光足浴,盘龙区,凤凰新村,5.0,单人阳光全息足道1次,115,12747
徐氏推拿（人民东路店）,盘龙区,盘龙区,5.0,徐氏推拿单人足疗套餐,75,6664
泉隆足疗客栈,盘龙区,云锡花园,5.0,泉隆单人足浴,108,5653
手道堂养生馆（云南映象店）,盘龙区,云南印象,5.0,单人手道堂全息经络刮痧（肩颈）,98,4047
手道堂养生馆（北辰财富中心店）,盘龙区,北辰财富中心,5.0,单人手道堂全息经络刮痧（肩颈）,98,4047
手道堂养生馆（金星店）,盘龙区,金星小区,5.0,单人手道堂全息经络刮痧（肩颈）,98,4047
手道堂养生馆（滨江俊园店）,盘龙区,滨江俊园,5.0,单人手道堂全息经络刮痧（肩颈）,98,4047
手道堂养生馆（星雅俊园店）,盘龙区,凤凰新村,5.0,单人手道堂全息经络刮痧（肩颈）,98,4047
手道堂养生馆（佳园小区店）,盘龙区,白龙新区,5.0,单人手道堂全息经络刮痧（肩颈）,98,4047
手道堂养生馆（金实店）,盘龙区,金实小区,5.0,单人手道堂全息经络刮痧（肩颈）,98,4047
圣爱中医养生中心（摩玛店）,盘龙区,桃源广场,5.0,圣爱肩颈调理 60分钟,68,4033
圣爱中医养生中心（北市店）,盘龙区,金江小区,5.0,圣爱肩颈调理 60分钟,68,4033
东翰足疗养生会所（北京路好世界店）,盘龙区,江东花城,5.0,单人养生足疗,108,3883
皇廷足步天下足道养生会所,盘龙区,滨江俊园,5.0,单人足浴1次,98,3414
贵足道金海湾足疗城,盘龙区,北辰财富中心,4.8,单人贵宾足浴（白天场）,99,3128
云天足疗（滨江店）,盘龙区,滨江俊园,4.8,单人足疗套餐,78,3062
富侨足道养生会所,盘龙区,盘龙区,4.9,单人VIP足疗,128,2757
本草记（凤凰新村店）,盘龙区,凤凰新村,5.0,单人汉方姜王益坤足疗,89,2546
韩都汗蒸养生馆（金江店）,盘龙区,金江小区,5.0,韩都养生汗蒸+精油开背 建议1人使用,99,50
伊莉莎养生馆,盘龙区,同德昆明广场,5.0,单人肩周调理一次（加拔罐）,88,49
尚品足道养生SPA,盘龙区,盘龙区,5.0,基础spa,239,49
迦南SPA,盘龙区,滨江俊园,5.0,单人经典油压SPA＋淋浴,228,36
魅之指专业女子SPA,盘龙区,欣都龙城,5.0,单人全身十四经络套餐,98,33
康源堂盲人推拿（映象店）,盘龙区,云南印象,5.0,全身保健推拿,50,35
御玺堂养生会所,盘龙区,滨江俊园,4.0,单人肩颈护理／推拿,78,31
沁月养生spa,盘龙区,世博园,4.9,单人沁月SPA,288,31
菡拉格养生馆,盘龙区,同德昆明广场,5.0,艾灸拔罐/刮痧二选一,9.9,30
摩卡养生,盘龙区,同德昆明广场,5.0,单人摩卡专属SPA＋淋浴＋泡澡,398,29
雪曼莉莎纤体SPA养生馆（金色家园店）,盘龙区,北辰财富中心,5.0,单人全身瘦身套餐3次体验,98,24
沐足养护调理中心,盘龙区,桃源广场,5.0,单人拔罐、刮痧二选一,19.9,23
曦春堂,盘龙区,新迎小区,5.0,全息自体还原养护,69.9,23
韩式纳米汗蒸（同德店）,盘龙区,同德昆明广场,5.0,精油推背,68,23
汗蒸社区生活馆（康悦店）,盘龙区,白龙寺,4.6,单人面部排螨,28,23
宏旺健康管理中心,盘龙区,江东花城,4.5,背部走罐+温经散寒艾灸/祛湿散寒罐,54,21
利丰休闲足浴,盘龙区,金泉小区,4.0,单人养生足浴,48,18
仙莉莎养生馆（金江云苑店）,盘龙区,金江小区,4.7,单人背部调理＋拔罐,49.9,16
久黎盲人按摩所,盘龙区,金江小区,5.0,小儿推拿,48,16
千寻墨问禅意温泉SPA,盘龙区,世博园,4.0,纯植物芳香SPA,480,12
阿弥塔瓦,盘龙区,金江小区,4.6,单人精油开背套餐,68,7
心手合一推拿,盘龙区,江东花城,4.0,单人足疗,60,6
蒸灸健康管理,盘龙区,金江小区,3.9,面部美容泥精致护理 建议1人使用,68,6
明凡汗蒸足道养生馆,盘龙区,金星小区,4.8,养生足疗单人套餐（白天场）,68,4
永生盲人按摩,盘龙区,新迎小区,4.5,单人推油,110,3
汇享汗蒸美容减肥养生馆（实力北岸店）,盘龙区,同德昆明广场,4.8,单人汗蒸+肩颈护理+脑部减压,68,1
小哈尼足疗,西山区,西山区,4.8,单人养生足疗,49,1176
美康足浴,西山区,广福中华美食城,5.0,单人美康足浴,68,1049
葆康盲人按摩（西山区店）,西山区,云纺,5.0,全身推拿/足疗套餐,69,1015
禄达足浴,西山区,西山区,4.6,单人皇式足浴 （全天）,108,554
甲福专业修脚坊,西山区,金马碧鸡坊片区,5.0,肩颈按摩+足疗+修脚,32,454
长青足疗养生馆,西山区,西山区,5.0,单人长青养生足疗,88,398
老干温泉,西山区,西山区,3.8,老干温泉洗浴+桑拿,18,296
迦南足疗会所,西山区,西山区,3.6,单人四季养生足疗一次白天场,68,256
善宁堂经络养生,西山区,西山区,5.0,单人肩颈疏通,49,199
皇鼎雅尚spa,西山区,大观楼,5.0,健康养生足疗单人套餐,138,196
纳澜泰-spa(爱琴海购物公园店),西山区,红星爱琴海购物公园,4.9,纳澜SPA含泡浴,238,174
甲博士灰指甲（西山区店）,西山区,西山区政府,4.3,单人修脚甲床护理套餐,9.9,149
甲博士灰指甲（滇池店）,西山区,南亚第一城,4.1,单人修脚甲床护理套餐,9.9,149
爱仁发宝社区养生连锁（盛高分店）,西山区,西山区,4.1,单人刮痧／艾灸／拔罐（3选1）,29.9,143
爱仁发宝养生会所（中央丽城总店）,西山区,西山区,4.4,单人刮痧／艾灸／拔罐（3选1）,29.9,143
爱仁发宝社区养生连锁（湖畔之梦店）,西山区,西山区,4.7,单人刮痧／艾灸／拔罐（3选1）,29.9,143
爱仁发宝养生会所（南亚店）,西山区,南亚第一城,5.0,单人刮痧／艾灸／拔罐（3选1）,29.9,143
木梓生命之旅抗衰老健康管理中心,西山区,公园1903,5.0,12经络气血通,398,105
汗蒸社区生活馆（艾丽缘店）,西山区,西山区,4.5,汗蒸+单人自助艾灸,98,0
大桶水足疗（世纪城店）,官渡区,世纪城,5.0,快乐足道心满意足单人套餐,138,26267
大印足（世纪城会馆）,官渡区,世纪城,5.0,古典御方热疗一位,128,18298
大脚板养生足道,官渡区,关上,5.0,贵宾养生足浴1次,88,16628
玉足堂足浴城,官渡区,世纪城,5.0,单人康乐足道套餐,132,11357
大唐足道（关上店）,官渡区,关上,5.0,单人影院式专业养生足疗,79.9,9389
重庆富侨足疗总店,官渡区,关上,4.8,单人足浴套餐,95,9126
东翰足疗养生会所（新亚洲体育城店）,官渡区,新亚洲体育城,5.0,单人养生足疗套餐,108,8149
御都足疗,官渡区,新亚洲体育城,5.0,若石健康法,106,6993
徐氏推拿（金源购物中心店）,官渡区,世纪城,5.0,徐氏推拿单人足疗套餐,75,6664
翡翠时光水疗足疗会所,官渡区,昆明站,4.6,单人净桑1次,68,6005
熏满浴足（华洋店）,官渡区,官渡区,5.0,足疗按摩,98,5630
熏满浴足（永丰园店）,官渡区,高原明珠,4.8,足疗按摩,98,5630
熏满浴足（珥季路店）,官渡区,官渡区,4.9,足疗按摩,98,5630
熏满浴足（金源店）,官渡区,官渡区,4.5,足疗按摩,98,5630
道弘养生馆,官渡区,新螺蛳湾,5.0,单人太师足道,88,5551
爱尚至尊足浴店,官渡区,官南大道,4.8,单人清逸仙子,238,5515
爱尚汇足疗SPA会所,官渡区,官南大道,5.0,单人清逸仙子,238,5515
何日君足疗（昆明站店）,官渡区,昆明站,4.9,何日君单人足疗,100,4892
重庆富侨昆明养生会所,官渡区,官渡区,5.0,单人富侨足疗套餐,98,4775
品尚休闲足浴,官渡区,经开区,5.0,阳光足浴（新）,88,4252
骐源养身会所（骐源养身会所）,官渡区,官南大道,4.4,神奇腚部提升套餐,399,180
浩淼足浴（白塔路店）,官渡区,汇都国际,4.6,单人宫廷足道,98,169
固元堂养生足浴,官渡区,新亚洲体育城,4.8,单人中式足浴（80分钟）,89,154
爱仁发宝社区养生连锁（邦盛茶城店）,官渡区,官南大道,4.4,单人刮痧／艾灸／拔罐（3选1）,29.9,143
卯逸宫,官渡区,关上,5.0,单人颈、肩、腰太极推拿+拔罐或艾灸套餐,128,144
艾善堂,官渡区,新亚洲体育城,5.0,单人艾灸经络调理+小儿推拿二选一,58,128
妙手堂盲人按摩馆,官渡区,新亚洲体育城,5.0,单人刮痧火罐二选一,19.9,127
達生推拿盲人按摩足疗养生,官渡区,官南大道,5.0,单人推拿,68,116
心光盲人按摩,官渡区,上东城,5.0,肩颈调理,38,113
月半湾足疗SPA,官渡区,新亚洲体育城,5.0,单人白天香薰精油SPA,188,112
水沐养生SPA,官渡区,世纪城,5.0,单人全天养生精油SPA,208,108
至尊休闲会所,官渡区,长水机场,4.9,单人古方神韵足疗+拔罐,88,97
尊悦养身会所,官渡区,官南大道,5.0,古风神韵足浴,68,97
爱养推拿馆,官渡区,官渡区,5.0,拔罐,1,94
君尚国际男性养生会所（新亚洲店）,官渡区,新亚洲体育城,3.9,调理固元SPA,348,95
鑫鼎浴足按摩SPA,官渡区,世纪城,5.0,全身按摩SPA,188,91
松静堂,官渡区,昆明站,5.0,松静足道（单人足疗+按摩套餐）,39.9,90
茜蔓蝶养生会所,官渡区,世纪城,4.4,单人艾灸/拔罐套餐,9.9,82
中道堂养生馆（星宇园店）,官渡区,新亚洲体育城,4.6,单人专业艾灸,88,70
鼎泰SPA,官渡区,世纪城,5.0,单人全身经典SPA+淋浴,218,66
熏满浴足（旗舰店）,官渡区,官渡古镇,3.8,单人足浴,118,47
阆苑足浴城,官渡区,官渡古镇,5.0,养生足浴,108,47
尚品足浴,官渡区,官渡区,4.4,Spa+单间木桶浴+按摩,298,45
鼎晟贵足道,官渡区,长水机场,3.9,单人泡脚+足疗,182,44
欣鼎足疗养生会所,官渡区,昆明站,4.9,单人御姜足疗,58,43
薇漫美颜会所,官渡区,世纪城,5.0,单人活颜深层保湿护理套餐,88,33
雅逸堂养生馆二店（云大知城店）,官渡区,经开区,5.0,单人汗蒸+腰部护理/肩颈/肠胃/面部深层护理,48,32
浴仙都按摩足疗SPA,官渡区,世纪城,4.1,单人养生SPA,208,30
纤丝阁养生会馆,官渡区,新亚洲体育城,3.6,单人S足踩背1次,219,26
安益盲人推拿,官渡区,新亚洲体育城,4.8,拔罐或刮痧,35,21
至尊足疗（二分店）,官渡区,长水机场,4.8,单人养生足浴,58,16
雅逸唐汗蒸养生馆（茗春苑店）,官渡区,世纪城,4.4,肩颈➕汗蒸,108,15
雅逸唐汗蒸养生馆（玉春苑店）,官渡区,世纪城,5.0,肩颈➕汗蒸,108,15
悦spa经络养生馆,官渡区,世纪城,5.0,［特价］肩部护理疏通,198,14
思宇堂健康管理机构,官渡区,海伦城市广场,4.2,特价|思宇堂肩周炎调理60分钟,65,14
康乐星养生保健,官渡区,官渡区,3.5,背部刮痧,78,1
健元养生堂,呈贡区,呈贡区,5.0,单人养生足疗套餐,108,3636
富侨足道养生会所（呈贡店）,呈贡区,呈贡新区,4.9,单人姜疗足疗,128,2298
大脚足疗,呈贡区,呈贡区,5.0,单人精品足疗,88,1990
重阳足疗,呈贡区,昆明南站/呈贡大学城,5.0,单人养生足疗（白天场）,36,595
足迹休闲会所,呈贡区,呈贡新区,3.6,单人足底养生套餐,78,520
壹指禅按摩店（呈贡店）,呈贡区,昆明南站/呈贡大学城,5.0,单人拔罐/艾灸,16,114
东翰足疗养生会所（呈贡店）,呈贡区,呈贡新区,4.4,养生足疗,64,31
汗蒸社区生活馆（米兰园清调补店）,呈贡区,呈贡区,4.9,单人面部排螨,28,23
汗蒸社区生活馆（康丽源店）,呈贡区,呈贡区,4.2,单人面部排螨,28,23
温雅足疗,呈贡区,昆明南站/呈贡大学城,3.0,单人足疗＋半身按摩,58,13
艾生活养生浴场,呈贡区,昆明南站/呈贡大学城,5.0,足浴套餐,148,4
云天康海盲人专业按摩,呈贡区,呈贡新区,4.9,单人腹部调理一次,69.9,0
和氏足道保健,禄劝彝族苗族自治县,禄劝彝族苗族自治县,5.0,单人和氏养生型套餐,58,274
