﻿商家,区域,商圈,星级,服务,价格,销量
郭氏富侨（长城宾馆旗舰店）,渝中区,大坪,5.0,单人高级足道,90,3309
一脉御手足体养生馆,渝中区,大坪,5.0,单人足疗,88,2786
富侨保健（较场口旗舰店）,渝中区,较场口,4.8,单人草本浴足1次,88,2761
少林养生堂,渝中区,解放碑,5.0,单人浴足保健套餐,73,2281
其乐（龙湖时代天街店）,渝中区,大坪,5.0,推拿、整脊、足疗60分钟定制健康调养套餐,90,1567
重庆富侨文化宫（vip店）,渝中区,两路口,5.0,单人传统足疗套餐,98,1388
完美印象影院式浴足养生会所（观音岩店）,渝中区,七星岗,5.0,单人完美足道套餐,118,1359
大仁医黎九贴（龙湖时代天街店）,渝中区,大坪,5.0,单人颈椎推拿,48,1294
心驿足疗小栈（时代天街店）,渝中区,大坪,4.7,全息指压足疗,89,1276
富康专业中医推拿理疗养生馆（龙湖时代天街店）,渝中区,大坪,5.0,单人颈肩调理套餐,39.9,1064
益森堂中医理疗养生推拿馆（龙湖时代天街店）,渝中区,大坪,5.0,单人肩颈调理套餐,39.9,832
韩蒸天下（龙湖时代天街1栋店）,渝中区,大坪,5.0,单人电气石/砭石2选1汗蒸套餐,22.8,778
奇手推拿足疗养生中心（解放碑店）,渝中区,解放碑,5.0,单人60分钟经典推拿/养生足疗二选一,69.9,657
Nara Thai SPA泰式按摩SPA,渝中区,大坪,5.0,单人泰式芳香热精油SPA（90分钟）,298,636
重庆富侨（临江门店）,渝中区,解放碑,4.9,姜疗浴足套餐,88,582
澄正堂推拿理疗中心（解放碑店）,渝中区,解放碑,4.1,单人肩颈专业护理套餐,98,546
澄正堂推拿理疗中心（雅地天际店）,渝中区,解放碑,5.0,单人肩颈专业护理套餐,98,546
得一正脊推拿养生馆（时代广场店）,渝中区,解放碑,4.6,单人颈肩舒压除劳调理,78,508
得一正脊推拿养生馆（解放碑店）,渝中区,解放碑,4.2,单人颈肩舒压除劳调理,78,508
小石兄弟盲人按摩推拿足疗中心,渝中区,解放碑,5.0,单人全身推拿（60分钟）,49.8,486
唯步足道保健中心,渝中区,大礼堂,3.0,养生推拿+足浴套餐,138,466
普云五行艾灸堂（解放碑店）,渝中区,较场口,4.0,单人五行艾灸套餐,78,430
清涟养生足浴,渝中区,解放碑,5.0,单人养生足道,118,425
足逸轩养身会,渝中区,大坪,5.0,单人足疗,68,420
家富富侨（八一路店）,渝中区,解放碑,5.0,单人高级足浴套餐,128,303
丽康养生堂,渝中区,大坪,4.1,单人中式拔罐,19.9,236
医博中医推拿养生馆,渝中区,两路口,5.0,单人60分钟头颈肩部推拿,58,237
简康经络堂,渝中区,大坪,4.7,单人经络疏通综合调理,128,209
威尼斯水疗,渝中区,大坪,5.0,单人SPA水疗,298,199
九汀养生（龙湖·时代天街店）,渝中区,大坪,5.0,单人午休肩颈养生套餐,68,189
欧妍泉美容养生堂（解放碑店）,渝中区,解放碑,5.0,单人腿足疗套餐,58,169
中忠盲人按摩,渝中区,上清寺,5.0,单人拔罐刮痧二选一,15,163
三一行馆日式推拿足道,渝中区,解放碑,5.0,三一 • 和式足心道,108,167
龙泉正骨推拿理疗养生堂（解放碑店）,渝中区,解放碑,5.0,单人局部3选1颈肩／胸椎／腰椎,49.8,116
临江门社区医院针灸理疗,渝中区,渝中区,4.5,单人拔罐,18,112
magic thai 泰奇幻泰式按摩SPA会馆,渝中区,渝中区,5.0,单人经典热石精油SPA全身舒压,438,94
家富富侨足疗洗浴养生会馆（储奇门店）,渝中区,长滨路,5.0,单人套餐足疗1次,98,79
樸艾居手工艾灸养生馆,渝中区,大坪,5.0,单人专业杨氏采耳+洗耳,39.8,66
邦妮上门按摩服务中心,渝中区,较场口,5.0,单人精品spa套餐,398,67
唯尊汇k歌·足浴,渝中区,解放碑,4.7,单人K歌足浴,68,75
经艾堂中医推拿理疗馆,渝中区,大坪,5.0,单人养生综合调理,98,58
御蓉桩健康养生SPA,渝中区,上清寺,5.0,单人优品养生水疗spa,298,61
法兰黛美容SPA会所,渝中区,解放碑,5.0,单人足疗蒸熏50分钟+汗蒸100分钟+电影院线套餐,69.8,48
康丽源理疗养生馆,渝中区,大坪,4.9,单人艾灸体验价,9.9,49
顶尚堂头疗馆,渝中区,大坪,4.5,单人顶尚堂专项头疗,38,46
康达盲人按摩推拿中心,渝中区,解放碑,5.0,精油推背套餐2选1（单人）,98,40
福康盲人按摩中心,渝中区,大坪,4.2,单人全身推拿套餐,45,34
魏华佰妙盲人按摩,渝中区,大礼堂,5.0,单人推拿+拔罐,45,30
康寿堂经络理疗养生馆,渝中区,大礼堂,4.8,单人汗蒸,9.8,28
高明宗明善灸堂,渝中区,朝天门,4.2,单人专业检测专业热敏悬灸理套餐,128,28
拓健盲人按摩院,渝中区,大坪,5.0,单人刮痧+拔罐,38,25
扶阳罐养生殿（第一分店）,渝中区,渝中区,4.5,单人扶阳SPA,218,25
曼暄灸疗,渝中区,大坪,4.2,单人碧玺沙灸,38,23
福康盲人按摩中心（解放碑店）,渝中区,解放碑,5.0,单人部位专业调理（30分钟）,29.8,23
沈氏盲人按摩院,渝中区,朝天门,5.0,单人精油足疗/踩背,39.8,21
兴康盲人按摩,渝中区,渝中区,4.7,单人刮痧拔罐,48,18
伊贝丝专业丰胸美胸机构（中和四季店）,渝中区,较场口,5.0,单人台式指压套餐,138,16
中和四季美容养生会,渝中区,较场口,4.5,单人台式指压套餐,138,16
李渝推拿理疗养生会所总店（总店）,渝中区,大坪,4.5,单人艾灸套餐,46.8,14
李渝推拿理疗养生会所分店（康德店）,渝中区,大坪,5.0,单人艾灸套餐,46.8,14
洪康专业盲人按摩,渝中区,大坪,5.0,单人刮痧拔罐套餐,40,10
益生颜美容养生馆,渝中区,长滨路,4.4,单人无痛刮痧拔罐,29.9,9
花期健康排毒经络美胸美颜馆,渝中区,上清寺,3.5,单人花期水优平衡调养SPA,132,9
来康盲人按摩（大坪店）,渝中区,大坪,5.0,局部推拿（30分钟）,28.8,6
邵推拿,渝中区,渝中区,4.5,单人局部调理,60,2
王师盲人按摩,渝中区,七星岗,4.5,单人精油推背,50,2
同仁堂焱艾堂,渝中区,大礼堂,3.5,单人气化灸,39.9,1
信谊盲人推拿,渝中区,大坪,3.5,单人脏腑调理,75,0
万通盲人按摩院,渝中区,大坪,3.5,单人精油推背,45.8,0
悦丽美容养生馆,渝中区,大坪,3.9,单人汗蒸1次,15,0
金色印象影院式足体养生会馆（天街星城店）,江北区,北城天街/九街,5.0,单人龙手足道套餐,98,534456
家富富侨（阳光世纪店）,江北区,观音桥,5.0,单人休闲浴足1次,98,41035
世龙世家灰指甲手足健康护理连锁（江北建新东路店）,江北区,建新东路/大兴村,3.5,泡脚足浴+修脚护理单人套餐,9.9,26970
世龙世家灰指甲手足健康连锁（南桥寺店）,江北区,盘溪/南桥寺,3.5,泡脚足浴+修脚护理单人套餐,9.9,26970
静逸堂功夫肩颈（纤典美容美体观音桥店）,江北区,观音桥,4.5,单人功夫肩颈一次,88,17002
静逸堂功夫肩颈（黛诗菲尔同创国际店）,江北区,洋河花园,4.2,单人功夫肩颈一次,88,17002
静逸堂功夫肩颈（富力海洋广场店）,江北区,洋河花园,4.3,单人功夫肩颈一次,88,17002
金海湾贵足道,江北区,大庙/红旗河沟,5.0,单人贵宾足浴,98,7111
江北区长乐足浴服务部（重庆观音桥店）,江北区,北城天街/九街,5.0,单人长乐养神足道,89,7086
荷塘月舍足浴馆,江北区,观音桥,5.0,单人浴盐去角质足浴套餐,98,7005
凤邸养生会所,江北区,大庙/红旗河沟,4.4,凤邸养生会所足浴,76,4421
富侨足浴（五里店）,江北区,五里店/江北嘴,4.9,单人富侨尊享足浴,78.8,4320
一把手推拿盲人按摩,江北区,观音桥,5.0,单人按摩,52.8,3922
风浴阁水疗会所,江北区,洋河花园,5.0,单人养身水疗套餐,238,3613
家富富侨（北城天街店）,江北区,北城天街/九街,5.0,单人古方藏式足浴,88,2764
中医脊柱理疗馆,江北区,观音桥,5.0,单人颈肩部理筋+背部精油开背+腰部混元经络调理,68,2473
壹家养生俱乐部（洋河店）,江北区,洋河花园,5.0,单人壹家足浴套餐1次,109,2460
宛平洗浴,江北区,江北区,4.4,单人海派足疗1次,49,2284
贵豪足浴,江北区,大庙/红旗河沟,4.9,贵豪k歌足浴（单人贵足）,59,2273
兰轩水疗spa,江北区,大庙/红旗河沟,5.0,单人水疗养生SPA,338,2189
乐康推拿按摩.足疗（观音桥店）,江北区,观音桥,5.0,单人全身按摩60分钟,50.8,2188
富侨足浴保健中心（北城天街店）,江北区,北城天街/九街,4.3,单人足浴套餐3选1,88,2097
谜幻水疗足浴,江北区,五里店/江北嘴,5.0,单人养生水疗,298,1949
逸轩养生SPA酒店,江北区,北城天街/九街,5.0,单人精品SPA水疗1次,428,1884
家富富侨（茂业店）,江北区,北城天街/九街,4.5,单人休闲足浴（80分钟）,78,1553
金源玉泉会馆,江北区,观音桥,4.1,单人洗浴套票,58,1438
金足缘养生会馆,江北区,洋河花园,5.0,单人精品足浴套餐,118,1355
金塘印象足道馆,江北区,江北区,5.0,单人柔式浴足套餐,70,1326
足知道酒店式足疗养生馆（珠江店）,江北区,五里店/江北嘴,5.0,舒缓足疗（单人）,118,1286
京香池日式禅意足疗按摩馆,江北区,北城天街/九街,5.0,禅意拉伸全身按摩单人,98,1258
浴兰舫水疗会所,江北区,北城天街/九街,5.0,单人养生水疗套餐,228,1193
江北金马贵足浴城,江北区,建新东路/大兴村,5.0,单人金马足浴套餐,79.9,1158
上门湘遇按摩足浴理疗中心（两路口店）,江北区,观音桥,5.0,单人精油SPA套餐,298,896
龙悦·澜泊湾SPA养生中心,江北区,东原新新PARK购物中心,5.0,单人足道套餐,98,875
摩指印象（大石坝店）,江北区,江北大石坝,5.0,影院式足浴单人摩足,68,884
摩指印象（重庆渝北店）,江北区,洋河花园,5.0,单人足浴（100分钟）,159,208
金格雅洗浴城,江北区,五里店/江北嘴,5.0,单人SPA养生,298,206
漫足宫spa·影院·足道,江北区,洋河花园,5.0,单人漫足养生足道,88,199
大观园会馆,江北区,观音桥,5.0,观园贵足（80分钟）,68,194
益民盲人按摩足疗,江北区,江北区,5.0,单人全身按摩推拿套餐,38.8,182
菲凡3D影院足疗养生馆,江北区,观音桥,4.7,单人休闲足浴（特价）,65,176
欧妍泉美容养生堂（江北店）,江北区,北城天街/九街,5.0,单人腿足疗套餐,58,169
SABAI THAI SPA泰式按摩体验馆（泰式传统按摩馆）,江北区,北城天街/九街,5.0,单人SabaiThai草本植物精油SPA,288,160
金海棠养生会所,江北区,北城天街/九街,5.0,单人精品SPA水疗,438,133
君悦养身spa,江北区,五里店/江北嘴,4.7,单人精品水疗养生套餐,338,129
同正堂盲人按摩,江北区,观音桥,5.0,单人拔罐,9.9,123
都缘足浴养生会所,江北区,五里店/江北嘴,5.0,单人精品足浴【开业大促】,88,120
尚足馆,江北区,江北区,4.7,汉方足疗（单人）,48,111
汉和养生馆（汗蒸）,江北区,东原新新PARK购物中心,5.0,精油刮痧+拔罐,38,105
俪侨中医经络理疗,江北区,观音桥,5.0,拔罐/刮痧/头疗/艾灸’,28,106
alysa经络养生,江北区,北城天街/九街,5.0,艾灸拔罐刮痧套餐三选一,18.8,98
康福来盲人按摩推拿馆,江北区,观音桥,5.0,超值推拿体验套餐推拿+（刮痧拔真空罐、艾灸、足底汗蒸）3选1,68,95
锦菲足浴养生会馆,江北区,观音桥,5.0,舒缓足浴,78,95
一心盲人推拿馆,江北区,江北区,4.6,单人刮痧拔罐套餐,45,92
18号专业盲人按摩馆（观音桥店）,江北区,观音桥,5.0,双人套餐,156.8,85
指佳推拿理疗,江北区,观音桥,5.0,单人精油推背套餐,58.8,80
鑫荣和国际养生会所,江北区,江北大石坝,5.0,单人乾坤足疗,78,73
余氏盲人按摩,江北区,建新东路/大兴村,4.5,单人颈肩背腰经络脊椎梳理1次,68,70
纤黛绿色养生馆,江北区,北城天街/九街,5.0,肩颈调理,19.9,65
小乔浴足水疗SPA,江北区,洋河花园,4.8,单人足浴套餐,78,61
美嘉美健康管理中心,江北区,北城天街/九街,5.0,单人刮痧拔罐2选1,18.8,59
宜休堂中华传统医道推拿,江北区,北城天街/九街,5.0,单人古法肩颈推拿B,78,54
江北按摩门诊部（观音桥店）,江北区,江北区,5.0,单人刮痧+拔罐,36.8,48
尊尚指韵,江北区,北滨路/金源/星悦荟,3.9,尊尚足浴（单人）,99,48
安甲堂修脚,江北区,建新东路/大兴村,4.8,安甲堂修脚护理,14.8,43
MALITHAI SPA茉俪泰泰式按摩SPA馆（茉俪泰）,江北区,北滨路/金源/星悦荟,5.0,泰国天然精油SPA 90分钟,398,41
渝道影院式足浴养生会馆（南桥寺店）,江北区,盘溪/南桥寺,4.4,单人休闲足道,98,40
丽婷美容有限公司,江北区,江北区,4.4,单人丽婷牛奶精致足浴,88,37
利科按摩（阳光100店）,江北区,五里店/江北嘴,4.9,单人循经推拿火罐调理,55,36
手佳盲人按摩,江北区,北滨路/金源/星悦荟,5.0,单人刮痧拔罐30分钟,59.8,31
睿阳国际男士spa俊颜馆（男士SPA按摩）,江北区,天邻风景,4.9,浪漫巴黎养生养颜SPA（90分钟）,428,27
拉斯菲尔美容会所,江北区,北城天街/九街,4.2,单人足疗按摩套餐,39,26
想逸养生馆,江北区,北城天街/九街,5.0,开业酬宾单人雪中女王（雪花秀系列）,128,25
利康盲人推拿会所,江北区,观音桥,5.0,单人精油足疗1次,86.9,24
富足天下,江北区,江北区,3.7,富贵足疗（单人）,78,23
宜生专业中医推拿按摩中心（天邻风景店）,江北区,天邻风景,3.5,冬疾夏治“三伏贴”,1,23
王勇专业盲人按摩,江北区,大庙/红旗河沟,4.7,单人刮痧＋打火罐套餐,45,22
禅庭SPA（春森店）,江北区,北滨路/金源/星悦荟,4.8,肩颈护理/五藏平衡养疗二选一,238,22
足之韵,江北区,江北区,3.5,单人足之韵足浴套餐,55,13
忠全盲人按摩,江北区,花卉园,4.9,单人刮痧+拔罐,25.8,13
塔坪专业盲人按摩,江北区,建新东路/大兴村,4.0,刮痧拔罐,32,13
珊珊经络通,江北区,大石坝北,5.0,单人珊珊经络通肩颈腰经络疏通,78,10
天地盲人按摩,江北区,江北区,4.5,刮痧+拔罐,39.8,10
禅济艾灸养生堂,江北区,五里店/江北嘴,3.5,单人深层排污,168,8
济御轩艾灸养生堂,江北区,东原新新PARK购物中心,4.9,单人肩颈调理,118,7
康益盲人按摩,江北区,石子山体育公园,4.9,单人局部推拿30分钟,28.8,4
利科盲人按摩（万丰店）,江北区,五里店/江北嘴,5.0,推拿养身综合套餐,75,4
留缘棋牌室,江北区,观音桥,4.0,棋牌套餐2,75,2
惠逸养生馆盲人按摩,江北区,盘溪/南桥寺,5.0,单人草本足疗套餐,68,1
渝康源,江北区,北滨路/金源/星悦荟,4.3,单人全息养生,128,1
御足堂,江北区,五里店/江北嘴,3.8,依山伴水浴（单人）,338,1
宗艾堂养生馆,江北区,五里店/江北嘴,3.5,单人腰背调理,128,0
世龙世家灰指甲手足健康连锁（沙坪坝区店）,沙坪坝区,重庆大学,4.3,泡脚足浴+修脚护理单人套餐,9.9,26970
世龙世家灰指甲手足健康连锁（沙坪坝区天星桥店）,沙坪坝区,天星桥,3.6,泡脚足浴+修脚护理单人套餐,9.9,26970
静逸堂功夫肩颈（富力城春天里店）,沙坪坝区,大学城,4.0,单人功夫肩颈一次,88,17002
静逸堂功夫肩颈（汉渝路工人村店）,沙坪坝区,小龙坎,3.5,单人功夫肩颈一次,88,17002
静逸堂功夫肩颈（千变秀师范大学店）,沙坪坝区,三峡广场,4.6,单人功夫肩颈一次,88,17002
金色印象影院式足体养生会馆（汉渝路行政会馆）,沙坪坝区,小龙坎,5.0,单人龙手足道套餐,98,13611
健康保健足浴,沙坪坝区,小龙坎,5.0,单人康体经络足浴（100分钟）,98,11879
富士山沐足馆（沙坪坝店）,沙坪坝区,三峡广场,5.0,单人足浴套餐,68,9783
金阁印象影院式养生会所,沙坪坝区,重庆大学,5.0,单人经筋足道经络养生护理套餐,79,5020
富侨（三峡广场店）,沙坪坝区,三峡广场,4.9,单人富桥精油浴足套餐（90分钟）,85,3719
蝶恋水疗homespa,沙坪坝区,小龙坎,5.0,单人冰蓝香薰SPA1次/约90分钟,268,3395
乐享会馆（乐享驿站）,沙坪坝区,三峡广场,5.0,精品油压（免费住宿、小吃）,158,3092
依思园影院式足浴,沙坪坝区,大学城,4.7,单人贵宾足疗套餐,118,2549
小桥流水洗浴会所,沙坪坝区,重庆大学,5.0,豪华水疗SPA,268,2374
功夫足道,沙坪坝区,大学城,5.0,单人浴足1次,58,1463
龙舟足疗水疗SPA会所,沙坪坝区,三峡广场,5.0,单人香薰SPA套餐,268,1406
重庆富侨（双碑店）,沙坪坝区,双碑,5.0,单人浴足,68,829
富侨保健（小龙坎店）,沙坪坝区,小龙坎,4.3,单人精品足疗,78,656
北海道足艺（凤天路店）,沙坪坝区,沙坪坝区,5.0,单人艾草浴足（闲时特惠）,88,569
君缘洗浴养生会所,沙坪坝区,天星桥,5.0,君缘养生单人SPA,338,556
王中华骨健康馆（陈家桥店）,沙坪坝区,大学城,4.0,刮痧,16.8,542
周氏经络养生,沙坪坝区,大学城,5.0,单人火罐体验,8.8,526
钱盛盲人按摩,沙坪坝区,大学城,5.0,单人专业拔罐1次,9.9,472
阿凡迪休闲足浴spa,沙坪坝区,大学城,4.9,单人商务足浴,58,412
清水湾影院式足浴茶艺会馆,沙坪坝区,小龙坎,4.7,单人清水湾贵足,98,385
君临益康中医理疗,沙坪坝区,三峡广场,5.0,刮痧/拔罐/排淤祛湿3选1（单人）,25,358
玉指天骄足艺休闲会馆,沙坪坝区,天星桥,4.0,单人草本沐足,72,335
爱尚足艺,沙坪坝区,烈士墓,4.7,草本休闲浴足,52,329
润康足道,沙坪坝区,磁器口,5.0,单人足疗套餐,65,289
足之语养生馆,沙坪坝区,大学城,5.0,单人养生足浴（限时特惠）,78,273
适普建（欣阳广场店）,沙坪坝区,重庆大学,4.5,单人全息养生足疗,98,272
摩指印象（大学城店）,沙坪坝区,大学城,4.7,单人印象足浴套餐,168,258
九身堂康复理疗中心,沙坪坝区,重庆大学,4.5,单人肩颈调理套餐,19.9,223
铭优足疗推拿,沙坪坝区,三峡广场,5.0,专业技师单人中式足浴,49.8,223
家富富侨,沙坪坝区,大学城,4.7,单人贵宾足疗,108,221
沙漫SOQI神氣能量氧身馆,沙坪坝区,三峡广场,4.6,单人火罐保养,9.9,211
韩蒸天下（烈士墓店）,沙坪坝区,烈士墓,5.0,拔罐去湿+砭石汗蒸养生套餐,36.8,171
周氏御手,沙坪坝区,三峡广场,4.2,拔火罐（单人）,20,48
御都足道SPA养生馆,沙坪坝区,天星桥,5.0,单人精品足道,68,41
渐渐康盲人按摩理疗中心（三峡广场店）,沙坪坝区,三峡广场,5.0,养生足疗（60分钟）,59.8,34
何氏推拿盲人按摩所,沙坪坝区,大学城,5.0,单人拔（火）罐,19.9,34
御足缘（龙湖·U城天街店）,沙坪坝区,大学城,3.8,若石足疗,68,36
龙潭水疗,沙坪坝区,大学城,4.4,单人水疗SPA,298,30
鼎丰足浴,沙坪坝区,天星桥,3.7,精品浴足,68,29
壹佳盲人按摩,沙坪坝区,大学城,5.0,壹佳单人刮痧+拔罐,31.8,23
梦憶经络养生,沙坪坝区,小龙坎,3.7,背部精油推拿,88,22
禅庭SPA（沙坪坝店）,沙坪坝区,天星桥,4.5,肩颈护理/五藏平衡养疗二选一,238,22
足宝根足浴,沙坪坝区,天星桥,4.0,单人足浴按摩2选1,38,20
一把手推拿盲人按摩（沙坪坝店）,沙坪坝区,三峡广场,5.0,单人头部刮痧,68,13
兰黛之谜经络养生,沙坪坝区,三峡广场,4.2,肩颈调理,98,13
岩口理疗推拿,沙坪坝区,天星桥,5.0,推拿+艾灸+正脊+海盐热敷（单人）,68,10
御足缘,沙坪坝区,大学城,3.3,单人若石足疗,68,9
花期鑫梦丝养生美容馆,沙坪坝区,三峡广场,3.5,单人花期水优平衡调养SPA,132,9
花期鑫梦丝养生美容馆,沙坪坝区,小龙坎,3.5,单人花期水优平衡调养SPA,132,9
U城减压中心,沙坪坝区,大学城,4.7,单人面部保养,49.9,5
艾灸灸养生堂,沙坪坝区,大学城,3.5,艾灸灸肩颈推拿+拔罐,38,5
秀颜康古方保健,沙坪坝区,烈士墓,4.0,单人中式推拿,128,4
壹通堂古方经络养生馆（华宇广场店）,沙坪坝区,三峡广场,3.5,艾灸深层祛寒湿套餐,88,4
壹通堂古方经络养生馆（江枫美岸店）,沙坪坝区,重庆大学,5.0,面部护理净排套餐,138,3
义合公推拿按摩,沙坪坝区,小龙坎,3.0,单人全身推拿,96,3
圣恩骨健康馆（石碾盘店）,沙坪坝区,小龙坎,4.1,排於理疗,158,0
足康足道,沙坪坝区,大学城,3.0,精品足疗+拔罐,100,0
万通盲人按摩院（富州新城店）,沙坪坝区,小龙坎,3.0,单人精油推背,45.8,0
王中华骨健康馆（大学城店）,沙坪坝区,大学城,4.3,排於理疗,158,0
千足缘足疗养生（西政店）,渝北区,西政,5.0,单人养生足疗,98,3876
五指生五星级足疗养生会馆（凯旋店）,渝北区,新牌坊北,5.0,五指生-足部保健,138,3846
摩指印象,渝北区,两路,4.8,单人摩足足浴套餐,128,3375
富家浴足水疗会所,渝北区,渝北区,5.0,单人中式浴足,58,3316
重庆伴山足疗养生会所,渝北区,回兴,5.0,单人养生足道1次,83,2924
畅展足道,渝北区,汽博中心,5.0,单人舒畅足疗,108,2862
仙指时光,渝北区,龙头寺,5.0,单人泰式松骨按摩足疗一体化套餐,158,2685
郭氏富侨（两路店）,渝北区,渝北区,4.5,单人中式经典浴足,89,2536
三足汇港派足浴spa,渝北区,一碗水,5.0,足浴,108,2470
沐梵洗浴《原雨田保健》,渝北区,龙溪镇,5.0,单人养生足浴,108,2334
尚足道港派足浴spa,渝北区,两路,5.0,经典足浴,98,1808
百年印象3D影院式足疗康体会馆,渝北区,新牌坊,5.0,单人太足道,148,1587
家富富侨（空港店）,渝北区,空港广场,4.4,单人足浴,68,1527
星爵会,渝北区,龙头寺,5.0,单人星爵足浴,109,1495
禅悦足道,渝北区,龙头寺,5.0,单人禅悦足疗,99,1488
三重天足艺养生会所,渝北区,黄泥塝,4.8,单人知足常乐套餐,93,1458
富侨（龙华直营店）,渝北区,渝北区,5.0,精油足道（90分钟）闲时特惠,78,1335
云顶水疗男士SPA（龙脊广场店）,渝北区,渝北区,5.0,单人云顶SPA,298,1321
THAI HEALTH（皇家泰式按摩SPA）,渝北区,黄泥塝,5.0,单人泰式古法按摩,188,1299
金东足道,渝北区,渝北区,5.0,颐沐足浴,109,1285
富侨（冉家坝店）,渝北区,渝北区,5.0,单人五行养生足疗,88,1245
重庆富侨（龙溪店）,渝北区,渝北区,5.0,单人精油足疗一次,78,1178
艺湾足浴保健,渝北区,两路,5.0,单人足浴按摩,98,1108
富侨,渝北区,鸳鸯,4.7,单人精品足浴,118,1093
时代印象国际养生会所,渝北区,渝北区,5.0,单人时代足疗,98,796
重庆富侨（空港店）,渝北区,两路,3.7,单人标准足疗,68,793
千荷足疗洗浴城,渝北区,回兴,5.0,香薰尊享SPA＋干蒸,328,779
思迈足道（汽博店）,渝北区,汽博中心,5.0,单人思迈足拿1次,125,763
月舍美学足浴SPA馆,渝北区,渝北区,5.0,单人浴盐去角质足浴套餐,98,759
家富富侨足道（人和店）,渝北区,人和,4.7,单人经典足疗,88,748
春上养生堂,渝北区,新牌坊,5.0,单人高级保健套餐,88,728
天天推拿盲人按摩（祈年悦城1店）,渝北区,冉家坝,5.0,单人超值套餐,88,683
仟荷足道（渝北店）,渝北区,鸳鸯,4.4,单人仟荷足道,109,592
六合园足艺保健休闲会所,渝北区,龙头寺,5.0,单人浴盐养生沐足,112,589
得一正脊（冉家坝店）,渝北区,紫都城/沃尔玛,4.3,单人颈肩舒压除劳调理,78,508
大艾无私养生堂·艾灸（狮子坪总店）,渝北区,龙头寺,5.0,单人主打特色温灸体验1次,9.9,505
引姿雅身形修整工作室,渝北区,黄泥塝,5.0,单人肩颈调理,58,504
足宝宝养生生活馆,渝北区,冉家坝,5.0,单人草本足浴,88,477
艾灸养正堂·按摩·理疗,渝北区,新牌坊,5.0,单人艾灸养正堂肩颈+腰+脊柱护理套餐,68,464
群之龙水疗养生会所（松牌路店）,渝北区,渝北区,5.0,单人柔式SPA,338,455
前进专业推拿（渝北西政店）,渝北区,西政,4.7,单人推拿保健,25,452
家富富侨健康会所（鲁能星城店）,渝北区,鲁能星城,4.5,经典足浴单人1次,78,454
重庆富侨（水晶郦城店）,渝北区,龙湖/水晶郦城,4.8,单人经典足疗,85,440
普云五行艾灸堂（紫都城店）,渝北区,紫都城/沃尔玛,4.0,单人五行艾灸套餐,78,430
佛脚影院式足浴,渝北区,新牌坊,4.8,单人时尚经典足浴（90分钟）,98,396
侨韵水艺,渝北区,龙溪镇,5.0,单人养生浴（限时抢购）,278,402
富侨贵足道（机场T2A航站楼店）,渝北区,渝北区,4.3,单人经典足浴（T2A航站楼内）,173,336
高朋足疗养生会馆,渝北区,一碗水,5.0,单人精品足浴,138,316
头等舱健康养生公馆,渝北区,鲁能星城,5.0,［头等舱］都市减压SPA,328,311
鷗迪足道养生会馆,渝北区,中渝广场,5.0,单人鸥迪全套1次,99,308
爱丽丝主题SPA,渝北区,龙溪镇,5.0,单人花草熏香SPA,318,280
境云春天足浴连锁酒店（东和春天店）,渝北区,东和春天,5.0,单人春天足疗1次,168,262
泓福水疗（东和春天店）,渝北区,东和春天,5.0,尊享SPA,378,254
THAI YEE 泰忆泰式按摩,渝北区,黄泥塝,5.0,泰忆单人泰式芳香精油SPA,268,242
富侨健康会所,渝北区,汽博中心,4.4,单人尊享浴足（100分钟）,128,228
高登沐足养生会所,渝北区,空港新城,4.8,高登足浴,168,220
胡杨林洗浴,渝北区,中华坊,5.0,单人传统足道,128,214
煌御尊贵SPA养生馆,渝北区,汽博中心,5.0,【店长推荐】五感舒心全身SPA,318,208
空霖指压养生生活馆,渝北区,新牌坊,5.0,单人睡禅沐足,98,206
帝雅水疗养生洗浴会所,渝北区,人和,5.0,单人尊贵养生洗浴套餐,358,186
中医理疗养生馆,渝北区,汽博中心,4.1,肩颈舒缓调理一次,58,40
天问洗浴会所,渝北区,渝北区,4.1,天问单人精致洗浴,128,39
重庆铭医堂,渝北区,渝北区,5.0,拔罐调理   祛湿通络,16.8,39
韩蒸天下（橄榄郡店）,渝北区,冉家坝,5.0,单人专业肩颈护理,88,37
上康竹道养生推拿馆,渝北区,黄泥塝,4.1,单人推拿足道,118,37
大白理疗（鲁能星城）,渝北区,鲁能星城,4.6,单人颈肩/腰综合调理（每次只选一个部位）,69,36
兄弟盲人按摩,渝北区,新牌坊,4.6,单人刮痧,29.8,36
尊邸养生堂精致spa,渝北区,汽博中心,5.0,单人全身舒压SPA＋面部水疗,388,39
家喻浴足城,渝北区,空港新城,4.5,单人足疗按摩套餐,52,35
康庄推拿养生馆,渝北区,康庄美地,4.7,单人全身推拿加刮痧拔罐泡脚,98,33
俊麟盲人按摩,渝北区,空港新城,4.7,单人精油推背,58,31
疗聊正源堂,渝北区,龙湖/水晶郦城,4.5,单人足疗,50,29
经真堂养生会所,渝北区,黄泥塝,3.7,单人十四经络脊疗SPA（七星90分钟）,348,29
鸿和足道,渝北区,渝北区,4.0,单人养生足道,38,27
信立推拿养生馆,渝北区,渝北区,3.9,头颈肩护理,58.8,26
渝叔舫男士俊颜公馆（奥园店）,渝北区,汽博中心,4.7,五度舒心SPA（男士挚爱）,299,26
诺嘉健康会馆,渝北区,龙头寺,4.0,单人健康体验套餐,9,23
养足堂专业修脚足疗,渝北区,汽博中心,4.5,单人修脚,25,22
宜生专业中医推拿按摩中心（圣地阳光店）,渝北区,冉家坝,4.9,冬疾夏治“三伏贴”,1,23
康乐盲人按摩,渝北区,龙湖江与城,5.0,单人刮痧+拔罐/精油开背2选1,38.9,22
伟康盲人按摩,渝北区,渝北区,5.0,单人局部调理套餐,39.8,22
龙驿名仕养生汇,渝北区,冉家坝,5.0,男子舒心SPA（男子挚爱）,288,21
逸乐足浴推拿spa会馆,渝北区,空港广场,5.0,单人精油足道套餐,88,21
颐正养生生活馆,渝北区,黄泥塝,4.2,单人全身精油SPA,258,18
菩元正脊,渝北区,龙湖/水晶郦城,4.7,单人雷火神灸（30分钟）,78,18
言实养生堂,渝北区,汽博中心,5.0,刮痧+拔罐,39.9,19
真元得一正脊养生推拿馆（汽博店）,渝北区,回兴,3.8,单人高级调理套餐,158,17
金足阁专业修脚坊,渝北区,紫都城/沃尔玛,4.2,养生套餐,48,15
英涛专业祛斑,渝北区,人和,4.1,单人芳香开背SPA,68,15
兴旺盲人按摩,渝北区,回兴,5.0,单人刮痧套餐,44.9,9
壹通堂古方经络养生馆（华宇北城中央店）,渝北区,龙头寺,5.0,面部护理净排套餐,138,7
壹通堂古方经络养生馆（鲁能星城店）,渝北区,鲁能星城,5.0,面部护理净排套餐,138,7
康健盲人按摩,渝北区,紫都城/沃尔玛,4.4,单人刮痧拔罐1次,46,7
原道养生馆,渝北区,渝北区,5.0,单人肩颈三通,168,6
晴晴足疗,渝北区,大竹林,4.0,晴晴中式按摩,55,6
正勇浴足,渝北区,渝北区,3.5,单人养生足疗,88,6
推拿养生馆,渝北区,鲁能星城,4.5,单人精油推背,50.8,6
贴身艾·艾灸养生体验馆,渝北区,汽博中心,4.0,单人艾灸养生体验,88,5
索科康复旗舰店,渝北区,加州花园,4.0,队医护理推拿,120,5
飞燕盲人按摩,渝北区,一碗水,5.0,单人刮痧+拔罐,35,5
Preuk sa菩灡度假式SPA皮肤管理中心,渝北区,中渝广场,4.8,（单人）毛孔微晶皮肤清洁管理,268,4
松馆·健康驿站,渝北区,龙湖/水晶郦城,3.5,单人肩颈舒适调理套餐,86,3
正道馆中医理疗,渝北区,新牌坊,3.5,单人特惠痛症综合调理,48,3
首佳盲人按摩,渝北区,鲁能星城,3.0,单人综合套餐,88,2
精英盲人健康按摩院（红黄路店）,渝北区,黄泥塝,4.4,单人精油开背套餐,90,2
首佳盲人按摩（五街区分店）,渝北区,鲁能星城,4.1,单人综合套餐,88,2
养生推拿堂,渝北区,东和春天,3.5,单人生物调理套餐,88,2
永鸿盲人按摩足疗,渝北区,黄泥塝,3.9,单人刮痧套餐,39.9,2
重庆老城盲人按摩院,渝北区,渝北区,3.5,单人局部推拿+拔罐+伸灯,54.8,1
七灸堂艾灸健康养生馆,渝北区,鲁能星城,3.5,单人肩颈调理（悬灸）,79,1
壹通堂古方经络养生馆（复地上城店）,渝北区,汽博中心,5.0,单人面部护理净排套餐,98,1
兄弟盲人按摩（鸳鸯店）,渝北区,鸳鸯,4.4,普通油刮痧+拔罐,30,1
牛市口盲人按摩院,渝北区,龙湖/水晶郦城,4.1,单人局部推拿+刮痧拔罐,70,1
康庄推拿足道,渝北区,康庄美地,3.5,单人精油开背／乳腺保养／肠胃保养／卵巢保养,68,1
重庆老城盲人按摩院（重庆老堿盲人按摩院）,渝北区,新牌坊,5.0,单人局部推拿+拔罐+伸灯,54.8,1
元艾堂,渝北区,中渝广场,3.0,面部水疗,68,0
重庆千金一堂中医馆,渝北区,龙湖/水晶郦城,4.0,单次小儿推拿,128,0
奇乐都足艺,渝北区,黄泥塝,4.1,单人养生SPA,328,0
十指尖养生馆,渝北区,渝北区,3.5,单人泰式皇室油压,168,0
金色印象影院式足体养生会馆（彩云坊店）,九龙坡区,巴国城,5.0,单人龙手足道套餐,98,534456
金色印象影院式足体养生会馆（杨家坪店）,九龙坡区,动物园,5.0,单人龙手足道套餐,98,534456
金色印象影院式足体养生会馆（直港大道店）,九龙坡区,杨家坪,5.0,单人龙手足道套餐,98,534456
世龙世家灰指甲手足健康连锁（红狮大道店）,九龙坡区,巴国城,3.8,泡脚足浴+修脚护理单人套餐,9.9,26970
世龙世家灰指甲手足健康连锁（石桥铺石新路店）,九龙坡区,开发区,4.5,泡脚足浴+修脚护理单人套餐,9.9,26970
世龙世家灰指甲手足健康连锁（华福大道店）,九龙坡区,九龙坡区,4.4,泡脚足浴+修脚护理单人套餐,9.9,26970
静逸堂功夫肩颈（盛世名媛石桥铺老街店）,九龙坡区,开发区,4.5,单人功夫肩颈一次,88,17002
静逸堂功夫肩颈（伊可丽娜斌鑫世纪城店）,九龙坡区,杨家坪,4.5,单人功夫肩颈一次,88,17002
静逸堂功夫肩颈（保利花半里百合园店）,九龙坡区,杨家坪,4.5,单人功夫肩颈一次,88,17002
静逸堂功夫肩颈（佳宇大厦店）,九龙坡区,杨家坪,4.1,单人功夫肩颈一次,88,17002
御指印象足浴养生中心（巴国城店）,九龙坡区,巴国城,4.5,单人御指贵足（两周年庆特惠酬宾套餐）,98,11793
盛皇足浴,九龙坡区,石桥铺,5.0,单人盛皇足浴盛皇贵足套餐,83,10466
怡康足浴保健SPA,九龙坡区,石桥铺,4.9,单人古典浴足,88,7753
云璟汇（渝高店）,九龙坡区,石桥铺,4.7,单人云璟足浴套餐,108,7141
富侨浴艺（金科皇家码头店）,九龙坡区,谢家湾,5.0,单人草本浴足套餐,78,5852
欧澜帝诗魔指印象足浴休闲会所（直港大道创意店）,九龙坡区,直港大道,4.8,单人足疗（100分钟）,148,4498
御指印象养生中心（石桥广场店）,九龙坡区,石桥铺,4.9,单人御指贵足特惠套餐,98,2682
足界养生会馆（石桥铺店）,九龙坡区,开发区,5.0,单人精品足疗,98,2405
台北猫步全国连锁生态浴足馆,九龙坡区,袁家岗,5.0,单人猫咪曼步/猫王独步A套餐,98,1827
龙悦足浴spa养生会所,九龙坡区,袁家岗,5.0,单人龙悦御足,88,1683
玛莎8号公馆足疗养生会所,九龙坡区,巴国城,5.0,单人全息足道,99,1668
雨花石影院式足疗养生会所,九龙坡区,巴国城,5.0,单人花石基础足疗1次,98,1421
北海道影院式足浴,九龙坡区,巴国城,5.0,单人足疗,88,1378
礼玉·北海道国际spa汇,九龙坡区,石桥铺,5.0,单人礼玉·养生足疗1次,118,1157
梦巴黎养生SPA,九龙坡区,九龙坡区,5.0,单人主题养生spa套餐,328,1158
金色春天藏汤·SPA养生会馆,九龙坡区,动物园,5.0,藏汤·悦真SPA套餐／藏汤·天元SPA套餐2选1,288,1063
隐合苑足疗养生会馆（直港大道店）,九龙坡区,直港大道,5.0,单人合足疗,98,880
圆园盲人按摩,九龙坡区,石桥铺,5.0,盲人按摩/足疗,39.8,795
台北足道（石桥铺店）,九龙坡区,石桥铺,5.0,单人若石足疗,68,779
指静阁.足疗养生馆（保利百合园店）,九龙坡区,杨家坪,5.0,单人精品足疗,68,727
指静阁.足疗养生馆（保利玫瑰园店）,九龙坡区,杨家坪,5.0,单人精品足疗,68,727
富强足浴养生休闲中心,九龙坡区,动物园,5.0,单人养生足浴（80分钟）,68,582
富侨影院式足浴养生水疗会所,九龙坡区,陈家坪,5.0,单人尊享足浴,78,546
云璟汇（万象城店）,九龙坡区,杨家坪,5.0,单人云璟足浴套餐,98,440
福星酒店足浴会所,九龙坡区,巴国城,4.3,单人足浴1次,60,395
金色印象影院式足体养生会馆（南方花园店）,九龙坡区,石桥铺,5.0,［新店开业限时预售］单人龙手足道套餐,70,464
紫楠阁休闲养生会所,九龙坡区,石桥铺,5.0,紫楠贵足,98,386
帝豪音乐主题spa,九龙坡区,九龙坡区,5.0,［抢购500份］单人迷迭音乐SPA套餐,298,377
专业经络理疗,九龙坡区,巴国城,5.0,单人肩颈套餐,51.8,367
锦宏源影院式足体养生会馆,九龙坡区,动物园,5.0,单人养生足浴,68,343
足道印象影院式足疗,九龙坡区,杨家坪,3.7,单人龙手足道,78,197
家富富侨足道（杨家坪横街店）,九龙坡区,杨家坪,3.6,精品足疗套餐,86,164
韩蒸天下迪兰养生馆（百康年店）,九龙坡区,杨家坪,5.0,韩蒸头疗套餐,58,154
源康足浴,九龙坡区,袁家岗,4.9,单人足浴套餐,66,133
前进专业推拿（石桥铺店）,九龙坡区,石桥铺,4.5,单人肩颈,25,114
前进专业推拿（奥园康城店）,九龙坡区,谢家湾,4.6,单人肩颈,25,114
君悦英伦ESPA风情会所（奥体店）,九龙坡区,袁家岗,5.0,单人君悦英式浪漫香薰ESPA,398,102
金泰沐足O2O线下体验店,九龙坡区,巴国城,5.0,单人金泰贵足（80分钟）,103,100
乾圆足道,九龙坡区,石桥铺,4.3,单人尚品足浴,98,97
慧缘堂,九龙坡区,石桥铺,5.0,单人拔罐套餐,9.9,91
天和缘商务休闲会所浴足玉柔浴,九龙坡区,杨家坪,3.7,单人足浴,68,88
健军盲人按摩养身馆,九龙坡区,杨家坪,5.0,单人足疗套餐,72,76
夏时根专业修脚,九龙坡区,巴国城,4.1,单人香浴盐修脚,33,73
永恒足疗按摩店,九龙坡区,杨家坪,4.8,单人筋络调理足疗套餐,38,53
君悦汇养生足道,九龙坡区,石桥铺,3.8,君悦汇单人养生足疗,68,52
贵龙盲人按摩,九龙坡区,巴国城,5.0,单人贵龙盲人颈肩护理,85.8,44
尚足轩,九龙坡区,袁家岗,3.5,单人豆蔻精品保健SPA,238,43
郑远元专业修脚房,九龙坡区,石桥铺,4.1,单人中式泡脚,25,42
三通针灸推拿堂,九龙坡区,直港大道,4.6,单人三通刮痧/拔罐,19.9,40
端艾堂艾灸馆（时代天街店）,九龙坡区,袁家岗,4.6,单人手工悬灸,68,40
金兰轩足浴,九龙坡区,杨家坪,4.2,单人足浴（约70分钟）,58,34
骨健康理疗馆（杨家坪店）,九龙坡区,杨家坪,3.7,精油推背套餐,49.9,31
脊柱梳理（石坪桥店）,九龙坡区,石桥铺,4.5,单人脊柱梳理,19.8,29
冯四盲人按摩中心,九龙坡区,九龙坡区,4.8,单人推拿调理套餐,41.8,29
明君专业修脚坊,九龙坡区,九龙坡区,4.9,单人特色养生套餐,30,28
贵足洗浴养生会所,九龙坡区,石桥铺,4.7,单人贵足足浴【开业大促】,108,21
明之健推拿,九龙坡区,九龙坡区,4.6,单人全身保健,39,14
李渝推拿理疗养生会所分店（重医店）,九龙坡区,袁家岗,5.0,单人艾灸套餐,46.8,14
中医推拿足疗,九龙坡区,石桥铺,4.0,单人特色套餐,23,11
友友足疗理疗馆,九龙坡区,九龙坡区,4.5,姜疗足疗套餐,54,11
焱艾堂经络养身中心,九龙坡区,巴国城,4.1,单人葫芦艾灸,48,10
摩指圣宫洗浴养生馆,九龙坡区,巴国城,5.0,单人足浴,98,9
正光理疗,九龙坡区,石桥铺,4.1,单人火罐套餐,25,8
龙公馆足浴养生,九龙坡区,巴国城,3.0,经典足部按摩,103,7
杨刚盲人按摩（铁路三村店）,九龙坡区,黄桷坪,5.0,单人艾灸套餐,48,0
雨田修脚坊,九龙坡区,万象城,3.5,单人足疗护理,55,0
万康盲人按摩院,九龙坡区,袁家岗,3.5,单人精油推背,64,0
成都专业盲人按摩,九龙坡区,巴国城,3.5,单人精油推背,45,0
金色印象养生会所（南坪店）,南岸区,南坪,5.0,单人龙手足道套餐,98,534456
金色印象影院式足体养生会馆（海棠晓月店）,南岸区,南坪,5.0,单人龙手足道套餐,98,534456
世龙世家灰指甲手足健康连锁（南岸区南城大道店）,南岸区,南坪,5.0,泡脚足浴+修脚护理单人套餐,9.9,26970
静逸堂功夫肩颈（香榭丽人骑龙山庄店）,南岸区,南坪,3.5,单人功夫肩颈一次,88,17002
静逸堂功夫肩颈（香榭丽人南岸区店）,南岸区,万达广场,4.0,单人功夫肩颈一次,88,17002
静逸堂功夫肩颈（明淑养生馆丁香路店）,南岸区,南岸区,5.0,单人功夫肩颈一次,88,17002
静逸堂功夫肩颈（千变秀美容院南岸店）,南岸区,南岸区,4.6,单人功夫肩颈一次,88,17002
名润足道（四公里店）,南岸区,四公里,5.0,单人五行足疗1次,88,9302
云中漫步足疗会所（会展中心店）,南岸区,南坪,5.0,单人云.足疗A款套餐,158,8299
云璟汇（上海城店）,南岸区,上海城,5.0,单人云璟足浴套餐,108,7141
完美印象影院式浴足养生会所,南岸区,南坪,5.0,单人完美洗浴（80分钟）,158,6468
盲人按摩之家,南岸区,万达广场,5.0,单人经络穴位按摩1小时,40,6164
天艾养生汇,南岸区,四公里,5.0,天艾单人足疗,78,6010
子和整脊推拿足疗养生馆,南岸区,南坪,5.0,子和整脊推拿足疗养生馆三椎调整1次,98,3458
上鼎足浴养生会所,南岸区,南滨路,5.0,单人影院式上鼎足浴,108,3333
回龙足道,南岸区,回龙湾,5.0,单人标准足浴套餐,78,3106
金色印象影院式足体养生会馆（回龙湾店）,南岸区,回龙湾,5.0,单人龙手足道套餐,98,2889
富士山沐足馆精品店（南岸店）,南岸区,南岸区,5.0,单人足浴套餐,106,2611
华美姿艾灸推拿理疗养生中心（南坪万达店）,南岸区,万达广场,5.0,单人肩颈推拿精油SPA+泥灸或艾灸,98,304
适普健专业足浴（桃源店）,南岸区,南岸区,4.4,单人全息养生足疗,98,272
适普健（弹子石店）,南岸区,弹子石,3.5,单人全息养生足疗,98,272
贵兰足浴,南岸区,南岸区,5.0,单人精致足浴,60,205
金马国际足道水疗会所,南岸区,南坪,4.0,单人经络养生足道套餐,118,189
艾林艾灸养生美容推拿馆（南坪店）,南岸区,万达广场,5.0,单人艾灸套餐,68,184
爱美艾灸养生生活馆,南岸区,万达广场,5.0,单人拔罐刮痧二选一套餐,9.9,181
渝道影院式足疗会所（学府大道店）,南岸区,回龙湾,5.0,单人健康足疗套餐（70分钟）,88,176
欧妍泉美容养生堂（重庆南坪万达广场店）,南岸区,南岸区,4.8,单人腿足疗套餐,58,169
康美源养生堂（南坪店）,南岸区,万达广场,4.6,单人养生经络调理,88,165
瘦美人韩蒸天下养生馆,南岸区,万达广场,5.0,单人汗蒸加拔罐套餐,28,132
Lovely Thai （爱俪泰）泰式按摩SPA馆,南岸区,南坪,5.0,单人泰式芳香精油SPA（90分钟）,278,117
精点足疗（东海长洲店）,南岸区,南坪,4.0,足疗套餐,50,108
艾灸养生,南岸区,城市广场,4.9,颈肩调理灸,48,104
御芝元·艾灸调理美容瘦身馆（南坪店）,南岸区,南岸区,5.0,单人背部经络祛湿拔罐1次,29.9,99
九汀养生（长嘉汇店）,南岸区,南岸区,5.0,单人头肩颈护理套餐,68,96
来康盲人按摩（国际社区店）,南岸区,弹子石,5.0,单人局部推拿30分钟/次,29.8,92
豪派养生水疗SPA,南岸区,南坪,5.0,单人SPA水疗,328,90
健康盲人按摩,南岸区,万达广场,5.0,单人单次刮痧走罐,30,87
鑫鑫水疗会所,南岸区,万达广场,5.0,单人尊享SPA水疗,258,80
新丽辰SPA休闲养生会所,南岸区,南坪,4.1,单人精油SPA,490,69
正泰盲人按摩,南岸区,南坪,4.9,超值套餐,68,56
菩提足道,南岸区,弹子石,4.5,单人保健足疗,60,41
庆德堂中医推拿馆（南坪店）,南岸区,南坪,4.7,胃肠推拿调理-不消化 不舒服 一次推拿明显见效,98,32
雅苑休闲足浴,南岸区,弹子石,4.3,单人贵足浴,98,30
正泰盲人按摩,南岸区,南坪,4.5,单人超值精油推拿套餐,68,27
爱康健推拿,南岸区,南坪,4.7,精油开背,68,26
巴蜀扶阳馆（第二分店）,南岸区,回龙湾,4.0,单人扶阳SPA,218,25
凯宾斯基酒店水疗中心,南岸区,南坪,4.5,经典欧式按摩+健身中心单次券,388,23
上芙休闲会所,南岸区,弹子石,3.0,港式足浴,108,20
朱朱盲人按摩,南岸区,万达广场,5.0,精油推背套餐,60,20
郭氏宗正堂,南岸区,南坪,4.5,单人拔罐,9.9,20
渝州盲人按摩养生馆,南岸区,南岸区,5.0,精油刮痧,17.9,19
中医理疗按摩,南岸区,南坪,4.8,拔罐刮痧灯疗（三选一）,20,19
好莱坞美容养生馆,南岸区,万达广场,5.0,单人拔罐艾灸2选1,9.9,19
夏时根专业修脚坊（响水路店）,南岸区,南坪,3.9,单人藏红花足疗,35,16
东方按摩理疗院,南岸区,南岸区,3.5,单人腰椎脊椎调理二选一,50,15
川渝盲人按摩,南岸区,回龙湾,4.7,单人全身按摩加精油足疗,85,0
成都牛市口盲人按摩,南岸区,南坪,4.4,单人精油推背加拔罐,78,0
乐络通经络按摩理疗馆（万达店）,南岸区,万达广场,3.0,单人头疗养生,58,0
太浩盲人按摩,南岸区,弹子石,5.0,单人精油推背,52,0
川渝盲人按摩（七季城分店）,南岸区,回龙湾,4.4,单人全身按摩加精油足疗,85,0
世龙世家灰指甲手足健康连锁（胜利路店）,北碚区,北碚,4.8,泡脚足浴+修脚护理单人套餐,9.9,26970
家富富侨（城北店）,北碚区,团山堡,5.0,单人养生足疗套餐,78,5219
广和公馆,北碚区,北碚城南,5.0,单人休闲足疗,78,1311
重庆东方足浴,北碚区,北碚城南,3.8,重庆东方足浴单人按摩,80,911
足艺道洗浴中心,北碚区,北碚城南,4.7,单人浴足全套,128,695
缙昀阳光,北碚区,北碚城南,3.7,休闲足浴,78,570
富侨贵足道（北碚旗舰店）,北碚区,北碚,4.9,单人精品足浴1次,78,392
适普建（汇美店）,北碚区,北碚城南,4.5,单人全息养生足疗,98,272
适普健（旺德旺店）,北碚区,文星湾,4.3,单人全息养生足疗,98,272
八禾足浴,北碚区,北碚,3.6,八禾足浴理疗养生套餐,338,267
森海北屿影院式足体养生,北碚区,北碚,5.0,单人足疗套餐,119,243
欧妍泉美容养生堂（北碚店）,北碚区,老城区/天奇广场,5.0,单人腿足疗套餐,58,169
复康盲人按摩,北碚区,老城区/天奇广场,5.0,推背+刮痧+火罐（单人）,85,56
骨一舒,北碚区,北碚城南,4.2,单人拔罐/刮痧1次,18.8,37
玄竹堂艺术生活,北碚区,北碚,4.2,单人艾灸局部调理,20,28
友缘按摩,北碚区,北碚,5.0,单人拔罐,9.9,20
足香格修脚堂,北碚区,老城区/天奇广场,4.7,单人足疗穴位按摩,40,10
千年灸艾灸养生馆（北碚店）,北碚区,九号好吃街,3.5,单人单次拔罐,22,3
和润生推拿按摩康复理疗,北碚区,文星湾,4.0,单人推拿一小时,48,3
四季康中医理疗养生馆,北碚区,北碚,3.5,单人背部经络疏通,88,0
圣恩骨健康馆（北碚店）,北碚区,老城区/天奇广场,4.4,排於理疗,158,0
富足云天足浴养生会所,巴南区,中干道,4.6,[开业酬宾]单人富足足拿（80分钟）,68,29
马明仁膏药铺（李家沱店）,巴南区,李家沱,3.5,单人刮痧/拔罐,10,13
义合公中医养生馆,巴南区,商社汇,4.3,单人艾灸,188,7
银利推拿,巴南区,李家沱,3.5,面部经络刮痧,39.8,0
专业推拿足疗,合川区,合川,5.0,单人专业推拿,35,1601
渝康足疗,合川区,合川,3.8,渝康足疗,68,1390
常乐足道（合川店）,合川区,瑞山西路,5.0,常乐健康单人调养,127,1385
龙御仙境,合川区,合川,4.9,单人天堂足健,98,219
川渝理疗推拿足浴,合川区,合川,5.0,川渝推拿足浴-养生足疗套餐,68,114
星宇养生堂,合川区,合川,5.0,单人拔罐,12.8,108
陕西大众专业修脚房（名人街店）,合川区,合川,4.2,单人项目4选1套餐,26.8,12
范姐足艺馆,合川区,合川,3.5,单人尊贵足浴,76,1
世龙世家手足健康护理连锁（几江街道南安街店）,江津区,江津,4.7,泡脚足浴+修脚护理单人套餐,9.9,26970
蓝夜足道会馆,江津区,江津/滨江大道,5.0,单人蓝夜足道,108,445
朗泰宣养生会所,江津区,江津,5.0,单人泰谷足浴,118,434
觅海寻云足浴中心,江津区,江津,5.0,觅海寻云单人足疗,89,379
艾尚足浴养生馆,江津区,江津/双福,5.0,单人艾尚足疗,108,246
罗永莲理疗按摩室,江津区,江津/双福,5.0,单人全身推拿,45,191
袁氏推拿足疗（新店）,江津区,江津/双福,5.0,单人全身经穴推拿,48,170
阳阳足疗馆,江津区,江津,4.6,单人足疗套餐,57,34
夏时根专业修脚足疗坊,江津区,江津/双福,4.2,拔罐+刮痧+中草（70分钟）,70,0
世龙世家灰指甲手足连锁（大足县学坝路店）,大足区,大足区,4.0,泡脚足浴+修脚护理单人套餐,9.9,26970
紫阁足道,大足区,大足区,4.7,单人足浴,98,2563
金澳足浴会所（大足店）,大足区,大足区,5.0,单人足浴套餐,108,2108
浓荫足疗保健,大足区,大足区,3.7,单人足疗套餐,98,1248
唯步足道保健中心,大足区,大足区,4.5,养生推拿+足浴套餐,138,466
吴氏佰草方养生馆,大足区,大足区,4.9,单人野生草本泡脚（120分钟）,49,9
大唐养生馆,大足区,大足区,3.5,单人大唐养生馆精油开背养生,98,0
仙女山拙雅酒店奢香spa,武隆县,武隆县,3.5,单人古法腿部经络梳理,138,5
世龙世家灰指甲手足健康连锁（滨江大道店）,云阳县,外滩广场,4.6,泡脚足浴+修脚护理单人套餐,9.9,26970
自然养生馆,云阳县,名都家私广场,4.6,单人足浴套餐,80,10
