﻿商家,区域,商圈,星级,服务,价格,销量
大唐沐足（光谷广场店）,洪山区,光谷/鲁巷,5.0,大唐初级沐足,69.9,63270
大唐沐足（关山店）,洪山区,光谷/鲁巷,5.0,大唐初级沐足,69.9,63270
大唐沐足（卓刀泉店）,洪山区,石碑岭/街道口,5.0,大唐初级沐足,69.9,63270
大唐沐足（卓豹店）,洪山区,虎泉/关西,5.0,大唐初级沐足,69.9,63270
世龙世家手足健康连锁（友谊大道店）,洪山区,洪山区,3.5,泡脚足浴+修脚护理单人套餐,9.9,26970
竹道养生馆（光谷店）,洪山区,光谷/鲁巷,5.0,单人健康推拿/70分钟宫廷足浴,99.9,23496
大唐沐足（石牌岭店）,洪山区,石碑岭/街道口,5.0,单人高级沐足套餐1次,89.9,15122
臻品足道（杨家湾店）,洪山区,虎泉/关西,5.0,单人臻品足浴套餐,119.9,13236
凤玺足浴·泰来摩指SPA养生（钢都友谊大道店）,洪山区,洪山区,4.8,单人婉式静心SPA养生套餐,288,13083
凤熙阳光港派足浴指压SPA（光谷店）,洪山区,光谷/鲁巷,5.0,单人婉式静心SPA养生套餐,288,13083
臻品足道（光谷天地店）,洪山区,光谷天地,5.0,单人臻品足疗套餐,119.9,9769
重庆富侨（南湖店）,洪山区,南湖花园,4.7,单人休闲足疗套餐,75,8674
征舒服盲人按摩（光谷旗舰店）,洪山区,光谷/鲁巷,5.0,单人盲人推拿套餐,64.9,8295
征舒服盲人按摩（光谷创业街店）,洪山区,光谷/鲁巷,5.0,单人盲人推拿套餐,64.9,8295
征舒服盲人按摩（关山总店）,洪山区,光谷/鲁巷,4.5,单人盲人推拿套餐,64.9,8295
征舒服盲人按摩（阳光在线店）,洪山区,光谷/鲁巷,4.8,单人盲人推拿套餐,64.9,8295
征舒服盲人按摩（恒安路店）,洪山区,南湖花园,5.0,单人盲人推拿套餐,64.9,8295
征舒服盲人按摩（南湖店）,洪山区,南湖花园,5.0,单人盲人推拿套餐,64.9,8295
征舒服盲人按摩（天龙路店）,洪山区,光谷/鲁巷,4.9,单人盲人推拿套餐,64.9,8295
曲水兰亭度假酒店,洪山区,洪山区,5.0,单人豪华洗浴门票+点餐全免单,149,6931
郑远元专业修脚房（南湖名都）,洪山区,南湖花园,4.4,单人足疗3选1,28,6692
郑远元专业修脚房（三弓路店）,洪山区,洪山区,4.0,单人足疗3选1,28,6692
郑远元专业修脚房（恒安街店）,洪山区,南湖花园,3.9,单人足疗3选1,28,6692
郑远元专业修脚房（新竹路店）,洪山区,光谷/鲁巷,4.2,单人足疗3选1,28,6692
郑远元专业修脚房（丰华苑店）,洪山区,南湖花园,5.0,单人足疗3选1,28,6692
郑远元专业修脚房（丁字桥南路店）,洪山区,南湖城市广场,5.0,单人足疗3选1,28,6692
郑远元专业修脚房（广八路店）,洪山区,石碑岭/街道口,4.2,单人足疗3选1,28,6692
郑远元专业修脚房（荣院路）,洪山区,光谷/鲁巷,4.4,单人足疗3选1,28,6692
郑远元专业修脚房（文豪苑店）,洪山区,光谷/鲁巷,4.3,单人足疗3选1,28,6692
郑远元专业修脚房,洪山区,珞狮南路,4.0,单人足疗3选1,28,6692
郑远元专业修脚房（鲁磨路店）,洪山区,光谷/鲁巷,5.0,单人足疗3选1,28,6692
郑远元专业修脚房（华乐花园）,洪山区,光谷/鲁巷,4.2,单人足疗3选1,28,6692
郑远元专业修脚房（关山大道店）,洪山区,光谷/鲁巷,3.5,单人足疗3选1,28,6692
郑远元专业修脚房（光谷二店）,洪山区,光谷/鲁巷,4.5,单人足疗3选1,28,6692
郑远元专业修脚房（文荟街）,洪山区,南湖花园,4.0,单人足疗3选1,28,6692
郑远元专业修脚房（德国风情街店）,洪山区,光谷/鲁巷,5.0,单人足疗3选1,28,6692
郑远元专业修脚房（楚康路）,洪山区,虎泉/关西,4.6,单人足疗3选1,28,6692
豪爵足道（光谷店）,洪山区,光谷/鲁巷,5.0,豪爵艾百年足疗套餐,79.9,6306
德佑中医养生,洪山区,光谷/鲁巷,5.0,单人刮痧 拔罐二选一,18,5396
大自然沐足（书城路店）,洪山区,石碑岭/街道口,5.0,周年庆·单人精油SPA套餐,318,4374
德忠推拿馆（保利心语四分店）,洪山区,珞狮南路,5.0,59套餐,59,1452
魔指天堂（雄楚大道店）,洪山区,光谷/鲁巷,5.0,单人精品足浴,98,1412
蛮舒服盲人按摩推拿,洪山区,光谷/鲁巷,5.0,单人舒身套餐,55,1407
李时珍经络理疗阁,洪山区,光谷/鲁巷,5.0,李时珍单人拔罐/刮痧2选1,29,1389
海派玉指足道,洪山区,光谷/鲁巷,5.0,单人海派草本足浴,68,1383
诚顺和中医馆,洪山区,光谷/鲁巷,5.0,拔罐/刮痧,19.9,1179
御玺堂足道,洪山区,南湖花园,5.0,单人御玺廷宫,98,1135
若水健康之家（文治街店）,洪山区,石碑岭/街道口,5.0,招牌足疗,68,1033
广来足道（南湖店）,洪山区,南湖花园,5.0,单人精品足浴套餐,78,948
圣手沐足,洪山区,南湖花园,5.0,单人皇室沐足套餐,118,869
豪尊足道,洪山区,光谷天地,4.8,豪尊招牌足疗套餐,98,799
水韵含香养生会所,洪山区,光谷/鲁巷,5.0,水韵精品足疗单人套餐,88,731
康乐沐足（广埠屯精品店）,洪山区,石碑岭/街道口,5.0,单人古典沐足套餐,108,729
7星官邸（南湖店）,洪山区,南湖花园,5.0,单人港派足疗套餐,158,703
安然纳米汗蒸房（米兰映像店）（米兰映象店）,洪山区,光谷/鲁巷,5.0,单人拔罐,26.6,682
彭世足疗（建安街店）,洪山区,南湖花园,5.0,单人拔罐,15,626
家富富侨（东湖店）,洪山区,东湖风景区,5.0,单人富侨足浴1份/90分钟,98,607
紫曼美容养生会所（马房山店）,洪山区,石碑岭/街道口,5.0,单人养生套餐,69,606
尚乐汇港派足浴指压（珞瑜店）,洪山区,光谷/鲁巷,5.0,单人尚乐足浴,138,555
太极推拿康复养生馆（广八路店）,洪山区,石碑岭/街道口,5.0,单人全身推拿+经络刮痧,68,537
贵足（南湖总店）,洪山区,光谷/鲁巷,5.0,单人平步青云1次,199,513
华佗中医馆,洪山区,光谷/鲁巷,5.0,护脊通背,29,493
广来足道（虎泉店）,洪山区,虎泉/关西,5.0,单人精品足浴套餐,49,474
康友盲人按摩中心（光谷天地店）,洪山区,光谷/鲁巷,5.0,单人足浴养生套餐,56.8,452
永乐足道,洪山区,光谷/鲁巷,4.6,精品指压,188,408
魔指仙境·乐享驿站（武汉洪山店）,洪山区,洪山区,5.0,巴厘风晴单人SPA,228,399
国艺盲人按摩,洪山区,光谷/鲁巷,4.4,单人中式推拿+草本热敷套餐,55,398
水晶宫（光谷旗舰店）,洪山区,光谷/鲁巷,4.8,单人精品足疗,88,374
皇室推拿馆,洪山区,光谷/鲁巷,5.0,单人推拿／足浴套餐二选一,59,379
韩蒸瘦身养生会所（关山店）,洪山区,光谷天地,5.0,韩蒸天下专业推背、拔火罐套餐,68,361
坤龙沐足养生会所,洪山区,南湖花园,3.6,中式足浴,59,342
宾汇足道（鲁广店）,洪山区,光谷/鲁巷,5.0,宾汇经典足疗,99.9,340
复士康－盲人按摩中心（康泰花园店）,洪山区,虎泉/关西,5.0,单人按摩／足疗养生套餐,53,325
济美德康中医养生馆,洪山区,南湖花园,5.0,单人肩颈/腰腿调理+热敷（刮痧/火罐）套餐二选一,68,329
百会堂中医推拿养生馆,洪山区,石碑岭/街道口,5.0,百会堂单人肩颈腰+热敷(刮痧/拔罐）90分钟,98,322
魔指天堂（创业街店）,洪山区,光谷/鲁巷,5.0,尊享足浴,118,323
楚天豪足道,洪山区,光谷/鲁巷,5.0,单人精品足疗,68,319
楚天豪足道休闲会所,洪山区,光谷/鲁巷,5.0,楚天单人足疗,99,306
仁和堂推拿馆,洪山区,光谷/鲁巷,5.0,单人整脊推拿套餐,130,295
广来足道（光谷店）,洪山区,光谷/鲁巷,5.0,单人足浴套餐,118,283
龙岛港湾沐足中心（南湖店）,洪山区,洪山区,5.0,精品单人沐足,88,269
鑫尚都,洪山区,光谷/鲁巷,5.0,单人尊享足疗套餐,168,236
皇家沐足·棋牌足道,洪山区,虎泉/关西,5.0,单人足疗套餐,59.9,233
家富富侨（烽火店）,洪山区,洪山区,5.0,单人精品足疗,139,232
盛唐红馆（雄楚大道店）,洪山区,虎泉/关西,5.0,单人特价足疗,68,226
和谐广来沐足（杨家湾店）,洪山区,光谷/鲁巷,4.8,单人专业健康足疗,68,210
仪运堂专业脊柱调理中心,洪山区,光谷/鲁巷,5.0,单人肩颈酸胀痛调理,10,199
楚风流足道（东湖景园店）,洪山区,洪山区,5.0,单人楚风精品足疗,69.9,189
梵医馆足浴养生（南湖总店）,洪山区,洪山区,5.0,单人印式足疗70分钟送草本包套餐,78,186
萃森堂中医养生馆,洪山区,光谷/鲁巷,5.0,肩颈舒压调理,48,184
保康中医推拿（祥和苑店）,洪山区,洪山区,3.5,单人全身推拿套餐,55,159
保康中医推拿（保利公园九里总店）,洪山区,南湖花园,4.5,单人全身推拿套餐,55,159
传承推拿,洪山区,虎泉/关西,4.0,刮痧+火罐,29.9,147
伴道推拿养生馆,洪山区,洪山区,5.0,单人全身推拿,48,125
圣地足疗,洪山区,光谷/鲁巷,3.6,单人太极足道,55,125
皇庭健康养生会所,洪山区,洪山区,5.0,单人皇室养生,268,120
安康养生馆（虎泉升级店）,洪山区,虎泉/关西,5.0,单人刮痧拔火罐祛湿排毒,19.9,115
若水健康之家（南湖名都店）,洪山区,南湖花园,4.8,单人体验足疗,58,110
康福盲人按摩（锦绣龙城店）,洪山区,光谷/鲁巷,5.0,单人足浴养生套餐,56.8,107
过足瘾,洪山区,光谷/鲁巷,5.0,古典泰式,119,104
温氏盲人推拿,洪山区,光谷/鲁巷,5.0,全身按摩+拔火罐/足疗+修脚2选1,50,103
七七公馆（南湖店）,洪山区,南湖花园,4.7,SPA,238,98
豪情足道（南湖雅园店）,洪山区,南湖花园,4.5,单人精油SPA,199,97
安然纳米汗蒸养生馆（南湖店）,洪山区,南湖城市广场,4.3,单人汉方草本蒸脚,19.9,91
安然纳米汗蒸（凯乐桂园店）,洪山区,虎泉/关西,5.0,汗蒸推拿拔罐刮痧艾灸7选1套餐,28,88
地大养生馆,洪山区,光谷/鲁巷,4.7,单人推拿足疗二选一套餐,55,84
舒福家美式光疗中心（光谷店）,洪山区,光谷/鲁巷,5.0,腰椎间盘专业美式整脊正骨调理,98,80
七天官邸.乐享驿站（南湖店）,洪山区,洪山区,3.7,乐享单人经典优指一次+洗浴+自助餐,218,79
郑氏推拿（华农分店）,洪山区,珞狮南路,4.5,推拿60分钟,59.9,75
春回大地养生会所,洪山区,南湖花园,4.0,单人spa,288,70
悬壶堂推拿馆,洪山区,石碑岭/街道口,5.0,单人全身推拿,55,65
7星官邸（光谷店）,洪山区,光谷/鲁巷,5.0,单人7星足浴,138,64
楚康按摩专院,洪山区,虎泉/关西,5.0,单人推拿刮痧拔罐套餐,89.9,57
安然纳米汗蒸养生馆（鹏程国际店）,洪山区,石碑岭/街道口,4.6,单人肩颈护理1次,78,55
天悦尚品足道,洪山区,洪山区,4.5,单人精品足浴,79.9,58
星世界足浴（光谷店）,洪山区,光谷/鲁巷,5.0,单人古典沐足套餐,128,50
周云盲人推拿理疗馆,洪山区,光谷/鲁巷,5.0,单人火罐,20,46
立康盲人按摩,洪山区,黄家湖大学城,5.0,单人按摩60分钟+足疗30分钟,85,45
法瑞佳颜养生馆,洪山区,石碑岭/街道口,5.0,单人砭石养生调理,29,43
艾馨堂健康之家,洪山区,光谷/鲁巷,4.8,专业小儿推拿,29.9,14
逸境足道（天悦汇店）,洪山区,南湖花园,4.6,单人中式足浴,99.9,10
鼎尚古方美胸减肥（光谷店）,洪山区,光谷/鲁巷,4.0,单人眼袋黑眼圈细纹2次护理或单人面部补水护理2次,68,8
名人足道,洪山区,南湖花园,3.5,单人传统沐足,68,8
鼎尚古方美胸减肥（街道口店）,洪山区,石碑岭/街道口,4.3,单人眼袋黑眼圈细纹2次护理或单人面部补水护理2次,68,8
益芝艾悬灸馆（立信店）,洪山区,光谷/鲁巷,4.1,单人阴阳艾灸套餐,10,7
甲益生（广埠屯店）,洪山区,石碑岭/街道口,3.5,单人指甲炎护理,39.9,7
爱灸堂（光谷店）,洪山区,光谷/鲁巷,5.0,单人局部艾灸,68,5
安然纳米汗蒸美容养生馆,洪山区,洪山区,4.8,刮痧拔罐,58,5
一德养生堂（武汉分店）,洪山区,洪山区,4.1,单人颈椎1次,39.9,5
福之源按摩店,洪山区,石碑岭/街道口,5.0,单人中式足疗+热疗套餐,39.9,3
福康源中医推拿,洪山区,光谷/鲁巷,3.5,单人艾灸祛寒套餐,118,2
逸境足道（黄家湖店）,洪山区,黄家湖大学城,4.4,单人绅士养生,318,2
中特国艾馆,洪山区,光谷天地,5.0,单人本草熏吸,8,2
德仁健康调理中心,洪山区,光谷天地,3.5,单人瑶浴spa,90,2
一笑堂康复理疗中心,洪山区,南湖花园,3.5,单人局部调理套餐,98,2
愈林堂推拿馆,洪山区,南湖城市广场,3.0,背部推拿,80,0
欢乐足道（光谷旗舰店）,洪山区,光谷/鲁巷,4.8,单人精油SPA,258,0
医太极小儿推拿工作室,洪山区,南湖花园,4.0,单人少儿近视推拿,68,0
尚乐汇港派足浴指压（升官渡店）,汉阳区,四新,5.0,单人乐韵指压,318,2139
520足道（龙阳路精品店）,汉阳区,王家湾,5.0,单人足下之约1次（里海足下）,99,2133
六合足道（汉阳店）,汉阳区,王家湾,5.0,【开业钜惠】六合足浴,68,2142
大唐沐足（郭茨口店）,汉阳区,王家湾,5.0,单人中级沐足,79.9,1887
雨禾园足疗保健,汉阳区,王家湾,4.6,单人按摩沐足,62,1562
壹加壹足道 龙阳店（王家湾店）,汉阳区,王家湾,5.0,单人经典沐足,79,999
重庆富侨（陶家岭店）,汉阳区,王家湾,3.4,重庆富侨足浴套餐，龙阳大道,57,993
上港足道,汉阳区,王家湾,5.0,经典足浴,88,656
同安堂盲人按摩（小桥盲人汉阳店）,汉阳区,钟家村,5.0,中式专业推拿1次,55,545
皇冠假日酒店会所,汉阳区,王家湾,5.0,单人尊享spa套餐,309,537
艾益身调理养生,汉阳区,王家湾,5.0,单人秘制拔火罐套餐,19.9,481
博远足浴,汉阳区,腰路堤/建港,5.0,单人博远沐足,68,404
汉唐沐足养生会馆,汉阳区,王家湾,5.0,单人spa,190,399
凤秀港派足浴指压,汉阳区,王家湾,5.0,单人精品指压,338,326
盛世官邸足道,汉阳区,王家湾,5.0,单人豪华足浴,88,269
康盛盲人按摩（十里景秀店）,汉阳区,王家湾,5.0,单人全身按摩或足疗二选一,45,246
枫桥夜泊足疗店,汉阳区,四新,5.0,单人养生套餐,259,226
名门贵足,汉阳区,腰路堤/建港,5.0,名门精品足浴,98,217
中医推拿康复馆,汉阳区,王家湾,4.8,中式推拿套餐A,38,210
7星官邸（汉阳店）,汉阳区,王家湾,5.0,单人港派足浴,158,199
九州上医馆,汉阳区,王家湾,4.7,单人肩颈/腰部推拿套餐,68,188
家富富侨（钟家村店）,汉阳区,钟家村,4.7,单人品牌沐足套餐,89,131
安然纳米汗蒸养生馆（人信汇店）,汉阳区,王家湾,5.0,单人精油开背15分钟 +刮痧+拔罐,48,128
晨光乡医按摩足疗（新城丽景店）,汉阳区,腰路堤/建港,3.5,单人中式按摩1次,58,124
晨光乡医按摩足疗（2号店）,汉阳区,钟家村,3.5,单人中式按摩1次,58,124
晨光乡医按摩足疗（1号店）,汉阳区,钟家村,4.8,单人中式按摩1次,58,124
康美足浴馆,汉阳区,蔡甸城区,5.0,单人玫瑰花瓣沐足,69,69
康源盲人按摩,汉阳区,王家湾,5.0,单人按摩／足疗+拔罐,85.9,63
鸿鑫武汉富侨（汉阳店）,汉阳区,钟家村,5.0,限时特惠足疗单钟,79,55
金手指盲人按摩,汉阳区,汉阳区,4.5,单人推拿1次,45,49
富溪家富足道,汉阳区,腰路堤/建港,5.0,单人中式特惠足疗,88,40
泰境·素帕缇spa生活馆,汉阳区,钟家村,4.6,单人七感自然香薰SPA,399,32
梦境养生工作室,汉阳区,王家湾,5.0,臻品SPA养生,198,29
一德中医养身馆,汉阳区,钟家村,4.1,单人中式拔火罐1次,35,23
亲亲鱼疗养生馆（钟家村店）,汉阳区,钟家村,4.0,鱼疗,30,16
康盛盲人按摩（玫瑰街店）,汉阳区,王家湾,5.0,单人刮痧+火罐,47,16
御龙足浴,汉阳区,钟家村,5.0,单人宫廷足浴,88,15
意康盲人按摩,汉阳区,王家湾,5.0,单人火罐+刮痧,40,12
熙悦荟沐足,汉阳区,腰路堤/建港,4.5,秋水伊人SPA,239,12
意康盲人推拿（玫瑰园西村店）,汉阳区,王家湾,4.0,单人火罐+刮痧,40,12
百灵按摩,汉阳区,王家湾,4.0,单人修脚,20,0
太经堂主题养生馆 TAI SPA,江汉区,青年路/常青路,5.0,单人80分钟足疗电影包房套餐,79.9,757
梵音阁健康会所（汉口火车站店）,江汉区,青年路/常青路,5.0,单人梵音足浴套餐,69.9,713
彭世足疗（北湖店）,江汉区,西北湖,5.0,单人拔罐,15,626
仙指道足浴会所,江汉区,江汉路步行街,4.5,单人仙韵,378,561
长和蓝天足浴城（崇仁路店）,江汉区,武商广场,5.0,单人精品足道,118,544
港澳足道（振兴路店）,江汉区,青年路/常青路,5.0,港澳足浴,108,510
汉唐沐足,江汉区,六渡桥/汉正街,5.0,新店特惠经典足疗套餐,59.9,480
大脚丫,江汉区,江汉路步行街,5.0,单人超值足疗A套餐,30,440
水之梦（CBD店）,江汉区,青年路/常青路,5.0,单人技工套餐,318,434
盘龙养生,江汉区,青年路/常青路,5.0,钻石养生套餐A,398,410
盘龙养生（王家墩店）,江汉区,青年路/常青路,5.0,钻石养生套餐A,398,410
love尚主题养身馆,江汉区,江汉区,5.0,单人足部护理,39.9,368
巴渝富侨（江汉路步行街店）,江汉区,江汉区,5.0,单人足疗套餐,89,304
北京颈康堂中医推拿养生,江汉区,菱角湖,5.0,单人颈椎穴海调理/腰椎穴海调理2选1,108,297
御麒麟中医健康会馆,江汉区,武商广场,5.0,单人全身淋巴净排（仅限女性）,89.9,291
腾德隆足浴会所,江汉区,青年路/常青路,3.8,单人足疗套餐A,68,264
天娇御足,江汉区,汉口火车站,3.6,单人经典足道,58,243
六合足道（汉口店）,江汉区,江汉区,5.0,六合足道,68,214
康仁盲人按摩中心,江汉区,江汉路步行街,5.0,单人火罐1次,30,167
康之路按摩店,江汉区,江汉路步行街,5.0,全身专业推拿,51,159
韩蒸天下（江汉路店）,江汉区,江汉区,5.0,单人韩式汗蒸1次,28,137
宏慧足浴,江汉区,六渡桥/汉正街,5.0,泰式按摩,48,135
君悦足浴养生会所（汉正街店）,江汉区,六渡桥/汉正街,4.8,新店开业养生单人SPA套餐,199,121
壹谷健康连锁,江汉区,江汉路步行街,5.0,推拿+拔罐/刮痧,49.8,113
合和顺影院足道,江汉区,青年路/常青路,4.9,中式足疗套餐,49,112
仙镜足道会馆,江汉区,六渡桥/汉正街,4.0,单人古典沐足,49,89
金拇指健康足道（银松店）,江汉区,西北湖,4.7,减压足道,134,90
鼎尚足浴,江汉区,六渡桥/汉正街,5.0,鼎尚单人精品足浴,79,85
江城之星足道,江汉区,汉口火车站,4.7,单人精油SPA,248,82
天行沐足,江汉区,西北湖,4.9,清凉一夏单人艾灸沐足,98,74
信华艺佳专业足部护理（江汉路店）,江汉区,江汉路步行街,4.3,精品护足套餐,39.9,73
汎歌国际美容会所,江汉区,常青南园,4.0,肩颈温灸理疗,88,54
鸿鑫富侨（菱角湖店）,江汉区,江汉区,5.0,经典沐足,108,53
家富富侨（长港路店）,江汉区,常青南园,4.8,单人实力足浴1次/80分钟,88,57
艺林盲人按摩（前进一路店）,江汉区,六渡桥/汉正街,5.0,单人净排刮痧/除湿拔罐 （2选1）,26,46
蓬莱足道养生,江汉区,六渡桥/汉正街,4.5,蓬莱精品足浴,49.9,41
无庸居养生会馆,江汉区,江汉路步行街,4.5,无庸居肠道水疗,98,33
无庸居肠疗养生会馆,江汉区,青年路/常青路,4.5,无庸居肠道水疗,98,33
泰境养生馆（菱角湖店）,江汉区,菱角湖,4.7,单人七感自然香薰SPA,399,32
美尚美容连锁（江汉二路店）,江汉区,江汉路步行街,4.0,单人E光嫩肤面部单次疗程,68,0
美尚科技美容连锁（利济路店）,江汉区,六渡桥/汉正街,4.0,单人E光嫩肤面部单次疗程,68,0
重庆富侨（常青路店）,江汉区,青年路/常青路,3.8,单人中华养生,199,0
大唐沐足（凤凰山店）,武昌区,和平大道积玉桥,5.0,大唐初级沐足,69.9,63270
大唐沐足（八一路店）,武昌区,水果湖,5.0,大唐初级沐足,69.9,63270
大唐沐足（水果湖店）,武昌区,水果湖,5.0,单人高级沐足套餐1次,89.9,15122
康之道盲人按摩（民主路店）,武昌区,司门口,5.0,按摩/足疗养生套餐,55,14373
康之道盲人按摩（徐东店）,武昌区,徐东大街,5.0,按摩/足疗养生套餐,55,14373
凤熙足道泰来摩指SPA（薛峰店）,武昌区,武昌区,4.4,单人婉式静心SPA养生套餐,288,13083
大超艺沐足养生会馆,武昌区,付家坡/大东门,4.8,单人大超艺精油养生套餐1次,148,10978
臻品足道（徐东店）,武昌区,徐东大街,5.0,单人臻品足浴套餐,119.9,8983
家富富侨（复兴路店）,武昌区,首义汇/阅马场,4.5,单人豪华足浴套餐,139,8937
征舒服盲人按摩（街道口店）,武昌区,武昌区,5.0,单人盲人推拿套餐,64.9,8295
征舒服盲人按摩（哈乐城总部店）,武昌区,水果湖,5.0,单人盲人推拿套餐,64.9,8295
旺角足道（复兴路店）,武昌区,首义汇/阅马场,5.0,单人尊贵沐足套餐,88,7711
郑远元专业修脚房（武车路店）,武昌区,和平大道积玉桥,4.4,单人足疗3选1,28,6692
郑远元专业修脚房（大成路店）,武昌区,首义汇/阅马场,4.0,单人足疗3选1,28,6692
郑远元专业修脚房（武泰闸店）,武昌区,白沙洲,4.0,单人足疗3选1,28,6692
郑远元专业修脚房（东湖西路店）,武昌区,中南路/洪山广场,4.0,单人足疗3选1,28,6692
郑远元专业修脚房（水果湖东三路店）,武昌区,水果湖,4.5,单人足疗3选1,28,6692
郑远元专业修脚房（雅安街店）,武昌区,武昌区,4.6,单人足疗3选1,28,6692
郑远元专业修脚房（成功花园）,武昌区,白沙洲,4.0,单人足疗3选1,28,6692
郑远元专业修脚房（东亭路店）,武昌区,岳家嘴/东亭,4.0,单人足疗3选1,28,6692
郑远元专业修脚房（丁字桥）,武昌区,付家坡/大东门,3.7,单人足疗3选1,28,6692
郑远元专业修脚房,武昌区,首义汇/阅马场,4.0,单人足疗3选1,28,6692
郑远元专业修脚房（车家岭）,武昌区,岳家嘴/东亭,4.0,单人足疗3选1,28,6692
郑远元专业修脚房（梅苑路店）,武昌区,付家坡/大东门,5.0,单人足疗3选1,28,6692
广来沐足（中南店）,武昌区,中南路/洪山广场,5.0,中式足疗单人套餐,78,6652
豪爵足道（八一路店）,武昌区,水果湖,5.0,豪爵艾百年足疗套餐,79.9,6306
韩蒸天下韩式汗蒸养生馆（徐东店）,武昌区,徐东大街,5.0,单人韩式汗蒸体验套餐,38,5614
7星官邸（徐东武汉旗舰店）,武昌区,徐东大街,5.0,单人7星足疗套餐,168,4516
江南乐府,武昌区,中南路/洪山广场,5.0,4人乐享棋牌室,14.9,4502
紫星足道（中华路店）,武昌区,司门口,5.0,单人紫星足疗1次,79.9,4439
养都精品健康会所,武昌区,白沙洲,5.0,单人实力足浴1次,68,4133
泰涞武汉东湖路健康中心（汉街店）,武昌区,水果湖,5.0,【升级开业】泰涞足道80分钟,148,4020
同仁推拿医馆,武昌区,水果湖,5.0,单人推拿+刮痧+火罐,69.9,3463
金品御足（群星城店）,武昌区,徐东大街,5.0,单人金品御足1次,89,3329
圣手沐足休闲会所（烽火店）,武昌区,白沙洲,5.0,单人金典泰式沐足套餐,118,3056
公海足道（丁字桥店）,武昌区,丁字桥/石牌岭,5.0,单人养生保健1次,208,3042
公爵足道会所（中华路店）,武昌区,司门口,5.0,单人精品套钟,88,2951
摩指印象（摩指印象丁字桥路店）,武昌区,丁字桥/石牌岭,5.0,单人足浴,129,2890
大富豪,武昌区,首义汇/阅马场,5.0,单人养生足疗,55,2832
朴园,武昌区,和平大道积玉桥,5.0,高级足疗套餐,138,2818
七七公馆,武昌区,和平大道积玉桥,5.0,单人足疗,79,210
摩雅傣傣医调理馆（古滇宫临江大道店）,武昌区,司门口,5.0,傣秘肩颈舒压调理,199.9,201
纤指印象港派指压,武昌区,白沙洲,5.0,单人纤指足浴,118,194
玉指天娇,武昌区,徐东大街,5.0,指压,159,172
御享足道,武昌区,和平大道积玉桥,5.0,颈肩腰护理,128,165
明英美容养生,武昌区,丁字桥/石牌岭,4.8,熏蒸,19.9,162
九坤楚远晟大港派足浴指压,武昌区,和平大道积玉桥,5.0,单人经典足疗一次,158,141
玄妙堂艾灸馆,武昌区,武昌火车站,5.0,单人养生拔罐/刮痧 2选1套餐,29.9,139
蛮舒服盲人按摩推拿汗蒸馆（武昌店）,武昌区,徐东大街,5.0,单人舒身套餐,45,136
整体自然健康管理中心（琢玉驿站）,武昌区,首义汇/阅马场,4.7,单人头颈肩经络疏通套餐,49.9,131
水立方沐足,武昌区,和平大道积玉桥,3.6,开心沐足,68,107
东方菩提养生spa馆,武昌区,武昌区,4.4,单人云谷SPA,197,107
康福盲人按摩中心（徐东店）,武昌区,徐东大街,5.0,单人足浴养生套餐,56.8,107
金时定制足疗中医按摩养生会馆,武昌区,徐东大街,5.0,中式按摩调理套餐,78,106
罗氏正骨推拿养生馆（武昌积玉桥店）,武昌区,和平大道积玉桥,5.0,全身经络推拿,88,110
长和蓝天足浴城（君临天下店）,武昌区,徐东大街,5.0,蓝天足疗一次,66,108
皇家中医养生馆,武昌区,水果湖,5.0,单人养生推拿/经络推拿,72.9,96
魔指港湾·港派足浴指压,武昌区,白沙洲,5.0,单人港派指压,258,102
陈国权中医,武昌区,和平大道积玉桥,4.7,体态大师之圆肩驼背复原,99,85
恋上你的脚,武昌区,首义汇/阅马场,4.7,单人欧式保健,158,84
君康堂盲人按摩,武昌区,和平大道积玉桥,5.0,单人足疗+养生超值套餐,109.8,73
太经堂中医养生,武昌区,丁字桥/石牌岭,4.8,单人背部脊柱调理套餐（睡个好觉/舒缓解压/抗·疲劳）,158,72
汉唐养生馆（友谊旗舰店）,武昌区,和平大道积玉桥,4.0,单人汉唐沐足套餐,59,72
扬州修脚推拿馆,武昌区,徐东大街,4.8,花式足疗+修脚,58,70
东方菩提养生馆（徐东店）,武昌区,徐东大街,5.0,单人云谷忘忧SPA,287,65
灵宝道家药灸館,武昌区,岳家嘴/东亭,4.1,单人肩颈淋巴净排+全身三伏扶阳灸体验,108,60
夫艾·筋骨养护（天星阁店）,武昌区,中南路/洪山广场,5.0,单人拔火罐,28,59
印象足浴,武昌区,和平大道积玉桥,3.7,单人精油养生,138,59
汎歌国际美容会所（雅颜2店）,武昌区,和平大道积玉桥,4.1,肩颈温灸理疗,88,54
奇域养生馆 Kay spa,武昌区,水果湖,5.0,“做个好梦”单人泡浴套餐,399,50
臻璟足道,武昌区,徐东大街,5.0,单人婉式静心SPA养生套餐,258,50
疼康堂中医推拿馆,武昌区,汉街,5.0,单人专业全身推拿,68,53
仙度云养生会所,武昌区,武昌火车站,5.0,【 开业钜惠】漫情指压SPA套餐 1份/90分钟,328,41
初缘康复调理馆,武昌区,付家坡/大东门,5.0,单人经络推拿,50,35
和谐广来沐足（首义园店）,武昌区,首义汇/阅马场,5.0,单人沐足套餐,118,34
内经之道,武昌区,和平大道积玉桥,4.9,单人补阳通脊背部舒缓,78,33
甲霸灰指甲（积玉桥店）,武昌区,和平大道积玉桥,4.2,单人指甲炎护理,39.9,30
颐之道健康管理中心,武昌区,水果湖,4.0,单人小儿脊椎调理,88,0
舒爽盲人按摩（水果湖店）,武昌区,水果湖,3.5,单人特价足疗,55,0
艾康面对面中医养生,武昌区,丁字桥/石牌岭,3.5,单人乳腺疏通,78,0
康之道盲人按摩（武胜路店）,硚口区,武胜路,5.0,按摩/足疗养生套餐,55,14373
公海足道（古田四路店）,硚口区,古田路,5.0,单人公海沐足套餐,138,7351
大唐盛世沐足（崇仁路店）,硚口区,硚口路,3.8,单人SPA养生,198,7281
郑远元专业修脚房（城华路店）,硚口区,汉西,4.2,单人足疗3选1,28,6692
郑远元专业修脚房（长风路店）,硚口区,汉西,4.7,单人足疗3选1,28,6692
手足情沐足馆（古田四路店）,硚口区,古田路,5.0,单人璞人足浴1次,78,6052
天兴至尊店（京汉大道店）,硚口区,硚口路,5.0,单人休闲足疗1份/70分钟,88,4803
金尚足道,硚口区,汉西,5.0,单人经典足疗,68,2483
江城富侨,硚口区,古田路,4.5,单人江城沐足套餐1次（60分钟）,98,2348
重庆富侨（宝丰路店）,硚口区,硚口路,4.7,单人中式足浴套餐,78,2270
重庆巴渝富康沐足中心,硚口区,硚口路,5.0,单人高级沐足一次,119,2061
碧水蓝天足浴会所（武胜路旗舰店）,硚口区,武胜路,4.7,单人经典沐足套餐,78,1508
天子足道（解放大道店）,硚口区,古田路,5.0,单人经典沐足套餐,138,1323
风华养生足道,硚口区,古田路,3.7,单人沐足,99,784
7星官邸（利济北路店）,硚口区,武胜路,5.0,单人精致SPA,498,731
百年脚艺,硚口区,武胜路凯德广场,5.0,单人专业足疗,45,631
英皇阁·港派足浴养生会所,硚口区,古田路,5.0,英皇纤指养生套餐,299,563
重庆乡草,硚口区,硚口路,4.8,中式保健,58,376
7星官邸（长丰店）,硚口区,汉西,5.0,7星单人足浴,168,345
东方汉宫,硚口区,硚口路,5.0,单人港派足浴1份,98,288
轻松驿站足疗会所,硚口区,古田路,4.3,单人精品足疗1份/90分钟,118,272
舒筋推拿馆,硚口区,古田路,5.0,刮痧拔罐套餐,18,270
回首盲人推拿,硚口区,硚口路,5.0,保健推拿/足疗2选1,49.9,270
7星官邸（汉西店）,硚口区,古田路,5.0,单人七星足浴,158,228
箱根会馆,硚口区,硚口路,5.0,经典足艺,58,207
蒸亦蒸,硚口区,古田路,4.5,单人秘方蒸脚,9.9,199
陆琴脚艺,硚口区,汉西,5.0,单人天然足疗,158,175
长和蓝天足浴城（古田店）,硚口区,古田路,5.0,[限时促销]单人蓝天SPA套餐,198,178
尚乐汇港派足浴指压（硚口店）,硚口区,硚口路,5.0,单人指压套餐,158,142
海西公馆,硚口区,古田路,4.3,单人巴黎风晴养生套餐,489,139
7星官邸（中御广场店）,硚口区,硚口路,5.0,单人精品足浴,238,137
鑫诚水会,硚口区,古田路,4.8,单人沐足套餐,78,123
新唐人水会,硚口区,硚口路,4.7,乐享单人浴资+浴服+自助餐+私影,48,128
跃莱健康生活馆,硚口区,古田路,4.6,单人足疗套餐,49,49
鑫逸养生工作室,硚口区,硚口区,5.0,单人花香SPA,168,46
兰兰汗蒸,硚口区,武胜路,4.3,汗蒸养生双人套餐,45,31
甲霸灰指甲（宝丰路店）,硚口区,硚口路,3.5,单人指甲炎护理,39.9,30
甲霸灰指甲（宗关店）,硚口区,古田路,4.2,单人指甲炎护理,39.9,30
甲霸灰指甲（利济北路店）,硚口区,武胜路,4.0,单人指甲炎护理,39.9,30
云时养生,硚口区,武胜路凯德广场,3.4,单人足疗,68,9
益康堂（警官学院店）,硚口区,古田路,4.6,单人刮痧拔罐套餐,30,5
爱脊康百姓脊柱梳理馆,硚口区,硚口路,3.8,单人爱脊康足疗修脚套餐,30,3
家富富侨（园林路店）,青山区,奥山/钢都花园,5.0,单人魅力足浴套餐,65,13200
家富富侨（工业三路店）,青山区,工业路,5.0,单人贵足足疗,89.9,7545
郑远元专业修脚房（华电小路店）,青山区,欢乐大道/仁和路,4.0,单人足疗3选1,28,6692
郑远元专业修脚房（祥丰路店）,青山区,欢乐大道/仁和路,3.9,单人足疗3选1,28,6692
郑远元专业修脚房（建设二路店）,青山区,建二/八大家,5.0,单人足疗3选1,28,6692
豪爵足道（青山店）,青山区,建二/八大家,5.0,豪爵艾百年足疗套餐,79.9,6306
润天足道,青山区,建二/八大家,5.0,单人润元足疗,138,3693
重庆富侨（华城广场店）,青山区,铁机/柴林花园,4.8,单人泰式保健套餐,138,1973
7星官邸（青山店）,青山区,建二/八大家,5.0,7星官邸足浴2选1套餐,148,1642
维康按摩室,青山区,建二/八大家,5.0,单人护理套餐,55,1095
曲水兰亭（观澜足道）,青山区,铁机/柴林花园,4.7,单人观澜足疗套餐（70分钟）,169,975
百壬推拿（百壬推拿东湖景园店）,青山区,欢乐大道/仁和路,5.0,单人全身推拿套餐,69,644
彭世修脚（建设二路店）,青山区,建二/八大家,5.0,单人拔罐,15,626
一招松推拿,青山区,工业路,5.0,单人全身推拿套餐,65.9,522
胡王推拿按摩（旗舰店）,青山区,青山区,5.0,单人全身推拿套餐,59.9,431
青城足道（工业路店）,青山区,工业路,5.0,单人精品足疗套餐,59.9,439
康隆推拿馆（辽宁街店）,青山区,建二/八大家,4.7,单人经络推拿养生套餐,43,360
王氏玄妙堂经络推拿馆（友谊大道店）,青山区,工业路,5.0,艾灸养身,80,326
今日鑫辰港派足道●指压,青山区,欢乐大道/仁和路,4.5,精品足浴,79,306
家富富侨（和平店）,青山区,余家头/四美塘,5.0,单人富桥足浴,65,222
烟花三月健康会馆,青山区,欢乐大道/仁和路,4.7,单人经典足道,129,220
康隆推拿馆（恩施街店）,青山区,工业路,5.0,单人国标足疗+中式推拿+拔罐,80,178
仁手堂盲人按摩（东湖景园店）,青山区,欢乐大道/仁和路,5.0,单人精油刮痧+火罐套餐,56.8,110
玉指尚足,青山区,欢乐大道/仁和路,4.3,单人养生套餐,368,96
巴渝富鑫,青山区,铁机/柴林花园,3.7,单人经典足浴套餐,79,85
魔指天堂（名门店）,青山区,红钢城/沿港路,3.7,单人养生调理,248,76
妙手居推拿养生馆,青山区,欢乐大道/仁和路,5.0,单人调理套餐,59,66
扶元堂,青山区,欢乐大道/仁和路,5.0,单人皇式沐足90分钟套餐,118,46
胡王推拿按摩,青山区,工业路,5.0,单人胡王汗蒸一次,8.9,45
仪运堂排毒调理中心,青山区,建二/八大家,4.8,单人酸胀痛肩颈调理一次,10,45
爱灸堂（青山店）,青山区,建二/八大家,5.0,单人拔罐,28,28
整体自然健康管理中心（夏琳健康）,青山区,欢乐大道/仁和路,5.0,头劲肩筋络疏通,39,24
沐康推拿养生馆,青山区,奥山/钢都花园,5.0,全身经络推拿 中式足疗2选1,49.9,23
广来富赢沐足（徐东富赢店）,青山区,铁机/柴林花园,3.5,单人减压养生套餐,419.9,22
宝堂推拿汗蒸,青山区,工业路,4.2,单人汗蒸,5,14
正气堂高级经络养生会所,青山区,欢乐大道/仁和路,4.1,精油刮痧开背1次,99,11
幸会一号养生会所,青山区,青山区,4.1,精品养生套餐,220,10
正气推拿,青山区,建二/八大家,4.9,肩颈/腰背/头部护理套餐,39.9,8
老夫子修脚,青山区,工业路,3.9,单人修脚,25,0
郑远元专业修脚房（解放公园）,江岸区,三阳路/山海关路,4.0,单人足疗3选1,28,6692
郑远元专业修脚房（兴业路店）,江岸区,后湖,4.1,单人足疗3选1,28,6692
郑远元专业修脚房,江岸区,后湖,4.0,单人足疗3选1,28,6692
郑远元专业修脚房（友益街店）,江岸区,吉庆街/大智路,4.6,单人足疗3选1,28,6692
家富富侨（东部购物公园店）,江岸区,百步亭/二七,4.8,单人普通足浴套餐,78,6616
豪爵足道（二七路店）,江岸区,百步亭/二七,5.0,豪爵艾百年足疗套餐,79.9,6306
长享足足道,江岸区,吉庆街/大智路,5.0,标准足道,69.9,5765
足公馆,江岸区,港澳台风情街,5.0,单人标准足疗,108,5762
紫星足道（三阳路店）,江岸区,三阳路/山海关路,5.0,单人紫星足疗,99.9,5684
家富富侨（后湖钻石店）,江岸区,百步亭/二七,5.0,单人足浴80分钟套餐,83,5064
福足轩,江岸区,港澳台风情街,5.0,单人经典足道1次,78,4377
金尊汉宫沐足商务会所,江岸区,江岸区,5.0,单人普通足浴套餐,89.9,4131
水沐雅心（后湖店）,江岸区,江岸区,5.0,单人水沐雅心沐足,148,2234
午后时光会所,江岸区,后湖,5.0,单人养生套餐,269,2132
臻品足道（南京路店）,江岸区,江汉路/南京路,4.0,单人臻品足浴套餐,59.9,1795
合一足道,江岸区,吉庆街/大智路,5.0,单人宫廷足浴,99.9,1738
家富富足,江岸区,百步亭/二七,5.0,单人精品富足,66,1616
7星官邸（三阳路店）,江岸区,三阳路/山海关路,5.0,70分钟足浴,148,1430
成都天子（二七路店）,江岸区,百步亭/二七,5.0,单人太极养生沐足,88,1407
7星官邸（武汉总店）,江岸区,竹叶山/花桥,5.0,单人7星足浴白天场,168,1151
利民推拿馆（二七路店）,江岸区,百步亭/二七,4.5,单人中式推拿保健套餐,50,1138
利民推拿馆（车站路店）,江岸区,吉庆街/大智路,4.3,单人中式推拿保健套餐,50,1138
添引足道（球场店）,江岸区,港澳台风情街,5.0,单人全身指压套餐,188,919
湘无为足道,江岸区,客运港/江滩,5.0,单人足底按摩60分钟,158,893
大唐贵足（大智路店）,江岸区,吉庆街/大智路,5.0,单人精典沐足套餐,59,639
大江官邸,江岸区,竹叶山/花桥,5.0,单人经典足道套餐,98,627
彭世修脚（大江园店）,江岸区,竹叶山/花桥,4.8,单人拔罐,15,626
彭世足疗（高雄路店）,江岸区,后湖,4.3,单人拔罐,15,626
彭世修脚（循礼门店）,江岸区,江汉路/南京路,4.5,单人拔罐,15,626
彭世修脚（百步亭店）,江岸区,百步亭/二七,3.5,单人拔罐,15,626
彭世足疗（同安家园店）,江岸区,后湖,3.7,单人拔罐,15,626
富贵浴足休闲,江岸区,竹叶山/花桥,5.0,富贵沐足1次,89,591
富侨足道,江岸区,竹叶山/花桥,5.0,单人古典泰式,148,577
君悦足浴,江岸区,吉庆街/大智路,4.4,经典足疗套餐,59,508
大唐贵足（江汉二路总店）,江岸区,江汉路/南京路,5.0,单人经典沐足套餐,69,486
本草苑足浴,江岸区,解放公园/永清街,5.0,单人中式按摩1次,188,453
去放松盲人按摩（后湖店）,江岸区,后湖,3.9,单人项目体验4选1,53,441
家富富侨（黄浦路店）,江岸区,百步亭/二七,5.0,单人中华养生,188,439
王朝驿站港派足浴指压,江岸区,吉庆街/大智路,5.0,单人经典足浴套餐,78,384
花悦四季足疗养生休闲会所（后湖店）,江岸区,百步亭/二七,5.0,单人花悦1式,39,369
旺角足道（三眼桥北路店）,江岸区,竹叶山/花桥,4.8,单人尊贵足疗,78,337
7星官邸（后湖店）,江岸区,百步亭/二七,5.0,单人特惠精品指压,158,334
德园足道会馆,江岸区,港澳台风情街,4.7,标准足疗,108,317
聚福堂盲人按摩中心,江岸区,港澳台风情街,5.0,单人超值套餐,45,222
天兴养生会所,江岸区,后湖,5.0,单人经典足浴80分钟,128,218
艺林盲人按摩,江岸区,港澳台风情街,5.0,单人刮痧,26,215
鑫君豪足道,江岸区,百步亭/二七,5.0,单人阳光足疗,98,201
艺佳盲人按摩,江岸区,江汉路/南京路,5.0,单人全身按摩+足疗套餐,110,196
家富富足（丹水池店）,江岸区,百步亭/二七,5.0,单人足疗,66,170
花沐,江岸区,三阳路/山海关路,5.0,【 开业钜惠】传统足疗,128,148
金满源紫玉阁足道,江岸区,解放公园/永清街,4.8,紫玉富贵单人套餐,119,147
德康推拿馆,江岸区,江汉路/南京路,4.0,单人拔罐,18,142
玄妙堂艾灸馆（苗栗路高雄小区店）,江岸区,港澳台风情街,5.0,单人养生拔罐/刮痧 2选1套餐,29.9,139
四季百合港派足浴指压,江岸区,竹叶山/花桥,5.0,单人港派足浴,128,128
仁手堂盲人按摩（江大路店）,江岸区,竹叶山/花桥,5.0,单人精油刮痧+火罐套餐,56.8,110
仁手堂盲人按摩（南京路店）,江岸区,江汉路/南京路,5.0,单人精油刮痧+火罐套餐,56.8,110
罗氏正骨推拿调理中心（汉口高雄路店）,江岸区,港澳台风情街,4.5,全身经络推拿,88,110
推健盲人推拿,江岸区,竹叶山/花桥,5.0,全身推拿,55,87
0577养生会所（后湖店）,江岸区,后湖,3.9,单人精油开背1次,208,84
东方博艾艾灸养生馆（永清馆）,江岸区,解放公园/永清街,3.5,单人五行艾灸调理单次+四季养生艾浴,458,1
脉迪古方熏蒸调理中心,江岸区,百步亭/二七,3.5,单人腿部调养/80分钟,188,0
向耀武推拿馆,江岸区,三阳路/山海关路,4.0,养生套餐,55,0
泰境养生馆（京汉大道店）,江岸区,江岸区,4.0,肩颈活化通疗套餐,199,0
富赢酒店养生（兴业店）,江岸区,后湖,3.5,单人沐足,88,0
爱尚-玛丽艳养生会所,江岸区,吉庆街/大智路,3.5,单人足健经络养生,68,0
世龙世家手足健康连锁,江岸区,竹叶山/花桥,3.5,单人治脚气,18.8,0
朋朋修脚,东西湖区,常青花园,3.5,单人足部护理套餐,33.9,15634
郑远元专业修脚房,东西湖区,常青花园,4.0,单人足疗3选1,28,6692
家富富侨会馆（六顺路钻石店）,东西湖区,吴家山,5.0,逍游足疗套餐1份/70分钟,98,5220
龙源沐足（蔡氏经络）,东西湖区,吴家山,5.0,泰式足疗1份/80分钟,98,3881
金星汇港派指压足浴休闲会所（东西湖店）,东西湖区,金银湖,5.0,单人汇聚一指-足浴套餐,138,2997
重庆富侨（金银潭店）,东西湖区,常青花园,5.0,单人基础泰式足疗1次,111,2966
安心盲人按摩（吴家山店）,东西湖区,吴家山,5.0,单人中式推拿套餐,45,2484
安心盲人按摩（六顺路店）,东西湖区,吴家山,5.0,单人中式推拿套餐,45,2484
静和堂养生会所,东西湖区,常青花园,5.0,单人艾草养生沐足1份/70分钟,86,2411
7星官邸（吴家山店）,东西湖区,吴家山,5.0,单人夜场7星指压,218,1902
家富富侨（吴家山店）,东西湖区,吴家山,5.0,单人足疗1次,98,1710
重庆富侨（金银湖店）,东西湖区,金银湖,5.0,单人草本沐足,78,1643
福源沐足,东西湖区,吴家山,5.0,单人道式足浴套餐,69,1023
丝魅养生工作室,东西湖区,吴家山,5.0,单人养生套餐,168,728
凯丽足疗会所,东西湖区,常青花园,5.0,单人泰式套钟,109,698
海澜城浴足商务会所,东西湖区,吴家山,3.7,单人固元足疗+自助餐洗浴,68,619
鑫海亚足浴会所,东西湖区,吴家山,5.0,单人指压SPA套餐,168,534
重庆富侨健康会所（吴家山店）,东西湖区,吴家山,5.0,单人五行足道1份/70分钟,108,416
宁康盲人按摩,东西湖区,吴家山,5.0,单人拔罐,12,377
首佳盲人按摩（一店）,东西湖区,吴家山,5.0,单人精油刮痧＋拔罐套餐,45,363
皇族足道,黄陂区,黄陂区,5.0,单人静心足浴,99,35
蓝天足浴城（黄陂二店）,黄陂区,盛世大厦,3.9,经典足疗,139,15
阳光盲人足疗按摩,黄陂区,黄陂区,3.5,推拿按摩火罐,59.9,8
蓝天足疗保健馆,黄陂区,黄陂区,3.0,单人足浴,59,6
兴隆堂按摩足疗,黄陂区,黄陂区,4.2,精油SPA套餐,138,5
千氏中医推拿,黄陂区,黄陂区,3.0,中式推拿,88,4
鑫鸿足浴,黄陂区,黄陂区,3.5,精品足疗,58,1
御足天下,黄陂区,黄陂区,3.5,足养生,269,0
嘉禾养生美容,蔡甸区,蔡甸区,4.4,单人全身疏通套餐,128,19
舒馨盲道,蔡甸区,蔡甸区,5.0,单人 按摩+足疗,96,12
新派足道,蔡甸区,蔡甸区,4.6,单人新派指压,298,14
中保堂盲人保健按摩,蔡甸区,蔡甸区,4.8,单人专业脏腑推拿一次,35,7
艺康盲人按摩（第六分店）,蔡甸区,江汉大学,4.2,开业特惠精油推背,38,3
明医推拿,汉南区,汉南区,4.0,单人推拿,45,36
御清堂,新洲区,邾城街,4.8,单人经典足浴1次,98,2658
家富富侨（新洲钻石店）,新洲区,邾城街,5.0,单人中式沐足1次/70分钟,78.8,2381
嘉年华时尚足浴,新洲区,阳逻街区,5.0,精品足道套餐,98,584
尚乐汇港派足浴指压（新洲店）,新洲区,邾城街,5.0,单人尚乐足浴,108,152
豪骏足道（豪骏足道）,新洲区,阳逻街区,4.8,单人古典泰式保健,148,102
太极禅养生馆,新洲区,阳逻街区,4.8,单人悬灸套餐,68,80
九龙足道,新洲区,阳逻街区,4.0,单人中式推拿,78,77
陈志强理疗推拿馆,新洲区,邾城街,5.0,单人推拿套餐,45,38
