﻿商家,区域,商圈,星级,服务,价格,销量
御珍堂减肥瘦身养生馆（西美五洲店）,长安区,谈固,3.8,御珍堂经络调理套餐（八选三）,98,490
御珍堂中医针灸减肥（美博城店）,长安区,长安区,4.0,御珍堂经络调理套餐（八选三）,98,490
御珍堂中医养生减肥连锁机构（建华百货店）,长安区,建华百货,3.7,御珍堂经络调理套餐（八选三）,98,490
小高盲人按摩,长安区,长安区,5.0,刮痧拔罐2选1,9.9,462
御生堂中医按摩（槐中路店）,长安区,方北,5.0,姜粉足疗套餐,59.9,451
照慧养生馆,长安区,建华百货,5.0,单人拔罐1次,9.9,318
寇氏专业减肥,长安区,东胜广场,3.5,单人全身健康调理,1,270
寇氏专业减肥（丰收路店）,长安区,长安区,3.8,单人全身健康调理,1,270
中基按摩,长安区,省四院中基礼域,5.0,单人单次肩颈推拿体验卡,9.9,266
富康盲人按摩工作室,长安区,长安区,5.0,全身保健,48,265
永康盲人按摩（建华大街店）,长安区,建华百货,4.8,全身保健,48,265
舒络园按摩足疗养生,长安区,盛世长安,4.5,单人中式按摩,48,214
古道经络馆,长安区,建华百货,5.0,单人刮痧/拔罐/走罐3选1+肩背放松,8.8,198
兰旨养生,长安区,运河桥客运站,5.0,单人拔罐一次,9.9,173
玉强龙足养生（裕华店）,长安区,方北,3.5,单人四宝养生(预防稳固),268,148
玉强龙足养生（博雅店）,长安区,长安区,4.4,单人四宝养生(预防稳固),268,148
玉强龙足养生（谈固店）,长安区,长安区,3.5,单人四宝养生(预防稳固),268,148
钰锈美容瘦身养生馆,长安区,盛世长安,4.3,单人拔罐刮痧,1,145
缘艾堂艾灸养生馆,长安区,东胜广场,5.0,妇科调理灸,98,140
三源贯通中式养生机构（体育大街店）,长安区,先天下,5.0,单人疏肩护颈清脑调理,88,138
金港足道（辉煌足道）,长安区,长安区,5.0,足疗套餐,98,138
漫生活纳米汗蒸养生馆,长安区,东胜广场,5.0,单人肩颈按摩+足疗,40,128
康泽天下养生会馆,长安区,方北,4.4,局部经络刮痧,18,121
蓝宝石养生会所,长安区,方北,5.0,单人欧式spa套餐,398,121
艾上艾艾灸养生堂,长安区,谈固,4.2,局部调理＋艾灸,29,110
南派修脚,长安区,长安区,4.1,单人精品修脚,38,96
康玖亚健康调理中心,长安区,东胜广场,5.0,单人肩颈宝,29.9,64
顺康盲人按摩,长安区,盛世长安,4.6,拔罐/走罐/刮痧3选1,9.9,61
脊柱梳理（中基礼域店）,长安区,省四院中基礼域,4.0,有氧被动运动梳理放松脊柱,49.8,57
存乐堂健康驿馆,长安区,北国东尚,5.0,单人养生足疗1次,48,56
珍艾堂艾灸养生会所,长安区,长安区,4.1,单人拔罐/刮痧2选1,2,55
瑞和推拿,长安区,长安区,4.2,特色足浴1次,78,49
百适盲人按摩,长安区,谈固,4.4,养生足疗套餐,36.8,44
陆羽足道,长安区,方北,4.6,陆羽足道日式按摩,68,44
彭世修脚（白佛店）,长安区,白佛,4.9,单人精品足浴,59.9,42
德仁堂中医按摩调养会所,长安区,省博物馆,4.8,单人平衡刮痧调养,29.9,37
浮云按摩,长安区,白佛,5.0,全身调理,55,34
张氏敷正堂,长安区,东胜广场,5.0,单人拔罐,9.9,33
大胖足浴,长安区,长安区,4.6,单人大胖足道,78,32
颍川足道,长安区,省博物馆,3.5,商务足道单人套餐,98,30
梦幻江南足浴养生会所,长安区,谈固,5.0,养生B套餐,58,30
奇境足浴SPA养生会所,长安区,方北,5.0,超值经典单人足疗,79,28
艾美能量养生会所,长安区,长安区,4.4,单人刮痧拔罐2选1,15,25
美尔美乐美容美体养生会所,长安区,谈固,4.5,单人单次肩颈开背/肠胃调理2选1套餐(只限女士),29.9,23
鑫道堂古方养生,长安区,长安区,3.8,刮痧/拔罐/耳烛三选一,9.8,22
益康足道,长安区,运河桥客运站,4.3,单人全身推拿+保健足疗+拔罐/刮痧/走罐3选1,99,21
金氏推拿,长安区,谈固,4.3,金氏推拿中医经络推拿,80,18
祁氏中医按摩,长安区,谈固,4.1,单人脊柱调理,72.8,15
雲在指间,长安区,东胜广场,3.6,经典养生足疗套餐,88,12
妙手盲人按摩,长安区,长安区,5.0,单人中式足疗+刮痧或拔罐,48.8,12
深度祛湿排毒足疗店,长安区,长安区,4.0,经典养生套餐,68,11
李师傅修脚堂（青园街店）,长安区,长安区,3.6,单人中式泡脚1次,1,10
醉红颜男子主题SPA养生会所,长安区,长安区,4.6,单人醉红颜养生SPA,198,10
祁仁堂修脚（嘉禾城店）,长安区,长安区,3.0,单人普通修脚,19.9,10
玉强龙养生堂,长安区,省博物馆,3.5,单人肩颈调理,116,9
伊静舒spa足浴养生会所,长安区,盛世长安,4.3,单人中式足疗,58,9
足意堂,长安区,运河桥客运站,3.7,足意堂特色养生,68,8
善正堂经络养生馆（方北店）,长安区,方北,4.4,单人排污调理+肩颈腰背调理,68,8
清丽雅居养生馆,长安区,先天下,4.6,单人足疗,68,7
天弘足馆,长安区,省四院中基礼域,3.5,单人足疗及全身按摩,78,7
绿茵阁SPA主题养生会所,长安区,建华百货,5.0,单人时尚经典养生套餐,298,5
金明堂按摩院,长安区,省四院中基礼域,4.0,尊享足道,58,4
小丫足浴会所,长安区,长安区,3.5,单人中式足浴,50,4
康之源按摩调理堂（园明路店）,长安区,长安区,4.0,单人扶阳灸调理,78,4
金手盲人按摩,长安区,盛世长安,4.1,局部按摩套餐＋足疗保健1次,68,2
龙运足道,长安区,运河桥客运站,3.5,特色,98,2
老苗医泡脚超市（北宋路店）,长安区,长安区,3.5,单人泡脚,8.8,1
起点养生堂,长安区,省四院中基礼域,3.8,起点肩颈养生套餐,89.7,0
正源堂,长安区,建华百货,3.5,单人老寒腿调理,38,0
正康理疗养生会馆,长安区,长安区,3.5,项目3选1,68,0
涵曦瘦身体验馆-雅清美容院,长安区,运河桥客运站,4.6,单人涵曦肩颈+背部经络疏通套餐,39.9,0
御珍堂养生馆（益友百货总店）,桥西区,益友百货/西里,4.2,御珍堂经络调理套餐（八选三）,98,490
御珍堂中医养生减肥连锁机构（恒大华府店）,桥西区,桥西区,4.4,御珍堂经络调理套餐（八选三）,98,490
青青草足疗按摩中心,桥西区,益友百货/西里,5.0,单人玫瑰足浴套餐,58,489
正瑶灸疗养生堂（新石店）,桥西区,红旗大街,4.8,单人拔罐刮痧2选1,14.9,486
引领足尚养生会所,桥西区,桥西区,3.6,单人经典足疗套系1次,68,462
康乐堂,桥西区,火车站,5.0,单人拔罐刮痧一次,20,378
尊爵男士养生SPA馆,桥西区,新石北路,4.8,单人养生SPA,298,332
洁足先登,桥西区,时光街,4.1,经典足疗单人套系,48,327
绿之恋健康养生馆,桥西区,海悦天地,5.0,单人头疗,38,310
莎兰典御足浴养生会所,桥西区,新石北路,5.0,单人尊贵按摩套餐,198,308
寇氏专业减肥（缔景城店）,桥西区,海悦天地,3.5,单人全身健康调理,1,270
致博经络推拿院,桥西区,桥西区,5.0,单人局部正骨推拿套餐,48,236
香萱堂美容汗蒸养生会所（桥西店）,桥西区,时光街,5.0,背部全息拔罐/刮痧,38,224
知艾艾灸调理馆,桥西区,新石北路,5.0,单人艾灸保健套餐,39,211
御昇堂足道,桥西区,桥西区,5.0,单人养腰保健套餐,98,191
金恒足道,桥西区,西三教,4.2,单人足疗套餐,42,180
久艾足浴店,桥西区,时光街,5.0,单人修脚,19.9,169
康之泉按摩中心,桥西区,西三教,4.6,全身保健,38,169
玉强龙足养生（工农路店）,桥西区,益友百货/西里,4.1,单人四宝养生(预防稳固),268,148
玉强龙足养生（东风路店）,桥西区,桥西区,4.6,单人四宝养生(预防稳固),268,148
指尚梦幻男子SPA会所,桥西区,桥西区,5.0,生命芝麻开花spa套餐,298,26
俏佳人spa养身会所,桥西区,北国商城,4.7,单人spa套餐,298,22
聚足堂,桥西区,益友百货/西里,4.4,单人拔罐或刮痧,9.9,18
挚益堂,桥西区,时光街,4.8,单人循经刮痧1次,28,17
琴海足浴,桥西区,桥西区,5.0,单人足疗,68,15
舒益足道,桥西区,红旗大街,4.2,单人足道按摩套餐,98,14
君泰假日休闲会所,桥西区,益友百货/西里,4.4,单人君泰养元套餐,198,13
平步足浴,桥西区,桥西区,4.9,单人养生套餐,98,12
养足阁,桥西区,桥西区,5.0,单人经典养生套餐（60分钟）,199,12
氨基酸芦荟洗发养发美容美体会所（一店）,桥西区,桥西区,4.5,身体护理,38,11
紫煜美容养生会所,桥西区,益友百货/西里,5.0,养生足道1次,49,11
玛莎妮尔女子养生会馆,桥西区,桥西区,4.6,单人拔罐1次,9.9,10
欣康盲人按摩,桥西区,益友百货/西里,5.0,刮痧/拔罐2选1,9.9,9
璟康轩汗蒸按摩养生会所,桥西区,桥西区,4.1,单人养生樽汗蒸排毒,58,8
百园里足浴,桥西区,时光街,3.8,百园里单人养生足浴,108,8
爱的港湾足道养生会所,桥西区,西三教,4.6,专业足道,99,8
润美瘦身美容养生女子会所,桥西区,红旗大街,5.0,单人肩颈调理,58,6
荣儿保健按摩店,桥西区,西三教,4.0,单人足疗+按摩,68,6
雅婷轩女子养生馆,桥西区,新石北路,3.5,颈肩调理1次（45分钟）,38,5
韩今香养生会所,桥西区,海悦天地,3.9,正宗韩式松骨,168,5
德仁堂正骨按摩,桥西区,桥西区,5.0,德仁堂正骨按摩足疗单人餐,30,3
善正堂,桥西区,北国商城,4.0,面部拨筋套餐,68,2
正瑶灸疗养生堂（西里店）,桥西区,益友百货/西里,3.5,单人养生调理1次,66.8,2
经络按摩养生堂,桥西区,桥西区,4.0,单人催乳,240,0
御珍堂中医养生减肥连锁机构（空中花园店）,裕华区,空中花园,3.9,御珍堂经络调理套餐（八选三）,98,490
御指天骄,裕华区,华夏家园,3.8,单人康体保健,168,474
御生堂中医按摩（万达店）,裕华区,万达广场,5.0,姜粉足疗套餐,59.9,451
艾轩养生馆,裕华区,万达广场,5.0,颈肩腰背松骨套餐,68,378
怡缘足浴,裕华区,欧韵公园,5.0,精油护理套餐,128,361
鑫乐足浴,裕华区,众美凤凰城,5.0,单人养生保健套餐,88,294
国太亚医颈腰椎4s养护连锁（东岗店）,裕华区,大马庄园,5.0,亚医肩颈调理,78,283
仁合美容养生馆,裕华区,裕华区,5.0,拔罐,9.8,271
寇氏减肥（燕都花园店）,裕华区,欧韵公园,3.5,单人全身健康调理,1,270
瀚澜足浴（东明店）,裕华区,裕华区,5.0,单人全新尊享SPA养生套餐,269,247
红伶SPA水疗养生会所,裕华区,万达广场,4.4,代金券,69,242
扬州修脚,裕华区,大马庄园,5.0,精致修脚,35,223
德康源按摩中心,裕华区,裕华区,5.0,单人刮痧或拔罐或红豆袋热敷,19.9,194
涌泉专业足疗修脚（方北店）,裕华区,裕华区,5.0,单人超值经典足疗足浴,39.9,182
足香凝保健,裕华区,空中花园,4.4,单人富贵足疗1次,39.9,182
润美足浴,裕华区,欧韵公园,4.8,单人精品足疗套餐,138,181
过足瘾足道（东风店）,裕华区,华夏家园,4.8,特色足疗套餐,89.9,169
玉强龙足养生（卓达店）,裕华区,空中花园,4.0,单人四宝养生(预防稳固),268,148
德康按摩院,裕华区,空中花园,5.0,养生保健套餐,79.8,144
富足前程养生会所（世纪花园店）,裕华区,大石门,5.0,单人富足养元套餐（100分钟）,169,135
漫步云端养生会所,裕华区,大马庄园,4.1,单人古法足道,128,129
康泽天下经络养生堂（东岗店）,裕华区,万达广场,4.0,局部经络刮痧,18,121
汉香御休闲足道,裕华区,空中花园,3.6,单人汉香御中式套餐,58,118
富足前程养生会所（希望绿洲店）,裕华区,大马庄园,4.6,单人颈肩足浴套餐（60分钟）,99,114
曼依国度养生会所（绿洲路店）,裕华区,空中花园,4.8,单人养生足疗,68,105
永辉盲人按摩,裕华区,万达广场,5.0,单人拔罐,9.9,97
福康按摩,裕华区,华夏家园,4.6,单人拔罐1次,10,95
龙氏推拿,裕华区,国际城,5.0,经络足疗套系,65,88
七星养生会所,裕华区,裕华区,5.0,养生足疗尊享套餐,88,88
倾国倾城男子SPA养生会所,裕华区,大马庄园,5.0,尊享SPA单人套餐,298,79
昌盛园盲人按摩（雅清街店）,裕华区,大马庄园,4.7,昌盛园足疗,50,78
昌盛园盲人按摩（金马路店）,裕华区,大马庄园,5.0,昌盛园足疗,50,78
鑫贵足,裕华区,众美凤凰城,4.3,单人香浴盐足浴,38,63
天缘时运足浴养生会馆,裕华区,红楼商圈,4.5,单人原生态足浴套餐,129,63
少林正骨堂（石家庄店）,裕华区,裕华区,4.0,少林养生套餐3（单人）,49,54
逍琴海足浴,裕华区,万达广场,3.5,单人刮痧/拔罐/走罐,9.9,48
纯善堂磁艾养生会所,裕华区,万达广场,4.0,单人单次拔罐,9.9,43
中医养生保健按摩,裕华区,国际城,5.0,皇室足浴1份,29,38
有益康盲人按摩,裕华区,国际城,4.9,单人全身推拿+足疗套餐,108,33
鸿润堂养生调理会所,裕华区,怀特商城,5.0,养生套餐,1,32
塔南盲人按摩,裕华区,红楼商圈,4.4,单人拔罐/走罐/刮痧3选1,9.9,31
纤指柔盲人按摩,裕华区,万达广场,4.7,刮痧拔罐生物电泥疗膏艾灸5选1,8.8,30
众视明视觉功能康复训练基地,裕华区,怀特商城,4.5,眼生理视力+功能检测,88,31
夜茉莉spa主题养生会所,裕华区,万达广场,5.0,代金券,9.9,29
科丝美诗美容养生,裕华区,怀特商城,5.0,单人刮痧拔罐2选1套餐,9.9,29
目明尔来,裕华区,空中花园,4.0,单人视力矫正体验5次,198,28
裕华杜仲中医馆,裕华区,红楼商圈,5.0,小儿推拿1次,39.9,27
乐足养生堂,裕华区,空中花园,3.5,单人足疗套餐（50分钟）,58,29
颐和水疗馆,裕华区,怀特商城,4.9,御水经典足道,68,24
建华盲人中医按摩,裕华区,天山海世界,4.6,单人局部推拿1次,39.9,21
博美国际美容造型连锁机构,裕华区,红楼商圈,5.0,尊享泰式洗头,30,19
琰俯男子SPA养生会所,裕华区,大马庄园,5.0,单人拔罐养生套餐,9.9,18
北京盲人按摩院,裕华区,国际城,4.3,单人若石足疗套餐,26.6,17
德正堂中医按摩养生会所,裕华区,华夏家园,4.2,套餐B,55,14
焦氏盲人按摩,裕华区,国际城,4.4,单人焦氏全身按摩+足疗,75,12
仁济养生堂,裕华区,欧韵公园,4.0,樱花古疗套餐,188,12
紫夜SPA足浴男子养生会所,裕华区,大马庄园,4.4,单人紫夜悦享按摩体验,28,10
紫悦养生馆,裕华区,万达广场,5.0,单人瘦身月卡套餐（不限次数）,40,9
风花雪月SPA主题养生会所,裕华区,怀特商城,5.0,单人风华经典SPA养生,398,8
柔情似水男子SPA主题养生会所,裕华区,怀特商城,4.6,十里花香滋润SPA单人套餐,298,8
爱手爱脚美甲美睫,裕华区,万达广场,5.0,单人爱手爱脚刮痧拔罐2选1套餐,19.9,6
好轻松盲人按摩中心,裕华区,空中花园,3.5,经络推拿,79,5
大脚丫,裕华区,裕华区,3.0,足疗套餐,25,5
真痛快健康生活理疗馆,裕华区,裕华区,4.5,单人综合调理,108.8,2
T Q美甲美睫半永久私人订制,裕华区,万达广场,5.0,单人刮痧拔罐2选1,19.9,1
旺宣嘉丽SPA主题养生会所,裕华区,万达广场,4.6,单人尊享SPA养生套餐,398,2
一品经络馆,裕华区,怀特商城,3.5,单人疼痛调理套餐1份,399,0
水上西施SPA养生会所,裕华区,万达广场,5.0,单人尊享养生SPA,298,0
伍福金健康按摩中心,裕华区,国际城,3.5,调理套餐,39.9,0
月足圆足道,新华区,友谊公园,3.8,单人致尚养生套餐,98,481
庞氏专业按摩,新华区,三元,4.8,全身推拿调理,48,331
步之道健康理疗,新华区,友谊公园,4.6,刮痧/拔罐2选1,19.9,271
寇氏专业减肥（燕都金地城）,新华区,赵佗公园,3.5,单人全身健康调理,1,270
星河盲人按摩（星河御城店）,新华区,赵佗公园,5.0,单人全身经络疏通1次,56.8,262
星河盲人按摩（星河盲人按摩党家庄店）,新华区,赵佗公园,5.0,单人全身经络疏通1次,56.8,262
红鸾足道（颐园宾馆店）,新华区,新华区,5.0,单人经典足浴套餐,68,229
香萱堂美容汗蒸养生会所（北郡店）,新华区,赵佗公园,5.0,背部全息拔罐/刮痧,38,224
浴足轩足疗按摩休闲会馆,新华区,石家庄北站,3.4,单人中式足浴,48,171
新红鸾足道,新华区,赵佗公园,5.0,单人贵宾足浴套餐,108,152
玉强龙足养生（水上公园店）,新华区,水上公园,4.8,单人四宝养生(预防稳固),268,148
西雅盲人按摩,新华区,水上公园,5.0,拔罐1次,13.8,132
红鸾足道,新华区,益元百货,3.9,单人贵宾足浴套餐,108,108
脊康堂,新华区,石家庄北站,4.7,单人拔罐或刮痧,19.9,80
紫泉足道（赵陵路店）,新华区,赵佗公园,4.7,单人全身按摩+中式足疗,98,79
金地足道,新华区,新华区,4.8,单人普通足疗套餐,58,61
爱足休闲养生会馆,新华区,石家庄北站,5.0,单人泥灸体验套餐,48.8,39
围美美容美甲,新华区,新百广场,5.0,单人单次调理6选1套餐,29.9,0
畅足会馆,正定县,正定盛世华安,5.0,健康之本沐足单人套餐,78,2754
彭世修脚养生会馆（正定现代城店）,正定县,正定火车站,4.9,单人足部护理套餐,58,1545
彭世修脚养生会馆（机场路店）,正定县,正定机场,4.5,单人足部护理套餐,58,1545
小蜜蜂商务宾馆足道,正定县,正定盛世华安,4.7,98,98,662
德康按摩,正定县,正定,5.0,拔罐,9.9,329
小何按摩室,正定县,隆兴寺,5.0,拔罐1次,5,201
永健足浴,正定县,正定镇政府,4.1,中式泡脚+修脚0.99元,9.9,42
雲頂养生会所,正定县,正定盛世华安,4.6,特价足疗,48,14
常青按摩,正定县,正定盛世华安,5.0,单人足疗1次,30,14
御珍堂中医养生减肥连锁机构（栾城店）,栾城区,天阳商业街,4.1,御珍堂经络调理套餐（八选三）,98,490
会园春按摩,栾城区,栾城,3.5,单人拔罐(竹罐),19.9,1
