﻿商家,区域,商圈,星级,服务,价格,销量
重庆富侨足浴（北环店）,金水区,沙门/汽配,5.0,单人足浴套餐,98,13809
小朱推拿（国基路店）,金水区,普罗旺世/庙李,5.0,单人局部推拿,45,11980
华夏良子（郑州金水路店）,金水区,金水区省政府,5.0,代金券,75,11170
华夏良子（郑州纬四路店）,金水区,金水区省政府,5.0,代金券,75,11170
家富富侨（东区钻石店）,金水区,郑东新区CBD,5.0,单人足疗套餐,116,9930
儒之堂,金水区,郑东新区东建材,5.0,儒之堂足疗7选1,125,9233
皇宫仙指（未来路店）,金水区,曼哈顿广场,5.0,单人知足常乐套餐,139,9116
重庆富侨（纬五路店）,金水区,曼哈顿广场,5.0,单人经典足疗套餐,139,8276
家富富侨（金水万达店）,金水区,金水万达/蓝堡湾,5.0,单人富侨经典足道,149,8262
金水桶足疗（东风路店）,金水区,天旺广场,5.0,单人养生足浴套餐,88,6874
家富富侨,金水区,健康路/体育场,5.0,单人家富富侨草本浴足套餐,88,6676
重庆家富富侨足浴（玉凤路店）,金水区,曼哈顿广场,5.0,单人特级足浴,138,5064
彭世修脚（农科路店）,金水区,金水区,3.7,单人彭世经典足浴,63,4891
彭世修脚（渠东路店）,金水区,陈寨/张家村,4.8,单人彭世经典足浴,63,4891
彭世修脚（顺河路店）,金水区,曼哈顿广场,4.8,单人彭世经典足浴,63,4891
彭世修脚（任寨北街店）,金水区,健康路/体育场,5.0,单人彭世经典足浴,63,4891
彭世修脚（三全路店）,金水区,柳林刘庄,4.3,单人彭世经典足浴,63,4891
彭世修脚（普罗旺世店）,金水区,普罗旺世/庙李,4.7,单人彭世经典足浴,63,4891
彭世修脚（凤凰茶城店）,金水区,金水区,4.6,单人彭世经典足浴,63,4891
彭世修脚（沙口路店）,金水区,大石桥,4.3,单人彭世经典足浴,63,4891
彭世修脚（宏昌街店）,金水区,郑东新区东建材,5.0,单人彭世精品修脚,43,1078
彭世修脚（绿地老街店）,金水区,熙地港/王府井,4.7,单人彭世精品修脚,43,1078
彭世修脚（祥盛街店）,金水区,熙地港/王府井,4.3,单人彭世精品修脚,43,1078
彭世修脚（心怡路店）,金水区,郑东新区东建材,3.8,单人彭世精品修脚,43,1078
彭世修脚（黄河南路店）,金水区,郑东新区东建材,4.7,单人彭世精品修脚,43,1078
彭世修脚（祭城店）,金水区,金水区,4.3,单人彭世精品修脚,43,1078
彭世修脚（宏伟街店）,金水区,郑东新区东建材,4.7,单人彭世精品修脚,43,1078
彭世修脚（银基王朝店）,金水区,曼哈顿广场,4.5,单人彭世精品修脚,43,1078
坤亚柏悦足浴养生会所,金水区,柳林刘庄,5.0,单人坤亚足道,109,1052
皇家豫尊（宏达路店）,金水区,沙门/汽配,5.0,单人贵宾足道,129,1044
重庆富侨（天瑞街店）,金水区,熙地港/王府井,5.0,贵宾足疗,138,981
康力推拿（博瑞花园店）,金水区,东建材,5.0,单人局部推拿1次,39.9,956
郑伟推拿,金水区,金水区,5.0,单人推拿,33.8,877
阿炳缘首国际养生会馆（纬五路店）,金水区,金水区省政府,5.0,单人养生足疗套餐,109,817
重庆富侨（龙子湖店）,金水区,龙子湖校区,5.0,精品足疗（单人）,119,762
布衣尔足足浴养生会所（旗舰店）,金水区,郑东新区东建材,4.7,单人逸品足道,99,749
御足轩（中方圆店）,金水区,陈寨/张家村,5.0,单人精品足道1次,98,731
三禾足道养生会所,金水区,普罗旺世/庙李,5.0,单人本色足浴1次,109,703
金阳光足浴（沈庄北街店）,金水区,曼哈顿广场,3.9,单人经典足疗套餐,139,401
太乙堂,金水区,金水区,5.0,刮痧拔罐+背部放松,19.9,384
富元足道保健养生会所,金水区,大石桥,4.0,尊享保健养生单人套餐,238,373
管氏金水桶足浴（英协路店）,金水区,东建材,4.7,单人泰式足浴A套餐,139,373
一手一足高手修脚-灰指甲店,金水区,曼哈顿广场,5.0,修脚高手修脚,40,371
艾邻艾灸馆（国基路店）,金水区,沙门/汽配,4.9,单人艾灸养生套餐,19.9,371
名推堂·张氏按摩院（丰庆路店）,金水区,财院/轻工业学院,5.0,全身保健,85,364
名推堂·张氏按摩院（普罗旺世店）,金水区,普罗旺世/庙李,4.2,全身保健,85,364
奇脉壮元堂养生会所,金水区,经三路沿线,5.0,单人经络SPA,179,357
陈氏推拿,金水区,国贸360,4.8,陈氏推拿局部推拿,52,355
华豫修脚足道,金水区,陈寨/张家村,4.6,足疗修脚颈肩背按摩,49.8,347
国足道足浴,金水区,熙地港/王府井,5.0,单人商务套餐,118,335
桂子健康修脚足疗按摩（国基路店）,金水区,普罗旺世/庙李,5.0,足部反射区足疗,19.9,319
桂子健康修脚足疗按摩（三全路店）,金水区,柳林刘庄,5.0,足部反射区足疗,19.9,319
金手指盲人推拿中心（国贸新领地店）,金水区,国贸360,5.0,全身推拿(60分钟),78,309
汉龙金足养生Spa,金水区,郑东新区东建材,5.0,绿色草本足浴,119,306
邢氏国医推拿,金水区,熙地港/王府井,4.8,单人全身推拿1,82,292
阿炳健体（黄河路店）,金水区,曼哈顿广场,5.0,单人养生推拿,75,293
于伟盲人推拿,金水区,经三路沿线,5.0,单人拔罐,15,286
康体正骨推拿院（杜岭街分店）,金水区,人民路/紫荆山,5.0,单人拔罐,15,284
康体正骨推拿院（天明路店）,金水区,丰业广场/千盛广场,4.5,单人拔罐,15,284
东方茉莉足浴,金水区,金城国际广场,5.0,单人精油足浴套餐,129,289
重庆富侨（祥盛街店）,金水区,郑东新区东建材,5.0,单人草本足疗1次,168,272
康馨足浴,金水区,陈寨/张家村,4.0,康馨足浴中式按摩足浴套餐,60.9,269
王氏推拿中心,金水区,东建材,5.0,单人推拿,40,234
一心推拿按摩馆,金水区,金水万达/蓝堡湾,5.0,单人局部推拿,45,227
阿炳缘首国际养生会所（郑东新区）,金水区,郑东新区CBD,4.7,单人养生足疗,139,228
忆兰亭足道会馆（王鼎国贸店）,金水区,郑东新区CBD,5.0,单人兰亭足道（全天场）,128,218
逍遥spa养生会所,金水区,曼哈顿广场,5.0,经典养生套餐,199,202
金拇指足浴养生会所,金水区,丰业广场/千盛广场,5.0,足浴单人套餐,45,200
经络推拿,金水区,金水区,4.1,局部推拿,30,199
兰轩足浴,金水区,省电视台/北站,5.0,单人精品足疗,139,198
艾灸养生馆,金水区,东建材,4.1,艾灸养生艾灸套餐,9.9,195
大桥杏林按摩理疗,金水区,丰业广场/千盛广场,4.7,单人局部经络推拿,35,188
经络堂美容保健养生馆,金水区,金城国际广场,4.8,单人经筋推拿养生套餐,98,188
锦凤水阁（经三路店）,金水区,金城国际广场,5.0,单人经典足浴套餐,169,184
中艾堂都市灸养会馆,金水区,郑东新区CBD,4.8,单人肩颈舒缓调理灸,138,179
指尖魅力足浴养生馆,金水区,陈寨/张家村,5.0,单人按摩套餐,199,175
筋骨理疗推拿按摩养生店,金水区,金城国际广场,5.0,拔罐+刮痧,19.6,172
艾馨阁中医养生馆,金水区,曼哈顿广场,4.3,单人推拿,39,167
欲火spa养生馆（经三路店）,金水区,省电视台/北站,5.0,单人泰式男子SPA套餐,298,167
芙蓉百合足浴养生会所（金水路店）,金水区,曼哈顿广场,5.0,芙蓉一式足浴,168,166
豫道悦足养生,金水区,曼哈顿广场,5.0,单人精品足浴套餐,118,153
百络康人和推拿店,金水区,东建材,4.8,拔罐1次,9.9,150
九尊足道,金水区,财院/轻工业学院,4.0,九尊足道 精品足道,188,149
妙手推拿,金水区,国贸360,4.9,单人草本拔罐,9.9,141
醉红颜spa按摩养生会所（曼哈顿店）,金水区,曼哈顿广场,5.0,泰式养生套餐,198,139
皇后SPA养生公馆（大观国际店）,金水区,曼哈顿广场,5.0,单人推油养生套餐,298,132
皇后SPA养生公馆（曼哈顿总店）,金水区,曼哈顿广场,4.8,单人推油养生套餐,298,132
皇后养生公馆（凤凰城店）,金水区,凤凰城,4.4,单人推油养生套餐,298,132
御麒麟足浴养生会所,金水区,曼哈顿广场,5.0,周年店庆大促单人SPA按摩套餐,139,125
罗氏盲人按摩,金水区,国贸360,4.3,局部推拿,30,124
龙馆健康养生会所（郑州旗舰店）,金水区,曼哈顿广场,5.0,单人保健养生SPA,298,119
新世云顶足疗养生,金水区,国贸360,5.0,单人专业足道,109,121
SPA·到天亮（养生馆）,金水区,陈寨/张家村,4.5,单人精品油压SPA养生套餐,398,117
SPA·到天亮（养生馆）,金水区,曼哈顿广场,5.0,单人精品油压SPA养生套餐,398,117
艾之缘艾灸养生馆,金水区,天旺广场,4.1,单人拔罐套餐,19.9,83
金手指推拿保健旗舰店,金水区,郑东新区东建材,4.3,单人草本足疗,68,83
乐天阁spa养生馆,金水区,金城国际广场,5.0,单人精品养生套餐,398,80
圣贤养生SPA会所,金水区,郑东新区东建材,5.0,单人尊享养生SPA,298,79
皇宫spa养生馆（经三路店）,金水区,省电视台/北站,5.0,单人精品SPA套餐,298,77
佳园足疗修脚,金水区,健康路/体育场,5.0,单人精品足浴,58,79
皇家豫尊（三全路总店）,金水区,柳林刘庄,5.0,单人商务足道套餐,149,76
夜夜spa会所（开祥御龙城店）,金水区,天旺广场,4.8,单人经典养生套餐,198,73
欲雨SPA养生会馆,金水区,农业大学,4.8,单人精品养生套餐,288,73
富贵侨会所（心怡路店）,金水区,金水区,4.4,经典足浴套餐,108,72
益元三通推拿,金水区,健康路/体育场,4.3,单人小儿推拿,29.8,67
灸道阁艾灸养生馆,金水区,柳林刘庄,4.5,灸道阁温和调理灸,28,64
御耳阁养眼采耳,金水区,东建材,4.8,养眼采耳,138,64
倾美清颜,金水区,国贸360,5.0,尊享套餐,68,60
康盛德中医康疗中心,金水区,曼哈顿广场,4.7,单人草本调理,8.8,59
鱼儿乐鱼疗馆,金水区,经三路沿线,5.0,双人精品鱼疗套餐,53.9,57
重庆富侨（红专路金牌店）,金水区,国贸360,5.0,腹疗足浴单人次,178,55
正都艾灸养生馆,金水区,沙门/汽配,4.0,五行拔罐,10,55
葛氏筋骨堂,金水区,郑东新区东建材,4.3,筋骨堂全身推拿,68,55
怡康按摩推拿,金水区,经三路沿线,5.0,单人足疗,33,54
仟指养生spa会馆,金水区,天旺广场,5.0,单人尊享spa,298,54
手足情足浴养生会所,金水区,金水区省政府,4.5,单人手足情深,138,54
柠檬果足浴养生会所（旗舰店）,金水区,经三路沿线,5.0,单人相知柠檬足疗套餐,139,52
森林堂按摩院,金水区,国贸360,5.0,单人足疗按摩,70,50
九妹SPA养生公馆（曼哈顿店）,金水区,曼哈顿广场,5.0,单人尊贵套餐,298,50
张氏脊柱推拿中心,金水区,曼哈顿广场,4.6,单人局部推拿调理套餐,58,50
涟漪养生保健会所（未来路店）,金水区,曼哈顿广场,4.6,单人精品SPA套餐,296,50
168钰凤轩足浴店,金水区,郑东新区东建材,4.5,单人特价足浴,98,49
精正推拿,金水区,陈寨/张家村,5.0,单人精正拔罐,19.9,48
烈焰红唇养生馆（天旺广场店）,金水区,天旺广场,5.0,单人精品SPA养生套餐,198,48
皇妃SPA养生馆,金水区,天旺广场,4.8,单人精品SPA套餐,198,47
尚贤足道（农科路店）,金水区,金城国际广场,5.0,单人精品足道,98,51
御临仙境足道,金水区,曼哈顿广场,3.8,单人御尊足浴,129,52
舒康元推拿馆,金水区,熙地港/王府井,5.0,专业颈肩腰推拿,198,43
清溪湾温泉洗浴酒店,金水区,经三路沿线,5.0,单人保健,269,42
如妹休闲养生,金水区,曼哈顿广场,4.9,单人精品养生,298,40
梦玉坊推拿养生公馆,金水区,金水万达/蓝堡湾,5.0,单人养生SPA套餐,198,40
妙手缘盲人按摩,金水区,沙门/汽配,4.7,单人局部推拿,35,39
足之传奇足疗养生,金水区,经三路沿线,3.7,传奇足道套餐,169,39
后宫spa养生会所,金水区,金水区,4.3,单人精品spa养生套餐,198,23
御雅倾城养生公馆,金水区,丰业广场/千盛广场,5.0,单人经典SPA,198,23
豪际养生休闲会所,金水区,曼哈顿广场,5.0,单人经典养生套餐,198,23
郭氏中医推拿,金水区,金水区,4.3,单人推拿套餐,59.9,23
桃花阴spa养生会馆,金水区,曼哈顿广场,5.0,单人尊贵男子spa养生套餐,298,22
曼都足疗养生会所,金水区,陈寨/张家村,4.4,单人标准足疗,108,23
倾城spa养生会馆,金水区,曼哈顿广场,5.0,单人尊贵spa养生套餐,298,21
小安妮养生会馆,金水区,金水区,4.8,单人精品养生推拿套餐,298,21
上缘艾灸养生会所,金水区,沙门/汽配,4.1,单人局部刮痧,19.9,21
魔指天堂养生会所,金水区,金水万达/蓝堡湾,5.0,单人尊享养生套餐,298,20
鸣鹤养生堂,金水区,金水万达/蓝堡湾,4.8,单人姜汁足疗,108,20
壹江源养生酒店,金水区,沙门/汽配,5.0,普通2人间/6小时（含浴资）,69,20
妙妙养生会所,金水区,金城国际广场,5.0,单人男子spa养生套餐,198,20
大浪淘沙行者足浴,金水区,郑东新区CBD,4.5,单人保健足浴套餐,199,20
中医按摩,金水区,建文新世界,4.1,刮痧+拔罐单人套餐,35,18
大医精诚推拿按摩院,金水区,柳林刘庄,4.8,单人局部推拿,38,17
iSpa郑州店（专业泰式SPA）,金水区,曼哈顿广场,5.0,单人90分钟经典水疗+五星级酒店游泳健身+精美小礼物,688,17
新芒果养生会馆,金水区,金水区,5.0,单人精油开背+肩部护理,98,17
兰贵坊spa养生馆（凤凰城店）,金水区,凤凰城,4.7,单人尊贵SPA套餐,398,17
好灸堂经络艾灸养生馆,金水区,健康路/体育场,4.7,单人经络疏通推拿保养艾灸,79,17
瑶池仙境spa养生馆（经三路店）,金水区,省电视台/北站,5.0,单人精品SPA套餐,298,16
颐和扬州修脚,金水区,经三路沿线,4.7,单人精品修脚,35,18
桃花居SPA养生会所,金水区,天旺广场,4.1,尊享养生套餐,198,16
颐和扬州修脚（纬二路店）,金水区,金水区省政府,5.0,单人精品修脚,35,18
泰极三道养生馆,金水区,丰业广场/千盛广场,4.2,单人太极足心道/全身保健套餐二选一,68,16
素问养生馆（东区店）,金水区,熙地港/王府井,3.5,单人皇族足浴养生套餐,299,15
梦莎SPA养生馆（银基王朝店）,金水区,曼哈顿广场,4.6,单人推油养生套餐,288,15
豫蜂人混元推拿,金水区,熙地港/王府井,4.5,部位推拿套餐,28,14
水韵江南足疗时尚酒店,金水区,金水区,5.0,单人标准茶疗,149,15
专业修脚足疗,金水区,郑东新区CBD,4.5,老姜泡脚,46.9,13
华廷翰宫养生会馆,金水区,郑东新区东建材,5.0,单人尊享足浴,199,12
曼谷音乐主题spa,金水区,普罗旺世/庙李,4.7,单人养生初级套餐,198,11
王妃spa养生会所（丰庆路店）,金水区,陈寨/张家村,4.8,单人尊贵花香spa套餐,298,12
王妃spa养生会所（玉凤路店）,金水区,凤凰城,4.6,单人尊贵花香spa套餐,298,12
魅丽妃休闲SPA养生会所,金水区,曼哈顿广场,4.6,精品中式养生SPA,198,9
桃花居spa养生会所,金水区,郑东新区CBD,4.7,单人尊贵养生,198,9
沐春spa养生会馆,金水区,金水万达/蓝堡湾,5.0,单人泰式养生SPA套餐,298,9
天道堂亚健康调理,金水区,经三路沿线,3.0,天道全身调理套餐,68,9
珍艾堂成人小儿调理中心,金水区,普罗旺世/庙李,3.7,单人拔罐刮痧2选1,15,8
一代宗师国医馆,金水区,郑东新区CBD,5.0,三九小龙灸,58,8
康美经络理疗养生馆,金水区,陈寨/张家村,4.0,单人足疗,9.9,6
云梦阁spa养生会所,金水区,郑东新区东建材,4.6,单人尊享养生套餐,398,6
中医推拿,金水区,郑东新区东建材,4.8,单人拔火罐,16,5
诚信推拿足浴,金水区,丰业广场/千盛广场,3.5,单人颈肩调理,29.9,5
怡园SPA养生会所,金水区,天旺广场,5.0,单人经典男子养生SPA,298,4
崔世养生馆（原修脚驿站）,金水区,建文新世界,3.5,单人足浴1次,32,4
兰堂养生spa会所,金水区,金水区,4.6,单人尊尚spa套餐,498,5
夜魅spa养生会所,金水区,金水万达/蓝堡湾,5.0,单人VIP尊贵SPA养生套餐,298,3
豫绵足浴养生会所,金水区,国贸360,3.8,单人精品兰亭足浴（下午场）,88,3
盲人推拿,金水区,金水区省政府,3.5,局部推拿,35,3
回龙足驿足疗养生会所,金水区,曼哈顿广场,4.5,两人同行,1,3
权健汗蒸养生馆（黄河路店）,金水区,曼哈顿广场,3.5,经络调理拔罐,25.8,3
重庆家富富侨韩式洗浴,金水区,经三路沿线,5.0,富侨经典浴足,138,4
慧妍斋（21世纪店）,金水区,沙门/汽配,3.5,单人背部spa月卡/12次,1580,0
益铭养生馆,金水区,科技市场/硅谷广场,3.5,单人精品足疗按摩套餐,88,0
鑫银座护肤造型中心（农科路店）,金水区,金城国际广场,4.0,鑫银座造型设计脊背肋骨护理套餐,98,0
扶阳艾草熏灸堂,金水区,天旺广场,4.3,单人局部艾灸,19,0
曙之光足道,金水区,陈寨/张家村,4.0,单人经络推拿套餐,78,0
彭世修脚（工人路店）,中原区,碧沙岗,3.6,单人彭世经典足浴,63,4891
彭世修脚（秦岭路店）,中原区,锦艺城,4.6,单人彭世经典足浴,63,4891
彭世修脚（洲海路店）,中原区,华强城市广场,4.3,单人彭世经典足浴,63,4891
彭世修脚（中原万达店）,中原区,中原万达,5.0,单人彭世经典足浴,63,4891
彭世修脚（前进路店）,中原区,儿童公园/凯旋门,4.0,单人彭世经典足浴,63,4891
彭世修脚（煤仓北街店）,中原区,锦艺城,4.7,单人彭世经典足浴,63,4891
仟佰指港派足浴指压（西元店）,中原区,西元国际广场,5.0,单人仟指足浴套餐,108,4723
良子养生会所,中原区,儿童公园/凯旋门,5.0,单人古方足道,103,3353
重庆富侨（桐柏北路店）,中原区,华强城市广场,5.0,单人中式足浴,109,2419
藏秘养生馆,中原区,锦艺城,5.0,单人保健足疗1次,34.9,2383
风牌扬州修脚（中原万达店）,中原区,中原万达,5.0,藻泥足疗,58,2146
风牌扬州修脚（汝河路店）,中原区,儿童公园/凯旋门,4.6,藻泥足疗,58,2146
龙光足浴养生会所,中原区,中原万达,5.0,经典足艺1次,99.9,2004
花香满境-健康足浴指压,中原区,儿童公园/凯旋门,5.0,单人花香SPA,228,1663
皇冠富桥（中原区总店）,中原区,锦艺城,5.0,单人浪漫足浴养生下午场体验套餐,89,1422
华神养生足浴,中原区,锦艺城,4.7,单人足疗,40,1403
家富富侨（工人路店）,中原区,碧沙岗,4.9,单人精品足疗,139,819
御水谣足道（大学科技园店）,中原区,中原区,5.0,养生足道（新项目特价）免预约,159,756
洛阳益康推拿,中原区,儿童公园/凯旋门,5.0,超值拔罐刮痧套餐,19.9,719
忆水澜亭足浴养生会所,中原区,儿童公园/凯旋门,5.0,单人忆水沐足,138,700
Zuke 新派修脚（中原新城店）,中原区,儿童公园/凯旋门,5.0,五行足道,55,663
智愈推拿堂,中原区,儿童公园/凯旋门,4.1,单人中式保健套餐,69.9,539
忆兰亭养生会馆,中原区,华强城市广场,5.0,单人兰亭足道（全天通用）,98,504
彭氏修脚足浴（市场街店）,中原区,锦艺城,4.3,足底按摩套餐,40,501
艾邻艾灸馆（锦艺店）,中原区,锦艺城,5.0,单人颈肩疗理+刮痧+艾灸套餐,69,487
圣子莲足道,中原区,中原区,5.0,豪华大套+精油开背,249,432
齐氏推拿,中原区,华强城市广场,5.0,单人刮痧+拔罐+背部精油放松（35分钟）,39,288
千足莲足道,中原区,华强城市广场,5.0,单人精品足浴,58,260
崇礼艾灸推拿养生馆,中原区,锦艺城,5.0,单人拔罐,10,238
国圣足浴,中原区,儿童公园/凯旋门,3.6,单人豪华足浴套餐,139,229
柔情密语SPA养生会所,中原区,锦艺城,4.6,单人尊享养生套餐,298,217
敦敏推拿艾灸馆,中原区,锦艺城,4.8,敦敏推拿艾灸馆刮痧+拔罐套餐,29.9,206
征服SPA养生公馆（中原万达店）,中原区,锦艺城,3.5,单人SPA养生套餐,298,203
方圆推拿馆,中原区,锦艺城,5.0,单人局部推拿套餐,36,181
静心经络室,中原区,儿童公园/凯旋门,4.7,颈肩经络调理,39,169
玲珑阁足道会所,中原区,华强城市广场,5.0,经典足道白天特惠价,59,136
金沅足浴,中原区,中原区,5.0,皇式御尊足浴,168,117
御指仙阁spa养生会馆,中原区,锦艺城,5.0,单人精品泰式spa养生套餐,198,117
仁和推拿,中原区,儿童公园/凯旋门,4.5,单人养生推拿,45.8,102
皇宫SPA养生会所,中原区,锦艺城,4.9,单人精品spa养生,198,30
李氏正骨,中原区,华强城市广场,3.6,单人局部推拿,19.9,30
净艾堂中医养生,中原区,西元国际广场,4.5,单人腹部艾灸体验一次,59.9,28
豫燕盲人推拿,中原区,帝湖,4.5,单人局部经络推拿调理套餐,38.9,26
浪莎spa养生会所,中原区,锦艺城,4.5,单人精品养生spa,198,26
王氏正骨推拿,中原区,华强城市广场,4.4,单人局部推拿,33,25
8号spa养生会馆,中原区,锦艺城,3.8,单人尊贵spa养生套餐,288,24
锦绣情缘spa养生会所,中原区,锦艺城,5.0,单人经典养生套餐,188,23
古法悬灸（艾灸馆）,中原区,西元国际广场,4.1,单人颈肩/鼻炎/明目/失眠/开心/平肺调理灸,68,19
涌泉按摩院,中原区,锦艺城,3.5,局部推拿单人套餐,29,18
吉品足浴养生会所,中原区,华强城市广场,3.5,单人全身按摩,68,17
康乐盲人推拿院,中原区,华强城市广场,4.5,拔罐单人套餐,15.8,17
富源足道,中原区,儿童公园/凯旋门,3.8,单人泰式养生套餐,188,17
王者雄风spa养生会馆,中原区,中原万达,4.6,单人spa精品花香套餐,188,15
郑远元专业修脚（中原万达店）,中原区,中原万达,4.6,远元经典泡脚,19.9,19
艾之恋养生馆,中原区,碧沙岗,4.3,单人精油开背去湿套餐,78,13
心诚推按堂,中原区,锦艺城,4.3,全身推拿60分钟,65,10
琪悦SPA养生会馆,中原区,儿童公园/凯旋门,4.0,单人尊享养生,298,10
德安堂推拿养生馆,中原区,中原万达,4.2,正骨推拿,30,2
连心盲人按摩,中原区,儿童公园/凯旋门,4.3,拔罐,28,1
芙兰美SPA养生会所,中原区,中原区,5.0,单人按摩养生,198,1
众康堂足浴修脚,中原区,锦艺城,3.5,醋疗足疗套餐,35,0
德尚悦目健康咨询有限公司,中原区,儿童公园/凯旋门,3.5,单人青少年近视护理1次,29.8,0
彭氏修脚足浴（锦艺店）,中原区,锦艺城,3.9,精品修脚,18,0
彭世修脚（华中路店）,二七区,长途客运总站,3.9,单人彭世经典足浴,63,4891
彭世修脚（淮北街店）,二七区,长城康桥华城,3.9,单人彭世经典足浴,63,4891
彭世修脚（万达店）,二七区,二七万达,5.0,单人彭世经典足浴,63,4891
彭世修脚（兴华南街店）,二七区,二七万达,4.0,单人彭世经典足浴,63,4891
彭世修脚（政通路店）,二七区,郑铁体育中心,4.6,单人彭世经典足浴,63,4891
太极堂足道,二七区,升龙广场,5.0,太极太极古法足道,149,3821
重庆富侨（亚星盛世店）,二七区,长江路中沿线,5.0,单人足浴标准间,126,3288
圣子足道,二七区,二七万达,5.0,圣子足道豪华足疗大套,178,3042
仙子足道,二七区,长江路中沿线,5.0,魅力足浴1次(全天通用),158,2894
重庆富侨（兴华北街店）,二七区,长城康桥华城,5.0,单人本草足浴1次,109,2556
管氏金水桶足浴（南三环店）,二七区,橄榄城,5.0,单人泰式足浴A套餐,139,2373
风牌扬州修脚（二七万达店）,二七区,二七万达,4.9,藻泥足疗,58,2146
风牌扬州修脚（庆丰街店）,二七区,鑫苑鑫都汇,4.1,藻泥足疗,58,2146
晟园会所,二七区,大商/升龙城,5.0,单人精品标准足疗套餐,118,1618
大师兄按摩（升龙店）,二七区,升龙广场,5.0,单人全身推拿套餐,68,1549
大师兄按摩（京莎广场店）,二七区,长途客运总站,5.0,单人全身推拿套餐,68,1549
管氏金水桶足浴（升龙国际）,二七区,升龙广场,5.0,单人泰式足浴B套餐,98,1528
北派修脚（长江中路旗舰店）,二七区,长江路中沿线,5.0,单人精品北派技师修脚1次,1,1293
阿炳健体（兴华街店）,二七区,长城康桥华城,5.0,单人养生足疗套餐,109,1282
鹰城鑫地饭店-逸贤聚,二七区,升龙广场,5.0,棋牌室5小时,99.8,1260
皇家豫尊（大学路店）,二七区,郑州大学,5.0,单人贵宾足道,129,1198
重庆富侨足道会馆（京广路店）,二七区,长途客运总站,5.0,单人精品足浴套餐,128,900
天畅足道,二七区,帝湖,5.0,足疗套餐,138,880
重庆富侨（红珊瑚酒店三楼店）,二七区,火车站/二七广场,5.0,单人尊享足疗1次,139,719
艾邻艾灸馆（升龙国际店）,二七区,升龙广场,5.0,单人颈肩疗理+刮痧+艾灸套餐,69,487
重庆富侨（长江路店）,二七区,长江路中沿线,5.0,单人精品套餐,179,479
艺和堂足道（兴华街店）,二七区,二七万达,4.1,单人精品足浴套餐一次,55,462
重庆富侨（升龙店）,二七区,升龙广场,5.0,单人富侨精品足疗,148,448
金善缘足浴指压养生会所,二七区,长江路中沿线,5.0,单人中式足浴套餐,88,411
七星驿站港派足浴指压,二七区,二七万达,4.6,单人尊贵指压1次（单人间）,228,394
阳光之家盲人按摩馆,二七区,郑州大学,5.0,拔罐,15,346
御足堂足浴会馆（汉江路店）,二七区,二七万达,5.0,单人经典足疗,88,311
鱼喵喵鱼疗休闲生活馆,二七区,二七万达,5.0,单人放松鱼疗,9.9,276
一品堂足浴,二七区,升龙广场,4.9,单人精品足浴,69,274
鄂西修脚,二七区,火车站/二七广场,4.3,中式足浴,25,273
家富富侨（棉纺东路店）,二七区,医学院,5.0,单人经典足道,149.9,267
阿炳推拿（勤劳街店）,二七区,升龙广场,5.0,单人推拿套餐,65,239
柔情蜜语SPA养生会馆,二七区,大商/升龙城,5.0,单人尊享养生套餐,298,217
广胜推拿,二七区,鑫苑鑫都汇,5.0,拔罐,5,214
锦绣太极足道,二七区,马寨镇,4.9,单人太极标准足疗套餐,98,84
康健推拿,二七区,火车站/二七广场,4.3,单人全身推拿,51.8,78
熙步堂足道休闲会所,二七区,长途客运总站,5.0,单人知足道套餐,118,78
聚心缘国医养生堂,二七区,二七万达,5.0,单人面部刮痧套餐,59.9,77
红日足浴养生会所（中原路店）,二七区,医学院,5.0,单人养生套餐,198,69
屈氏中医整脊温灸馆,二七区,升龙广场,4.7,屈氏整脊温灸脊柱,39.8,69
红日足浴养生会所（康复后街店）,二七区,郑州大学,4.5,单人养生套餐,198,69
徐大个修脚会所,二七区,长城康桥华城,4.5,徐大个专业修脚足疗套餐,35,68
李氏盲人按摩院,二七区,帝湖,5.0,单人拔罐刮痧走罐三选一,1,67
青丝阁SPA养生馆,二七区,大商/升龙城,4.5,单人经典泰式养生,198,62
康馨专业按摩中心（保全街店）,二七区,郑铁体育中心,3.8,中医养生头部护理,15,61
彭世修脚（橄榄城店）,二七区,橄榄城,5.0,单人经典足浴,52.9,59
蓝宝石足道养生会所,二七区,长江路中沿线,4.7,单人宫廷足浴,168,60
康城正脊推拿馆,二七区,火车站/二七广场,4.1,单人推拿1次,29,58
中医科,二七区,郑铁体育中心,4.7,拔罐,9.9,50
杏林养生馆,二七区,二七万达,5.0,单人颈肩调理套餐,19.9,44
梦伊人养生会所,二七区,二七万达,5.0,单人夏日清爽精油套餐,398,44
蓝媚儿养生馆（6号院店）,二七区,大商/升龙城,4.5,单人乐享养生套餐,198,42
蓝媚儿养生馆,二七区,大商/升龙城,3.5,单人乐享养生套餐,198,42
阿炯盲人推拿院,二七区,二七区,4.3,刮痧加拔罐,45.8,39
阿炯盲人推拿院（庆丰街）,二七区,郑铁体育中心,4.7,刮痧加拔罐,45.8,39
倾心SPA养生会所,二七区,二七万达,5.0,单人精品养生推拿套餐,188,38
乐天阁养生会馆,二七区,大商/升龙城,4.5,单人养生精油按压套餐,298,36
格林足浴养生会所,二七区,万象城,4.8,单人精品足浴按摩套餐,118,35
爱夜蒲养生spa按摩馆,二七区,二七万达,4.8,单人精品spa养生,198,32
东竹修脚会所,二七区,医学院,3.5,单人足疗,59,31
东竹修脚会所,二七区,二七区,5.0,单人足疗,59,31
云水瑶spa养生会馆,二七区,橄榄城,4.9,单人精品spa养生套餐,288,30
伊人阁SPA养生会馆,二七区,橄榄城,5.0,单人青春spa养生套餐,198,29
蔡氏推拿,二七区,大商/升龙城,5.0,单人颈肩推拿,38,29
藏秘熏蒸盲人足浴按摩,二七区,长江路中沿线,5.0,单人足疗按摩（晚四点到晚十一点）,29.9,27
皇龙太极足道,二七区,医学院,3.7,精品足浴套餐,59.8,26
艾草阁古法艾灸堂,二七区,二七万达,4.4,单人颈肩推拿+刮痧+艾灸套餐,68,24
莱芮泉美丽健康俱乐部,二七区,升龙广场,4.0,专业肩颈或腰部二选一,35.8,24
颐寿健康生活馆,二七区,升龙广场,4.1,单人全息刮痧拔罐,128,23
梦情缘spa养生会馆（亚星店）,二七区,长江路中沿线,5.0,单人精品spa养生套餐,288,24
品悦足疗养生馆（橄榄城店）,二七区,长江路中沿线,4.3,单人泰式推拿养生套餐,198,22
重庆富侨（郑州旗舰店）,管城回族区,经开区,5.0,单人中式足浴套餐,99,8293
水木和足疗保健会所,管城回族区,管城回族区,5.0,单人经典足浴套餐,129,6820
重庆富侨中华养生会馆,管城回族区,经开区,5.0,单人精品足浴,128,5143
金水桶足疗（城东路店）,管城回族区,紫荆山公园,5.0,单人养生足浴套餐,88,5066
彭世修脚（管城街店）,管城回族区,人民路百盛,5.0,单人彭世经典足浴,63,4891
彭世修脚（海上香颂店）,管城回族区,康桥商务广场,4.7,单人彭世经典足浴,63,4891
彭世修脚（东明路店）,管城回族区,康桥商务广场,4.0,单人彭世经典足浴,63,4891
彭世修脚（中原福塔店）,管城回族区,经开区,4.8,单人彭世经典足浴,63,4891
彭世修脚（东里路店）,管城回族区,紫荆山公园,4.1,单人彭世经典足浴,63,4891
彭世修脚（幸福港湾店）,管城回族区,福都生活广场,4.8,单人彭世经典足浴,63,4891
彭世修脚（美景鸿城店）,管城回族区,美景鸿城,4.7,单人彭世经典足浴,63,4891
彭世修脚（银莺路店）,管城回族区,福都生活广场,4.7,单人彭世经典足浴,63,4891
彭世修脚（万通街店）,管城回族区,郑州东站,5.0,单人彭世经典足浴,63,4891
彭世修脚（玫瑰城店）,管城回族区,橡树玫瑰城,4.5,单人彭世经典足浴,63,4891
彭世修脚（明月路店）,管城回族区,富田太阳城,3.8,单人彭世经典足浴,63,4891
天行健足浴会所（航海路店）,管城回族区,经开区,3.5,单人精品足疗套餐,109,4447
玉茗堂国医养生馆,管城回族区,福都生活广场,5.0,单人刮痧+拔罐+背部放松,23.9,3829
魔幻仙指足浴养生会所（航海广场店）,管城回族区,福都生活广场,5.0,单人经典御足1次,89,3789
富侨足道（重庆富侨二七乐居店）,管城回族区,人民路百盛,5.0,单人中华足疗,118,3400
风牌扬州修脚（紫荆山店）,管城回族区,康桥商务广场,4.3,藻泥足疗,58,2146
秦都足浴会所（城北路店）,管城回族区,新世界百货,5.0,经典泰式足疗,99,1990
秦都足浴会所（城东路店）,管城回族区,紫荆山公园,5.0,经典泰式足疗,99,1990
重庆阳光富侨足浴,管城回族区,新世界百货,5.0,中式足浴,98,1980
绿野仙踪,管城回族区,美景鸿城,4.7,绿野足道套餐,99,1654
重庆家祥足道总店,管城回族区,橡树玫瑰城,5.0,单人家祥精品足疗,159,1635
重庆富侨第三大街旗舰店,管城回族区,经开区,5.0,单人经典足疗,98,1574
大师兄按摩（富田太阳城店）,管城回族区,富田太阳城,5.0,单人全身推拿套餐,68,1549
御水谣足道（中央特区店）,管城回族区,郑州东站,5.0,单人高级足疗套餐,189,1510
精益源专业盲人按摩,管城回族区,经开区,5.0,单人全身保健,68.9,1342
重庆富侨（启航大厦店）,管城回族区,福都生活广场,5.0,单人草本 足浴,110,1282
御指天娇中国17店（东区商都店）,管城回族区,郑州东站,5.0,精品足浴,108,1280
重庆富侨（城东店）,管城回族区,紫荆山公园,5.0,单人贵宾足疗,138,1176
道尔康足浴养生会所,管城回族区,富田太阳城,5.0,养元健足,149,1157
重庆富侨足道（黄河南路旗舰店）,管城回族区,郑州东站,5.0,单人中式足疗,138,1095
彭世修脚（列里路店）,管城回族区,郑州东站,5.0,单人彭世精品修脚,43,1078
彭世修脚（东方鼎盛时代店）,管城回族区,郑州东站,5.0,单人彭世精品修脚,43,1078
聚源金足足浴养生会所,管城回族区,经开区,5.0,单人商务足浴,109,1083
秀雅阁兰足浴养生会所,管城回族区,富田太阳城,5.0,心满意足,128,982
卢浮公馆颈肩腰腿疼痛康复中心,管城回族区,郑州东站,5.0,单人颈椎调理套餐2选1,45,964
元桥SPA休闲养生会所（商都路店）,管城回族区,郑州东站,5.0,单人精品足疗,138,741
乾元足道,管城回族区,美景鸿城,5.0,乾元单人特色足浴,88,520
阿蒙足浴会所,管城回族区,五洲公园,3.7,足浴套餐,88,478
kiss温水鱼疗休闲健康会所（富田太阳城）,管城回族区,富田太阳城,5.0,单人超值体验套餐,9.9,433
龙光足浴,管城回族区,福都生活广场,5.0,单人精品足浴,129,406
金阳光足浴（曼哈顿店）,管城回族区,紫荆山公园,3.5,单人经典足疗套餐,139,401
聚元阁养生会所,管城回族区,康桥商务广场,5.0,单人足浴套餐,109,400
润源堂盲人按摩,管城回族区,郑州东站,5.0,单人全身推拿1次,70,382
荷花池足浴养生会馆,管城回族区,管城回族区,4.8,荷花足浴,129,342
重庆郭氏富侨,管城回族区,郑州东站,4.1,单人精品足道,108,317
颈肩腰腿疼康复院,管城回族区,郑州东站,5.0,单人拔罐刮痧套餐1次,30,306
荷为美推拿按摩院（永平路店）,管城回族区,五洲公园,5.0,单人中式推拿,41.9,304
水元足浴会所,管城回族区,经开区,5.0,太极足沐,109,303
重庆富侨足浴养生（百盛店）,管城回族区,人民路百盛,5.0,富侨足浴（单人）,108,280
重庆富侨（东明路店）,管城回族区,康桥商务广场,5.0,单人御指足道,129,260
金轩足道,管城回族区,郑州东站,5.0,单人足疗,99,248
鱼医生鱼疗养生馆,管城回族区,经开区,4.5,单人鱼疗,5.9,228
完美汗蒸足疗,管城回族区,美景鸿城,5.0,汗蒸,9.9,222
康源推拿堂,管城回族区,橡树玫瑰城,5.0,单人推拿,45,214
水云涧温泉洗浴酒店,管城回族区,郑州东站,5.0,单人温泉洗浴+搓背+商务足道套餐,128,213
未来城推拿,管城回族区,康桥商务广场,5.0,单人推拿+正骨+拔罐套餐,40,183
崔氏推拿正骨,管城回族区,管城回族区,5.0,单人局部推拿,32.9,180
东方楚艾艾灸馆,管城回族区,新世界百货,5.0,单人颈肩／腰部／关节／老寒腿／失眠／扶阳艾灸调理,66,156
阿是足道,管城回族区,郑州东站,5.0,单人御足高级套餐,99,140
易馆经络推拿（富田太阳城店）,管城回族区,富田太阳城,4.8,单人拔罐,18,136
益康经络推拿,管城回族区,郑州东站,4.3,单人全身经络调理1次,95,135
金玉轩休闲养生馆（航海路店）,管城回族区,福都生活广场,5.0,单人推拿按摩套餐,188,133
永康脊柱推拿（康平路店）,管城回族区,郑州东站,5.0,单人推拿刮痧走罐套餐,68,131
王者之风SPA养生商务会所,管城回族区,管城回族区,4.5,单人泰式spa套餐,189,130
kiss温水鱼疗休闲养生馆,管城回族区,新世界百货,5.0,精品双人超值鱼疗套餐,88.8,115
汇康中医推拿,管城回族区,美景鸿城,4.7,代金券,0.1,100
红颜魅惑spa养生会所,管城回族区,郑州东站,5.0,单人精品养生,298,92
美尚养生馆,管城回族区,新世界百货,3.8,刮痧拔罐体验套餐,18.8,91
三和养生会馆,管城回族区,富田太阳城,5.0,单人拔罐/刮痧,15,88
周医推拿馆,管城回族区,美景鸿城,4.7,单人推拿套餐,49.9,76
新概念脊柱推拿（二里岗店）,管城回族区,福都生活广场,4.6,单人全身经络推拿,87,75
侨杞足浴,管城回族区,南三环汽配大世界,3.9,草本足浴,159,73
景之韵足道,管城回族区,郑州东站,5.0,单人精品足浴,119,72
刘氏修脚,管城回族区,新世界百货,5.0,单人经典足浴套餐,59.9,71
毛氏祖传推拿,管城回族区,经开区,4.0,单人局部推拿+刮痧+拔罐套餐,72.6,67
福乐娃足浴,管城回族区,郑州东站,5.0,单人经典项目体验套餐,99,69
金子足道,管城回族区,福都生活广场,3.7,超值套餐,68,66
甲冉生修脚会所,管城回族区,富田太阳城,5.0,单人足疗套餐,38,63
鲜灸堂盲人推拿养生馆,管城回族区,郑州东站,5.0,单人中式全身推拿,58.8,59
新起点足浴,管城回族区,紫荆山公园,4.3,44.9经典足疗套餐,44.9,48
福寿堂专业盲人按摩,管城回族区,经开区,5.0,全身推拿,50,47
心诚推拿养生堂,管城回族区,紫荆山公园,4.7,单人75分钟身体调理套餐,158,45
名流spa养生会所,管城回族区,郑州东站,4.3,单人SPA套餐,198,44
千娇百媚养生spa公馆,管城回族区,郑州东站,5.0,单人SPA套餐,198,44
仁仁推拿馆,管城回族区,富田太阳城,4.3,单人超值局部推拿,60.8,43
健体艾灸推拿理疗室,管城回族区,美景鸿城,5.0,穴位拔罐,1,42
华都足浴养生馆（康平路店）,管城回族区,管城回族区,4.6,单人推拿养生套餐,298,41
鬼魅养生会所,管城回族区,富田太阳城,5.0,单人泰式养生套餐,398,37
牵正推拿,管城回族区,经开区,3.9,单人刮痧/拔罐2选1,15,33
艾康堂推拿按摩艾炙正脊,管城回族区,郑州东站,5.0,单人颈腰椎推拿,68.8,31
聂氏正脊推拿中心,管城回族区,郑州东站,4.3,单人拔罐,20,31
妩媚足浴养生会馆,管城回族区,经开区,5.0,单人中华养生按摩套餐,298,28
豪爵国际SPA养生会所,管城回族区,郑州东站,5.0,单人豪爵精致spa,198,26
仲夏夜之梦男子spa养生会馆,管城回族区,福都生活广场,4.6,娇口之哨spa保健养生,399,24
丽湾SPA养生会所（高铁站店）,管城回族区,郑州东站,5.0,单人养生套餐,288,22
陈氏推拿（货站北街店）,管城回族区,康桥商务广场,4.6,单人颈肩调理,28.9,21
莎莎SPA--丸美美容养生会所,管城回族区,富田太阳城,4.5,单人面部美容套餐,19.9,20
西唐推拿馆（货东社区店）,管城回族区,管城回族区,5.0,特价推拿30分钟,29.9,20
远大spa养生公馆,管城回族区,经开区,5.0,单人推拿男爵广莞SPA养生套餐,388,20
舒康李主任经穴疗法,管城回族区,管城回族区,4.3,单人精品套餐,99,19
王氏推拿堂,管城回族区,福都生活广场,4.0,草本足疗,60,18
付氏推拿堂,管城回族区,康桥商务广场,4.0,草本足疗,60,18
仁手中医拍打按摩,管城回族区,郑州东站,4.9,单人颈肩背深度疏松套餐,98,15
旱极沙灸国际养生会所（河南总店）,管城回族区,郑州东站,4.9,单人沙灸SPA,35,15
烟雨阁男子spa养生会馆（美景鸿城店）,管城回族区,美景鸿城,4.9,尊享舒压精油spa养生套餐,288,13
婵媛国际SPA养生会所,管城回族区,橡树玫瑰城,3.9,单人韩式高档面部护理套餐,38,13
婵媛国际SPA养生会所,管城回族区,富田太阳城,4.3,单人韩式高档面部护理套餐,38,13
婵媛国际SPA养生会所,管城回族区,美景鸿城,3.8,单人韩式高档面部护理套餐,38,13
出彩手艺五行灸养会所,管城回族区,康桥商务广场,4.7,【新店大酬宾】明目醒脑灸套餐,1,11
美丽邂逅养生馆,管城回族区,康桥商务广场,4.6,单人经典养生套餐,198,11
足益堂,管城回族区,橡树玫瑰城,3.8,精品足疗+全身按摩套餐,100,10
青龙山庄温泉疗养院游泳馆,管城回族区,经开区,5.0,洗浴游泳+住宿套餐,138,9
颐养年推拿养生馆,管城回族区,富田太阳城,3.5,单人局部推拿,33,10
醉香坊spa养生会所,管城回族区,经开区,4.6,单人精品红酒SPA养生套餐,298,8
碧玺沙灸养生馆（中央特区店）,管城回族区,郑州东站,5.0,碧玺沙灸年卡2张,10000,0
悦目科技,管城回族区,经开区,3.5,单人青少年近视护理1次,29.8,0
龙泉足浴会所,新郑市,华南城/高坡岩,5.0,单人致尊足浴套餐,136,2749
御足天境养生会所,新郑市,河南工程学院,5.0,单人贵尊套餐,169,2578
御龙足浴保健,新郑市,新郑机场,5.0,单人中式足浴1次,79,2086
龙光足浴,新郑市,新郑机场,5.0,精品足浴晚,129,1485
汉钰宫足浴养生公馆,新郑市,华南城/高坡岩,5.0,单人贵足,169,882
泰山盲人推拿院（龙湖二店）,新郑市,龙湖广场/升达大学,5.0,专业推拿,64,878
玉指香阁足浴休闲会所（龙湖店）,新郑市,河南工程学院,5.0,单人尊享足疗,128,637
皇家贵足足浴会所,新郑市,新郑机场,4.5,单人中式浴足1次,118,596
御指天镜,新郑市,新郑机场,5.0,单人尊贵足浴套餐,159,464
有一手推拿理疗（新郑店）,新郑市,新郑金苑小区,4.8,单人有一手推拿精品足疗,23.8,258
印象草堂商务会所,新郑市,新郑,4.5,单人精品足浴,98,130
康桥足浴（港区店）,新郑市,新郑机场,3.7,单人足浴套餐,108,70
御足堂,新郑市,新郑,3.8,御足堂,41.8,49
御足堂,新郑市,领秀城,4.0,御足堂,41.8,49
玉指香阁足浴休闲会所（郭店镇店）,新郑市,新郑,4.0,单人尊享足疗,128,30
腧经阁中医推拿,新郑市,河南工程学院,4.6,单人定点推拿,23.8,23
艾脊康养生,新郑市,新村镇,4.6,单人刮痧拔罐套餐,28.9,16
刘世修脚,新郑市,庆都生活广场,3.9,刘世修脚,58,6
刘世修脚,新郑市,新郑,4.0,刘世修脚,58,6
刘世修脚,新郑市,新郑金苑小区,4.3,刘世修脚,58,6
夜玺足疗会所,新郑市,新郑机场,4.6,单人夜玺二式,159,3
御指天娇（上街区尚品店）,上街区,上街区,5.0,精品足浴,108,1280
嘉祥足道,上街区,上街区,5.0,贵宾足疗1次,109.9,450
足之道（济源路店）,上街区,和昌都汇广场,3.9,单人足道养生,55,108
彭世修脚（上街店）,上街区,上街区,4.6,单人健康足浴,35,66
君行健足疗保健,上街区,上街区,3.0,舒适足浴套餐,68,27
重庆富侨,新密市,五四广场/万客隆,5.0,精品足浴,129,3679
御景湾养生足道（青屏大街店）,新密市,金博大/丹尼斯,5.0,御景湾养生足道经典套餐,121,1827
万里足疗,新密市,金博大/丹尼斯,4.7,超值中华足浴套餐,68,551
小崔推拿,新密市,金博大/丹尼斯,5.0,单人小崔推拿拔罐1次,1,500
御景湾足浴（平安路店）,新密市,行政服务中心,4.3,传统足道单人套餐,82,483
龙光足浴,新密市,行政服务中心,3.8,单人经典足艺,80,442
芯艾堂艾灸养生会所（青屏大街店）,新密市,溱水路沿线,3.8,单人艾灸系列6选1,9.9,88
华e堂按摩店,新密市,溱水路沿线,4.0,单人消费券华E堂经络会所,78,68
民方堂推拿按摩,新密市,金博大/丹尼斯,4.2,单人拔罐+刮痧,15,41
儒之堂足道（巩义店）,巩义市,巩义东区,5.0,单人绿色草本,108,1566
福帆百草堂足浴会所,巩义市,巩义,4.7,精品足疗,118,230
纤姿美容养生馆,巩义市,星月时代广场,4.5,拔罐,1,132
木森中医理疗,巩义市,巩义,4.3,木森中医理疗刮痧套餐,5,122
杏林推拿理疗,巩义市,宋陵公园,3.9,杏林推拿理疗拔罐1次,4.9,102
康乐推拿,巩义市,巩义东区,4.2,单人拔罐+刮痧套餐,9.9,49
知足堂,巩义市,巩义,3.5,单人全身推拿,38,16
邹氏修足堂（园丁街店）,巩义市,宋陵公园,3.9,单人足疗,25,14
龙升堂名仕会馆,中牟县,祥瑞中心花园,3.8,单人养生套餐,328,0
小朱按摩院（冬青街店）,高新区,高新区,5.0,单人局部推拿,45,11980
小朱推拿（元通城店）,高新区,高新区,4.2,单人局部推拿,45,11980
泰宫养生会所,高新区,高新区,5.0,单人泰式足浴套餐,128,4399
管氏金水桶足浴SPA养生会所（高新区至尊店）,高新区,高新区,5.0,单人传统足疗套餐,119,2851
富吉瑞足浴会所,高新区,高新区,5.0,单人洗浴门票,19,1268
曼庭养生会所,高新区,高新区,5.0,单人精品足道,108,1067
苗氏推拿工作室,高新区,高新区,5.0,单人苗氏推拿,40,1018
金尊足道养生会所,高新区,高新区,5.0,皇家足道单人套餐,129,934
龙兴足道（高新区梧桐街店）,高新区,高新区,5.0,单人休闲沐足,68,622
红光足浴养生会所,高新区,高新区,4.7,精品单人洗浴套餐,12.8,607
千指印象·足浴养生会所,高新区,高新区,4.8,单人养生套餐,398,509
爱养生修脚,高新区,高新区,5.0,爱养生修脚,29,419
玉足时尚主题足疗吧,高新区,高新区,5.0,单人玉足精品,88,378
任全量子推拿会馆,高新区,高新区,4.1,局部推拿,28,282
任全量子养生会馆,高新区,高新区,4.3,局部推拿,28,282
丽姿中医按摩养生馆,高新区,高新区,5.0,单人刮痧/拔罐,9.9,186
康庭健康养生会所,高新区,高新区,5.0,单人康庭足道+精油开背,138,184
仟佰指足浴（高新区梧桐街店）,高新区,高新区,3.7,专业足浴1位,88,118
永康盲人推拿按摩店,高新区,高新区,5.0,新人专享单人局部推拿,39.9,114
