﻿商家,区域,商圈,星级,服务,价格,销量
九河足道休闲会馆,滨海新区,塘沽城区,5.0,单人高级足疗1次,108,6871
憶水阁足道养生会馆,滨海新区,大港城区,5.0,单人憶水阁足疗保健套餐（90分钟）,109,5948
足春堂,滨海新区,经济开发区,5.0,单人经典足疗套餐,118,4331
良子健身（学校大街店）,滨海新区,外滩/金街,5.0,单人优质足疗1次,98,4143
汇江南,滨海新区,汉沽城区,5.0,单人特级技师养生足道,138,3920
清水莲温泉洗浴,滨海新区,大港城区,5.0,门票+足疗+搓澡+搓盐+搓奶套餐,89,3183
良子足道,滨海新区,塘沽城区,5.0,单人良子足道足疗套餐,108,2649
莉馨丰温泉洗浴城,滨海新区,经济开发区,5.0,单人洗浴足疗套餐,69.9,2142
汉唐贵族足道,滨海新区,滨海新区,5.0,单人经典养生足疗1次,138,2030
樱花良子（二店）,滨海新区,经济开发区,5.0,单人足疗保健优惠套餐,118,1473
榕泽足道会馆,滨海新区,经济开发区,5.0,单人养生足道1次,238,1453
老大的幸福足道会馆（新港店）,滨海新区,新港,5.0,单人特级足疗套餐,148,1167
御道足疗养生馆,滨海新区,经济开发区,5.0,单人御道高级足疗套餐,168,1145
荷花雨足道会所,滨海新区,经济开发区,5.0,单人荷花雨足道会所足疗套餐,98,1000
沐清泉足浴城,滨海新区,塘沽城区,5.0,单人经典套餐,98,886
宏康盲人按摩,滨海新区,经济开发区,4.7,足疗 +盐袋热敷,68,880
至善足道&水和浴场,滨海新区,新港,4.9,单人足疗洗浴套餐,128,788
小古林娱乐休闲会馆,滨海新区,大港城区,4.7,单人保健按摩+足疗+洗浴套餐,128,723
菩提足道会馆,滨海新区,经济开发区,5.0,单人菩提1次,158,722
好运堂足道,滨海新区,大港城区,5.0,单人足疗按摩,88,647
康步足道,滨海新区,经济开发区,3.6,单人康步足道SPA全身经络护理1次 翔实路,128,147
芦荟养发护肤中心（晓镇家园店）,滨海新区,塘沽工农村,4.0,头部特护,19,143
芦荟养发护肤中心（贻成尚北店）,滨海新区,塘沽工农村,4.6,头部特护,19,143
伊曼spa养生会馆,滨海新区,经济开发区,5.0,单人SPA尊享套餐,298,143
芦荟养发护肤中心（融科心贻湾店）,滨海新区,塘沽工农村,4.0,头部特护,19,143
芦荟养发护肤中心（碧海鸿庭店）,滨海新区,外滩/金街,4.2,头部特护,19,143
芦荟养发（隆盛花园店）,滨海新区,塘沽城区,4.2,头部特护,19,143
芦荟养发护肤中心（新新家园店）,滨海新区,塘沽工农村,4.1,头部特护,19,143
众来康推拿中心,滨海新区,滨海新区,5.0,单人足疗按摩套餐,158,137
金汉松骨,滨海新区,汉沽城区,5.0,单人金汉松骨足疗+按摩套餐,119,122
禧灸堂艾灸健康馆,滨海新区,经济开发区,4.4,单人养生套餐,128,122
禧灸堂艾灸养生馆,滨海新区,新港,5.0,单人养生套餐,128,122
颈肩腰腿康复中心（塘沽九幼店）,滨海新区,滨海新区,4.2,单人颈肩腰腿调理套餐,68,120
阳阳足道养生会馆（塘沽和平路店）,滨海新区,外滩/金街,5.0,阳阳单人经典足疗,68,113
港都足疗城,滨海新区,塘沽城区,4.0,单人足疗套餐套餐,58,110
清峰盲人推拿所,滨海新区,大港城区,5.0,单人局部推拿1次,28,99
森林足道（二店）,滨海新区,经济开发区,4.5,单人中式足疗套餐,138,98
郑氏足道,滨海新区,新港,4.3,单人普通足疗体验,68,95
森林足道,滨海新区,经济开发区,5.0,单人精品足浴养生套餐,99,91
茗鑫源足道,滨海新区,塘沽城区,4.1,单人足浴养生套餐,49.8,90
利生堂理疗馆,滨海新区,塘沽工农村,4.7,全身推拿套餐,99.8,89
益康疼痛调理中心,滨海新区,新港,5.0,单人拔罐,29.8,85
足康修脚店,滨海新区,经济开发区,5.0,单人修脚套餐,30,78
足生堂足疗会馆,滨海新区,大港城区,5.0,单人经典足疗套餐,108,75
清馨按摩（盲人）,滨海新区,塘沽城区,5.0,单人4选3套餐,38,65
立足点修脚,滨海新区,经济开发区,4.8,单人精品足疗一次,38,58
胖姐足疗,滨海新区,汉沽城区,4.8,单人经典足浴全身按摩套餐,98,53
胖姐足疗分店,滨海新区,汉沽城区,4.8,单人经典足浴全身按摩套餐,98,53
美耳采耳养生（塘沽宁波道店）,滨海新区,外滩/金街,4.6,单人采耳、头疗、洗眼三选二,118,53
范师傅盲人按摩,滨海新区,塘沽城区,5.0,单人精油颈部淋巴净排套餐,59,53
高氏祖传推拿正骨,滨海新区,经济开发区,5.0,单人高氏祖传推拿,240,47
君临SPA养生会所,滨海新区,经济开发区,4.5,单人足疗按摩套餐,98,44
秦西北修脚,滨海新区,经济开发区,5.0,单人专业修脚,19,44
水淼阁,滨海新区,大港城区,4.5,水淼阁足疗按摩套餐,88,41
中医经络推拿,滨海新区,大港城区,4.6,单人肩颈经络调理,45.8,41
中医理疗养生馆,滨海新区,塘沽城区,4.6,单人套餐,68,39
水韵江南养生会所,滨海新区,滨海新区,4.8,养生套餐,138,33
陕西逸足专业修脚,滨海新区,滨海新区,4.6,单人修脚+足疗+按摩+拔罐/采耳,50,30
丫丫足道,滨海新区,新港,4.0,单人足道+韩式+刮痧+耳烛,128,29
吉美美容纤体馆,滨海新区,经济开发区,4.2,单人吉美保养体验,58,26
高风推拿按摩店,滨海新区,塘沽城区,5.0,单人89足疗套餐,99,22
万生源足道spa保健中心,滨海新区,新港,5.0,单人冠唐足疗套餐,138,21
三晋人康体中心,滨海新区,经济开发区,3.8,单人足疗/按摩2选1套餐,68,20
大铭益足堂,滨海新区,塘沽城区,4.5,经典足浴套餐,68,18
中草药养生馆,滨海新区,滨海新区,4.5,68,68,14
汉方洲足道（光明大道店）,滨海新区,大港油田,4.3,商务足道套餐,119,12
源赢中医推拿馆,滨海新区,经济开发区,4.7,单人女性养护套餐,89,10
东方SPA养生馆（金元宝于家堡店）,滨海新区,新港,4.4,单人巴厘岛精油足浴,98,9
禧足堂养生馆,滨海新区,外滩/金街,3.9,单人中式足疗+拔罐套餐,35,9
东方SPA养生馆（开发区店）,滨海新区,经济开发区,4.5,单人巴厘岛精油足浴,98,9
金康推拿,滨海新区,塘沽城区,5.0,单人中式按摩+足疗套餐,99,9
脊柱梳理（滨海店）,滨海新区,大港城区,3.5,单人脊柱梳理一次,59.9,8
爱足康修脚堂,滨海新区,经济开发区,4.0,单人足疗保健套餐,68,8
长青树养生会馆,滨海新区,经济开发区,4.5,单人艾灸套餐,78,8
佳星按摩足道SPA会馆,滨海新区,经济开发区,3.9,单人足疗按摩套餐,98,8
酸碱平DDS中医养生工作室,滨海新区,塘沽城区,3.5,单人背部保养,98,7
津滨国际酒店按摩足道SPA会所,滨海新区,塘沽城区,4.5,单人尊贵经典spa套餐,498,6
足健堂经络按摩,滨海新区,滨海新区,4.0,代金券,180,0
华夏良子（鼓楼店）,南开区,老城厢/鼓楼,5.0,代金券,75,11170
华夏良子（上林苑店）,南开区,老城厢/鼓楼,5.0,代金券,75,11170
重庆富侨足道,南开区,王顶堤/华苑,5.0,单人精品足疗套餐,168,8674
宏雨托玛琳岩磐汗蒸SPA,南开区,天佑城/西南角,3.9,汗蒸套餐,30.5,7568
北派修脚（王顶堤店）,南开区,天拖地区,5.0,单人精品修脚1次,29.8,5220
北派修脚（西湖道店）,南开区,白堤路/风荷园,5.0,单人精品修脚1次,29.8,5220
北派修脚（白堤路店）,南开区,白堤路/风荷园,4.0,单人精品修脚1次,29.8,5220
北派修脚（咸阳路店）,南开区,南开区,4.7,单人精品修脚1次,29.8,5220
北派修脚（大悦城店）,南开区,南开公园/中学/医院,5.0,单人精品修脚1次,29.8,5220
亦屋亦景影院式 足道.spa（华苑店）,南开区,王顶堤/华苑,5.0,单人中式养生主题足疗,119,4422
梦溪足语养生会馆,南开区,南开区,5.0,单人养生御足套餐,139,3263
清水塘足疗会所（二店）,南开区,老城厢/鼓楼,5.0,单人商务足道套餐,149,3169
康苑足道,南开区,白堤路/风荷园,5.0,单人足疗养生套餐,89,1146
古莲足道休闲会馆,南开区,时代奥城,5.0,周一至周五单人精品足疗养生套餐,138,1113
乾坤堂中医养生馆,南开区,南开公园/中学/医院,5.0,单人刮痧/拔罐2选1,29.8,999
清荷南苑足道会馆,南开区,天佑城/西南角,5.0,单人高级足道保健按摩1次,128,951
鼎足轩足道会馆,南开区,王顶堤/华苑,5.0,单人足疗全身按摩套餐,128,880
清莲阁养生足道会馆,南开区,南开区,4.8,单人养生御足套餐,148,845
天馥元养生会所,南开区,南开公园/中学/医院,5.0,单人商务足疗套餐,88,788
彩虹足浴（二店）,南开区,王顶堤/华苑,4.5,单人养生足浴保健套餐,108,651
南乡子,南开区,时代奥城,5.0,单人休闲足道套餐,148,370
金版纳按摩养生会馆（黄河道店）,南开区,咸阳路/黄河道,4.5,单人足疗套餐,68,352
良子足道506连锁店（凌奥店）,南开区,时代奥城,4.7,单人养生足疗套餐,118,338
清水塘足疗会所,南开区,老城厢/鼓楼,4.9,单人特级商务足道套餐,200,307
温莎假日足道SPA养生会馆,南开区,乐天/新世界/远东百货,5.0,单人经典SPA套餐,99.9,274
光明盲人按摩,南开区,白堤路/风荷园,4.2,单人全身推拿套餐,60,273
楚云天足道会馆,南开区,海光寺/六里台,4.5,高山流水单人豪华养生套餐,298,243
中国足疗,南开区,乐天/新世界/远东百货,3.9,单人足浴套餐,88,235
三品养生馆,南开区,王顶堤/华苑,4.1,单人足疗+全身按摩套餐,78,218
龙凤国际足道spa养生会馆,南开区,白堤路/风荷园,5.0,单人极尊足道套餐,128,214
宝兴晟元足道养生会所,南开区,咸阳路/黄河道,4.9,单人特级足道1次,108,193
泰和堂推拿艾灸（金奥国际店）,南开区,时代奥城,4.5,单人理筋推拿套餐,78,180
经元堂中医理疗按摩中心,南开区,时代奥城,4.9,单人中式推拿,78,177
天行健推拿中心,南开区,鞍山西道,5.0,单人中式全身推拿套餐,99,174
欣苑养生会所,南开区,王顶堤/华苑,5.0,单人精品套餐,89,141
竹溪男士spa养生会馆,南开区,大悦城,5.0,单人全身养生C套餐,398,139
御水谣足道（南开店）,南开区,南开区,4.4,单人养生足疗套餐,138,127
步步安康修脚（广开四马路店）,南开区,长虹公园,4.5,单人修脚套餐,19.9,112
步步安康修脚（白堤路店）,南开区,白堤路/风荷园,4.6,单人修脚套餐,19.9,112
沁园spa养生馆,南开区,王顶堤/华苑,5.0,单人全身SPA基础调理套餐,98,111
世龙世家修脚灰指甲,南开区,咸阳路/黄河道,4.1,单人修脚护理套餐,9.9,33
颐廷中和艾灸养生会馆（南开店）,南开区,南开公园/中学/医院,5.0,单人脾胃调理灸套餐,99,32
步步安康修脚堂（时代奥城店）,南开区,时代奥城,4.5,单人修脚套餐,38,30
家鸿足道,南开区,南开区,5.0,单人足疗+按摩,79,29
御仙阁spa养生会馆,南开区,老城厢/鼓楼,3.6,单人心灵SPA套餐,268,26
牛津修脚（华苑店）,南开区,王顶堤/华苑,4.5,单人修脚足道套餐,28,26
康顺健盲人按摩店,南开区,白堤路/风荷园,5.0,单人全身按摩+中式足疗+拔罐或刮痧,80,23
艾瑟瑞尔专业瘦身减肥,南开区,时代奥城,3.7,单人中式熏蒸,38,22
瑞云紫轩足道会馆（宾水西道店）,南开区,时代奥城,3.5,单人足疗套餐,208,22
福康缘盲人推拿,南开区,长虹公园,5.0,单人全身经络推拿,90,22
杨氏采耳店,南开区,咸阳路/黄河道,5.0,单人采耳+头部拔筋套餐,90,21
燕子足道馆（红桥店）,南开区,南开区,3.5,单人足疗保健套餐,89,20
金派修脚,南开区,南开区,4.7,单人专业修脚体验1次,19,18
青梅spa养生会所,南开区,老城厢/鼓楼,4.6,午间养生SPA,188,16
香柏木酵素浴spa养生馆（奥城店）,南开区,时代奥城,4.7,单人酵素浴体验1次,38,17
韩氏盲人推拿,南开区,老城厢/鼓楼,3.7,单人专业全身中式推拿+刮痧+拔罐套餐,80,15
宝燕足道会馆,南开区,咸阳路/黄河道,4.5,单人足疗按摩套餐,78,12
本然康复养生工作室,南开区,白堤路/风荷园,4.8,单人颈肩腰腿痛调理套餐,98,12
足间道养生会馆清荷南苑（西湖道店）,南开区,白堤路/风荷园,3.5,单人高级足道保健按摩1次,118,4
儒生堂足道,南开区,白堤路/风荷园,4.0,单人足疗+全身按摩+姜敷+足底走罐套餐,95,4
水芙蓉美容美体养生会馆,南开区,老城厢/鼓楼,3.9,单人胶原蛋白提升套餐,58,4
中医砭石养生会所,南开区,南开区,4.5,局部推拿套餐,78,4
颐足堂,南开区,老城厢/鼓楼,4.0,单人足疗全身按摩套餐,238,4
男毅会所,南开区,水上/天塔,3.5,单人足疗按摩套餐,99,3
海洋养生馆,南开区,咸阳路/黄河道,3.5,单人spa+草本泡脚+刮痧,128,3
众缘盲人按摩中心,南开区,天拖地区,4.6,办公室综合症缓解套餐,54,4
净足堂修脚,南开区,海光寺/六里台,4.5,单人修脚套餐,19,2
尚霖足道会馆,南开区,南开区,3.5,单人足疗+泰式套餐,139,2
瀚清塘足道,南开区,白堤路/风荷园,4.0,单人精油开背套餐,79,2
泰享阁（泰式按摩）,南开区,时代奥城,4.5,单人香薰精油热疗SPA（60分钟 6种香味可选）,299,2
合众养生馆,南开区,王顶堤/华苑,3.5,单人精品足疗,128,2
阳光金典足道馆,南开区,咸阳路/黄河道,3.5,单人足疗+按摩套餐,100,2
扬州修脚,南开区,王顶堤/华苑,4.0,单人足部护理套餐,58,2
足品轩理疗馆,南开区,老城厢/鼓楼,3.9,单人冬季养生套餐,70,1
万明盲人按摩中心（二店）,南开区,南开公园/中学/医院,4.6,单人中式足疗,65,1
皇佳汇阁spa养生会所,南开区,南开区,3.5,单人全身护理SPA,198,2
爵妙spa,南开区,时代奥城,3.5,无极尊幻spa套餐,698,1
周师傅中式按摩,南开区,白堤路/风荷园,5.0,单人小儿推拿一次,30,1
中宝dds经络养生馆,南开区,老城厢/鼓楼,4.0,单人精品套餐1次,86,0
江南足道,南开区,王顶堤/华苑,3.0,单人泰式+脏腑+精油+头疗套餐,188,0
富正元足道养生会馆,南开区,海光寺/六里台,5.0,足疗保健套餐,168,0
静元养生spa会所,南开区,老城厢/鼓楼,4.0,单人养生套餐,198,0
东方之谜男士健康spa会馆,南开区,天佑城/西南角,4.0,单人奇幻SPA套餐,559,0
昭麦理疗馆,南开区,白堤路/风荷园,4.0,单人越式足疗,60,0
福而康便民推拿,南开区,南开大学/八里台,3.5,单人单次局部推拿+温灸,160,0
康益源养生馆,南开区,南开公园/中学/医院,3.8,单人足疗精品套餐,118,0
悦竹轩养生足道馆,南开区,南开区,3.8,单人足疗按摩套餐,58,0
红酥手足道会馆（西康路店）,和平区,鞍山道沿线,5.0,单人养生保健套餐,108,6694
红酥手足道会馆（南市店）,和平区,南市,5.0,单人养生保健套餐,108,6694
北派修脚店（禄安大街店）,和平区,鞍山道沿线,4.6,单人精品修脚1次,29.8,5220
亦屋亦景影院式足道spa（大悦城店）,和平区,南市,5.0,单人中式养生主题足疗,119,4422
亦屋亦景影院式足道.spa（汉阳道店）,和平区,西康路沿线,5.0,单人中式养生主题足疗,119,4422
汉宫足道,和平区,西康路沿线,4.1,足疗经络护理套餐,109,1267
重庆富侨（天津旗舰店）,和平区,西康路沿线,5.0,单人中式草本足浴套餐,168,1233
郑远元专业修脚房（足道）（荣安大街店）,和平区,南市,4.4,单人足疗保健4选1套餐,38,384
郑远元专业修脚房（足道）（新兴路店）,和平区,鞍山道沿线,3.5,单人足疗保健4选1套餐,38,384
郑远元专业修脚房（昆明路店）,和平区,西康路沿线,4.0,单人足疗保健4选1套餐,38,384
鑫鼎养生会馆（卫津路店）,和平区,和平区,5.0,单人足疗全身按摩套餐,98,207
玉水恩按摩养生馆,和平区,小白楼,4.8,单人全身穴位保健调理套餐,58,146
净言养生堂,和平区,西康路沿线,4.7,单人净言特惠套餐,108,145
薰衣草足浴养生馆,和平区,南市,3.9,单人养身套餐,49,142
郑氏修脚足疗房,和平区,南市,4.9,单人足底按摩+修脚套餐,32,124
聚江南足道会馆（南市店）,和平区,南市,5.0,单人江南足道套餐,158,118
步步安康修脚（南京路店）,和平区,鞍山道沿线,4.7,单人修脚套餐,19.9,112
手e推拿,和平区,滨江道,4.7,全身推拿项目1次,158,89
天天足道（西康路店）,和平区,鞍山道沿线,4.2,天天足道单人足疗70分钟套餐,78,53
都仕雅阁男士健康养生机构（和平店）,和平区,和平区,4.6,单人全身经络调理套餐,228,44
中医推拿整脊,和平区,五大道,4.8,单人中式推拿局部套餐,48,33
福泰温泉洗浴汗蒸会馆,和平区,五大道,5.0,单人冬季养生洗浴汗蒸套餐,98,29
优优足浴会馆,和平区,南市,4.6,单人足疗+全身按摩套餐,99,24
爱生堂中医艾灸养生馆,和平区,鞍山道沿线,4.1,单人全身推拿1次,78,20
利楽养生馆,和平区,滨江道,4.7,单人精油开背套餐,58,19
脉道男士养生会所,和平区,鞍山道沿线,3.5,脉道全身spa,398,18
姿美养生足道,和平区,南市,3.5,单人中式全身按摩足疗套餐,88,15
灸元养生,和平区,滨江道,4.0,单人超值艾灸养生套餐,195,15
明富轩养生馆,和平区,鞍山道沿线,3.5,单人养生SPA套餐,268,14
众之道自然健康养生连锁机构（电台道店）,和平区,鞍山道沿线,4.7,一统天下,298,11
世纪良子足道,和平区,西康路沿线,3.5,单人养生保健套餐,108,12
祥云阁足道会馆,和平区,南市,4.7,单人养生足道护理套餐,128,8
世回国堂国学文化养生馆,和平区,鞍山道沿线,5.0,单人古法艾灸调理,118,5
家富富侨（荣业大街店）,和平区,南市,4.1,单人足浴套餐,126,4
戚氏正骨推拿,和平区,鞍山道沿线,4.6,刮痧,18.8,4
蒲善堂康复调理中心,和平区,南市,4.0,指锥三正全身调理体验套餐,99,3
一熏蒸馆,和平区,和平路,3.0,半身熏蒸套餐[复制],38,2
古都按摩,和平区,滨江道,4.0,单人拔罐套餐（15分钟）,30,2
益洁堂,和平区,和平路,3.5,单人养生保健套餐,78,2
巴马瑶寨养生,和平区,五大道,3.5,单人颈肩腰调理1次,78,2
般若无苦健康养生,和平区,南市,4.0,般若中式热敷,12,1
扬州修脚（和平店）,和平区,鞍山道沿线,4.1,单人修脚足疗套餐,100,1
东方男子SPA养生保健按摩会馆,和平区,滨江道,3.0,单人全身SPA套餐,398,1
华康盲人按摩,和平区,滨江道,5.0,单人推经络,120,1
君尚中医养生堂,和平区,西康路沿线,4.2,单人单项颈腰椎正骨按摩1次,98,1
原脉中医养生,和平区,鞍山道沿线,4.0,单人熏蒸+拔罐+泥灸,128,0
THAIFE·泰菲（常德道店）,和平区,五大道,5.0,单人美肤全身精油套餐,638,0
香一莲花,和平区,南市,3.5,单人足疗+全身推拿,98,0
THAIFE·泰菲（电台道店）,和平区,鞍山道沿线,5.0,单人美肤全身精油套餐,638,0
大都会spa养生会所,和平区,南市,3.5,单人养生套餐,118,0
卡尔顿商务养生会馆,和平区,小白楼,3.5,单人保健套餐,298,0
洋铭SPA养生会馆,和平区,南市,3.5,单人精品水晶足疗套餐,64,0
北派修脚店（芥园道店）,红桥区,芥园道/复兴路,5.0,单人精品修脚1次,29.8,5220
良子足疗（泛洋大厦店）,红桥区,丁字沽,5.0,单人太极养生按摩套餐,118,1945
懿舫足道会馆,红桥区,天津西站/欧亚达,4.9,单人养生足道套餐,149,696
爱尚足道,红桥区,水木天成,4.7,单人足疗+中式保健套餐,78,454
郑远元专业修脚房（龙禧园店）,红桥区,邵公庄/创意街,4.5,单人足疗保健4选1套餐,38,384
郑远元专业修脚房（足道）（芥园道店）,红桥区,芥园道/复兴路,3.5,单人足疗保健4选1套餐,38,384
郑远元专业修脚房（足道）（洪湖里店）,红桥区,红桥区,4.0,单人足疗保健4选1套餐,38,384
御香缘足道,红桥区,芥园道/复兴路,5.0,单人足疗保健套餐,98,373
尚足莲品养生会所,红桥区,芥园道/复兴路,5.0,单人足疗+全身按摩预约套餐,98,230
华子足道,红桥区,凯莱赛/西沽,5.0,单人全身按摩+足疗套餐,78,169
御足阁足道,红桥区,大胡同/天津之眼,4.1,御足阁足疗（1）,49,156
幸福佳足,红桥区,邵公庄/创意街,4.5,单人养生特级足疗套餐,178,114
哈霓足道休闲会馆,红桥区,芥园道/复兴路,3.9,单人养生套餐二,89,97
贵华修脚,红桥区,丁字沽,4.0,单人贵华修脚护理套餐,28,89
心满益足养生馆,红桥区,丁字沽,4.5,足疗按摩套票,68,80
@浴足坊,红桥区,邵公庄/创意街,4.2,单人养生足道A套餐,50,63
彭世修脚（米兰弘丽园店）,红桥区,芥园道/复兴路,4.6,单人足疗+修脚套餐,49.9,38
浣溪纱足道养生会馆,红桥区,大胡同/天津之眼,4.5,单人养生足道套餐,158,34
知足堂（芥园道店）,红桥区,芥园道/复兴路,4.0,单人经典足疗套餐,96,15
元气堂养生会馆,红桥区,丁字沽,4.5,单人足疗按摩D套餐,158,13
津康专业盲人按摩（红桥店）,红桥区,本溪路,5.0,单人刮痧/拔罐/走罐3选1,18.9,11
向往的生活健康养生塑形馆,红桥区,大胡同/天津之眼,5.0,单人精油开背,59.9,5
金满楼足道,红桥区,芥园道/复兴路,3.5,单人精品足浴,55,5
康隆经络调理康复中心,红桥区,红桥区,4.0,单人颈、肩、腰、膝四选一调理,68,3
隐逸SPA（泛太平洋店）,红桥区,大胡同/天津之眼,5.0,单人背部经络调理,228,3
溪铭煊足道,红桥区,邵公庄/创意街,4.0,单人脏腑推拿养生套餐,108,3
捻捻保健服务有限公司,红桥区,大胡同/天津之眼,3.5,单人深度艾灸+经络推拿1次,35,0
华夏良子（永安大厦店）,河西区,永安道,5.0,代金券,75,11170
红酥手足道会馆（太湖路店）,河西区,尖山,5.0,单人养生保健套餐,108,6694
北派修脚（围堤道店）,河西区,越秀路,5.0,单人精品修脚1次,29.8,5220
北派修脚（黑牛城道店）,河西区,宾西,5.0,单人精品修脚1次,29.8,5220
金鼎洗浴,河西区,体院北,5.0,单人温泉洗浴1次,6.9,3332
禅林阁足道养生会馆（水岸公馆店）,河西区,梅江会展中心,5.0,单人养生足疗套餐,78,3156
鑫鼎养生会馆（总店）,河西区,南楼,5.0,单人足疗全身按摩套餐,98,2192
孙家班足道·香道·茶道,河西区,梅江会展中心,5.0,单人孙家班特色足道调理套餐,128,1564
家富富侨（天津总店）,河西区,尖山,5.0,单人精品浴足套餐,198,1215
名扬轩足道（绍兴道店）,河西区,图书大厦,4.5,单人足疗+保健套餐,119,706
张氏盲人推拿按摩中心,河西区,梅江,5.0,全身专业推拿按摩套餐,83,475
木易百年中医养生馆（河西店）,河西区,永安道,4.7,木易超值单人刮痧调理套餐,68,439
郑远元专业修脚房,河西区,永安道,4.4,单人足疗保健4选1套餐,38,384
郑远元专业修脚房（利民道店）,河西区,越秀路,4.0,单人足疗保健4选1套餐,38,384
津门鸿足道养生会馆,河西区,河西区,5.0,单人足疗保健套餐,110,379
名扬轩足道会所（梅江店）,河西区,梅江,5.0,单人足疗+保健,119,372
正生源,河西区,永安道,4.3,单人高级经典足道套餐,138,352
益康盲人按摩推拿中心（瑞江二店）,河西区,梅江,5.0,单人全身按摩套餐,55,345
香水健身,河西区,梅江,4.0,全身按摩+足疗,98,25
康杰养生足道会馆,河西区,土城,4.5,足疗养生+全身按摩（单人）,88,25
玉清池修脚店,河西区,宾西,4.5,单人修脚+刮脚套餐,25.9,22
张鹏中医整脊中心,河西区,体院北,3.5,经典推拿整脊,40,22
尚英足疗养生会馆,河西区,河西区,4.0,苗族足疗+中式保健+采耳,99,22
福芝林中医养生馆,河西区,梅江,4.2,单人刮痧+拔罐,29.9,21
龙逸足道,河西区,体院北,5.0,单人足疗+保健+精油开背+踩耳,100,20
小海地睿福园盲人按摩,河西区,河西区,4.8,单人女士专享套餐,78,19
健益康健身中心,河西区,河西区,3.5,单人中式按摩+足疗,78,14
富足堂修脚坊,河西区,宾西,3.5,单人精品足疗套餐,30,13
金山盲人按摩,河西区,体院北,4.7,单人重点部位调理,29,12
足乐堂休闲会馆,河西区,体院北,3.4,单人逍遥spa1次,178,12
繁花足道休闲会馆,河西区,梅江,4.1,繁花尊享足道,128,12
中医推拿,河西区,下瓦房,3.5,单人拔罐,10,11
今缘盲人按摩,河西区,梅江,4.1,单人全身经络调理+拔罐,68,11
宝生阁足道会所（旗舰店）,河西区,南楼,5.0,单人养生足道套餐,168,9
香臆阁推拿,河西区,河西区,4.1,单人颈部、背部至小腿推拿,50,9
水仙阁足道会所,河西区,河西区,4.4,足疗+全身按摩套餐,138,9
刘佩盲人按摩中心,河西区,河西区,5.0,单人中式部位按摩+足疗,65,9
世龙世家灰指甲手足健康,河西区,挂甲寺,4.0,单人足部护理修脚,29.8,7
涵曦LATOJA天津旗舰店（梅江店）,河西区,南楼,4.8,拔罐,30,8
上古易道（珠江道店）,河西区,河西区,4.5,上古足道单人足疗全身按摩套餐,158,7
小乌鸦养生足道,河西区,梅江会展中心,5.0,足疗+全身按摩,79,7
香柏木酵素浴spa养生馆（梅江店）,河西区,梅江会展中心,3.0,单人酵素浴体验1次,38,6
郑远元专业修脚房（足道）,河西区,体院北,4.0,草本足疗套餐,30,6
鑫缘盲人按摩,河西区,宾西,4.5,单人足疗按摩套餐,35,6
以夫之名男士spa养生美容（瑞江店）,河西区,梅江,4.0,单人养生套餐,398,5
伊莎菲雅养生会馆,河西区,梅江,3.5,单人背部经络疏通套餐,198,5
田园风spa,河西区,梅江,3.5,单人全身护理Spa,168,4
伊俐媛养生足道会馆,河西区,南楼,5.0,古法艾草养生套餐,99,4
益足康修脚堂,河西区,梅江,4.1,单人益足康修脚套餐,58,4
乐宾足道会馆,河西区,尖山,3.7,养生套餐,145,4
森林养生馆（宜人足道）,河西区,宾西,4.0,单人养生足疗套餐,109,4
腾云轩足道养生会馆,河西区,梅江,3.7,单人足疗+精油开背+肠胃调理套餐,148,3
永辉足道会馆,河西区,越秀路,3.5,单人足底反射保健套餐,69,3
香柏木酵素浴spa养生馆（大润发）,河西区,体院北,3.5,单人酵素浴体验1次,38,3
圣泉名都足道会馆,河西区,梅江会展中心,3.5,单人特级足浴套餐,158,3
正康盲人按摩中心（第六田园店）,河西区,梅江,4.0,单人足疗加全身按摩,153,2
康怡盲人按摩,河西区,越秀路,4.1,单人1小时足疗按摩套餐,59,2
助康中医小儿推拿按摩馆（河西店）,河西区,尖山,5.0,单人全身推拿,138,2
鑫泰盲人按摩中心,河西区,宾西,3.7,单人颈肩背或腰腿或膝关节调理,43,2
易行天下足道会馆,河西区,河西区,5.0,单人中式推拿套餐,158,2
康灸盲人按摩,河西区,土城,4.8,单人节气养生灸/脏腑调理灸2选1,25,2
ZEN养生足道SPA会馆,河西区,宾西,3.0,单人调理经络梳理,298,2
泰脊理疗养生会馆,河西区,梅江,3.5,单人正脊+经络+气血调理套餐,89,1
皇佳汇阁养生会所梅江店,河西区,梅江,4.8,单人全身护理SPA,198,2
菲月酸碱平衡养生馆,河西区,河西区,4.0,单人超值套餐6选2,98,1
益康源足疗,河西区,河西区,3.5,单人休闲按摩套餐,58,1
水一方美容养生馆,河西区,河西区,3.5,单人暖宫坐熏套餐,48,1
东方之谜连锁男士spa（河西店）,河西区,河西区,3.5,单人奇幻SPA套餐,559,0
禅易中医养生,河西区,梅江会展中心,4.0,单人禅易舒缓精油SPA套餐,298,0
鼎艾健康堂,河西区,梅江,4.0,单人经络通好睡眠套餐,298,0
道熹SPA健康管理中心,河西区,图书大厦,4.0,单人小蛮腰瘦身管理,198,0
百合足道,河西区,梅江,3.0,单人足疗养生套餐,308,0
诚艾堂中医养生艾灸,河西区,宾西,3.5,单人春季养生生物电透皮方法+艾灸套餐,165,0
金梧桐休闲馆,河西区,土城,3.5,单人超负荷调理,88,0
丁午阁足底按摩,河西区,河西区,3.5,单人躯干按摩,30,0
御品轩养生馆,河西区,体院北,3.5,单人足疗保健套餐,158,0
beilisima健康SPA,河西区,体院北,3.5,单人360全身净排SPA调理套餐,198,0
足艺轩足道,河西区,体院北,3.5,单人专业足疗+中式按摩,88,0
宋氏推拿养生馆,河西区,梅江,3.5,单人正骨共振按摩套餐,188,0
沐青足道spa会所,河西区,宾西,3.5,单人休闲放松梳理,68,0
艾芝堂艾灸推拿（华夏未来店）,河西区,体院北,4.0,单人艾芝堂祛斑瘦身灸1次,199,0
北派修脚（万达店）,河东区,河东万达广场,5.0,单人精品修脚1次,29.8,5220
北派修脚店（津塘路店）,河东区,中山门,5.0,单人精品修脚1次,29.8,5220
鸥迪良子足道,河东区,河东区,5.0,单人鸥迪足道套餐,59,3538
紫金湾足摩健康会馆（河东店）,河东区,天津站后广场,5.0,单人紫金足道套餐,168,1274
聚锦缘沐足阁,河东区,河东区,3.9,单人足道保健套餐,79,1255
大金沙足道,河东区,河东万达广场,4.3,单人足疗1次,68,1098
良子足疗（中山门店）,河东区,中山门,4.9,单人全身按摩套餐,108,594
妙手堂盲人按摩（二分店）,河东区,万新村,5.0,单人足疗+修脚+按摩套餐,40,544
云仙阁足道养生会馆（河东店）,河东区,大王庄,5.0,单人特级足疗套餐,158,500
水云仙养生足道会所,河东区,大王庄,5.0,单人特级足道养生套餐,168,489
李氏中医按摩,河东区,大直沽,5.0,单人局部推拿+拔罐1次,29,458
颈肩腰腿康复,河东区,大直沽,4.0,单人局部推拿+拔罐1次,29,458
木易百年中医养生馆（河东店）,河东区,天津站后广场,5.0,木易超值单人刮痧调理套餐,68,439
水一方足道（懿德园店）,河东区,河东万达广场,5.0,单人精品养生足疗套餐,109,415
彭之道足浴养生馆,河东区,万新村,3.5,单人精品养生足疗套餐,109,415
球龙足道,河东区,工业大学,4.8,单人足道套餐,128,386
郑远元专业修脚房（中山门二 号路店）,河东区,中山门,3.5,单人足疗保健4选1套餐,38,384
金益康养生（大直沽西路店）,河东区,大直沽,4.0,健康养生调理套餐,199,0
良子足道（中山路店）,河北区,中山路,5.0,单人足道养生足疗套餐,89,23295
北派修脚（金钟河店）,河北区,金钟河大街,5.0,单人精品修脚1次,29.8,5220
北派修脚店（养鱼池路店）,河北区,王串场/民权门,5.0,单人精品修脚1次,29.8,5220
北派修脚（红星路店）,河北区,王串场/民权门,5.0,单人精品修脚1次,29.8,5220
澜澳会馆,河北区,天泰路/榆关道,5.0,单人澜澳精品足疗套餐,88,1405
津都紫华养生足道会馆,河北区,天泰路/榆关道,5.0,单人精品足道套餐,118,885
云仙阁足道养生会馆（河北店）,河北区,王串场/民权门,5.0,单人特级足疗套餐,158,861
良子足道会馆（建国道店）,河北区,意大利风情区/火车站,4.0,良子单人足疗按摩,78,835
千里足底按摩中心,河北区,狮子林大街,5.0,精品足疗按摩套餐1次,56,710
今雨轩养生足道,河北区,中山路,5.0,单人特级足道套餐,158,674
水韵堂足道,河北区,天泰路/榆关道,5.0,单人御尊足道套餐,158,567
聚江南足道会馆（河北店）,河北区,意大利风情区/火车站,4.7,单人江南足道套餐,138,517
郑远元专业修脚房（津围路店）,河北区,天泰路/榆关道,4.0,单人足疗保健4选1套餐,38,384
郑远元专业修脚房（足道）（胜利路）,河北区,意大利风情区/火车站,4.0,单人足疗保健4选1套餐,38,384
郑远元专业修脚房（富强道店）,河北区,王串场/民权门,4.7,单人足疗保健4选1套餐,38,384
郑远元专业修脚房（金钟路店）,河北区,中山路,4.0,单人足疗保健4选1套餐,38,384
郑远元专业修脚房（黄纬路）,河北区,中山路,4.2,单人足疗保健4选1套餐,38,384
禅道会馆,河北区,中山路,4.7,单人禅道会馆高级养生足道套餐,168,302
康源盲人按摩,河北区,王串场/民权门,4.0,单人中式全身+足疗按摩1次,98,2
馨宜足道养生馆,河北区,金钟河大街,4.1,单人足疗+中式按摩套餐,88,2
益洁堂,河北区,中山路,4.0,单人足疗套餐,66,2
良子足道356连锁店（金钟河大街店）,河北区,金钟河大街,5.0,单人宫廷双技师足道,248,2
赵姐养生馆,河北区,中山路,4.0,单人足疗+中式按摩套餐,98,1
梵医馆spa逆龄养生会所,河北区,王串场/民权门,3.0,单人高端spa,468,1
万明盲人按摩中心（一店）,河北区,中山路,4.6,单人中式足疗,65,1
沐涵足底按摩中心,河北区,中山路,3.0,单人红酒SPA,208,1
扬州修脚会所,河北区,意大利风情区/火车站,3.0,单人足疗,39,0
康达健足（滨海道店）,河北区,意大利风情区/火车站,3.5,刮痧一次,30,0
康达健足（平安街店）,河北区,意大利风情区/火车站,4.0,刮痧一次,30,0
御鑫阁足道会馆,北辰区,北辰区,5.0,单人御鑫经典套餐,98,694
儒圣堂足道会馆,北辰区,北辰区,4.9,单人休闲足道套餐,88,392
紫水木-老巷子采耳店,北辰区,北辰区,5.0,单人采耳套餐,58,147
紫竹会馆,北辰区,北辰区,4.8,专业足疗（40分钟）+中式按摩（50分钟）,108,136
贵华修脚,北辰区,北辰区,4.1,单人贵华修脚护理套餐,28,89
御龙轩足道休闲会所,北辰区,北辰区,4.1,单人经典养生套餐,159,80
养心堂中医养生馆,北辰区,西横堤/瑞景新天地,5.0,单人刮痧/拔罐2选1,32.8,66
紫水木-良子足道,北辰区,北辰区,5.0,单人尊享套餐,168,49
鑫红养生馆（北辰店）,北辰区,北辰区,4.7,单人刮痧/拔罐2选1,29.8,23
舒馨堂养生spa馆,北辰区,北辰区,4.0,单人臻品全身SPA套餐,398,19
圣柏雅足道会馆,北辰区,北辰区,5.0,单人足疗+保健+（采耳/拔罐/刮痧/按摩4选1）,98,15
康瑞轩足道会馆,北辰区,西横堤/瑞景新天地,3.5,单人经典足道套餐,108,14
腾云阁足道,北辰区,北辰区,3.9,单人解压SPA套餐,208,6
步步安康修脚堂（北辰店）,北辰区,北辰区,4.0,单人足疗＋按摩套餐,68,2
美缔可韩式美容店,北辰区,北辰区,3.5,单人保健养生（精油刮痧+拔罐=2选一）,15,0
千里行足疗养生会馆,东丽区,东丽区,3.9,单人spa套餐,168,0
爱养生修脚会所,东丽区,东丽开发区,3.5,单人足部护理套餐,30,0
盛贵源足道商务会馆,西青区,西青区,5.0,单人保健足道,113,3975
禅林阁足道养生会馆（富力津门湖店）,西青区,西青区,5.0,单人禅式足道1次,138,387
津城足疗馆,西青区,西青区,5.0,单人尊享浴足套餐,108,383
郑远元专业修脚房（迎水道店）,西青区,西青区,4.0,单人足疗保健4选1套餐,38,384
郑远元专业修脚房（足道）（杨柳青店）,西青区,西青区,5.0,单人足疗保健4选1套餐,38,384
郑远元专业秀脚房（足道）（中北镇店）,西青区,西青区,5.0,单人足疗保健4选1套餐,38,384
盛唐养生会馆,西青区,西青区,5.0,单人通络养生足道,138,314
御和园足道养生会所,西青区,西青区,5.0,单人特级足道套餐,168,309
华夏红娘子养生馆,西青区,西青区,5.0,单人全身牛奶Spa水疗套餐,198,273
奇境森林主题水疗会馆,西青区,西青区,4.5,单人疯狂的石头暖身套餐,99,213
御足轩足道养生会馆,西青区,西青区,5.0,单人精品足疗,115,202
盛唐鑫养生会馆,西青区,西青区,4.8,单人休闲足疗套餐,118,184
静轩堂艾灸养生会馆（中北店）,西青区,西青区,3.9,单人艾灸养生套餐,48,114
红红足道,西青区,西青区,3.8,单人足疗套餐,99,111
尚御阁足疗汗蒸养生会馆,西青区,西青区,4.7,单人汗蒸,16,105
博豪禅修养生馆,西青区,西青区,4.7,单人全季养生足疗套餐,28,105
友名筋骨按摩（杨柳青店）,西青区,西青区,5.0,单人拔罐1次,15,93
友名筋骨推拿（友名筋骨推拿中北镇店）,西青区,西青区,4.0,单人拔罐1次,15,93
友名筋骨推拿（友名筋骨推拿景园店）,西青区,西青区,3.0,单人拔罐1次,15,93
善缘堂养生会所,西青区,西青区,5.0,单人拔罐/刮痧2选1,29.8,77
大明按摩诊所（美域豪庭店）,西青区,西青区,3.5,单人脊椎推拿调理套餐（全身按摩+足疗）,98,0
SC香港形色美妆造型连锁,武清区,中信广场,3.8,单人足部三项套餐,30,0
华蒸天下电气石能量养生馆（静海店）,静海区,静海县城,4.2,单人全身按摩+足疗+精油推背+经络刮痧+拔罐,99,0
重富庆侨足道（宝坻店）,宝坻区,宝坻区,4.7,单人精品套餐,118,341
木易百年（舒雅瘦身店）,宝坻区,宝坻区,3.5,单人森林雅舍美容院调理套餐,38,186
御龙湾养生会馆,宝坻区,宝坻区,4.0,单人养生足疗,88,35
益德中医门诊部,宝坻区,宝坻区,3.5,单人艾灸养生套餐,128,0
