﻿商家,区域,商圈,星级,服务,价格,销量
洪庄SPA美肤庄园（吕厝店）,思明区,松柏,3.8,休闲护理套餐,59,925
洪庄SPA美肤庄园（前埔店）,思明区,加州商业广场,3.8,休闲护理套餐,59,925
润足坊足浴（莲花旗舰店）,思明区,松柏,5.0,单人润足小钟＋净桑套餐,128,909
贵足缘足浴（中山路步行街店）,思明区,中山路/轮渡,5.0,单人特惠按摩足浴套餐,68,843
大脚丫文创养生（原羽东亭）,思明区,文灶/火车站,4.4,单人艾足浴,108,829
金瀚淋养生馆,思明区,火车站,4.8,单人至煌尊养生SPA套餐,268,820
世纪阳光（禾祥店）,思明区,思明区,5.0,单人太极油压(大) + 托玛琳汗蒸+自助餐,301,762
德颐堂推拿艾灸馆（故宫店）,思明区,思明区,4.8,单人资深推拿+磁石热敷,108,760
德颐堂推拿艾灸馆（滨北店）,思明区,滨北,4.8,单人资深推拿+磁石热敷,108,760
五行堂足疗推拿,思明区,加州商业广场,5.0,舒适足浴单人套餐,59,707
尚足坊足浴（中山路步行街）,思明区,中山路/轮渡,5.0,单人养生足浴套餐,68,693
精品足道足浴店（中山路步行街店）,思明区,中山路/轮渡,5.0,单人特惠足浴按摩,68,557
春和延足浴休闲会所,思明区,莲花,4.0,单人芳香奢享套餐,268,482
贵足足浴（中山路步行街店）,思明区,中山路/轮渡,5.0,单人精品足浴套餐,108,456
鑫金海岸盲人按摩,思明区,莲花,5.0,单人舒心套餐,63,405
荒漠甘泉盲人推拿,思明区,思北路口,5.0,单人专业推拿,66,394
明发园社区美容养生馆,思明区,前埔,5.0,单人艾灸、刮痧、拔罐套餐,38,384
人生富足（中山路步行街店）,思明区,中山路/轮渡,5.0,单人鱼疗套餐,19.9,362
鑫足缘,思明区,明发商业广场,5.0,单人足疗套餐,58,339
艾立健经络养生,思明区,加州商业广场,5.0,拔罐/刮痧,28,310
众恩中医艾灸馆（金榜店）,思明区,文灶/火车站,5.0,单人综合套餐,128,276
如生足浴健康养生会所（金榜店）,思明区,罗宾森广场,5.0,单人经络油压,229,262
亚健康调理,思明区,加州商业广场,5.0,单人特色全身经络调理套餐,128,259
舒康汗蒸时代,思明区,明发商业广场,5.0,单人汗蒸推拿套餐,168,244
时代脚吧,思明区,思明区,4.6,经典足浴套餐,48,234
山水足浴,思明区,思明区,4.8,经典足浴套餐,58,232
鑫淼房汗蒸馆,思明区,火车站,5.0,单人汗蒸,29.9,218
明心堂养生文化中心,思明区,前埔,4.0,单人明心开背/推拿套餐,269,178
安然纳米汗蒸养生馆（东浦店）,思明区,火车站,5.0,体验单人汗蒸,19.9,165
祖慈肩颈（前埔店）,思明区,前埔,4.0,单人祖慈六法调理服务套餐,198,156
祖慈肩颈（卧龙店）,思明区,莲前西路,3.5,单人祖慈六法调理服务套餐,198,156
祖慈肩颈（会展店）,思明区,会展中心,3.0,单人祖慈六法调理服务套餐,198,156
祖慈肩颈（二市店）,思明区,思明区,3.5,单人祖慈六法调理服务套餐,198,156
伊人坊spa,思明区,新景中心,4.9,单人拔罐+艾灸,38,153
幽兰意境专业男士女子SPA,思明区,前埔,4.4,单人般若养生SPA,338,152
鹭江宾馆商务休闲会所,思明区,中山路/轮渡,4.8,单人足疗1次,89,153
好心情上门服务按摩理疗中心,思明区,罗宾森广场,4.2,单人spa套餐,198,41
百泰推拿,思明区,卧龙晓城,4.4,单人拔罐,20,38
丽颜塘上門舒压理疗中心（莲坂店）,思明区,卧龙晓城,4.7,丽颜塘SPA,258,35
丽颜塘上門舒压理疗中心（中山路店）,思明区,思明区,4.6,丽颜塘SPA,258,35
丽颜塘上門舒压理疗中心（松柏店）,思明区,体育中心,3.5,丽颜塘SPA,258,35
五悦SPA护理理疗中心（轮渡店）,思明区,思明区,4.7,代金券,9.9,32
禅一味中医养生馆,思明区,中山路/轮渡,5.0,禅式舒身推拿+拔罐套餐,68,31
小雅上门护理理疗中心（莲坂店）,思明区,莲坂国贸,4.0,单人spa套餐,218,30
小雅上门护理理疗中心,思明区,瑞景商业广场,4.6,单人spa套餐,218,30
小雅上门护理理疗中心（鸿昇大厦店）,思明区,思北路口,4.0,单人spa套餐,218,30
古城东路足浴店,思明区,思明区,4.2,单人经典足浴套餐,48,29
康瑞堂养生馆,思明区,南湖公园,4.8,中式推拿,68,28
鲲达保健,思明区,思明区,4.0,鲲达保健,37,27
卓玛上门服务舒压理疗中心（莲坂店）,思明区,明发商业广场,4.2,单人尊享spa护理,218,28
卓玛上门服务舒压理疗中心（滨北店）,思明区,滨北,4.0,单人尊享spa护理,218,28
卓玛上门服务舒压理疗中心（思北店）,思明区,中山路/轮渡,4.2,单人尊享spa护理,218,28
达摩养生,思明区,加州商业广场,3.5,单人全身经络调理＋颈椎达摩手法调理套餐,98,6
厦门一素一梵spa美学香舍,思明区,明发商业广场,3.5,单人日式活力再生指法1次,169,7
脉道养生堂,思明区,思明区,3.5,背部推拿套餐,69.9,6
颐聚轩中医养生,思明区,新景中心,4.1,单人艾灸调理套餐,58,5
吴师傅盲人按摩,思明区,文灶/火车站,3.5,单人推拿套餐,58,5
兰萍盲人推拿,思明区,南湖公园,4.0,精油开背,80,4
推昕堂盲人按摩,思明区,文灶/火车站,4.2,单人足浴60分钟套餐,60,3
艾医堂专业艾灸调理中心,思明区,白鹭洲公园,3.5,单人艾灸推拿套餐,148,3
芭提雅高端私人会所,思明区,思明区,3.5,芭提雅体验券,58,3
安然纳米汗蒸养生馆（岭兜一里店）,思明区,前埔,4.3,中式专业推拿(限1人使用),68,2
少阳厘正轩保健馆,思明区,松柏,3.0,刮痧套餐,28,2
松阳艾灸养生会所,思明区,思北路口,3.5,单人古法艾灸＋正骨整灸1次,90,2
足安堂,思明区,前埔,3.9,单人泡脚套餐A,35,2
韵聪盲人医疗按摩所,思明区,思明区,5.0,精油开背,98,2
山水源足浴（曾厝垵店）,思明区,曾厝垵,3.5,足浴  双人套餐,99,1
妙一馆,思明区,会展中心,3.5,单人解酒茶套餐,30,0
祖慈肩颈（湖里万达店）,湖里区,万达广场,4.0,单人祖慈六法调理服务套餐,198,156
郑远元专业修脚房（南山路店）,湖里区,湖里公园,3.9,郑远元单人舒克脚腾片,50,118
丽雅轩汗蒸美容养生会所,湖里区,金尚/祥店,5.0,单人汗蒸体验,25,118
郑远元专业修脚房（海天路322店）,湖里区,湖里步行街,4.0,郑远元单人舒克脚腾片,50,118
郑远元专业修脚房,湖里区,金尚/祥店,3.8,郑远元单人舒克脚腾片,50,118
润足坊足浴（枋湖双十店）,湖里区,枋湖,5.0,单人润足小钟套餐,138,84
禧灸堂古法温灸养生馆,湖里区,金尚/祥店,5.0,单人穴位拔罐/经络刮痧2选1,68,83
泉舜国医堂,湖里区,枋湖,3.5,养生推拿套餐,113,83
799SPA养生会所,湖里区,湖里公园,4.9,单人一步登天SPA,499,77
鑫汇堂足浴,湖里区,高崎机场,3.5,55足浴套餐,55,61
静雅康,湖里区,湖里大道,4.2,帝级尊享,188,58
指乐轩,湖里区,枋湖,3.8,指压,158,57
禾塘足坊,湖里区,湖里公园,3.6,单人康体经络指压,108,34
脊柱梳理（源昌豪庭店）,湖里区,湖里公园,4.0,单次脊柱梳理舒缓养生套餐,58,26
万佳推拿扶元肩颈,湖里区,湖里区,4.7,单人推背刮痧拔罐,68,23
巴莱湾菲式SPA,湖里区,国际邮轮中心,5.0,全身磨砂单人套餐,98,14
颐享 泰式庭院芳疗spa中心,湖里区,湖里公园,4.5,单人泰式尊享SPA组合,298,11
伊心美容养生会所,湖里区,江头,3.5,单人拔罐,18,10
玉指轩,湖里区,金山/蔡塘,3.5,单人花样年华,268,0
朗豪酒店「川」SPA,湖里区,万达广场,4.0,「川」水疗 身心之美套餐,418,0
缘和堂中医理疗馆,集美区,宁宝/杏东,4.4,推拿套餐,78,7
永德康盲人保健按摩馆,集美区,石鼓路/集美学村,5.0,盲人推拿+护理+敷方套餐,108,2
顺则昌盲人按摩,集美区,石鼓路/集美学村,5.0,单人艾灸＋推拿套餐,100,1
好轻松盲人按摩,集美区,石鼓路/集美学村,3.5,刮痧套餐,30,0
冬天阳光健康会所（冬天阳光）,同安区,汀溪,3.8,阳光足浴康乐套餐,95,724
郑远元专业修脚房（同安磐金店）,同安区,同安老城区/钟楼,5.0,郑远元专业修脚养生套餐,28,540
美痧汗蒸养生馆（禹州大学城店）,同安区,同安,5.0,单人刮痧+拔罐,45,302
小脚丫足浴,同安区,汽车站/城南/第三医院,3.8,足浴+精油开背,128,31
御指堂养生馆,同安区,汀溪,3.9,单人足浴＋推拿＋开背套餐,108,4
也猫足道,鼓浪屿,鼓浪屿,4.1,单人足疗套餐,55,46
白猫足浴,鼓浪屿,鼓浪屿,4.6,中式足疗套餐,55,43
张家鱼疗,鼓浪屿,鼓浪屿,4.5,双人行鱼疗,36.8,14
