﻿商家,区域,商圈,星级,服务,价格,销量
巴渝风足道,东湖区,东湖区,5.0,精油足疗保健,79,6996
浅深.足浴spa指压,东湖区,八一广场/省府,5.0,单人按摩套餐,290,5650
杨家将养生足道（叠山路店）,东湖区,叠山路,5.0,单人  姜疗足道    套餐,108,2585
七星商务酒店（足疗按摩）,东湖区,八一广场/省府,5.0,足疗全套,78,2296
巴渝风足道,东湖区,八一广场/省府,5.0,单人影院足道,129,745
扶元中医推拿,东湖区,青山路沿线,5.0,单人精油开背/经络推拿2选1,69,700
方强馆按摩足疗,东湖区,八一广场/省府,5.0,足浴按摩二选一,55,551
康健盲人按摩,东湖区,叠山路,4.6,中式推拿套餐,49.9,356
水雲都养生会所,东湖区,东湖区,5.0,单人尊享按摩套餐,268,336
豪庭足浴按摩会所,东湖区,叠山路,5.0,单人韩式指压高端按摩套餐,298,296
嘉泰盲人按摩（三经路店）,东湖区,东湖区,5.0,中式推拿+草本热敷,39.9,212
北京同仁堂,东湖区,叠山路,5.0,背部砭石刮痧+拔罐单,68,211
七星官邸·足浴SPA指压,东湖区,八一广场/省府,5.0,七星推拿,128,194
真逸堂（南京西路店）,东湖区,八一广场/省府,4.4,单人A套餐/B套餐2选1,78,150
天力足浴休闲会所,东湖区,东湖区,4.8,单人普通足浴,68,134
申元方天足浴城,东湖区,叠山路,3.9,尊享养生套系（单人）,158,116
一指禅推拿馆,东湖区,东湖区,5.0,单人推拿/足浴2选1套餐,49,116
江中推拿艾灸馆,东湖区,东湖区,4.8,单人拔罐一次,20,112
姜疗瑜珈推拿馆,东湖区,叠山路,4.8,单人推拿,78,89
正和堂艾灸养生,东湖区,八一广场/省府,4.8,单人芬香精油放松套餐,48,73
医健盲人按摩院（怡园总店）,青山湖区,联泰香域,5.0,单人护理项目2选1,48,8066
医健盲人按摩院（凤凰分店）,青山湖区,凤凰家园,5.0,单人护理项目2选1,48,8066
医健盲人按摩院（金融大街店）,青山湖区,红谷世纪,5.0,单人护理项目2选1,48,8066
圣天元盲人健康推拿馆（红谷滩分店）,青山湖区,名门世家,5.0,单人专业推拿/专业足疗2选1,49.8,4335
皇家君悦养生会所,青山湖区,名门世家,5.0,单人古典足浴,68,4334
格调足浴按摩SPA养生会所（梦时代店）,青山湖区,北京东路,4.9,单人按摩1次,280,4098
君道泉足浴养生SPA,青山湖区,上海路,5.0,单人精品足道,108,3157
大汉御足（高新店）,青山湖区,北京东路,5.0,单人尊品足道,116,3134
天之道足浴（总店）,青山湖区,秋水广场,5.0,尊品单人足浴,178,2683
秦宫足浴按摩会所,青山湖区,世茂广场,4.6,单人按摩1次,290,2668
闲疗堂中医理疗馆（世茂天城店）,青山湖区,世茂广场,5.0,基础推拿+刮痧+拔罐套餐,22,2646
天泽缘足道千年店,青山湖区,北京东路,4.9,单人足疗套餐,72,2555
金海湾足疗会所,青山湖区,京东大道,5.0,单人养生按摩套餐,268,1713
富鼎浅水湾足道,青山湖区,万达广场,5.0,单人标准足浴,69,1546
圣康盲人按摩（下罗店）,青山湖区,下罗,5.0,单人两小时盲人推拿套餐,89.9,1518
鑫源盲人按摩,青山湖区,北京东路,5.0,单人中式足疗或中式按摩2选1,54.9,1506
杨家将足道（红谷滩店）,青山湖区,红谷世纪,4.8,单人姜疗足道,118,1242
扬州专业修脚,青山湖区,红谷凯旋,5.0,单人修脚护理套餐,26.8,1040
君悦凯旋养生会所,青山湖区,红谷凯旋,5.0,单人泰式按摩套餐,138,946
牛牛盲人按摩,青山湖区,红谷世纪,5.0,单人火罐全套,62,945
足鼎王养生足浴（红谷滩精品店）,青山湖区,联发天虹,5.0,单人古法足道,118,840
家富富侨,青山湖区,南昌大学,5.0,标准单人足浴套餐,60,569
蒸情御足（顺外路店）,青山湖区,上海路,4.2,单人踩运足灸,50,505
万水千山足道养生会所（北京东路店）,青山湖区,北京东路,3.6,单人万水尊品足道1次,108,499
足鼎王养生足浴（北京东路店）,青山湖区,北京东路,5.0,单人  能·量 足浴  套餐（全面升级）,148,487
浪琴湾足浴会所,青山湖区,北京东路,3.7,单人经典泰式按摩,88,469
扶阳养生馆,青山湖区,南昌大学,4.2,单人扶阳养生套餐,48,448
贵足足浴（上海南路店）,青山湖区,上海路,4.4,足浴按摩,88,442
祖慈肩颈（凯旋店）,青山湖区,红谷凯旋,4.2,单人祖慈肩颈六法护理,99,430
祖慈肩颈（万达店）,青山湖区,万达广场,4.6,单人祖慈肩颈六法护理,99,430
静康盲人按摩,青山湖区,京东大道,4.8,单人推拿1次（60分钟）,48.8,349
名都养生会所,青山湖区,京东大道,4.0,单人尊品足浴1次（80分钟）,78,338
舒康盲人按摩,青山湖区,青山湖区,5.0,单人推拿拔罐套餐,53,340
方强馆按摩足疗（南京东路店）,青山湖区,南昌大学,5.0,单人高级全身按摩,75,335
逸足堂（上海路店）,青山湖区,上海路,5.0,单人足疗1次,45,331
舒元堂推拿馆,青山湖区,世茂广场,5.0,单人拔罐、刮痧二选一,20,294
香香推拿馆,青山湖区,南京东路,5.0,全息经络调理1次,68,286
神龙宫足道养生会所,青山湖区,青山湖区,4.6,单人养生足浴1次（70分钟）,68,256
杨家将足道养生会所（翠苑路店）,青山湖区,卫东花园,4.3,单人精品足浴,128,241
踏浪沐足城,青山湖区,红谷世纪,4.8,单人养生足浴+送修脚,69,231
华康盲人按摩,青山湖区,京东大道,5.0,全身推拿,49.9,224
锦玉足疗养生会所,青山湖区,北京东路,4.3,单人锦玉港式指压推油,258,220
大江萍子足浴,青山湖区,下罗,5.0,单人足浴按摩套餐,168,204
萍子休闲,青山湖区,青山湖区,3.7,单人足浴按摩套餐,168,204
龙尊168足浴按摩养生会所,青山湖区,南昌大学,3.5,单人龙尊尊享套餐,278,184
金玛年代足道会所,青山湖区,青山湖区,5.0,单人养生SPA,278,186
碧泉湾足道养生会所,青山湖区,青山湖区,5.0,单人养元足道,79,170
丰和新城经络康健康调理中心,青山湖区,铜锣湾广场,5.0,单人 刮痧/拔罐2选1惊爆价,19.9,150
汇聚盲人按摩,青山湖区,北京东路,5.0,中式全身推拿/养生足浴二选一,49,141
星光足道,青山湖区,南昌大学,3.5,单人养生足浴,68,138
上医堂·中医养生馆,青山湖区,青山湖区,5.0,单人拔罐护理,9.9,139
龙泉池养生会所,青山湖区,南昌大学,4.6,单人贵雅养生,358,135
中西益颈肩腰,青山湖区,名门世家,5.0,单人颈肩腰精准靶向养护调理,78,119
熙康源中医推拿馆,青山湖区,南昌大学,4.0,单人特色拔罐1次,9.9,116
无象堂,青山湖区,红谷世纪,5.0,中华足疗,129,117
娟之秀美容养生会所,青山湖区,青山湖区,3.8,拔罐,68,102
好运城k歌足浴spa养生,青山湖区,青山湖区,4.3,单人K歌足浴,118,72
东方韵足浴养生会所,青山湖区,北京东路,4.6,单人经典御足套餐,49,64
忘不了足浴会所,青山湖区,北京东路,4.3,单人精品足浴1次（80分钟）,88,58
梦之星足浴按摩会所,青山湖区,北京东路,5.0,单人足浴套餐,58,58
艾美护肤美甲美容,青山湖区,万达广场,4.8,单人刮痧拔罐套餐,30,57
世纪风情spa足浴按摩养生会所（京东店）,青山湖区,青山湖区,3.8,单人中泰式按摩1次（送采耳）,119,56
香香推拿馆（高新店）,青山湖区,京东大道,3.5,单人中式净排推拿调理1次,88,55
绅迪699台球俱乐部,青山湖区,上海路,4.6,开业超值特惠1小时台球畅打,9.9,52
源盛堂中医养生馆,青山湖区,北京东路,5.0,单人经络祛湿罐+刮痧,29.9,45
文姐专业采耳,青山湖区,上海路,5.0,单人专业采耳+洗耳+眼  套餐,75,41
特丽塑健康管理中心,青山湖区,青山湖区,3.5,单人锗石纳米汗蒸,15,35
名扬天域足道,青山湖区,京东大道,3.7,单人标准足道,50,34
名媛足浴指压推拿按摩,青山湖区,下罗,5.0,单人养生按摩,290,30
格兰云天康体中心,青山湖区,铜锣湾广场,3.4,单人格兰云天康体中心spa套餐,338,27
千足堂足道,青山湖区,京东大道,3.7,单人木桶水疗spa1次,198,23
周天按摩,青山湖区,南昌大学,4.4,单人按摩或推油或刮痧或足疗选一赠送拔罐,48,18
过足瘾按摩中心,青山湖区,江报路,3.7,中式推拿,60,17
斯威特酒店足浴养生按摩,青山湖区,青山湖区,4.8,VIP养生SPA,358,17
金域足道,青山湖区,北京东路,3.0,金域   足部护理 + 养生汤,128,15
皇足一号养生会所,青山湖区,北京东路,3.5,单人足浴,68,9
昱荣健康理疗养生,青山湖区,名门世家,3.6,肩颈舒缓套餐,35,9
艾心灸舍,青山湖区,名门世家,4.0,艾灸,9.9,7
北极星养生会所,青山湖区,上海路,3.5,单人  尊享养生   套餐,358,5
豫章中医盲人推拿中心,青山湖区,南昌大学,3.5,单人推拿,35,5
魏氏盲人按摩馆（恒大影城店）,青山湖区,青山湖区,4.3,单人精油开背1次（60分钟）,88,5
众康盲人按摩,青山湖区,青山湖区,4.4,单人足疗,48,3
容德堂艾灸养生会所,青山湖区,青山湖区,4.0,单人腰部保养,89,3
南昌盲人按摩（熊大师连锁店）,青山湖区,青山湖区,3.5,单人基础推拿+刮痧+拔罐,68,2
清水湾足疗养生汇,青山湖区,上海路,3.5,单人清水湾尊享按摩,356,2
权健自然健康养生会所,青山湖区,青山湖区,3.5,八卦健康汗蒸,29,0
好轻松盲人按摩,青山湖区,红谷世纪,3.9,医师按摩加医师足疗套餐,118,0
今日有约足浴按摩会所（象湖金沙大道店）,南昌县,南昌县,4.5,韩式指压按摩,290,3241
明日浪莎足浴按摩会所（象湖金沙二路店）,南昌县,南昌县,4.3,韩式指压按摩,290,3241
中医养生馆,南昌县,南昌县,5.0,单人拔罐（在送30的闪罐）,19.8,2815
纯一坊养生馆,南昌县,南昌县,5.0,单人拔罐（在送30的闪罐）,19.8,2815
紫阳足道,南昌县,南昌县,4.9,单人尊品足浴1次（90分钟）,149,1626
金域足道养生汇,南昌县,南昌县,5.0,单人精品足疗1次,88,838
阿波罗足浴中心,南昌县,南昌县,4.0,单人休闲足浴,58,806
阿波罗足浴中心（保安店）,南昌县,南昌县,5.0,单人贵宾足浴,58,611
天和养生足浴象湖店（象湖店）,南昌县,南昌县,4.3,养生足浴,79,502
天外天足浴会所,南昌县,南昌县,4.2,足浴,58,411
名媛足道养生会所,南昌县,南昌县,4.4,单人足疗1次,45,331
金海湾足浴按摩养生会所,南昌县,南昌县,5.0,单人尊享按摩套餐,358,315
象湖水一方高端足浴养生会所,南昌县,南昌县,4.6,单人经典足疗套餐,79,293
谜底养生会所,南昌县,南昌县,5.0,单人尊享按摩养生,268,278
肖氏盲人按摩,南昌县,南昌县,5.0,单人拔罐／刮痧／走罐3选1,25,231
名瑞盲人按摩（八月湖店）,南昌县,南昌县,5.0,单人中式推拿套餐,46,219
永安堂盲人按摩,南昌县,南昌县,5.0,单人中式推拿加拔罐套餐,49.9,172
成功足道,南昌县,南昌县,3.6,单人成功足道,59,124
汇豪养生,南昌县,南昌县,4.3,单人 保健足浴,65,104
盛源推拿馆,南昌县,南昌县,5.0,中式推拿,46,87
后宫足浴按摩会所,南昌县,南昌县,4.8,单人养生按摩套餐,288,77
琉璃宫足浴按摩会所,南昌县,南昌县,4.0,单人高级按摩养生套餐,398,73
成功水疗公馆（汇仁阳光花园店）,南昌县,南昌县,4.4,单人沐足套餐,49,55
情園足浴养生会所,南昌县,南昌县,3.9,单人养生SPA套餐,288,46
马德里四站足浴按摩会所,南昌县,南昌县,4.3,单人经典足浴,58,38
益康盲人按摩,南昌县,南昌县,5.0,单人刮痧拔罐套餐,59.9,37
天龍会足浴养生会所,南昌县,南昌县,3.0,单人高级养生按摩,388,21
万豪足疗会,南昌县,南昌县,3.5,单人精油SPA一次,158,20
明珠风情足道按摩养生spa水疗,南昌县,南昌县,5.0,单人   精品养生   套餐,298,11
欣康健养生馆,南昌县,南昌县,3.0,单人刮痧拔罐,55,3
荣发盲人按摩店,南昌县,南昌县,3.5,推油／30分钟,60,0
传奇世缘会所,南昌县,南昌县,3.5,单人足浴套餐,58,0
圣贤堂盲人按摩,南昌县,南昌县,4.7,单人肠胃调理,55,0
医健盲人按摩院（丽景路店）,新建区,新建区,5.0,单人护理项目2选1,48,8066
云端.足浴spa指压,新建区,新建区,5.0,单人按摩套餐,290,5650
逸轩摩卡足浴养生会所,新建区,新建区,4.6,单人逸轩按摩,290,2758
闲疗堂中医理疗馆（万达星城西区店）,新建区,新建区,5.0,基础推拿+刮痧+拔罐套餐,22,2646
闲疗堂中医理疗馆（岭口路店）,新建区,新建区,5.0,基础推拿+刮痧+拔罐套餐,22,2646
闲疗堂中医理疗馆（怡园路店）,新建区,新建区,5.0,基础推拿+刮痧+拔罐套餐,22,2646
闲疗堂中医理疗馆（绿湖豪城店）,新建区,新建区,5.0,基础推拿+刮痧+拔罐套餐,22,2646
闲疗堂中医理疗馆（万达星城东区店）,新建区,新建区,5.0,基础推拿+刮痧+拔罐套餐,22,2646
圣康盲人按摩（红谷滩店）,新建区,新建区,5.0,单人两小时盲人推拿套餐,89.9,1518
润足泉足道养生会馆,新建区,新建区,5.0,单人港式足疗按摩,99,736
熊氏正宗推拿,新建区,新建区,4.9,单人熊氏正宗推拿,39,509
紫气东来足疗按摩养生会馆,新建区,新建区,5.0,单人泰式按摩套餐,108,441
祖慈肩颈（万达华府店）,新建区,新建区,4.8,单人祖慈肩颈六法护理,99,430
杨门女将足浴按摩会所,新建区,新建区,5.0,单人罗马指压按摩,288,183
赣鼎一片天足道,新建区,新建区,5.0,单人  普通   足浴 （开业体验）,98,148
根之根盲人按摩,新建区,新建区,5.0,精油开背单人套餐,48,139
六悦国际会所,新建区,新建区,3.6,单人泰式按摩,88,137
神帆金色年代足道养生会所,新建区,新建区,4.6,单人足道,83,104
安康专业修脚,新建区,新建区,4.1,单人泡脚套餐,35,99
蓝色妖姬养生会所,新建区,新建区,5.0,单人贵雅养生,278,80
聚心盲人推拿（水工路店）,新建区,新建区,4.4,单人精油开背套餐,35,72
聚心盲人推拿,新建区,新建区,5.0,单人精油开背套餐,35,72
利康盲人按摩,新建区,新建区,4.9,单人中式推拿,48,57
蓝波湾按摩会所,新建区,新建区,4.2,单人尊享养生套餐,358,53
西雅图养生会所,新建区,新建区,4.3,单人宫廷足浴,58,50
云顶天境足浴按摩,新建区,新建区,3.5,单人泰式按摩,168,45
医健小儿推拿,新建区,新建区,4.1,单人小儿推拿1次,108,42
康好旺盲人按摩店,新建区,新建区,5.0,单人泡脚套餐,49.8,38
龙凤足道,新建区,新建区,3.4,单人古典泰式,108,37
一手盲人按摩,新建区,新建区,4.5,单人中式推拿,41,35
棉柜会员纳米汗蒸美体养生馆,新建区,新建区,5.0,单人精油推拿+刮痧/拔火罐,48,33
千万回养生会所,新建区,新建区,4.0,单人   足疗   套餐,88,35
皇朝夜色足浴养生会所,新建区,新建区,4.1,单人尊享人生SPA,398,24
叮当响盲人按摩（新时代店）,新建区,新建区,4.6,单人鱼疗,20,15
今日有约养生会所,新建区,新建区,3.0,单人经典足浴,48,9
华鸿盲人推拿馆,新建区,新建区,3.0,单人中式按摩/足疗2选1,45,5
时代养生会所,新建区,新建区,3.8,单人精油养生套餐,258,3
易之康健,新建区,新建区,3.5,单人精油开背,78,2
豪情假日会所,新建区,新建区,3.0,木桶牛奶浴套系,188,0
心苑经络养生会所,新建区,新建区,3.5,单人护理套餐A,98,0
安然纳米汗蒸（花都店）,新建区,新建区,3.5,单人护理套餐A,98,0
校园第壹佳,新建区,新建区,4.3,香薰水疗,9.9,0
